:020000040000FA
:10000000C0070000D1060000D1000000B1060000CA
:1000100000000000000000000000000000000000E0
:100020000000000000000000000000005107000078
:100030000000000000000000DB000000E500000000
:10004000EF000000F9000000030100000D010000B6
:1000500017010000210100002B0100003501000004
:100060003F01000049010000530100005D01000054
:1000700067010000710100007B01000085010000A4
:100080008F01000099010000A3010000AD010000F4
:10009000B7010000C1010000CB010000D501000044
:1000A000DF010000E9010000F3010000FD01000094
:1000B00007020000110200001B02000025020000E0
:1000C0001FB5C046C04600F0EFFA04B00FB41FBD24
:1000D00008205A49096809580847382057490968CB
:1000E000095808473C2055490968095808474020E5
:1000F0005249096809580847442050490968095875
:10010000084748204D490968095808474C204B4981
:10011000096809580847502048490968095808479C
:100120005420464909680958084758204349096836
:10013000095808475C204149096809580847602068
:100140003E4909680958084764203C49096809582C
:100150000847682039490968095808476C20374919
:100160000968095808477020344909680958084740
:100170007420324909680958084778202F490968CE
:10018000095808477C202D490968095808478020EC
:100190002A490968095808478420284909680958E4
:1001A0000847882025490968095808478C202349B1
:1001B00009680958084790202049096809580847E4
:1001C00094201E4909680958084798201B49096866
:1001D000095808479C201949096809580847A02070
:1001E0001649096809580847A4201449096809589C
:1001F0000847A8201149096809580847AC200F4949
:10020000096809580847B0200C4909680958084787
:10021000B4200A49096809580847B82007490968FD
:1002200009580847BC2005490968095808470000D3
:1002300003480449024A034B7047000000000020B5
:10024000C0070000C00700000122D84B5A6000BF61
:10025000D74A1268002AFBD0016000BFD44A126856
:10026000002AFBD00022D14B5A6000BFD04A12684E
:10027000002AFBD07047F0B505460E46174600240D
:1002800006E0A200B158A2005019FFF7DDFF641C80
:10029000BC42F6D30020F0BD0120C043C549086030
:1002A000401048607047014601229204086890425D
:1002B00001D9102070470020FCE7F0B505460C4638
:1002C0001646002706E028462168FFF7BDFF2D1DD2
:1002D000241D7F1CB742F6D3F0BD70B505460C4611
:1002E0002E460BE0304600F075F9FF2C01D80024B3
:1002F00001E0FF3C013C012080023618002CF1D1C6
:1003000070BD0146012292044868904201D909203B
:100310007047A9484069401C01D10F20F8E7002030
:10032000F6E7FEB504462068030000F037FA05043E
:100330002B4249598B00201DFFF7E3FF0546002D96
:1003400001D02846FEBDFFF7A7FF0120C00200F044
:1003500041F9042221469948FFF78DFF002801D07A
:100360000320EFE708222146944800F06DF90028A9
:1003700006D1002192480068FFF766FF00F00CF9F3
:100380000320DFE7A768E6686068019031463846D9
:10039000FFF7A3FF324638460199FFF78EFFB20000
:1003A0003846019900F050F9002800D1CAE703202F
:1003B000C8E700F0E3F9834800688349086041E03A
:1003C00060680190E668A0680090B200009901980A
:1003D00000F03AF90746002F00D1B3E70E20B1E74D
:1003E000201DFFF760FF0546002D01D02846A9E734
:1003F0006068002807D1FFF74FFF0320800200F05C
:10040000E9F800F0C9F8FFF747FF0120C00200F04B
:10041000E1F8042221466948FFF72DFF002801D0AA
:1004200003208FE708222146644800F00DF90028D8
:1004300006D1002162480068FFF706FF00F0ACF823
:1004400003207FE700BF00207CE770B505460C461F
:10045000182D04D12068FFF764FF206002E001201E
:10046000206000BF00BF70BDF0B589B05248406940
:1004700003905248806881000398081802900398FE
:10048000000B01900121090302984018401E000B47
:1004900000900124002520462946019A00F0C4F866
:1004A0000022401E91410791069001260027304608
:1004B0003946009A00F0B8F80022401E914105919B
:1004C0000490049BDB43059AD2430698184307998E
:1004D00011430791069037490698086007984860CD
:1004E00009B0F0BD70B53448446934488568466841
:1004F000AA003146204600F0A7F8002801D00020CD
:1005000070BD0120FCE72D484068002801D0012083
:1005100000E000200546FFF7E5FF002807D0FFF7C1
:10052000BBFE0320800200F055F800F035F8FFF71D
:100530009BFF002D0ED020484669204884684768FC
:1005400021463046FFF7C9FE224639463046FFF7BE
:10055000B4FE00BF00F020F810B5184844681A48EF
:100560000460204600F0DCF810BD15480068006803
:10057000401C01D100BFFEE710480068002802D0EF
:10058000042806D101E0FFF7BEFFFFF7E5FF00BF3B
:10059000FEE700BF00BFFEE7BFF34F8F0B480C49DB
:1005A000C860BFF34F8F00BFFEE7000000E50140C9
:1005B00000E40140000600400010001000080000A8
:1005C000B8070000BC070000000000200400FA0586
:1005D00000ED00E010B50146104B1A6808460223F2
:1005E0000F4C636000BF0F4B1B68002BFBD0531CEC
:1005F00004D0904202D20A4B186101E0084B986087
:1006000000BF084B1B68002BFBD00023044C636029
:1006100000BF044B1B68002BFBD010BD0010001066
:1006200000E5014000E4014010B5202A04DB01464A
:10063000203A9140002010BD914020239C1A03468F
:10064000E3401943904010BD034610B50B439B0790
:100650000FD1042A0DD308C810C9121FA342F8D025
:1006600018BA21BA884201D9012010BD0020C04328
:1006700010BD002A03D0D30703D0521C07E000208E
:1006800010BD03780C78401C491C1B1B07D1037854
:100690000C78401C491C1B1B01D1921EF1D118463D
:1006A00010BD70477047704710B500F007F810BDD7
:1006B000014B1B68DB6818470000002019481A49E5
:1006C0007047FFF7FBFFFFF7FBFC00BD20BFFDE716
:1006D0001649174C24688C420BD1164B1B68994263
:1006E0000CD1154B154A1360186810498842EDD09B
:1006F0000AE0134880F30888124B18470F4A13602A
:1007000018680A498842E1D080F308880E49884277
:1007100004DD0E48026802210A4302605B68184744
:100720000346DFE7C0070000C0070000FFFFFFFF30
:10073000000C000014100010001000000000002049
:10074000000400206B05000000200020240500406C
:100750000D48704502D1EFF3098101E0EFF3088104
:10076000886902380078182802D1C046074A104725
:10077000074A12682C3212681047000000B5054B7A
:10078000054A9B58984700BDFDFFFFFF4B04000042
:1007900000000020001000000400000030B4744687
:1007A000641E2578641CAB4204D3635D5B00E318D0
:1007B00030BC18471D46F8E7000C00000010000090
:1010000000150020CD64010025220000336401009A
:1010100000000000000000000000000000000000D0
:101020000000000000000000000000003D6501001D
:101030000000000000000000252200002522000022
:10104000A9650100AF6501002522000025220000EE
:101050002522000025220000252200002522000074
:10106000B56501002522000025220000BB650100B6
:1010700025220000C1650100C7650100CD650100A2
:101080002522000025220000252200002522000044
:101090002522000025220000252200002522000034
:1010A000D3650100D965010025220000252200003A
:1010B0002522000025220000252200002522000014
:1010C00000F002F815F0E3F90CA030C80838241835
:1010D0002D18A246671EAB4654465D46AC4201D170
:1010E00015F0D5F97E460F3E0FCCB64601263342A9
:1010F00000D0FB1AA246AB4633431847B456010052
:10110000E4560100103A02D378C878C1FAD85207E1
:1011100001D330C830C101D504680C6070470000AD
:101120000023002400250026103A01D378C1FBD803
:10113000520700D330C100D50B6070471FB5C046C1
:10114000C04615F063F904B00FB41FBDF0B44046BB
:10115000494652465B460FB402A0013001B506482D
:10116000004700BF01BC86460FBC804689469246B8
:101170009B46F0BC70470000C11000008269024924
:101180008161024810447047911100000100000085
:1011900001B41EB400B50BF0E6FF01B40198864619
:1011A00001BC01B01EBD0000401E00BF00BF00BF5B
:1011B00000BF00BF00BF00BF00BF00BF00BF00BF37
:1011C00000BFF1D17047000070B505460C461646C9
:1011D00002E00FCC0FC5103E102EFAD2082E02D31B
:1011E00003CC03C5083E042E07D301CC01C5361F2E
:1011F00003E021782970641C6D1C761EF9D270BD45
:101200008307FF22DB0E9A408907090E99400028C8
:101210000BDA0007000F0838830828489B001818CD
:10122000C36993430B43C3617047830824489B0001
:101230001B181868904308431860704710B504469F
:1012400000210120FFF7DCFF00211820FFF7D8FF65
:1012500000210B20FFF7D4FF02211920FFF7D0FF58
:1012600002210D20FFF7CCFF02210E20FFF7C8FF5F
:1012700002210F20FFF7C4FF0221C81FFFF7C0FFA4
:1012800003211620FFF7BCFF03211520FFF7B8FF4D
:10129000204600F019F8002010BD6421018070473D
:1012A00010B500F020F810BD0648704710B500F0EA
:1012B00022F810BD704770477047000000ED00E055
:1012C00000E400E003F9004370B505462D4C07200B
:1012D0002070A01CFFF7E1FF5920A080294620467E
:1012E00000F099FB70BD10B500F09EFB2549002071
:1012F000891E087010BDF8B5224E0446B61E30781F
:1013000001270D46002807D0204660380B2808D852
:10131000204600F03DFF2BE0602CF9D01A48086011
:10132000F8BD20466C38032803D8204600F071FF32
:101330001EE0204670381F2803D8204600F045F9EB
:1013400016E0204690380F2803D8204600F0E8F831
:101350000EE02046A0380F2803D8204600F074F88D
:1013600006E02046B0380F2804D8204600F0CAF91D
:10137000286000E02F60602CD2D128680028CFD1EF
:101380003770F8BD1A000020013000000120244908
:10139000C003086023490020087007202249C005C7
:1013A0008860704770B51F4D04462878A04207D06A
:1013B000002C05D0002803D01CA14D2015F033F8D7
:1013C0002878A0420ED000211D4A17482C70002C0E
:1013D00019D01C4B012C06D0022C0BD013A1682075
:1013E00015F021F870BD11600221116053610321D5
:1013F000090605E011600321116053610121C9054F
:101400008160416070BD116011600721C905816074
:1014100070BD10B505A1712015F005F810BD0000D4
:1014200080E100E02000002000F501407372635C61
:1014300068616C5F63636D5F6161722E63000000C1
:1014400000F500404001002010B5A038030015F061
:10145000DBF80B070E172028313A414B525C650030
:101460004B6808788A68194603F0E6F910BD888849
:101470008A6883B20888194680B203F0ECF910BD7F
:1014800008884C68CB688A6880B2214603F0E7F987
:1014900010BD08884B688A6880B2194603F0FBF9D2
:1014A00010BD88888A6883B20888194680B203F024
:1014B00007FA10BD88888A6883B20888194680B206
:1014C00003F041FA10BD08884A6880B2114603F063
:1014D00080FA10BD088982B2888883B208881946CC
:1014E00080B203F081FA10BD08884A6880B21146C4
:1014F00003F09EFA10BD08894C6882B20888CB6858
:1015000080B2214603F018FB10BD08884C68CB68F8
:101510008A6880B2214603F02AFC10BD012010BD6C
:1015200010B59038030015F06FF809060F161D244A
:101530002C363F464E0088888A6883B20888194650
:1015400080B204F031F910BD08884A6880B21146B3
:1015500004F065F910BD08884A6880B2114604F0AD
:101560006AF910BD08884A6880B2114604F070F923
:1015700010BD08884B688A6880B2194604F07BF970
:1015800010BD088982B2888883B20888194680B263
:1015900004F07AF910BD08894B6882B208881946B0
:1015A00080B204F090F910BD08884A6880B21146F4
:1015B00004F09BF910BD888882B20888114680B279
:1015C00004F0EFF910BD012010BD10B57038030014
:1015D00015F01AF81B0F15192125282F363B40440A
:1015E000484C53585F688D707980888D8D8D8D8FB4
:1015F00096004A680878114608F0FDFD10BD08689D
:1016000008F04AFE10BD0C790B7B8A6808682146F9
:1016100008F053FE10BD086808F011FF10BD08F077
:1016200065FB10BD08884A6880B2114609F043F88E
:1016300010BD0A790888114680B209F0D3F810BDB0
:10164000087840B209F0DCF810BD088880B209F0D3
:10165000F0F810BD086809F0FEF810BD086801F048
:10166000D2FB10BD086801F0FCFB10BD088982B2F6
:1016700009C9194609F007F910BD05C9114609F055
:1016800051F910BD08884A6880B211460AF0A6F9DF
:1016900010BD0C790888CB688A6880B221460AF0B0
:1016A000C5FA10BD0B7908888A6880B219460AF01D
:1016B0006DFC10BD08884C68CB688A6880B22146F2
:1016C0000AF0D5FC10BD08884A6880B211460AF0BD
:1016D00018FD10BD0B7908880A7A80B2194609F006
:1016E00044F910BD088880B209F044F910BD062005
:1016F00010BD08884A6880B2114609F042F910BD51
:10170000012010BD10B5B02805D0B12808D0B228EE
:101710000BD0012010BD088880B20BF0FBF810BD83
:10172000088880B20BF015F910BD08884B688A68EC
:1017300080B219460BF01EF910BD000010B5030071
:1017400014F062FF0A0609060C0C0F0F06060612BB
:1017500008F0F4FA10BD0AF0C5FE10BD01F03EFA23
:1017600010BD06F09FFA10BDFAA1FE4814F05BFE12
:1017700010BD3EB5FC49054603C900900191FF200C
:10178000C33069460881F94A092310460A212838DE
:101790000BF0BFFD0024F6480BF0D9FD641CE4B249
:1017A0000A2CF8D3F14801231A4602A990300BF015
:1017B000A0F9002804D0FF20E6A13D3014F033FE4C
:1017C000686800F024FC00211E22084604F06CF931
:1017D00008F0C3FC02222421E64801F07DFBE54825
:1017E00001222C214C3001F077FBE2490B20B0396B
:1017F00001F0FEF9002804D0FF20D6A1513014F0EA
:1018000012FE0AF03EFE02F097F96B460022082114
:10181000D9A008F07DFB002804D0FF20CDA15730CF
:1018200014F001FE284602F0E7FC002804D0FF2057
:10183000C8A1593014F0F7FDF3218900D14814F004
:10184000D3FCD04801214171022181710721C1716E
:101850003EBD10B5CB4CA0780A2804D3FF20BDA113
:10186000903014F0E0FD20786021484300190021F9
:101870000173417BF722C908C900C91C1140EF223E
:10188000114041730121E1700C3010BD70B50E465E
:1018900000211C4619801546030014F0B5FE0723ED
:1018A000050B1711231D23002246294630460AF056
:1018B00037FE70BD22462946304608F095F870BDC7
:1018C00022462946304601F0E2FF70BD22462946F5
:1018D000304603F0EAFD70BD22462946304600F04E
:1018E00010FC70BDFF209BA1EF3014F09CFD032085
:1018F00070BD70B5A34CE078002818D02078602126
:1019000048430019407B00254007400F0119087922
:10191000401E08712078401CC0B220700A2800D1F7
:101920002570A078401CA0700BF097FEE57070BD8C
:101930009448C079002800D08BE7704770B5914D6E
:10194000A86800280CD0FFF7F3FF002862D06022BF
:10195000A968FFF739FCFFF7CCFF0020A860EFE78C
:101960006879002856D0FFF774FF044681484C3050
:1019700001F0C2FA6060002804D17A4875A14A30AB
:1019800014F051FD606801F01AFB00280DD02046CC
:1019900007F00BFF6078010703D5C008C000401CAA
:1019A0002BE0744861684C302DE0724861684C301F
:1019B00001F0ABFA00F05AFB00282BD1FFF749FFEA
:1019C00004466C4801F098FA6060002804D1332086
:1019D00060A1000114F027FD606801F0F4FA00280E
:1019E00014D060680088608020460AF0CCFD6078E2
:1019F000010706D5C008C000801C6070FFF779FFA2
:101A00009EE75C48616801F080FA99E7594861688F
:101A100001F07BFA70BD10B55B4CE160A0605B48E3
:101A200000F032FC607010BD57490020087070470C
:101A300070B5574E0546706A94B00C46401C04D1F0
:101A4000B06AC0430004000C0BD0306AC007C00F5E
:101A50002870706A14F0DBFBB06A2071000A6071B4
:101A600014E02B206946087009A9684601F07BFA4A
:101A7000002804D03B4837A17E3814F0D4FC012064
:101A8000287006220AA9204614F04FFB2878002867
:101A900003D06079C0210843607114B070BDF0B507
:101AA0003B4C0646206895B00D4637460837401C2B
:101AB00008D16068401C05D1A068401C02D1E068D4
:101AC000401C11D02068314614F0A1FB6068311D24
:101AD00014F09DFBA068394614F099FBE06831468C
:101AE0000C3114F094FB25E02B206946087009A9FD
:101AF000684601F038FA002804D01A4815A1553874
:101B000014F091FC08220AA9304614F00EFB2B2099
:101B10006946087009A9684601F025FA002804D032
:101B200010480CA14E3814F07EFC08220AA9384651
:101B300014F0FBFA20692E460836401C08D1606973
:101B4000401C05D1A069401C02D1E069401C33D083
:101B500020691FE07372635C686F73745F636F72F8
:101B6000652E6300C3020000F866010094010020A6
:101B70003D170000640800206E524635313832327D
:101B800000000000E8030020240000203D190000B0
:101B900080000010294614F03AFB6069291D14F0FA
:101BA00036FBA069314614F032FBE06929460C315E
:101BB00014F02DFB15B0F0BD2B246846047009A964
:101BC00001F0D1F9002803D0F649F74814F02BFCB6
:101BD000082209AF28460AA914F0A7FA684604703B
:101BE00009A901F0C0F9002804D0EF48ED49C01D53
:101BF00014F019FC0822391D304614F096FAD9E782
:101C000070B5EA4C0546A068002804D0E648E549CE
:101C1000563014F008FCA56070BD10B50146E448CC
:101C200001F073F9E1498879401CC0B2887101283C
:101C300003D1E048407800F04BFB10BD70B504467E
:101C4000DD4816460D46814204D1D748D549CB30F0
:101C500014F0E9FB012E05D0D348D249DA3014F054
:101C6000E2FB70BD6620207000202072A58101205B
:101C7000A07370BD70B515460C460646FFF758FEBA
:101C800000280CD066210170468001210172216874
:101C90000161A18881820573FFF72BFE70BD1321BE
:101CA000304608F09FFD70BDC2494968884201D2A4
:101CB00010207047072101700020704770B5BD4C9F
:101CC00005462078002694B0002801D00820E4E6DC
:101CD000BA4A6260954201D21020DEE668680028A8
:101CE00009D00921D82804D3C31C9B089B00834238
:101CF00005D00846D1E60720000268600EE0012109
:101D000009074B6B896B4B43AD49511A0122591A94
:101D1000D202891A814201D20421EAE700F050FF81
:101D20006178A06806F052F8E068401E07280BD8DA
:101D3000302269460A708870684607F007F9002863
:101D400002D009A806F07CFA2846FFF712FD012010
:101D500020703046A1E6F8B5044696480F46406824
:101D6000814208D3002C01D0844204D3E01C8008B7
:101D70008000A04201D01020F8BD8C488178002955
:101D800011D0398800914178602251430D18287B89
:101D90000C350007000F3B4600222946FFF776FD71
:101DA000060004D015E0002038800520F8BD002C86
:101DB00013D039880098814201D90C260DE028788B
:101DC0003B460007000F22462946FFF75FFD06004D
:101DD00005D00C2E01D0002038803046F8BD734C61
:101DE0006078401CC0B260700A2801D10020607089
:101DF000A078401EA07068784107490F01290ED0D5
:101E0000022906D003291AD066496E4814F00BFB4C
:101E1000E3E7C006E1D46868FFF7FFFEDDE764484A
:101E200069684C3001F071F86079401CC0B2607193
:101E30000128D2D15F48407800F04AFACDE7E07936
:101E4000401CE071C9E7604A10B5904209D3594A75
:101E50000124A4045268A04201D3904201D39142CC
:101E600001D2102010BD00F0FCFE10BD564B10B585
:101E7000994209D34F4B0124A4045B68A14201D3CA
:101E8000994201D39A4201D2102010BD022803D0FA
:101E9000102801D0092010BD00F009FF0028FAD059
:101EA000052010BD484B10B598420DD3414B01247D
:101EB000A4045B68A04201D3984205D3994203D39E
:101EC000002A03D09A4201D2102010BD00F015FF65
:101ED0000028FAD0072010BD10B50446354894B04C
:101EE0004068844202D2102014B010BD0F2008A90F
:101EF000087369460BA801F036F80028F4D168464B
:101F0000007A207068464089608068468089A08099
:101F10000020E9E710B500290BD0264A526891420B
:101F200002D30B68934201D2102010BD8A88002A88
:101F300002D001F05AFE10BD092010BD10B5224A92
:101F400094B091420ED31B4A01239B0452689942DC
:101F500001D3914206D3441E1E2C41D8994203D38B
:101F6000914201D21020BFE7012837D10878002420
:101F7000C007C00F002803D003206946887001E025
:101F80006846847038206946087009A9684600F0E0
:101F9000EAFF002804D041200CA1C00014F043FA4D
:101FA0002046A1E7541B000093020000E803002034
:101FB0006408002024000020FFFF0000001900201A
:101FC000000000200A040000008001007372635CBE
:101FD000686F73745F636F72652E6300072083E719
:101FE0000246203A1F2AF9D807F0F9FF7CE710B51E
:101FF0005F4A5268914201D2102010BD0246203A39
:102000001F2A02D808F065F810BD072010BD70B572
:102010000546584C0020207020464619544846601A
:10202000E01C80088000A04204D0FF2052491330F9
:1020300014F0F9F901200007C06AC0430006000E41
:1020400003D14E480068401C03D04D484D49301A1A
:10205000C862A8B20122214604F039F9002804D050
:10206000FF204549233014F0DEF970BDF0B595B07E
:102070003B2008A9087369460BA800F074FF0028EC
:1020800004D0FF203C496B3014F0CDF93E4E0024C3
:102090006D4630E02F19B87DC10706D0400704D443
:1020A00060004019C0880AF08DFB3848807900280C
:1020B0001FD0B87D80071CD560004019C088002261
:1020C00006210AF09CFB002813D03C2108A80173CC
:1020D00060004019C1886846C18569460BA800F0B8
:1020E00042FF06000BD0FF2023497F3014F09BF9FC
:1020F00005E0641CE4B268460079A042CAD83046C4
:1021000058E5F7B505460078002700090C463E461D
:10211000062804D0FF201849A83014F084F9287A42
:1021200000280ED0012814D0FF201349C93014F024
:102130007AF90298002C068001D027806680002062
:10214000FEBD02270926002C0ED0A889A080A87BFE
:1021500008E003271426002C06D02869E060A88A2E
:102160002082287B2072E4E702980680E7E70000DF
:102170002400002000190020CC1F000000100010D7
:10218000000000200005004004300000E8030020AB
:1021900010B56038030014F037FA0A060A0F131856
:1021A0001F252930353A0868FFF788FD10BD05C99D
:1021B0001146FFF7D0FD10BD0868FFF775FD10BD93
:1021C00005C91146FFF73FFE10BD4B6808788A68C5
:1021D0001946FFF74BFE10BD8A6809C91946FFF77B
:1021E00061FE10BD0868FFF777FE10BD08884A68D9
:1021F00080B21146FFF78EFE10BD05C91146FFF7EC
:102200009DFE10BD05C91146FFF7F1FE10BD01206E
:1022100010BD0120704700000E4A12680C498A4226
:102220000AD118470B4A1268094B9A4204D101B5EA
:102230000AF090FF03BC8E46074909680958084711
:1022400006480749054A064B704700000000000099
:10225000BEBAFECA7800002004000020001500204D
:102260000015002001203F49400608603E490860F3
:102270003E490A68FF231B029A4383121A430A60ED
:10228000384980390860704710B502460420384943
:1022900004E0C3005B181B79002B0AD00346401EE4
:1022A000C0B2002BF5D133A1432014F0BCF8FF20BD
:1022B00010BDC300CA50002259184A718A71012208
:1022C0000A7110BD2A4A0021C000801801717047B0
:1022D00010B50446042803D326A1522014F0A3F815
:1022E0002348E1000C182079012803D021A15320B4
:1022F00014F099F86079A179401CC0B2814200D0F5
:1023000060710120174940068031086010BD70B52A
:10231000164804250068164E0004800F1B4C022846
:102320001AD014A1692014F07EF815E02078C100BD
:1023300088190279012A07D1427983799A4203D018
:1023400042798271705880472078401CC0B220705A
:10235000042801D30020207028466D1EEDB200280D
:10236000E4D170BD80E100E080E200E018E400E02C
:10237000E00800207372635C736F635F7369676E5C
:10238000616C6C696E672E630000000034000020F1
:1023900010B5EFF31080C407E40F72B6D24841784D
:1023A000491C41704078012801D10BF07BF9002CC9
:1023B00000D162B610BD70B5CB4CE07800280AD1D0
:1023C0000125E570FFF7E4FF0BF074F9002804D055
:1023D00000200BF047F9002070BDC44865714560CE
:1023E000F9E770B5EFF31080C507ED0F72B6BE4C7C
:1023F0006078002803D1BEA18F2014F014F8607813
:10240000401E60706078002801D10BF04FF9002D5C
:1024100000D162B670BD10B5B348C178002904D0B0
:1024200000214171C170FFF7DCFF002010BD10B525
:1024300004460BF03FF9AC49C978084000D00120B0
:102440002060002010BDF8B50246A74C0026A671FA
:102450000820042101251027130014F0D5F80D08D9
:102460000A0C0E101214161E262123252800257191
:1024700022E0022001E021711EE020711CE02771A2
:102480001AE02020F9E7012616E0FFF781FF0BF0A4
:1024900011F90028FBD002260EE02171A5710BE096
:1024A0002771FBE7202000E040202071F6E7FF20A5
:1024B0008FA1763013F0B7FF0BF008F9002809D090
:1024C0000BF00AF9B04205D130460BF008F90028AC
:1024D000FAD02CE001208007C560894900224A60BB
:1024E000884A9661814B02225A608560864802695B
:1024F000D243D206D517026910231A4302610F4650
:102500006D1C00E020BF78680028FBD030460BF03F
:10251000E6F80028FAD0002D04D17B48026910218A
:102520008A43026171490220886000207860A079A6
:1025300000280CD00BF0BEF805460BF01BF8734AD0
:10254000002D02D0A260E06001E0E260A060002EF9
:1025500001D100F0A5F8F8BD10B504460BF0B0F8B5
:10256000002805D060490120C8704A78521C4A7082
:102570002046FFF768FF10BDF8B5614DA86800263A
:10258000012802D1AE600BF06DF86868012800D117
:102590006E6028680127544C012812D12E606079A2
:1025A000002803D000200BF05DF866712078002829
:1025B00007D00BF07FF8002803D0012080070761C7
:1025C000A770286901282AD12E6100F05FF8012048
:1025D00080074761A079002815D00BF06BF80090B8
:1025E0000AF0C8FF0099002901D0E16800E0A16865
:1025F000411A022901DA8A1C11DC0099002901D054
:10260000E06000E0A060FFF7C3FE0BF053F8002885
:1026100004D0012080070761A77000E02770E868F8
:10262000012812D100F032F800F030F800F02EF856
:10263000A078002804D1FF202DA1033013F0F3FE71
:10264000EE60A6702670FFF7CCFEF8BD10B5264CE4
:10265000E078002801D10BF029F80120810788617A
:1026600000F014F8A07800280BD0254CE068002872
:1026700003D10BF034F80028F8D10020E06000F01E
:1026800005F800201949C043886010BD08B55020E6
:10269000694608806A461088411E1180FAD208BD3A
:1026A000F8B5124819278760154900200860C860EE
:1026B0000BF000F8BE0701240B4D002802D0346156
:1026C000AC7000E02C70FFF763FE084847600D49CE
:1026D00028798863FFF7DAFFB461FFF7D7FF08496D
:1026E000002008617461F8BD38000020000300403C
:1026F0007372635C736F635F636C6F636B2E6300F5
:10270000000100400005004000ED00E0FFFFFF7FFA
:102710008107C90E002808DA0007000F0838800872
:102720002E4A80008018C06904E080082C4A80008E
:1027300080180068C8400006800F704710B50D2053
:10274000FFF7E6FFC4B20420C043FFF7E1FFC0B2C9
:10275000844203D023A11A2013F065FE26490120EC
:10276000486010BD0121254A48031060244B002217
:102770001A60244A5160244A1060244A11601F499B
:1027800080390860704701211C4A480310601F4AC5
:1027900051601B4A002111601B490860704710B549
:1027A00017490868012804D00EA1572013F03BFEFA
:1027B00010BD114880680022C0B20A600AF020FCF7
:1027C00010BD10B50E4801680029FCD0FFF7E7FFE7
:1027D00001200D494003086010BD000000ED00E03D
:1027E00000E400E07372635C736F635F68616C5F49
:1027F000726E672E6300000000D5004080E100E0AB
:1028000000D1004000D3004080E200E000D0004052
:1028100030B40121BC48C9020160CD1005604A03F3
:102820000260BA4803681B021B0A036004680023A5
:10283000240A24020460B6480468240A24020460BE
:10284000B448012444608460B34C23606360A36097
:10285000B24B19601D601A60B14B19601A600121FA
:10286000016030BC704710B40121A748CA02026061
:102870000B0203600C060460A64841608160A94811
:1028800041680029FCD1A4490020086048608860A4
:10289000A24802600360046010BC704701219F4899
:1028A000C9020160C91001607047002805D00128E5
:1028B00005D0022805D19C4870479C4870479C4829
:1028C000704710B59BA18B2013F0ADFD002010BD0B
:1028D00070B500219E4C9F4D9F4A8F4B002808D019
:1028E00001281DD0022822D092A1B32013F09BFD15
:1028F00070BD01200004A060A86011601960974BB2
:10290000C2039A60964A90607F4A00121060954810
:10291000016086480160944801609448017070BD70
:1029200001204004A060A8605160596070BD012082
:102930008004A060A8609160996070BDF8B594466D
:10294000834A8B4F834D00240126002808D001289C
:1029500032D0022840D077A1E82013F064FDF8BD02
:10296000891E0902090A0120000490603C64686025
:102970006C4A1164012B1DD000217C4A7D4B5170A3
:102980006146DC63DE637C4B5C6002249C60042453
:102990001C61744B3D31196073490E605F4B8915A2
:1029A00019606F4B58605E4801606C49C005486013
:1029B0001670F8BD0121E0E70120704E4004704F11
:1029C000012B04D13464506068603964F8BD9060B4
:1029D000346468603964F8BD01206A4E80046A4F2F
:1029E000012BF4D1EEE74F484068704770B54A4D6F
:1029F00028680026564C012806D1A068C00303D5DC
:102A000001200004A0602E606868012809D1A06838
:102A1000800306D501204004A0606E6001200BF009
:102A200041FEA868012809D1A068400306D501200D
:102A30008004A060AE6002200BF034FE70BD10B5C3
:102A40004A490878002818D00120444AC0079060FD
:102A5000434AC00B90602C4A00121060414A00208B
:102A60001060324A1060404A106008704A78002AAC
:102A700002D048700BF016FE10BD0320FAE70120CB
:102A8000424900060860704701202449000608609A
:102A9000704701203D4940050860704701201F49EB
:102AA00040050860704733490020C86388151B49FA
:102AB00008607047410A364AC005C00D5043801C6B
:102AC0005143400A0818704710B4324C430B63431B
:102AD0001B0C5C020C602E4C6343C31A2E485C0234
:102AE00058432B4B400D4343E31A0124DB032404DA
:102AF0001B191B1613700A681018086010BC704769
:102B000010B50BF0A2FE10BD80E100E008E400E08B
:102B100018E400E000B0004040B1004080E200E076
:102B200000E100E000B5004048B1004040810040B5
:102B300044B100407372635C72656D5F68616C5F85
:102B40006576656E745F74696D65722E6300000052
:102B500000B3004040B3004040B5004000F50140E4
:102B60000083004040850040008200404800002073
:102B700000B10040C08F00400085004004B100401B
:102B800004B5004008B1004008B5004000E200E094
:102B9000093D0000378600006F0C010010B50BF0F6
:102BA00040FE10BD00200449C8630120012181407E
:102BB000024A116000BF7047C01F004080E200E081
:102BC00010B50CF097FA0AF059F9FEF7DFFB12F096
:102BD00063FA0CF0F5FF0CF081FF10BD70B50C46E8
:102BE000054603F0D5FA214628460EF026F870BDBA
:102BF00070B50D46040012D0002D10D021012846DA
:102C000013F0F0FA10225449284613F08EFA524875
:102C100001210838018044804560002070BD0120FA
:102C200070BD70B54C4E00240546083E11E0716839
:102C300020014018817BAA7B914209D1C17BEA7BAC
:102C4000914205D10C22294613F042FA002806D001
:102C5000641C30888442EADB0020C04370BD2046FB
:102C600070BD70B50D4606000AD0002D08D03A4C54
:102C7000083C20886188401C884203D9042070BD2C
:102C8000102070BD3046FFF7CCFF002801DB401C50
:102C90000AE020886168000140181022314613F0D4
:102CA00044FA2088401C20802870002070BD70B538
:102CB00014460D001FD0002C1DD00021A170022849
:102CC00002D0102817D108E068782978000208435C
:102CD00011D00121A17010800BE02846FFF7A1FF61
:102CE000002808DB401CA070687B297B0002084399
:102CF0002080002070BD012070BD70B505461446CF
:102D00000E000AD000203070A878012807D004D91E
:102D1000114908390A8890420BD9012070BD002C56
:102D200004D0287820702888000A5070022008708B
:102D300010E0002C0CD049680001411810222046F8
:102D4000103913F0F2F9287820732888000A60738C
:102D500010203070002070BD540000205A4910B57A
:102D6000884207D301218904884205D3574909685D
:102D7000884201D2102010BD0146012006F0E4FA7D
:102D800010BD30B5044693B000200D4607901421C5
:102D90000BA813F029FA1C21684613F025FA6A469D
:102DA000112010770020507710780221084310700E
:102DB00007A80C90012008AA907245486A46108521
:102DC0000AA80B902088108460885084A088908482
:102DD000E088D084907FF9210840801C40084000A2
:102DE000907708209086108708A80F9010AA0BA94A
:102DF000684600F083FF002803D110A800882880CF
:102E0000002013B030BD3EB5044608206946088056
:102E10002D48844207D301208004844205D32B48E7
:102E20000068844201D210203EBD2146012006F0F8
:102E30008BFA0028F8D12088694688806088C8808D
:102E4000A0880881E088488107F05FF801AB6A46F6
:102E5000002101F0E1FB694609880829E4D003203C
:102E60003EBD1FB504460020029008206946088137
:102E700015480391844207D301208004844206D37D
:102E800012480068844202D2102004B010BD07F03E
:102E90003CF8014602AA0F4801F055FD0028F4D184
:102EA00069460989082901D00320EEE769460988A7
:102EB000218069464988618069468988A180694680
:102EC000C988E180E1E700000080010028000020BF
:102ED000042A0000FFFF000010B5031D036000205E
:102EE000521E04E05C181C60401C2346C0B2904295
:102EF000F8DB0020186010BD01460A680020002A97
:102F000002D0104612680A60704702680A600160C9
:102F10007047000000B51E2823D00BDC0C281CD005
:102F20001FDC030013F070FB090F1D111D1D171787
:102F300013151D00302814DD3A38030013F064FB2C
:102F4000030F11091100002000BD214800BD04201D
:102F500000BD0D2000BD0F2000BD082000BD1120C8
:102F600000BD032000BD10B50C4605F0EFFF0028A2
:102F70001ED0204605F064F9002816D022780E2ACB
:102F80000DD00F2A0BD0022A09D0032A07D0102A0D
:102F900009D010A17C2013F046FA002010BDA078C3
:102FA000FFF7B8FF10BD112010BD0AA18220F2E783
:102FB00008A18820EFE710B504F083FF10BD10B51D
:102FC00005F03EF910BD10B504F0D9FF10BD0000AA
:102FD000023000007372635C686F73745F686369CA
:102FE0002E63000070477047704770477047704706
:102FF00070477047704770477047704770470000D0
:1030000010FFFFFFDBE5B151008001006400FFFF0E
:1030100003B40148019001BD09000020002803D03D
:103020008178012939D101E0102070470188FE4ADA
:10303000881A914233D01BDCFC4A881A91422ED068
:103040000BDC00292BD00320C002081A27D001284E
:1030500025D001210903401A07E001281FD00228CA
:103060001DD0FF281BD0FF380138002815D116E0ED
:10307000FF220132811A904211D008DC01280ED0C3
:1030800002280CD0FE280AD0FF2806D107E001292B
:1030900005D0022903D0032901D0002070470F205A
:1030A000704700B50B2826D009DC030013F0ACFAFA
:1030B0000B1D2125251B25292325271F1B00112832
:1030C0001BD008DC0C2816D00D281CD00F2814D0DB
:1030D000102808D10FE0822809D084280FD0852835
:1030E0000FD0872811D0032000BD002000BD05208F
:1030F00000BDCF4800BD072000BD0F2000BD04204B
:1031000000BD062000BD0C2000BD0D20800200BDCA
:1031100070B500290BD0CB1FFA3B81241E46CDB2DF
:10312000112B1BD2012805D0022806D009E000206F
:1031300010701DE0FF20043001E0FF2003308142C9
:1031400018D0330013F060FA111613131613161665
:103150001316161613131313161316000846FF380A
:1031600081381F2803D9FF39FE39022902D815708A
:10317000002070BD1470072070BD00B5030013F06F
:1031800043FA060406040C080A0C002000BD1120B6
:1031900000BD072000BD082000BD032000BD007851
:1031A0000207120F04D0012A05D0022A0AD10EE02C
:1031B000000907D108E00009012805D0022803D042
:1031C000032801D0072070470870002070470620B0
:1031D0007047002807D0012807D0022807D003280D
:1031E00007D007207047002004E0112002E02120D2
:1031F00000E0312008700020704738B50C4605000B
:103200004FD06946FFF7CBFF002822D12088032149
:1032100089028843694609788907090D0843208097
:103220006946681CFFF7BBFF002812D121880320E4
:1032300000038143684600788007800C01432180A9
:10324000A8784007820F2020012A03D0022A03D049
:10325000072038BD814300E00143218088B2010589
:10326000890F08D0012189038843A9780907C90F6C
:1032700089030843208080B28104890F0AD0A9788D
:103280004004C906C90F400CC903084320808004CC
:10329000800F02D12088400403D5208840210843B4
:1032A0002080002038BD70B50446002008801546F7
:1032B0006068FFF7A2FF002815D12189A08981420B
:1032C00010D861688978C90708D00121490288426D
:1032D00008D8491C12F0A3FF298009E0FF21FF3123
:1032E000884201D90C2070BDFF30FF3003302880A8
:1032F000002070BD10B5137804785B08E4075B000C
:10330000E40F23431370FD2423400478A407E40F43
:10331000640023431370FB24234004786407E40F04
:10332000A40023431370F724234004782407E40FF8
:10333000E40023431370EF2423400478E406E40FF1
:10334000240123431370DF2423400478A406E40FF0
:103350006401234313700078BF244006C00F23404C
:10336000800103431370002906D00878C10701D1FA
:10337000800701D5012000E00020C0015906490E58
:103380000843107010BD30B50A8803239B020488DF
:103390009A4323059D0F02D1A3049C0F01D09B0FDC
:1033A00000E001239B021A4303230A801B039A4374
:1033B00003889804840F02D11805830F01D0800F71
:1033C00000E00120000302430A8030BDF3B593B052
:1033D0000D000FD0139800280FD01221284612F0AC
:1033E00001FF03AAFF21012003F0E7F8002426468D
:1033F00037467AE0102015B0F0BD0720FBE768469D
:10340000807D01280BD16846818A0520C002081AF8
:1034100010D0012810D0022812D0032812D0042C7A
:1034200014D0052C15D113E002290000012800005A
:1034300003300000012400E002246846468A08E0C8
:10344000032406E068460424478A02E0052400E0DD
:1034500006246846418A1398814246D12C74002E76
:1034600041D00DAA0EA905200292019100901023CF
:103470000022FF21304603F041F9002823D168469D
:10348000808E2A46C0B20EA9FFF711FC00281AD17F
:10349000AE81002F27D00DA9052008AE0291009023
:1034A000132300220196FF21384603F027F9002854
:1034B00009D16846808EF11CC01EC0B22A1DFFF7DC
:1034C000F6FB002801D0032095E708A88178427810
:1034D00008021043E881062C05D16846807DA87259
:1034E0006846808A2881002085E703A803F06EF8EB
:1034F000002884D0FFF7D5FD7DE7002805D0F94AE4
:10350000012903D0022903D003207047518800E02D
:103510009188814201D1002070470720704770B523
:103520000C4605461C21204612F05CFE002020803F
:10353000002D08D0012D04D0EBA1F04812F073FF4C
:1035400070BD062000E00520A07070BD70B592B07F
:103550001546064601206A461071107453740846D9
:1035600008300395029048889082FEF7E1F9040044
:1035700019D06580172069468883203600940AABED
:103580007178023307AA01A80DF05FF9064660784A
:10359000000701D5FEF7ADF9002E0AD03046FFF73F
:1035A000ECFD12B070BD1321284607F01BF9032073
:1035B000F7E708A800906846838B0422012128467B
:1035C00008F035FEEDE770B506468AB000200D46DE
:1035D00007900590069003A90490052402460291E5
:1035E0000190102300942946304603F087F8002804
:1035F0000DD108A804A9009102900194684683891E
:1036000000222946304602F095FE002801D0FFF73F
:1036100048FD0AB070BD10B50DF01DFB10BDF0B532
:1036200089B000260546059600780C460827030059
:1036300012F0EAFF0CFD070C3A0B77779EC2FCD81C
:10364000E8FD68680A38FEF7E8FA0DE1A88800236B
:1036500080B201220321009009F08CFA0290002C24
:1036600004D0A648A0A16E3012F0DDFE029800281A
:1036700004D1A2489CA16F3012F0D5FE02980099A7
:1036800008300CF017FDFEF753F9040007D06078FE
:103690003843607000986080FEF72BF9E6E0132154
:1036A000009807F09FF8EFE0002C04D1BD208EA118
:1036B000800012F0B8FE608800230122032109F087
:1036C00059FA0090002804D18C4887A1883012F064
:1036D000AAFE0099002008802A7994461EE0C300C3
:1036E0005B199B6807936B469B8B1A0708D5DA0614
:1036F00006D56046C20050194038C08F088006E0E9
:103700005B0409D50871C2005019C08848806078F0
:10371000384360700226A7E0401CC0B28445DED862
:10372000A2E0E888694608800090002C04D1734824
:103730006DA1983012F077FE2878062814D10098F1
:10374000C00B11D0608800230122032109F012FA76
:10375000060004D1694864A1A23012F064FE002082
:103760003071A88870803BE06078384360707BE0FF
:10377000002C04D161485CA1B43012F054FE608882
:1037800000230122032109F0F5F90090002804D15B
:103790005A4855A1B73012F046FE009808300DF097
:1037A000ACFA0121484002D1E888C00B5CD00098F7
:1037B00061880226C180D7E7002C04D14F484AA176
:1037C000D03012F030FE608800230122032109F07E
:1037D000D1F9002804D1494843A1D33012F023FE87
:1037E0000226C1E7002C04D144483FA1DC3012F08E
:1037F0001AFE0226618801222046FEF71FFA0120E8
:103800000590B1E7A889002380B20122032100902E
:1038100009F0B0F90746002C04D0384832A1EE3048
:1038200012F001FE002F07D12FA101E00FE016E0FA
:103830003248EF3012F0F7FD686802902889694637
:103840008881012202A90098FEF714FA0CE0002CEE
:103850008AD16D2024A1C00012F0E5FD84E727483D
:1038600021A1FE3012F0DFFD002C0DD060780007A2
:103870000AD50598002807D18420207020465822B8
:1038800029460830FDF7A0FC304609B0F0BDF7B579
:103890000C460546007A224688B00A320292921CF3
:1038A00004920027811E16323E4601920B0012F050
:1038B000ABFE08F605F548488DD1F4F5688800237D
:1038C0000122032109F056F90190002803D106A135
:1038D0000B4812F0A8FD01980088002812D052274A
:1038E000072601E1000900207372635C676174744C
:1038F000735F636F72652E63000000006F0200004B
:103900008603000051271E26002C7DD06888A080E9
:103910000120A071019802990079C0004019C08966
:10392000FFF754FD002870D101980079C0004019BC
:10393000C089208101980079C0004019408AA08385
:10394000F2E0698A0091062820D1E889C00B1DD0D9
:1039500008462230512786B2002CD6D0A889049977
:10396000FFF734FD002873D16888A0800220A07181
:10397000A88920810120A072288AE08300982084F1
:103980006969009A019812F0D0FBCDE0084620301A
:10399000502786B2002CB8D0A8890299FFF716FDEF
:1039A000002855D16888A080A889E080287A062858
:1039B0000AD002202072288AA0830098E083204643
:1039C00069692030009ADEE70120F3E76888002368
:1039D0000122032109F0CEF80690688A009006982B
:1039E000002803D1FD49FE4812F01DFD069808305D
:1039F0000DF083F90121484002D1E889C00B26D09F
:103A00000098223086B201E073E021E05127002CBB
:103A100079D06888A080A8890499FFF7D7FC00288E
:103A200016D10220A071A88920810420A072288AC2
:103A3000E083009820846969009A019812F075FB70
:103A40000699002008710698A98941806CE003203E
:103A50000BB0F0BD688805F0D2FB019068880023A8
:103A60000122032109F086F800900198002804D172
:103A7000DB48DA492C3012F0D6FC0098002804D13B
:103A8000D748D6492D3012F0CEFC0098D549C088D1
:103A9000884205D05127222604E01EE03FE035E0B1
:103AA00050272026002C2ED06888A080502F07D0C9
:103AB0000220A0712146287B0831FFF730FD33E05A
:103AC000287BA11DFFF72BFD6A8800230099019830
:103AD000FFF73CFD0028BBD126E0C349A889C9886F
:103AE000814207D154270626002C0CD06888A0807C
:103AF0001AE008E053270826002C04D06888A0802C
:103B0000A889E08010E00A98068013E05527072670
:103B1000002CF8D0A889A0800020A07104E08D209E
:103B2000AE49C00012F07FFC0A98002C068001D03C
:103B30002780668000208BE7AB4900200870704723
:103B400030B585B00C4601F0E0F90546FF2804D1F8
:103B5000A348A249953012F066FC00202080207115
:103B60006080401EE0802046294608300CF096FA1E
:103B70006A462946012002F020FD102412E0684622
:103B8000808800070ED56846C0882946FFF71BFDD0
:103B900068468188FF2321438180C0882946019A95
:103BA00002F036FE684602F011FD0028E7D005B0AD
:103BB00030BD0A46014610B5104608300CF082FAB6
:103BC00010BD70B5002305461A46032108F0D2FF48
:103BD000040004D182488149B73012F024FC204609
:103BE000294608300CF066FA70BDF0B591B00C466D
:103BF000074605F004FB050005D02878222804D2EA
:103C0000082011B0F0BD7948FBE700231A460321D4
:103C1000384608F0AFFF0646002C02D0A0880028E6
:103C20000CD00120694608710220087400204874F5
:103C3000002C05D0A0880883206802E00920E0E776
:103C4000088305903046083003970290FDF770FE18
:103C5000040018D0678017206946888320350094B7
:103C60000AAB6978023307AA01A80CF0EEFD0546FD
:103C70006078000701D5FDF73CFE002D09D02846ED
:103C8000FFF77BFABDE71321384606F0ABFD0320B2
:103C9000B7E708A800906846838B042201213846C4
:103CA00008F0C5FA0021C943F180AAE7FFB585B045
:103CB0000E9E7788384605F0A2FA054600231A467C
:103CC0000321384608F056FF0446002D03D143492E
:103CD000474812F0A8FB002C04D145483F49401C3E
:103CE00012F0A1FB0834089869460394C1C105A8E5
:103CF0000DC8203569780CF017FAC6E5F0B5044612
:103D0000002099B00D4601460D9010A881811646FD
:103D100001818180344A68469180018510A8018024
:103D200068460187818581841078012808D002289F
:103D300006D0032804D0042802D0082019B0F0BD12
:103D40002C4A944273D32C4F0121890438688C4249
:103D500001D3844278D3274A954275D3012189043F
:103D60008D4201D385426FD36168002913D0214A67
:103D7000914269D301229204914201D3814263D3DB
:103D800060892189884203D801225202914201D9D7
:103D90000C20D3E70D9016AA0EA92846FFF783FA48
:103DA0000028CBD1686880784007800F02280AD1AC
:103DB0006846008F8004800F05D02869002802D053
:103DC0003968884240D30AA92069FFF716FA00280B
:103DD000B4D1206900281CD060780FE0E8380000DA
:103DE000EE030000FFFF0000000900200230000089
:103DF0000C050000008001002800002080076846B4
:103E0000008D03D58004800F68D002E08004800F0D
:103E100064D16846008D810618D58004800F6068E3
:103E200006D0002812D0396888420DD302E00BE09A
:103E300000280BD0FE49884206D30121890488421C
:103E400004D33968884201D2102077E709A9606954
:103E5000FFF7D3F900289CD16069002808D0684694
:103E6000808C0105890F012938D18004800F35D05D
:103E70000BA9A069FFF7C1F900288AD16846808C98
:103E800080062BD46846808D810627D4A16900293D
:103E900006D00105890F012920D18004800F1DD093
:103EA000E068002804D00078002817D01C2815D21C
:103EB00004AA611C2046FFF71DFA0121890210A8FF
:103EC0000180012768468773DA49818104AA033299
:103ED00017A92868FEF711FF002801D007202DE759
:103EE00010A8007F15A9C01CC2B200200C9201903E
:103EF000FF32009003460291FF3203A8033210996B
:103F000002F0B3FA002826D110A9888A0F902A89D6
:103F10002969C94801910092029010A90A8B6B8906
:103F200028680E9902F0A1FA01007DD1C24800254F
:103F3000001F818868464174090A8174052104A81C
:103F40006A4623C210A82A46FF21808A0C9B02F0F1
:103F5000F1F9002802D0FFF7A4F8EFE66846007CEC
:103F60000322C1090020920290430122920280188C
:103F70001490002928D0014610A801806846292104
:103F8000877309028181058608A8007C0023410807
:103F900060784900C007C00F014308A80174FD20E4
:103FA00001406078A54A8007C00F4000014308A87F
:103FB00001740CA9022001910090029503A81099A8
:103FC00002F053FA01002FD16068002828D0206940
:103FD00000280DD10AA90EA8FFF7D5F9607880074F
:103FE00006D46946088D032109038843694608857C
:103FF000904968468773FE31818190492089891EE6
:1040000012F00DF962680D9811AB019200900293C5
:104010000A46002303A80A9902F027FA010003D1F7
:104020002078C10603D400E086E080062AD56846E1
:104030000586606900280DD109A90EA8FFF7A3F92C
:104040006846818C03208002814301208002091888
:10405000684681846946888CC821084369468884FB
:1040600074488F73FF30888112AA0CA90220029233
:10407000019100900023714A03A8099902F0F5F913
:10408000010059D12078C00729D068460586A0696B
:1040900000280DD10BA90EA8FFF775F96846818D90
:1040A000032080028143012080020918684681852F
:1040B0006846818D40200143684681858773604949
:1040C000818113AA0CA90220029201910090002381
:1040D0005A4A03A80B9902F0C8F901002CD1E068F4
:1040E00000282DD010A8149901805549684687737F
:1040F000491C8181E16808A80A78027449784174F2
:10410000E0684122418868464186E06800230179E1
:1041100008A80175E068D200C18808A84175090A9D
:1041200081750CA8072101900091029503A81099B0
:1041300002F09BF9010003D00F9800F0EAFEFDE5C4
:104140003D480321001F0170002E0AD08088308076
:1041500010A88088708010A80089B08010A880897D
:10416000F0800020EAE530B501248BB015460B46FF
:10417000012802D002281CD104E06846052184737E
:10418000C90203E02B4968468473891E8181002B94
:1041900012D003210020890288430121890240189E
:1041A0006946888405AA04A91846FEF7A6FD0028DA
:1041B00004D007200BB030BD1020FBE76A46127C0C
:1041C0001D480092801E05A9FF3201910290FF3226
:1041D000002303A80332099902F047F9002802D00E
:1041E000FEF75FFFE6E71448001F002D01D041886D
:1041F000298004700020DDE770B592B004460126E6
:1042000008A886700F496846018410AA08A930469C
:10421000FFF7A9FF00284DD12078074DC0070024E3
:104220002D1F002848D01C21684611F0DDFF0BE04F
:1042300000800100032800000409002003020000A0
:10424000032900000118000068460178202001437E
:104250006846017008A88670F9496846018411947F
:104260000794817FF92001406846891C81770020EE
:1042700001466846017700200146684641770421DF
:104280008185C485018607A80A9011A80D9008A809
:1042900009900EAA09A96846FFF730FD002809D148
:1042A0006846008FE8806846808F2881401C6881BE
:1042B0002C70002012B070BDEC802C8110A80088FA
:1042C000F4E7F7B5DF4900260A789EB0012A04D04A
:1042D000022A02D0082021B0F0BD4A88824201D0D3
:1042E0000620F8E71F98824201D10720F3E7012258
:1042F00010A98A75D4488882002003239B020146B6
:1043000099439302CB1810A90B8669468A81CF4A3C
:10431000CA8118A9887110A9888419A904916946CD
:10432000CA820690FF20087503A802F072F90024E3
:104330002546274608AA052103A802F06DF90028A2
:1043400010D082286FD1002C6FD0002D6DD010A816
:104350008480C5800021017418A8807B11AC0128DD
:1043600065D06DE008A88079002F21D0012857D1B1
:104370006846818CB44881421CD113AA0DA905203E
:104380006B4607C36846408C10230022FF2102F0D1
:10439000B5F9002868D110A88089042801D0062822
:1043A0004CD16846818E1F98814239D10F2092E707
:1043B000012835D16846808C0521C902884202D087
:1043C000491C88422CD19F4841886846408C8142D4
:1043D00001D1012700E00027002C01D0002D10D0D2
:1043E0001F9988421CD113AB0DAA05216E460EC63B
:1043F000044610230022FF2102F080F9002833D167
:1044000001E035460CE010A88089022801D0102870
:1044100014D1C0B21BAA0DA9FEF749FC00280DD18A
:104420006846468C86E71FE0FFE7052053E714A99E
:104430001BA8221DFEF761FC002801D003204AE7DB
:1044400010A8007C0023001DC2B210A8027420989E
:1044500002900194009215A81C9902F006F8002819
:1044600002D1784902220A70FEF71BFE33E710B52D
:104470000B46401E86B084B203AA00211846FEF700
:1044800039FF04AA052103A802920191009001239B
:104490000022FF21204601F04DFF04466846008AB5
:1044A000012804D06D206A49000111F0BCFF2046AC
:1044B000FEF7F7FD06B010BDF0B5624F0446387840
:1044C00087B00E46032804D0042802D0082007B085
:1044D000F0BD04AA03A92046FEF7E5FE0500F6D1CB
:1044E000606880784007800F02280DD16846808977
:1044F0008004800F08D02069002805D0554909683C
:10450000884201D21020E2E7208905AA6B46216982
:1045100007C369460A8A63892068039901F0A5FFE9
:10452000002802D0FEF7BDFDD1E7002E02D068467C
:10453000808A3080042038702846C8E738B50C00DF
:10454000054609D000236A46FF2102F039F9002808
:1045500004D0FEF7A6FD38BD102038BD69462046C0
:10456000FEF74BFE0028F8D1A078FF21C307DB0F30
:104570002846009A02F04CF9EBE73EB50C0009D052
:1045800002AB6A46FF2102F01BF9002804D0FEF7B7
:1045900088FD3EBD10203EBD0321204611F022FEC5
:1045A0006846008801A90005800FFEF712FE00286A
:1045B0000BD16846007920706846008801A9800404
:1045C000800FFEF706FE002801D003203EBD68469E
:1045D00000796070A278EF20024068460088C10B25
:1045E00009010A43F7210A404104C90FC9000A43DF
:1045F000A270F9210A40800601D5022000E00120C6
:10460000400069460243097A50084000C907C90FB3
:104610000843A07000203EBD7FB5144605220192DC
:1046200003AD029500930A462388FF2101F082FE24
:10463000694689892180FEF734FD04B070BD000011
:10464000052A00000009002002280000FFFF0000EA
:10465000E838000028000020F3B5002799B068462C
:104660000C4607873D4600291ED0E068002806D08A
:10467000A068002818D001886A4611870780199819
:1046800004F0BDFD002812D0007822287ED31998AE
:1046900000F03BFC002300901A460321199808F013
:1046A00069FA060009D104E010201BB0F0BDFD48F6
:1046B000FBE7FD49FD4811F0B6FEA078012803D0C4
:1046C000022801D00720F0E72088002808D0401EEB
:1046D00080B203AA009901F070FF002859D11DE0B3
:1046E000F048401CE1E76946498A228891420BD292
:1046F0006846807D0025012810D16846808AEC49F3
:1047000088420BD1012509E0914203D1002D2AD026
:104710006D1C01E0022D0BD0032D04D203A801F083
:1047200055FF0028DFD082281BD0002831D11DE0A2
:104730006946897D0129F1D16946DD4B8A8A5B1E74
:10474000D11A9A420FD005DCDA48101A0BD0012892
:10475000E4D108E0012906D0FF390129DED1032583
:10476000E1E7022D15D10D2080029EE7E0680028C8
:1047700016D00EA9052202910192009069460B8F76
:10478000A2882088FF2101F0D5FD00E01EE000286E
:1047900002D0FEF786FC88E76846A168008F088093
:1047A0006846008AC00601D5C3487EE707980028FE
:1047B00003D06846008B022801D0032075E70798D4
:1047C000A1780078012903D0800710D408206CE775
:1047D000C007FBD000220721199808F010F8002824
:1047E00002D00725022004E0AE48801C5DE70225C8
:1047F000032008A908702188684681851998083621
:104800000A90099617216846818712AB02330FAAD6
:10481000052108A800970CF018F8002802D0FEF730
:10482000ACFC42E710A800906846838F042229461A
:10483000199807F0FCFC38E770B5064615460C469B
:104840000846FEF7EBFB002804D12A4621463046F5
:10485000FFF789FCF2E610B5FFF733FD10BD70B528
:104860001E4614460D0014D0002C12D06168002999
:104870000FD00121FEF741FE002809D12068FEF784
:10488000CDFB002804D1324621462846FFF736FAF0
:10489000D4E61020D2E670B515460C000ED00221E9
:1048A000FEF72BFE002808D12068FEF7B7FB002892
:1048B00003D129462046FFF7FFFDBFE61020BDE6E5
:1048C000F8B506467D480D46016814468A4231D344
:1048D0006068002808D07A4A90422BD301229204C3
:1048E000904201D3884225D37648864204D0304690
:1048F00004F085FC00280CD0304600F006FB06468C
:10490000284600F0BFFA002804D16068002802D0D1
:1049100012E06448F8BD00236A463146284601F09B
:104920004FFF002802D0FEF7BCFBF8BD68460088A8
:10493000800601D41020F8BD6188224628466368AD
:10494000FFF76AFEF8BDF7B55C4E0746306886B0E3
:104950001446824202D2102009B0F0BD384600F061
:10496000D4FA05465748874201D0FF2D08D00023CE
:1049700004AA2946079801F023FF002826D101E068
:104980004848E9E76846008AC00601D54A48E3E797
:1049900003A9002002910527019000976288494BE6
:1049A0002946079801F0AAFE00280FD161683268F5
:1049B000914208D30191029000972388628829468A
:1049C000079801F09BFE694689892180FEF769FB03
:1049D000C2E7002907D03C4B0A881B899A4202D8BB
:1049E0003048401C704737E610B586B004236C464B
:1049F000A382354BDC88002C07D01B898B4201D267
:104A0000914204D92748401C54E5062052E56B46E4
:104A100019825A820021009101911C800221997013
:104A200005A9029104A903916946FFF715FE41E526
:104A3000F3B50C4685B0812069460873002C1BD065
:104A4000059804F0DCFB070018D03878222869D3D9
:104A5000059800F05AFA049000220121059807F009
:104A6000CEFE00280CD000231A460321059808F03A
:104A700081F805000AD105E0102028E5094826E55F
:104A8000112024E50849114811F0CDFC28460830D2
:104A90000BF032FB06462078012819D0022838D0C6
:104AA000072014E502300000E8380000E1080000AB
:104AB0000328000000280000013400002800002026
:104AC00000800100FFFF000000090020840A0000B0
:104AD000A18803AAFEF71CFB0028CED1B00721D580
:104AE0006846007B00281FD1A079C0071CD0E06871
:104AF000002205216B4607C36389228968880499CF
:104B000001F018FC6946087300280DD0FEF7C9FAB9
:104B1000DDE4A18803AAFEF7FBFA0028ADD134201A
:104B2000064201D10820D2E46846037B2946384674
:104B3000059AFEF70BFDCAE4FFB597B0002001907F
:104B40001F4615460C460E46179804F058FB0028E1
:104B500004D00078222803D20820A6E5F448A4E572
:104B6000B80801D00720A0E5032F00D1002717982F
:104B700000F0CBF90890002C1BD0022D77D3ED4824
:104B8000006884427CD361190091012902D0491E3A
:104B9000814275D3AD1EAAB22146E74810F036F81F
:104BA00000991E394A7F0B7F11021943884267D151
:104BB000ADB2E248B90702D50189491C00E00121E4
:104BC00089B20091F90701D0078900E0DA4F03AA02
:104BD0000899009801F0F1FC0DE0F078B17800023E
:104BE000084310284CD80199091D401880B2019043
:104BF000A84245D82618002E60D07078317800027F
:104C0000084300998842E8D358E06946098A0A07B0
:104C100054D5002C3FD0019AA618121D92B20992C9
:104C2000F278B37812021A439446102A28D8099AC7
:104C30006244AA4224D87278337812021A4390420E
:104C40001ED1C8061ED509980AAA052120186B4650
:104C500007C3707831780002084363460022089940
:104C600001F068FB002803D0FEF71BFA1DE507E002
:104C7000F078B178000208436946098D884201D076
:104C80000B2012E5F078B17800020843099940182A
:104C900080B2019006E0C90604D50899FEF793FC9E
:104CA0000028E3D16946088A1021884369460882B2
:104CB000488AFF23049A089901F0AAFD03A801F08D
:104CC00085FC002803D16846408AB8429DD900235C
:104CD0001A460321179807F04DFF040003D19849A5
:104CE000984811F0A0FB20880028BFD0012108A817
:104CF00001700173002646732188684601862046AC
:104D00000830099017980A90FCF712FE05001BD096
:104D10001798688017206946888010AB023301AA73
:104D2000052108A800950BF090FD0746687800075C
:104D300004D584488249223011F075FB002F09D038
:104D40003846FEF71AFAB0E41321179805F04AFD29
:104D50000320AAE40EA8009068468388042201215B
:104D6000179807F064FA00288BD126809DE4F0B5EF
:104D700000248DB01F4615460E46002A04D0B908FF
:104D800004D007200DB0F0BD1020FBE7032F00D1A9
:104D9000002700F0BAF80390FF2804D06749B8074D
:104DA00003D5488902E06248ECE70120FA0702D007
:104DB0004989491E00E0604906AA8FB2039901F0B3
:104DC000FCFB38E06946898B090734D504AB052123
:104DD0000022029300910192574B039901F08EFC3F
:104DE000002821D1002E21D06A46128A2988A218D3
:104DF0003019121D914234D36946CA8B0270120ACF
:104E000042700A8A8270120AC27004A90522001D2B
:104E10000092029101906946C88B0B8A0022039987
:104E200001F06CFC002801D00320ABE76846008A43
:104E30002018001D84B206A801F0C8FB002804D089
:104E4000822806D0FEF72DF99CE76846C08BB84251
:104E5000B8D9002C07D0002E10D02988A01C814280
:104E600003D20C208EE705208CE7224631463248DB
:104E70000FF0CCFE31190870000A4870A41C2C8079
:104E800000207FE700B585B06946FEF79FFA00284D
:104E90000AD16846007C030011F0B6FB08052F2FED
:104EA0002F2F08080531032005B000BD6846807823
:104EB000012807D1684600880321C902401A1CD086
:104EC00001281AD068468079012806D16846808872
:104ED00015214902401A05280FD96846807A012811
:104EE00011D16846018929200002081A05D002283C
:104EF00003D0032801D0042805D10F20D4E712A144
:104F0000164811F090FA0020CEE710B507F028FE01
:104F100010BD10B50C4601F023FB002803D00AA1F8
:104F20000F4811F080FA2046FEF7BBF810BD0000D4
:104F30000230000028000020FFFF000000090020D0
:104F4000E83800003F0B00007372635C67617474A3
:104F5000735F636F72652E63000000002202000021
:104F6000BB060000F8B500780C46164610340E3625
:104F7000069F022809D0032836D005287ED0FF20BE
:104F8000F6A1E53011F04FFAF8BDCD890A2068434B
:104F90000E30188031203880002AF5D0087B9581AA
:104FA000801FC7B21AE020886168308048780A788C
:104FB00000021043F080C8788A78000210433081E4
:104FC000B21C3846091DFDF772FE002F01D00028E3
:104FD00002D000203071708008340A3628466D1ED9
:104FE000ADB20028DFD1F8BDCD890A2068430E306C
:104FF000188032203880002AF5D0087B9581401F28
:10500000C7B243E0616822880878F2803279C3072A
:1050100052085200DB0F1A43FD231A408307DB0FAF
:105020005B001A43FB231A404307DB0F9B001A4324
:10503000F7231A400307DB0FDB001A43EF231A4064
:10504000C306DB0F1B011A43DF231A408306DB0F65
:105050005B011A43BF231A404306DB0F9B011A432F
:105060003271C00970718A784B7810021843308110
:1050700032463846C91CFDF71AFE00E00CE0002855
:1050800002D00020B070308008340A3628466D1EE9
:10509000ADB20028B6D1F8BD087BCD89801E86B29E
:1050A0003046083068431030188034203880002A99
:1050B000F1D0174695811037E800D681C0190090CD
:1050C0000DE020883880009878603246616800984A
:1050D00011F02BF800980834801908370090284602
:1050E0006D1EADB20028ECD1F8BDFFB581B00A9DB0
:1050F0001E460C46002A05D0607AFF300130D08071
:10510000E089108101980E270078030011F07CFAE5
:105110000B7E0719293541536C7878787E00009210
:10512000087B082805D0032803D091A1954811F0E9
:105130007AF9378030200FE000990020888105B08F
:10514000F0BD0092087B042804D08E4888A114305A
:1051500011F069F937803120288000980028EBD1C0
:10516000EDE70092087B042804D0932080A1800002
:1051700011F059F937803220EEE70092087B0228BF
:1051800004D080487AA13A3011F04DF937803320AD
:10519000E2E7087B1746042804D07A4874A14C3013
:1051A00011F041F91020308034202880002FC6D023
:1051B0000020B88116E0207B1746052806D0062877
:1051C00004D070486AA1603011F02DF912203080AF
:1051D00035202880002FB2D0E089B88100203882A5
:1051E00001984088F881AAE70092087B072804D03C
:1051F00064485FA1713011F016F937803620ABE7B3
:1052000033460095019800F00EFC98E72F2053A13B
:10521000000111F008F992E770B50C46054603F05D
:10522000EEFF002804D00078222803D2082070BDA9
:10523000554870BD00231A460421284607F09AFC01
:105240002060002801D0002070BD032070BDFFB594
:105250008BB00D4607461720694608850E98032631
:105260001446002805D10EA93846FFF7D5FF0028BF
:1052700034D1002D0BD000220321384607F0BFFAAD
:10528000002834D00E980078002830D108E020782B
:10529000092819D00F2823D030A13C4811F0C3F8B9
:1052A0000E98A760801D03AA606002320AA92046FA
:1052B00000F00FFC002827D0030011F0A5F9071A11
:1052C000182323211C1E23000726002231463846BE
:1052D00007F095FA0028E3D12B48801C0FB0F0BDF1
:1052E00000220321384607F08AFA0028D8D111207D
:1052F000F4E70020F2E70820F0E72348401CEDE740
:105300000720EBE70320E9E701A800906846038D3A
:1053100004223146384606F08AFF0028DED1002DEF
:10532000DCD00E990D70D9E730B587B01D460C461C
:10533000002A11D0042369460B7013888B81528890
:10534000CA81A2788A7422880A8200236A46294682
:10535000FFF77DFF07B030BD1020FBE77372635C81
:1053600067617474635F636F72652E630000000091
:105370007372635C67617474635F636F72652E63DD
:105380000000000025020000023000004F03000072
:10539000F3B581B001980C4600780826030011F09F
:1053A00033F9125F47471B134B0A0A0A0A0A0A0A13
:1053B0000A0A0A0A0A5F002C02D1F849F84808E0F4
:1053C0006078304360703CE0002CF9D1F448F34938
:1053D000083011F028F8F3E70198002380880122B3
:1053E00087B20421384607F0C5FB0546002C04D0DF
:1053F0007520EA49C00011F016F8002D04D1E848E4
:10540000E649143011F00FF83946A81D00F058FB9A
:10541000FCF78EFA040006D0607830436070678035
:10542000FCF767FA0FE01321384605F0DBF915E0C9
:10543000DB48DA49283002E0D948D8492D3010F04D
:10544000F2FF002C0AD06078000707D59320207067
:105450002046582208300199FBF7B6FE0020FEBD19
:10546000CF48CE493130EAE710B500210170801DE8
:1054700000F023FB10BD0A4610B50146901D00F058
:1054800027FB10BD70B5002305461A46042107F01E
:1054900071FB040004D1F920C049800010F0C3FF63
:1054A0002946A01D00F00CFB70BDF7B5054684B081
:1054B0000C4600206946088188806F8803460122D7
:1054C0000421384607F056FB060004D1FD20B349FD
:1054D000800010F0A8FF002C03D0A7800020E080FF
:1054E0002081297A20461230C91E142700900B0013
:1054F00011F08AF80FFEFDFC3809A95E657A2FB21B
:10550000C9E99191FC003078012804D0A3497020AA
:10551000143110F088FFA9896A46C8000E309080C7
:1055200030201081002C13D0A18100200DE0C1009B
:10553000327909190A747288CA8182005319DA898A
:105540004A821A8A401C8A8280B2A1898142EED89E
:10555000F1E002A8009001AB22462946304600F057
:105560002BFAE8E03078042804D08C49BD201431AF
:1055700010F059FFA8890622014650436A460E30B2
:10558000908033201081002CE2D0A18100200BE01C
:10559000062141434F190919FA89CA81BA7C8A74D4
:1055A0003A8A401C0A8280B2A1898142F0D8C2E0C6
:1055B000307806280BD079491431D72005E03078AF
:1055C000062804D07549EB20143110F02CFFE8892F
:1055D00069461230888035200881002CB8D0A9890E
:1055E000A1817188E18126E03078072804D06B49D9
:1055F000FF20143110F017FFA8896A4601460E30CB
:10560000908036201081002CA2D0A1812046AA894A
:105610000E30296954E0E8896946123080B2382298
:1056200088800A81002C7ED0A989A181287A10283F
:1056300007D00221A173E9892182EA8929690098AA
:105640003EE00121F6E702A8009001AB2246294680
:105650003046FFF787FC6EE03078082805D04F49C8
:10566000FF201431EE3010F0DEFE684637218780CF
:105670000181002C5FD0A989A18100206082208255
:105680000120A07357E03078092805D04349FF2056
:105690001431FF3010F0C7FE288A69461430888024
:1056A00037200881002C46D00421A173A989A1814B
:1056B000E9892182298A618220462A8A143069690F
:1056C00010F033FD37E030780A2804D033493548EC
:1056D000143110F0A8FE6846372187800181002C24
:1056E00029D00521A1730020A08102E01EE003E083
:1056F0000CE0208260821EE002A8009001AB2246EE
:1057000029463046FFF7F1FC15E00CE00D20694614
:10571000392288800A81002C05D00120E0800020F9
:105720002081207307E00699088019E01C481B4976
:10573000A43010F078FE6846069980880880002C16
:105740000ED0684600892080684680886080287A6C
:10575000032805D0102803D0112801D00020307074
:10576000002007B0F0BDF7B5568815460F46002358
:1057700082B01A460421304607F0FCF9040004D137
:1057800007480649C43010F04EFEA41D33462A4691
:1057900039460094029800F022FBD0E45C530000EC
:1057A0009503000013020000F7B58CB00D461446B7
:1057B00007A90C98FFF730FD002812D1B64E01273B
:1057C000002C0FD00321684601701021818208A8A7
:1057D00002460690204605A9FDF78FFA00280BD057
:1057E00007207BE50821684601708581C681052177
:1057F0008774C90201820BE00798A17801712188A2
:105800004180684605218774C90201828581C6816D
:1058100002460121079B0C98FFF719FD5EE508B5CC
:1058200001236A4693709D4B13800A460223694602
:10583000FFF77AFD08BD08B501236A469370974BC0
:105840005B1C13800A4603236946FFF76DFD08BD04
:1058500000B587B000290CD002236A4613700B886C
:1058600093814988D18100230421FFF7F0FC07B020
:1058700000BD1020FBE710B5002903D00523FFF77A
:1058800053FD10BD072010BD70B588B00D461446FD
:10589000064607A9FFF7C0FC00280DD1002C0DD04B
:1058A0000621684601708581C481079B02465C80A1
:1058B00006213046FFF7CBFC08B070BD05216846D5
:1058C00001708581F1E710B588B000290BD007245D
:1058D0006B461C709A81049100236A462146FFF7AB
:1058E000B6FC08B010BD1020FBE770B500241722ED
:1058F00088B0002914D00D782B0010F085FE062307
:10590000050519041B231522D21E93B2CA88002A4A
:1059100002D08E68002E03D09A4203D90C20CBE728
:105920001020C9E7042D05D08A88002A0AD101E099
:105930000620C1E7012D11D0022D05D0042D18D06D
:10594000052D23D00720B7E709236A4613704B883B
:105950009381CB88D381896804911DE00C236A462A
:1059600013704B889381CB88D38189680824049174
:1059700012E00D236A4613704B8893818B88D38184
:10598000CB88138289680924059105E00E236A46B5
:105990001370497811730A2400232146FFF757FC3E
:1059A0008AE700B587B00F236A4613709181002300
:1059B0001946FFF74CFC5AE7FEB50078089D1C46D7
:1059C00016460F46012803D03549912010F02BFDD3
:1059D000F889C0000E30208030202880387B001FDE
:1059E000C0B20190002E1DD0F889B081002516E0CC
:1059F000E8008419C0190090224641690E320198CE
:105A0000FDF755F9002802D000202074E0810098AD
:105A10006D1C008A60820098ADB2408AA082B08975
:105A2000A842E5D8FEBD70B514461425049A1D8021
:105A300037231380002C0ED0CA89A28100226282F3
:105A40000078082808D0092810D00A2819D014494D
:105A5000144810F0E8FC70BD087B0C2804D01148F5
:105A60000F490C3810F0DFFC012008E0087B0D28FE
:105A700004D00C480A49083810F0D5FC0420A07363
:105A800070BD087B0E2804D006480549001F10F0A1
:105A9000CAFC0520F3E70000FFFF00000228000019
:105AA00070530000BB02000010B5FE4B5860197225
:105AB0001A80C90010F098FB10BD002101807047CA
:105AC00010B50022D2430280032007F0F8FC10BD7D
:105AD0007047F0B50E460446017801208840F2492F
:105AE00099B008400090616815460888EF4A9042D6
:105AF00006D0009A002A06D0EB4A521E104202D06D
:105B0000012019B0F0BD009A10430880002D12D07A
:105B1000002028702178EA1C0027681C01920B00E5
:105B200010F072FD10F30E16233A59616F3CB4B0B9
:105B30008AB8F2F1F0F320780B28EBD00420E0E7EC
:105B400002212970A1890170090A4170032097E0A0
:105B500004212970A1890170090A41700198E18925
:105B60000170090A417005208AE006212970A18987
:105B70000170090A41700199E2890A70120A4A709B
:105B8000218A0171090A4171A28AE81DA16910F0F8
:105B9000CCFAA08AC01D73E0082129702178082959
:105BA00001D110212970A1890170090A4170019861
:105BB000E1890170090A41700520308020466A1D84
:105BC00002A91030FDF799F800287DD16946308888
:105BD000097A401854E00A212970A1890170090A44
:105BE000417003200BE00C212970A1890170090A82
:105BF00041700198E1890170090A417005203080E7
:105C00009CE0A08984464000401C81B230888842D4
:105C10005AD3052958D30E202870002008E02369A4
:105C200042009B5A521953701B0A401C937080B259
:105C30006045F4D33180B9E09A48417A002973D0A5
:105C4000491E4172217B4068C9004518A98828680F
:105C5000082240180838216910F067FA02216846C6
:105C600001710021417128680390A988684601816B
:105C7000002101A8FFF78CFB0020A880002E00D097
:105C8000308093E0297880221143297029784022BE
:105C90001143297029788909890112312970A18954
:105CA0000170090A4170E289E81C216910F03DFA8F
:105CB000E089C01C3080287841063FD5C00975D0E6
:105CC00001216846017200E02CE000214172318818
:105CD000091D81810495E189019808180590001D2E
:105CE00006907048017A68460177002102A8FFF704
:105CF0004FFB074630880C303080022F06D0002F33
:105D000054D065E03DE033E01CE05EE06548694664
:105D1000097F4268CB00D218037A994202D2918857
:105D2000002902D0042753E02FE0417A491C417238
:105D30001560308890800020308049E06168A0893B
:105D4000888033E029788909890116312970A18971
:105D50000170090A41700198E1890170090A4170D6
:105D6000228A681D616910F0E0F9208A401D46E72B
:105D700028788009800118302870207B6870022004
:105D80007EE760680188090401D4052720E0C08807
:105D9000A189884201D006271AE01E202870012020
:105DA0003080606801884904490C0180009800280F
:105DB0000ED03C4800220088A1688300032007F031
:105DC000D9FA61682078887007E0002030800327C6
:105DD0006068009902888A430280384691E6FFB5E0
:105DE0009FB0289D0E46002805D0172803D82A8882
:105DF0002E4B9A4202D1072023B0F0BD32785306D1
:105E000001D4D20901D00820F6E700226B461A71AE
:105E10005A7114463278431E1D939BB2189303ABFC
:105E20001A939706CB1CBF0E1B93821E711C3B005E
:105E300010F0EAFB209011EE66EE74EEB0EED4EEB8
:105E4000EDEEECEEEBEEEAEEE9EEEEEEE8EEE7EE8E
:105E5000E6EEE5EE90EE05287CD10421684601715E
:105E6000A9780172F078B278010211436846418145
:105E70003179417170788006800E0C282ED009DCB3
:105E8000801E030010F0C0FB0919661C6621662401
:105E90006627660012282AD00ADC0E2821D0102896
:105EA000DAD121E00C090020FF710000FFFF0000A3
:105EB00016281FD01828CFD11FE02878800701E0CE
:105EC00028784007002845DA45E128780007F9E7F7
:105ED0002878C006F6E728788006F3E72878400699
:105EE000F0E728780006EDE72888C005EAE728886B
:105EF000C004E7E728888004E4E728884004E1E755
:105F00002A78920726D50328A6D105206A46107163
:105F1000487809780002084310811CE12978490774
:105F2000F0D5062816D3717890B2012902D0022943
:105F300092D101E0022100E01021189106216A4669
:105F400011710021118102AF189AB11C0237921C05
:105F50001B921AE0B3E04A780B7812021A433A8097
:105F6000801E891C1790BA1C1A911898FCF79FFE86
:105F70001A991898189A091817986B46801A1A894E
:105F800080B2521C1A811B9ABF1D8242E3D900289D
:105F900086D1E0E028780007B4D51D98694682B222
:105FA0000720087100200881701C0A3111E0437835
:105FB00007781B023B430B80C37887781B023B4367
:105FC0004B806F463B89121F5B1C001D92B23B81C8
:105FD000091D042AEBD2002A71D1BCE02978C90638
:105FE0006DD502286BD308206946087100204881CE
:105FF00070780872844692B2B01C1A9919E089E050
:1060000090E07EE067E05BE030E025E019E013E03F
:10601000BCE0437807781B023B430B80831C4B603A
:106020006346D21A6F467B8960445B1C92B27B81C7
:1060300008319445EDD9CEE7287880063FD509226E
:1060400003E0287840063AD50A2268460271AA88F9
:106050000281189A428107E0287800062FD50B208C
:106060006A46107118981081039174E02988C90557
:1060700025D5022823D30C206946087100204881C9
:1060800070780872844692B2B01C1A9914E0437872
:1060900007781B023B430B80C37887781B023B4386
:1060A0004B80031D4B606346D21A6F467B89604468
:1060B0005B1C92B27B8108319445E8D98BE763E0A1
:1060C0002988C90460D501285ED10D216846017177
:1060D000A98801813FE02988890455D5052853D333
:1060E0000E2269460A71AA880A811B99401F4A78C4
:1060F000097812020A4369464A818881701D04901A
:1061000029E0298849043FD501283DD10F2069465F
:10611000087120E02A88120436D44A780B781202DB
:106120001A43EA8003282FD332789206920E1B2A54
:1061300026D011226B461A712A880123DB031A43E9
:106140002A804A78097812020A4369460A81C01EE9
:1061500048811B98039030788006800E1B2809D058
:106160001D2807D00320229907F0A9F92888C00B21
:10617000C003288001A82199FFF70AF920463BE6D1
:1061800010226B461A71DCE70724F7E70824F5E7CD
:1061900000B597B0032806D16A461070019100211E
:1061A0006846FFF7F5F817B000BD000010B58B7812
:1061B000002B11D082789A4207D10B88002B0BD08C
:1061C00003E08B79091D002B08D08B789A42F8D117
:1061D00003880C88A342F4D1002010BD812010BD9B
:1061E000052826D0002A02D0012A0DD102E0098814
:1061F000090501E009888904890F07D0012918D011
:10620000022909D003290ED081207047002A01D02D
:10621000032070470220704703280AD0042808D0C2
:10622000002804D007E0042803D0022803D005206A
:106230007047002070470F20704770B513880546DF
:1062400014460B8018061DD5FE481022807AA842FD
:1062500003D813430B80002070BDA06893430078DF
:10626000E840C007C00E03430B802078A178800768
:10627000800D0843F4490FF0D2FFA0686943081865
:10628000401C70BD906870BD37B569468B8813801F
:1062900019061BD5EB4C0125A47A9168844209D8D4
:1062A000FE280FD1D80602D5A5406D1E00E00025BE
:1062B0000D7007E085400C78DB06DB0FAC438340B4
:1062C0001C430C7010881021884310803EBDF8B527
:1062D0000746C81C80080E468000B04201D08620C8
:1062E000F8BD082A01D90E20F8BDD64D00202E6039
:1062F000AF802881AA723446E88016E0E988491CFC
:10630000E980810610D48007A178800D0843CE492A
:106310000FF085FF206800F0BAFA2989401880B292
:106320002881381A8019A0600C3420884107E5D4F0
:106330000020F8BDFFB589B09F041646139DBF0C21
:106340000193099800F095FA04000AD0207800061D
:1063500009D5BC48817A0A98814204D887200DB0BB
:10636000F0BD0120FBE7224669460A98FFF765FF6A
:106370000690002069460872052D14D0012221469E
:106380002846FFF72DFF0028E9D1207840060AD5DE
:10639000022168460172099981810188C1810682C2
:1063A0004782129805900198000404D500273E46C4
:1063B0000125079709E02078A1788007800D084320
:1063C000A14907900FF02BFF0D46019840040AD514
:1063D0000798A84207D12088E1788005800F000245
:1063E0000843B04201D3AE4201D90720B7E7B8193C
:1063F00080B20190A84201D90D20B0E76846007A2A
:10640000002804D002A8FDF706F90028A7D10798B4
:10641000A8420BD1208803210902884301998905EC
:10642000890F0902084320800198E0701498002821
:1064300000D007801298002815D006983A46801997
:1064400012990FF072FE224669460A98FFF7F5FE90
:1064500069460888102188436946088022460099C9
:106460000A98FFF711FF002079E7FFB5754D0C2260
:10647000E8882968504383B00C180D9F724905982D
:106480000FF0CDFE0091049800F001FA29682A89E6
:106490008E46611A0C310918944651188AB2A9889F
:1064A000914202D8842007B0F0BD6A46168A3206AF
:1064B00003D5B20601D58520F5E7EA88521C92B2D1
:1064C000EA800E9B002B00D01A80B20601D5A7608F
:1064D00006E0604480B22881091A70460818A0605E
:1064E0002246FE200499FFF7CFFE0598A070009881
:1064F000E07020880599800889058000890F08438D
:1065000003210902884300998905890F090208437C
:1065100004210843208003988078A07103980088A4
:10652000A08000202073310601D5AC7A00E0012460
:10653000B10600D5002700260EE0052100200191BC
:1065400002900097E88831460C9B069AFFF7F2FE0E
:106550000028A8D1761CF6B2A642EED30020A2E70E
:10656000F1B5009800F085F9060002D00025009CE6
:1065700014E00120F8BD204600F07BF907460078C2
:1065800031498007820DB87810430FF048FE386813
:1065900000F07DF94019641C85B2A4B22948C18875
:1065A000601E8142E7DC00992648491EC1800189AE
:1065B000491B018100203070F8BD002804D0401E26
:1065C00010809170002070470120704710B504467C
:1065D00001881C48C288914201D3822010BD006806
:1065E0000C22514342189079A07290882081108823
:1065F000D1788005800F00020843A081A078211D7A
:10660000FFF71BFE20612088401C2080E0800020D6
:1066100010BD012101827047F7B50546002084B006
:10662000C043108068681746817868468170686842
:1066300001886846018000218171288A2C88A04247
:1066400005D303E0180900200102000004462C8253
:1066500035E0288A401C2882301D6968FFF7A6FDB6
:1066600000282AD139889248814201D1601E3880A1
:106670006888A04228D33088F1788005800F000216
:10668000084302906946301DFFF790FD002814D1A1
:106690006989874881421BD0002231460598FFF75F
:1066A0009FFD002809D16A890298824205D1E968D4
:1066B000B0680FF00DFD00280AD0641CA4B220467B
:1066C00000F0D7F80600C4D1641E2C828220EAE6CE
:1066D0007C80B079B871B088B8803078B1788007A4
:1066E000800D084378810298B8813946287A32466D
:1066F0000831FFF7A2FD38610020D4E6FFB585B070
:106700001C460F46059800F0B4F8050009D028781B
:10671000000608D56748807AB84204D8872009B0B7
:10672000F0BD0120FBE707982A468605B60D6946AD
:106730003846FFF782FD07460E98052816D000223E
:106740002946FFF74DFD0028E9D1287840060DD5F0
:106750000121684601710599018101884181868185
:10676000C48101A8FCF757FF0028D8D12888AA784F
:106770008107890D11438005800FEA7800021043DC
:10678000079A964207D04C4A914204D3611E814237
:1067900001DD0B20C3E7864201D90720BFE7801B3C
:1067A00082B2A24200D922461098002800D002806E
:1067B0000F98002802D0B9190FF0B7FC0020AEE7FF
:1067C000F8B51D4617460E4600F053F8040008D0F1
:1067D0002078000607D53748807AB04203D8872052
:1067E000F8BD0120F8BD224639463046FFF725FDA9
:1067F000002D0BD02078A1788007800D08432E490A
:10680000884201D2012000E0002028700020F8BD5D
:10681000F8B51E4617460D4600F02BF8040008D0C8
:106820002078000607D52348807AA84203D887201D
:10683000F8BD0120F8BD224639462846FFF724FD61
:10684000FF2E14D02588A178A807800D08431A4987
:106850000FF0E5FC002E03D1FF31FF31033189B287
:10686000A170A80880008905890F084320800020B6
:10687000F8BD1049CA88824207D3002805D00C22EF
:10688000096850430C38081870470020704703B55A
:106890000846694609888A0607D4090604D50549C9
:1068A000897A4143491C88B20CBD00200CBD000010
:1068B000FFFF00001809002001020000F8B507786A
:1068C0000D460446012F19D0072F02D00C2F19D1E5
:1068D00014E0A068216906780B2E0BD0052006F085
:1068E000EEFD052E0ED0782300220520216906F04A
:1068F00041FD07E0782300220620F8E70520216902
:1069000006F0DDFD002D0ED000202870294620461F
:1069100004F0AEF9FE482978C05D884201D1032019
:10692000F8BD0220F8BD0021204604F0A1F90020A6
:10693000F8BD70B50E460C462036317901208AB07C
:106940001546002909D0012905D12978042902D149
:106950000520107000200AB070BD6068019005A885
:1069600002900D21C01C0FF03DFC032205A8A16878
:106970000FF0DBFB01203071062069460870206AA9
:10698000049029466846FFF799FFE4E770B50C4686
:10699000154620310A790120062686B0002A2CD01F
:1069A000012A28D12978042925D169681022A068F4
:1069B00001F0B4F96868C07B000606D5D44AA06827
:1069C0001023103A014601F09EF91022A168E068F8
:1069D00001F0A4F9A068C07B000606D5CC4AE068A7
:1069E0001023103A014601F08EF92E70A0686860FD
:1069F000E068A860002006B070BD60680190C448DF
:106A0000203802900120087168460670206A0490C0
:106A100029466846FFF752FFEDE7027B032A06D0BE
:106A2000002224235A540B78092B02D003E00420BF
:106A300070470A76CA61027B9300521C0273C150F0
:106A400003207047F0B50E4615460C462036024628
:106A500031790120072393B000290CD0012924D0DB
:106A600002292ED0032904D12978042901D12B70C1
:106A7000002013B0F0BD01203071606800280DD0F7
:106A8000A1690B7060684860206988606069C860AF
:106A9000206A08621046FFF7C0FFEAE70620287068
:106AA000206968606069A86009E029780629E0D15A
:106AB0000220307104202870954820386860032037
:106AC000D7E729780429D4D1A08910280AD9103809
:106AD00080B2A081A1681023091805A86A6801F096
:106AE00012F923E010282FD0C2B21020801AA1681A
:106AF0000DAF1190C0190FF018FB11980006000E91
:106B000006D0401EC1B28020785438460FF06AFB90
:106B1000626910230DA909A801F0F5F8102309A94D
:106B200005A86A6801F0EFF80320307160680190F1
:106B300005A80290062069460870206A049029463C
:106B40006846FFF7BBFE94E710232269A168E2E7DD
:106B5000F0B50E460C4620363179012006278FB05D
:106B6000154600290BD0012932D0022905D12978F8
:106B7000042902D10820107000200FB0F0BD217D43
:106B800008A8CA07D20F02718807C10F08A80171AF
:106B90006846027041700722801CE1680FF0C5FA58
:106BA00002A80722013021690FF0BFFA6068059042
:106BB0000AA8069010236A46A16801F0A4F80120F3
:106BC000307168460774206A0890294604A820E0BE
:106BD00029780429D1D1062205A8E1690FF0A5FA88
:106BE00006A806220230A1690FF09FFA0020089043
:106BF0006068019009A80290102305AA696801F055
:106C000082F80220307168460770206A0490294695
:106C10006846FFF753FEB0E770B50D460C462035C9
:106C2000297901208CB01646002909D0012905D107
:106C30003178042902D10920107000200CB070BDF9
:106C40006068019006A802900822E1680FF06DFAD2
:106C5000082208A8A1680FF068FA01202871062010
:106C600069460870206A049031466846FFF726FEA0
:106C7000E4E770B50D460C462035297901208CB02B
:106C80001646002908D00129D8D131780429D5D158
:106C90000A2010700020D1E76068019006A80290D9
:106CA0000822A1680FF041FA002008900990012005
:106CB0002871062069460870206A049031466846AB
:106CC000FFF7FCFDBAE730B50B4620331C790120F5
:106CD0008BB0002C09D0012C05D11178042902D1E8
:106CE0000B20107000200BB030BD4868019005A843
:106CF00002908C6868462578057564784475CC6880
:106D0000257885756478C47500200690079001E0A9
:106D10002867010008900120187106236846037057
:106D2000086A049011466846FFF7C8FDDBE770B5B6
:106D30000C462034034625790120002D0AD0012D70
:106D400014D0022D05D111780A2902D10C2010701F
:106D5000002070BD01202071C868052202704A68B9
:106D60004260F84A8260921CC2600BE015780B2DDD
:106D7000EFD102202071C868042404705268426078
:106D80008A688260096A016201461846FFF745FE7B
:106D900070BD30B5011D02463132947803258379E8
:106DA000ED432C4323408371DB070DD04B7954799D
:106DB00023404B710B79127913400B718278C9789B
:106DC0008A4200D9817030BD00224A710A71F5E70C
:106DD000F7B50C4686B00020694626460870203676
:106DE000317901271E2015461F2977D24B007B449D
:106DF0009B885B009F441E0017023E0256026902F8
:106E000088029A02D102F5022E03590371037F030F
:106E1000AE03C303CC03F7031A0464049A04AB045F
:106E2000DF04FE0410052A0565059B05C6058305DC
:106E300087058B056069002802D0007813287DD073
:106E4000A0680590002849D0012168460170206A99
:106E500004900321684601710A214171E0690290A2
:106E600020790028EFD0059909780029E7D00C296E
:106E700064D20B000FF0C8FB0CFD1A4B90B5E8FC78
:106E8000FBFAF9F807FD022828D16069002802D032
:106E90000078082852D1022168460170206A0490C7
:106EA00005984178684601710021B9E20620216AFF
:106EB00006F005FB20790728E6D1606900F050FF55
:106EC00002280CD0606900F04BFF042807D06069ED
:106ED0000028B8D000780128D6D103E01BE2616910
:106EE0000120087005980079C11F0A2901D30A20E2
:106EF00050E06169072288706069059930300FF0B1
:106F000014F90120307161690320087034E007280A
:106F1000BAD16069002896D001780929B4D10599C1
:106F2000C978890707D1059949790029DFD10599E1
:106F300089790029DBD105994A7900E04EE20146C2
:106F400020314B7D9A43D2D1059A8B7D92799A4319
:106F5000CDD1059A1279D31F0A2BC8D20979914253
:106F600036D80722C01C05990FF0DFF801203071D8
:106F700061690A200870032069460870206A04903D
:106F80006069313001906069001D029060691C30B9
:106F90000390A1E22076F2E311288DD1606900F020
:106FA000DFFE042804D0606900F0DAFE0B2893D1DC
:106FB0006069059910223730491C0FF0B6F86069F6
:106FC000017804297CD12421095C8278914201D97D
:106FD0000620DFE70521017003203071684601704B
:106FE000E2E3112894D1606900F0BAFE062804D0CB
:106FF000606900F0B5FE0C288AD1E068002813D043
:107000002069002810D060690178062910D00D2170
:1070100001706069059910225730491C0FF085F8FE
:107020006069573009218CE100206946087072E1DF
:10703000072101706069059910224730491C0FF043
:1070400074F860694730EDE70228F0D1606900F01C
:1070500087FE0028EBD0606900F082FE0128E6D0B0
:10706000606900F07DFE05E0B1E08DE06CE02AE0B3
:107070000AE0D6E00828DAD00521684601710598B3
:1070800041786846417146E11128D0D160690028F5
:10709000CDD001780E29CAD1C16A4078022810D01B
:1070A0000020142250431430085805991022491C1E
:1070B0000FF03BF80520216A00F040FE0F205EE053
:1070C000F1E10120EDE70B28B1D160690028AED0D5
:1070D00001780F29ABD1C16A4078022826D0002060
:1070E000142250430C300958059842780A70807871
:1070F00048706069C16A4078022819D000201422C3
:1071000050431030085805990822C91C0FF00DF89B
:107110000520216A00F012FE60694178022909D039
:1071200000220832825C5208520073E00120D7E747
:107130000120E4E70122F4E7012100E00021083109
:107140004254BCE30267010011289CD16069002809
:1071500099D00178102996D1C16A4078022811D0BF
:107160000020142250431830085805991022491C59
:107170000EF0DBFF0520216A00F0E0FD11206169BF
:107180000870B4E30120ECE7082884D16069002886
:107190009DD00178112997D10599C06A497801706D
:1071A00060690599C06A0622401C891C0EF0BDFF6B
:1071B0000520216A00F0C2FD60694178022904D0EF
:1071C00000220832825CFD2323E00122F9E7112826
:1071D000BBD160690028BBD001781229B5D1C16A42
:1071E0004078022819D00020142250431C3008583F
:1071F00005991022491C0EF098FF0520216A00F025
:107200009DFD60694178022909D000220832825C24
:10721000FB231A40022991D18EE70120E4E70122E5
:10722000F4E70720B6E6287801288ED160696968FE
:1072300014221C30F9F7C8FF6069017F002901D0D2
:107240002176ACE30178032901D0032037E002273F
:10725000C77081794907490F8171017A4907490F40
:107260000172417A4907490F41726069FFF791FD48
:10727000377196E228780F28E3D107206946087015
:10728000216A049191680291694608716169072237
:10729000C91C02980EF049FF6169042008700020A3
:1072A0003071BBE028780328CBD1606901780529CB
:1072B000696807D0082247300EF037FF042030718C
:1072C00005206FE208225730F6E728780328B8D166
:1072D000606901780529696811D008224F300EF0E5
:1072E00024FF052030716069006A00280AD002205E
:1072F0002870002028716069006AA860F9E00822FF
:107300005F30ECE704204DE22878022899D12879F3
:10731000002801D0207642E36069A96801626069B3
:10732000002901D1F949016206200BE228780F28D3
:1073300087D1A868E0616069017805292BD04730C2
:1073400007213171E16802220A706269126A4A609B
:10735000886060693030C8606069C01C086162691B
:10736000087D926A400812784000D207D20F10437D
:1073700008756269926A521C8A61FD221040626936
:10738000D26A1278D207920F104308756069C06AFA
:10739000401CC86153E25730D2E728780828BAD198
:1073A0006069017805291AD00B2101700720694610
:1073B0000870206A0490E069029011200871029818
:1073C0000321017051681022401C0EF0AEFE002116
:1073D0006846FFF773FA00203071E06187E206210A
:1073E000E3E728780F2896D1072069460870206ABD
:1073F0000490A8680290112008710298042101707D
:1074000061690A78072A0ED0002232710C220A70B4
:1074100061691022401C47310EF087FE002168464A
:10742000FFF74CFA63E21022401C57310EF07DFE4C
:1074300000216846FFF742FA0A203071E168032014
:1074400008706069006A48606069573088606069E8
:107450004730F3E128780828A1D1606969681022D3
:1074600037300EF035FE002801D0042092E5606927
:107470000078072817D00A203071E16803200870CF
:107480006069006A486060695730886060694730A9
:10749000C860206A08620698FFF7BFFA074660696D
:1074A000FFF777FC6BE208207AE1287809289AD167
:1074B0000B20307161696868897810224018511A70
:1074C0000EF090FE082069460870206A04906868F3
:1074D000019060698078087268E129780D29BBD134
:1074E00061698979C90703D00C20307109203EE019
:1074F0003071032770E228780E28ADD1606914221C
:10750000291D1C30F9F760FE6069018DC06A417267
:10751000090A817260698178C06AC1716169CA6A49
:10752000081D117AC909C9011172437962691943A9
:107530008378D26A9B079B0F012B00D00023007930
:107540009B01C00003431943117260694078012810
:1075500076D0B4E160694178022901D0012100E0D0
:1075600000210831405CC00707D00E20EAE06946E0
:107570000870206A1146049019E11320B8E72878B2
:107580000F2894D1A868E0610F2030710520EEE744
:10759000287803288BD16069C16A4078022801D01D
:1075A000012000E000201422504310300858082227
:1075B00069680EF0BAFD10203071E168062022697A
:1075C00008706069406A48606069C36A4078022850
:1075D00001D0012000E00020142778431030185813
:1075E000CA6088602BE128780C2886D16069C26A5D
:1075F0004078022801D0012000E0002014214843F7
:107600000C30105802230932696800F07CFB11200D
:107610003071E168052008706069006A486060693F
:10762000C06A093088603948001F07E128780B28B4
:10763000A7D161694878CA6A022802D0012001E016
:1076400059E1002014235843143010588A7869688F
:107650000EF06BFD60694178C26A022901D00121F8
:1076600000E00021142359431431525881785018F6
:107670001022511A0EF0B6FD072069460870206AE4
:107680000490E069029011200871029806210170AF
:107690006169CA6A4978022901D0012100E000210C
:1076A00014235943143151581022401C0EF03DFD53
:1076B00000216846FFF702F90020E06112206FE028
:1076C00028780F2891D1072168460170206A04901C
:1076D000906802900B2268460271029801706169FD
:1076E000CA6A4978022901D0012100E0002114234F
:1076F00059430C3151580A78427049788170616958
:10770000CA6A4978022903D0012102E00867010012
:10771000002114235943103151580822C01C0EF087
:1077200004FD00216846FFF7C9F826E76069417843
:10773000022901D0012100E000210831405C8007CE
:1077400003D5142030710A2011E71620D0E62878DE
:107750000F287AD1A868E061072069460870206A7E
:107760000490E069029011200871029808210170CC
:107770006169CA6A4978022902D0012101E011E158
:10778000002114235943183151581022401C0EF087
:10779000CCFC00216846FFF791F80020E06115203D
:1077A00030710A2069460870206A049029466846AC
:1077B000FFF784F82BE028780F2846D10720694688
:1077C0000870206A0490906802900820087102985E
:1077D0000921017061690622C969097841706169EE
:1077E000801CC969491C0EF0A0FC00216846FFF707
:1077F00065F8AAE760694178022901D0012200E01A
:1078000000220832805C400703D51720C8E70746EE
:10781000B5E0012953D070E028780F2815D1A86869
:10782000E06118203071E168052008706069006A25
:1078300048606069C06A09308860F848C860206A9A
:1078400008620698FFF7E9F8E1E76FE028780B286F
:107850006CD16069C16A4078022801D0012000E043
:107860000020142250431C300858102269680EF082
:107870005CFC072069460870206A0490E069029069
:107880001120087102980A2101706169CA6A497859
:10789000022901D0012100E00021142359431C31A9
:1078A00051581022401C0EF040FC00216846FFF7A2
:1078B00005F80020E0616069407801281DD1192099
:1078C00016E660694278022A09D000210831411881
:1078D000097800290DD0CA0703D00E2106E0012146
:1078E000F4E7890701D5102100E01221017000277B
:1078F00072E0012A01D00D20FAE51C20F8E51D20D8
:1079000030710B2033E62978102948D1F0E5606901
:107910000178012943D0082941D00021317100F0BC
:1079200019FA0C2069460870206A049037E028781C
:107930000F2805D01020107003271B2030714BE05A
:10794000072168460170206A0490A868029002210D
:1079500068460171029805210170217E4170002165
:107960006846FEF7ABFF0B2168460170206A049061
:1079700029466846FEF7A2FF07461B203071012FFB
:107980000DD029E0012168460170206A049004218D
:1079900068460171217E41710020207612E0207E30
:1079A00000280FD06169132008701A2030710A2056
:1079B00069460870206A049029466846FEF77EFFF3
:1079C000074609E06069002801D01421017068466B
:1079D0000078002800D021E5384609B0F0BDF7B5A1
:1079E0000F4620373879012686B00C46002804D08F
:1079F000012828D002281CD197E02079012804D042
:107A0000022811D0032814D10AE0A0684078012888
:107A10000ED10620216A05F02CFD00287FD10CE054
:107A2000A1681320087008E0A0684178022901D0FD
:107A3000052674E00078082871D1012038710A20E9
:107A40006946087033E0089800780F2867D107214D
:107A500068460170206A049008988568029522792A
:107A60000220012A04D0022A29D0032A57D10FE08C
:107A70000646684606710B202870207B00214007CF
:107A8000400F68706846FEF719FFA068067045E071
:107A900006466846067105202870207B6870002124
:107AA0006846FEF70BFF3E710B2168460170206AA5
:107AB000049068460899FEF701FF06462FE06846E5
:107AC000017101202870207C6870607CC007C00FA5
:107AD000A870A07C4007400FE870E17C2971C007C6
:107AE0001FD0207D4007400F6871607D4007400F28
:107AF000A87100216846FEF7E1FEA068072229462A
:107B000030300EF012FBE068017AA068203001717D
:107B1000A16828798870A16809200870002630467D
:107B20005BE70020A8716871E3E7A1681420087082
:107B3000012168460170206A0490042168460171A1
:107B4000217B41710021FEF7B9FEE7E7F0B585B072
:107B50000F4605460124287B800040198038C66FF7
:107B60003078411E0A290AD22C498000323140184F
:107B70008038C36F3A463146284698470446002C61
:107B800001D0012C11D1287B401E0006000E287365
:107B900001D00324DFE70D2069460870306A0490A5
:107BA000002101966846FEF789FE032CD3D02046BB
:107BB00005B0F0BD70B515460A4604462946104684
:107BC000FFF7C4FF0646002C0FD0207814280CD1F4
:107BD000207E002806D000202870204629460C3040
:107BE000FFF7B4FF204600F0B5F8304670BD70478F
:107BF00010B5012903D0022901D0052010BD417024
:107C000000F0A8F8002010BD002809D0027E002A4C
:107C100006D00A4601460C31CCE700000667010099
:107C20000120704730B5044687B00D46062005F0A8
:107C300046FC2946052005F042FC2078142805D092
:107C40000020694608702046FFF7DEFF07B030BD10
:107C50007FB50E4600216A4611730178092903D0C9
:107C60000A2903D0002407E0446900E08468002C5E
:107C700002D0217E002912D0154601462846FEF783
:107C8000CCFE032809D1324629462046FFF792FF51
:107C90006946097B002900D0042004B070BD254648
:107CA0000C35EAE700B50023012285B005280CD089
:107CB000062808D1684602700491022101714371BF
:107CC0000021FEF7FBFD05B000BD6846027004917F
:107CD0000271F4E710B590B00C4605216A461170A8
:107CE000019022480290001D03900AA96846FFF700
:107CF000AFFF002805D1102220460B990EF015FA8F
:107D0000002010B010BD30B505E05B1EDBB2CC5CCE
:107D1000D55C6C40C454002BF7D130BD10B50024A5
:107D200009E00B78521E5B00234303700B78401C64
:107D3000DC09D2B2491C002AF3D110BD70B50C4643
:107D4000054605F0BCFB782300222146284605F0B5
:107D500011FB70BD4178012900D0082101707047E6
:107D6000002801D0007870470820704700670100A4
:107D700038B50446002069460870204609F053FDD6
:107D8000002803D1FBA1A3200EF04DFB204609F0F3
:107D900099FC002803D1F7A1A8200EF044FB684607
:107DA000007838BD70B5F84D002428462C77203077
:107DB0008471C47101F09AF928464038047020306B
:107DC0008473847484772C75AC7170BD10B50C46C7
:107DD000EE4982888A8042884A8000780870084686
:107DE0000E38847009F050FC08F0FDFFFFF7DAFF51
:107DF00020460BF013F8E449A8310846813809F011
:107E0000ADFEE2480CF021FBE0480A3808F0FEFF26
:107E1000002803D0D7A1C5200EF005FB01F066F9BC
:107E200010BD7CB50E461D46144601A909F008F8A0
:107E3000002807D10AF091FB022803D1D248007D27
:107E4000002801D001207CBD01988030807C09F0A1
:107E50004DFC00280CD0684609F052FC0028F2D0F6
:107E6000002C03D009F011FCA04206D200207CBDFA
:107E7000C0A1C7480EF0D7FAF8E7009809F0D8F883
:107E80003146009809F0DBF8E2B22946009809F083
:107E9000F0F909F045FC002804D1BD48B5A11E3019
:107EA0000EF0C1FAB94C00250E3C6068A030417953
:107EB000002902D045710BF0D8F860688030458306
:107EC000C0E730B40179002904D0012907D030BCC3
:107ED00000207047831D42880488022103E0428805
:107EE0000488831D0121204630BC9AE7F8B51D4661
:107EF00014460E4607460AF030FB022803D0A2487B
:107F0000007D002823D0A1480E3841684988398077
:107F100040688030807C09F069FD002804D153203E
:107F200094A1C0000EF07FFA684609F069FD0028B0
:107F30000DD0009809F0BAF83070022808D0012856
:107F400006D093488BA167300EF06DFA0020F8BD83
:107F50002946009809F0A4F92080002804D1552072
:107F600084A1C0000EF05FFA09F05DFD002804D185
:107F7000874880A160300EF056FA0120F8BD38B570
:107F80000446831D821C6946FFF7B0FF00280DD010
:107F90000020607168460078012808D0022806D0C9
:107FA000FF2074A101300EF03EFA012038BD20718F
:107FB000FBE7F8B50AF0D1FA744D734C0E3D022878
:107FC00002D0207D00287DD0207F0026102818D1E7
:107FD000A079002803D067A16E480EF024FA6868E3
:107FE00001464030827F92070BD526724988618115
:107FF000C17F2173018CE181408C20820120A0711E
:108000002677614F203FB87C00285ED168686946BA
:108010008030807C09F007FC002805D0694668782C
:1080200009784018687004E05A4852A119300EF0DF
:10803000FAF9207D00283AD06868418852484038D3
:10804000806D4088814204D00F204AA1C0010EF00B
:10805000EAF968688030807C09F0C8FC002804D107
:108060004C4844A124300EF0DEF909F0EEFC002863
:108070001DD068688030807CFFF77AFE69784018F0
:10808000687041484038806D4030417A01290DD1F7
:108090002670696849886180807A20710120B877EC
:1080A000207F102801D0282800D1267726756978EE
:1080B00000290AD06868428833484038C286018760
:1080C000012000E001E0B8746E700AF029FA00287F
:1080D00005D1207D002802D0A878FAF7F9F8F8BD7C
:1080E000F8B50446FFF765FF274D0026203DA87E22
:1080F000002808D0667010202070E87EA070287FCD
:10810000E070AE769AE0204F403F3878002808D0E3
:108110002C22B91C20460EF008F80E2020703E706C
:108120008CE0A87B184F002815D0387F102808D085
:10813000282806D0002804D0FF200EA1C2300EF05F
:1081400072F90120E070E87BA070287C60700F203D
:108150002070AE7372E00121204609F099FC0028DE
:108160001AD0387D002857D10021204609F090FC14
:10817000F8BD00007372635C6C6C5F6374726C2E8C
:1081800073302E630000000094090020720000206C
:108190004F02000062070000A97CF8480090F848F0
:1081A000002910D0017805290DD2491C0170667094
:1081B0000D202070012028750622A01C00990DF0CA
:1081C000B4FFAE743AE0EE480670B879002812D0D9
:1081D000387F002804D00120EA4940020EF023F93C
:1081E00066700120E54920700A221431A01C0DF0B0
:1081F0009CFFBE7122E020460CF083F800281DD1C0
:10820000A87C002802D0DE480178CEE7A87F0028AD
:1082100002D0387D002801D00020A9E7387F00284F
:1082200003D0D849D8480EF0FEF866700A202070B6
:1082300006223946A01C0DF078FFAE77012097E7A3
:108240004EE710B5CD4C343C2178002904D01321E1
:108250000E2000F052FF10BDC9490088091D08F02A
:10826000EFFD002801D0022007E0C5484068014624
:1082700020318A79012A02D00C20207105E00022E9
:108280002271097E21724088E080012060711321F3
:10829000E1700E21A170207010BDB84810B53438BF
:1082A0000178002904D024210E2000F026FF10BD03
:1082B000012101702422C2700C220271417110BD93
:1082C00070B5AE4C0546343C2078002804D03E21E1
:1082D0000E2000F012FF70BD0AF03FF9002808D10F
:1082E0000AF03EF9002804D1A4480C30007F002891
:1082F00001D00C2003E0287809F033FD0020207124
:10830000012060713E21E170207070BD9B4810B566
:1083100034380178002904D03C210E2000F0EDFE15
:1083200010BD00210171012141713C22C270017018
:1083300010BDF8B5914C343C2078002804D03B2186
:108340000E2000F0DAFE13E70020A0710AF005F914
:108350008A4E01250C36022802D0307D002840D0FC
:10836000874F694678688030807C09F073FA00286E
:1083700003D1844985480EF056F8307D002806D098
:10838000A06D4030407A002801D0012600E0002690
:1083900078688030807C09F029FB002804D17B4874
:1083A000784908300EF03FF809F04FFB684031463D
:1083B000014316D07968FD2249882181217E400041
:1083C000490849003143114001432176684600784D
:1083D000002802D00420014301E0FB200140217667
:1083E000A5710020207165713B20E0702570BFE60B
:1083F00010B5624C343C2078002804D00E21084689
:1084000000F07BFE10BD5E4906220831A01D0DF074
:108410008CFE00202071012060710E21E17020701F
:1084200010BD70B5554C0546343C2078002804D06A
:1084300038210E2000F061FE70BD50480C30007FE6
:10844000002807D00C202071012060713821E170D4
:10845000207070BD287809F072FC28780CF05BF968
:108460000020F0E770B5454D0446343D28780028DB
:1084700004D037210E2000F040FE70BD3F480C3084
:10848000007F002801D00C200AE03D4E2188706852
:108490004088884203D10AF060F8022807D0022001
:1084A0002871012068713721E970287070BD7168EA
:1084B0007F2020310876487600208876A2788A715D
:1084C000E278CA7122790A72EAE710B52B4C343C83
:1084D0002078002804D039210E2000F00EFE10BDB7
:1084E0000AF03BF8032808D00AF03AF8032804D031
:1084F00022480C30007F002801D00C2003E01F49E7
:1085000000202C31C8712071012060713921E17087
:10851000207010BD70B5194C0646343C20780028F8
:1085200004D03A210E2000F0E8FD70BD0AF015F8E5
:10853000032808D00AF014F8032804D00F480C30A0
:10854000007F002801D00C2011E00C4D2C35E8797B
:1085500008280BD20001001910223146683000F0C3
:10856000D6FDE879401CE871002000E0072020716A
:10857000012060713A21E170207070BD88090020EF
:108580006400002074810000210200001708000030
:10859000F8B5FA4E04463078002804D03D210E206C
:1085A00000F0ABFDE4E5F5484030007F002801D045
:1085B0000C2034E0F24D218868684088884203D15D
:1085C00009F0CBFF022801D0022028E06F68648800
:1085D000FD883A896800B988401C844218D3E9486C
:1085E00041431046E84A50430DF019FE401EFF215A
:1085F00080B2F531884200D90846844200D2204634
:10860000691C401C0DF00BFE6D1C6843401E85B2BA
:10861000E620C05D002800D1BD84F58000203071C7
:10862000012070713D21F1703070A1E5F8B5D34C97
:1086300005462078002804D035210E2000F05DFD8D
:1086400096E5CE484030007F002801D00C2016E08F
:10865000A878002801D0012804D1A888FF21F5318D
:10866000884201D912200AE0C54F298878684088DD
:10867000884203D109F071FF022807D0022020713F
:10868000012060713521E170207071E57968002664
:108690000846C0310E70AA884A800122A0300271BB
:1086A000AA78012A00D000220A704079002801D05F
:1086B0000AF0DBFC2671E3E770B5B04C0546207884
:1086C000002804D030210E2000F017FD55E709F0F6
:1086D00044FF002804D1A9484030007F002801D081
:1086E0000C2003E028780AF0E0FB00202071012034
:1086F00060713021E17020703FE770B59F4C0546F6
:108700002078002804D033210E2000F0F6FC34E756
:1087100009F023FF002804D198484030007F00284A
:1087200001D00C2018E02978002911D00A290FD097
:1087300014290DD01E290BD0282909D0322907D0A1
:108740004B2905D0642903D0FF2901D0122003E072
:1087500028460AF023FC002020710120607133219B
:10876000E170207009E770B5844C06462078251D1D
:10877000002804D032210E2000F0BFFCFDE6314677
:10878000002009F0AEFA2870002805D17C480622A6
:10879000314608300DF0C9FC012060713221E170D2
:1087A0002070EAE670B5754C2178002904D031219B
:1087B0000E2000F0A2FCE0E600214156012504292C
:1087C00012D0002910D0081D0ED0001D0CD0001DA5
:1087D0000AD0001D08D0001D06D00A3004D00A308F
:1087E00002D01220207103E0084606F079FD657181
:1087F0003120E0702570C0E6FEB5604C0746207859
:10880000002804D025210E2000F077FCFEBD38881A
:10881000694608F015FB594D01460020083500292E
:1088200004D002212171286028710FE00098009E79
:108830000A30019060360020B07105222846019967
:108840000DF073FCB0790028F5D13888E0800E2057
:10885000A0702520E070012060712070FEBD10B571
:10886000464C2078002804D005210E2000F045FC5D
:1088700010BD0020207108F008FFE08008F0D1FF53
:108880002072012060710521E170207010BDF1B5EA
:108890003A4C2034A07B002804D010210F2000F097
:1088A0002CFC65E4354D4035A8790C2610270028AE
:1088B00016D1287F002813D109F04FFE022824D1B9
:1088C0002F4800994068098842888A421DD1014694
:1088D000C0310A7A002A05D04030807F80070DD44D
:1088E000E6730EE05E22125C920707D406220A723B
:1088F000A0304079002801D00AF0B7FB2F77002084
:10890000E07327740120A07332E40220F8E710B569
:108910001A480178002904D00F210E2000F0EDFB49
:1089200010BD00210171FF2181710021C943018126
:1089300013490E310A7882728A8882814988C181FE
:10894000012141710E2282700F22C270017010BD90
:1089500010B50A4C2078002804D02B210E2000F0FE
:10896000CCFB10BD0821A01D04F024FB00202071C9
:10897000012060712B21E170207010BD540900208E
:1089800064000020C40900001027000070B5FA4DF3
:1089900004462878002804D02A210E2000F0ADFBE0
:1089A000EBE5F54810222146303800F0B0FBF248E4
:1089B0001022A118203800F0AAFBEF4830380CF044
:1089C000BCFBED49102210392C46A81D00F09FFB7E
:1089D000002020710E20A0702A20E070012060711C
:1089E0002070CAE5F8B50546E348E34C40300090F6
:1089F000007F0C2628272034002801D0E6733EE0B3
:108A0000A07B002804D028210F2000F076FB04E48E
:108A1000A87805280DD013280BD0142809D01528C4
:108A200007D01A2805D0292803D03D2801D03B289B
:108A300003D12888D149884201D912201EE009F0CB
:108A40008CFD0228DAD1CE482A88406841889142BC
:108A500013D10146C0310A79002ACFD1AA784A71D0
:108A600001220A710099A0300F770021E17340794B
:108A7000002804D00AF0F9FA01E00220E07327741C
:108A80000120A0735FE4F8B5BB4F064638783D1D62
:108A9000002804D017210E2000F02FFB53E43146AC
:108AA000012009F01EF901242870002807D1B248DE
:108AB00006226030314605460DF037FBAC717C7103
:108AC0001720F8703C703EE470B5AB4C0646207839
:108AD000002804D00B210E2000F00FFB4DE509F01B
:108AE0003CFD032808D009F03BFD032804D0A24830
:108AF0004030007F002801D00C2016E03378002B96
:108B000003D0012B01D012200FE09B4DE035297AD4
:108B1000082909D22846721C0C3006F097FB287AE7
:108B2000401C2872002000E00720207101206071A5
:108B30000B21E170207020E510B58F4C20780028C3
:108B400004D00A210E2000F0D8FA16E709F005FD3E
:108B5000032808D009F004FD032804D086484030DB
:108B6000007F002801D00C2002E000F0BFFA0020B6
:108B70002071012060710A21E1702070FDE610B5BE
:108B80000AF032F9002803D07E497F480DF04BFCF3
:108B900008F04BFD0BF051FC002804D01720794958
:108BA00040010DF040FC08F0ACFF002804D0B920D3
:108BB000744980000DF037FC00F098FAFFF7F2F8E6
:108BC0006D4800210171012141710222C2700170C2
:108BD000D3E610B5684C2178002904D020210E205E
:108BE00000F08BFAC9E601781F290ED8411C0CD081
:108BF000002121710278411C104609F08FF80120F4
:108C000060712021E1702070B7E612202071F6E734
:108C1000F8B5594C2178002904D01B210E2000F012
:108C20006CFABFE401216171534E0C212171403671
:108C3000317F00296FD10078514F0025012804D0E1
:108C400000284AD01220207165E009F086FC002837
:108C500003D109F085FC002804D009F07EFC02282D
:108C600022D058E008F08FFF002854D0307D002833
:108C700051D1786801224580032108F0B4FB78685F
:108C800009F05AF97868923008F001FD002803D104
:108C90003C493E480DF0C7FB0AF00BF9002839D0DB
:108CA00085203849C00015E009F05AFC002832D16F
:108CB000707F00282FD001282DD004282BD008F059
:108CC00062FF002827D00AF0F4F8002822D02F48AD
:108CD0002C4918300DF0A7FB1CE009F03EFC0328DE
:108CE00004D009F03DFC03280FD014E000200AF066
:108CF00005F800280FD12571307D00280BD1786848
:108D00008030807CFFF734F805E0002009F0F6FFA2
:108D1000002800D125711B20E0700120207041E463
:108D200010B5154C2178002904D01A210E2000F02E
:108D3000E4F922E601781F290ED8411C0CD000214D
:108D400021710278411C104608F0FDFF012060717E
:108D50001A21E170207010E612202071F6E770B53C
:108D6000054E044630780C25002811D018210E201D
:108D700000F0C3F9AAE4000054090020FF0E00002F
:108D80006400002074810000D3020000240400006D
:108D900009F0E3FB03285AD009F0E2FB032856D080
:108DA000E14A107F002852D16079002801D00128C3
:108DB0002DD1A079002801D0012828D1A07B00283E
:108DC00005D0012803D0022801D003281FD1607BE1
:108DD00000281CD0C0081AD161880120800381427C
:108DE00002D82388834203D9207901280FD119E0C2
:108DF0002079002806D0012814D0022805D00328A5
:108E000005D102E020290BD30CE0A02B0AD2207957
:108E1000042805D12088202802D36188884201D9FE
:108E2000122514E0207950776079002802D00128BB
:108E300003D00CE0BD4A002105E0BB4A2032907906
:108E4000002804D00121204608F0CEFE054601206E
:108E5000357170711821F170307037E470B5B24C13
:108E60000546403C2078002804D02E210E2000F03A
:108E700044F92BE409F071FB0C22022815D1AA4811
:108E8000007F002811D1A9482B88083841684888FC
:108E900083421AD10846C030037A002B05D1203115
:108EA000C97E0F2903D0102901D0227103E00521CA
:108EB0000172002020710E20A0702E20E070288802
:108EC000E08001206071207016E40220F2E770B5A6
:108ED000954C0546403C2078002804D02D210E20DA
:108EE00000F00BF908E409F038FB0C21022814D13A
:108EF0008D48007F002810D18C4E2A88083E70686B
:108F000043889A4220D1C822125C002A05D13B2214
:108F1000125C0F2A03D0102A01D021710AE010221E
:108F2000A91CD6300DF001F970680421C03001721F
:108F3000002020710E20A0702D20E0702888E08095
:108F40000120607120700DE40220F2E710B5017875
:108F50000B000DF059FB3F9E9E399E9E599E9E9E92
:108F60009E3C3F9E9E8752559E9E999E9E9E432963
:108F70009E2D319E9E9E9E359E9E9E955C9E9E47FA
:108F80009E4B4F9E21259E6C6064689E709E7F83E1
:108F90007C788A8D74919E00801CFFF798FF76E0A4
:108FA000801CFFF75BFF72E0801CFFF7D8FE6EE0CD
:108FB000801CFFF7B5FE6AE0801CFFF729FE66E023
:108FC000801CFFF706FE62E0FFF7D9FD5FE0FFF7C8
:108FD000B3FD5CE0801CFFF777FD58E0801CFFF7D5
:108FE00052FD54E0801CFFF7FDFC50E0801CFFF7B1
:108FF000CDFC4CE0FFF7ACFC49E0FFF788FC46E015
:10900000801CFFF744FC42E0FFF729FC3FE0801C96
:10901000FFF7F2FB3BE0801CFFF7C4FB37E0801C4E
:10902000FFF7A1FB33E0801CFFF767FB2FE0801CFC
:10903000FFF742FB2BE0801CFFF7F8FA27E0801CCB
:10904000FFF7A6FA23E0801CFFF764FA1FE0FFF7A2
:109050003CFA1CE0801CFFF705FA18E0801CFFF7C3
:10906000E0F914E0FFF7C4F911E0FFF762F90EE050
:10907000801CFFF74BF90AE0801CFFF721F906E09E
:10908000801CFFF70AF902E0801CFFF7DAF80120E4
:1090900073E4002071E470B52349244C054640393F
:1090A000083C0A460126403260682B000DF0ACFAFD
:1090B00005171A1A04171A000122002108F093F963
:1090C000616800220846C0310A724A7209F067FFDF
:1090D000002803D016A11B480DF0A5F960E4167511
:1090E00088655DE4174812A13330F5E70E4900208A
:1090F000C031C8612039087270470B4A203A937E0C
:10910000002B03D1D076117701209076704730B5CF
:10911000134606E0CC18203CE47FD51A44555B1E6C
:10912000DBB2002BF6D130BD940900206C0000208A
:109130007372635C6C6C5F6374726C2E73302E633D
:10914000000000005108000070B5FD4D040008D07B
:10915000012C10D0022C07D0032C05D0F9A17020CF
:1091600007E0F8A1672004E02878012803D0F5A1E2
:109170006D200DF058F92C7070BD70B5F04D04469F
:1091800010280AD0112C16D028468178122C07D02E
:10919000132C0AD0EBA19F200BE0EAA1942008E059
:1091A000112908D0E7A1992003E0112903D0E5A1F6
:1091B0009C200DF038F9AC7070BD10B5E04894B04B
:1091C000007B002819D0172069460870DC4900A8E8
:1091D00006220D3102300CF0A8FF09A96846F9F704
:1091E000C2FE0446112805D0002C03D0D5A1BB2017
:1091F0000DF019F9204614B010BD3220E4E710B587
:1092000001220023114603F0B5FC10BDFFB595B057
:109210001D460E460746FFF7F2FF04000AD02078ED
:10922000222804D3A07F8006C00FA84204D10820C2
:1092300019B0F0BDC748FBE7372168460170478089
:10924000002D05D00121017146711799817102E04D
:1092500000206946087109A96846F9F784FEA07FD5
:10926000DF21084069010843A0770020E0E770B5DE
:109270000446084620380D4603000DF0C5F90A06DD
:109280000A11232C334249505761FF20ADA1083009
:1092900052E02078202851D1FF20AAA10B304BE0CA
:1092A000A7480178032949D08078132846D0207830
:1092B000242843D0252841D023283FD0FF20A1A136
:1092C0000E3039E02078222838D0232836D8FF20E5
:1092D0009CA1153030E0207822282FD0FF2099A1C2
:1092E000193029E02078222828D0242826D02628C2
:1092F00024D0272822D0292820D0FF2091A11C305B
:109300001AE02078252819D0FF208EA1233013E001
:109310002078252812D0FF208AA126300CE0207862
:1093200025280BD0FF2087A1293005E020782828A8
:1093300004D0FF2083A12C300DF075F8257070BD8E
:10934000FF2080A12F30F7E730B5834C0B88834A8C
:10935000022801D0934204D09D1FA54225D20228A5
:1093600002D04D88954203D04D88AD1FA5421CD236
:109370004C88A34219D88B88FF25F435AB4214D80A
:10938000022802D0C888904205D0C888724D0A3899
:109390002D1FA84209D2C888904208D0944206D016
:1093A0005B1C63438000834201DB072030BD00204B
:1093B00030BDF0B56A49884245D36A4A0125AD04FB
:1093C0001368A84201D398423DD30279002A06D0FF
:1093D000082A02D8067B082E05D90720F0BD047B99
:1093E000002CFAD0F6E7002A06D004688C422AD373
:1093F000AC4201D39C4226D3002E06D084688C4216
:1094000021D3AC4201D39C421DD300240CE005685B
:10941000A700ED598D4216D30127BF04BD4201D3E9
:109420009D4210D3641CE4B2A242F0D80022012570
:10943000AD040CE084689700E4598C4203D3AC423D
:1094400003D39C4201D21020F0BD521CD2B29642EE
:10945000F0D80020F0BDFFB50022099B002802D003
:10946000994205DC58E0002902D1002004B0F0BD8B
:109470000920FBE7845C002C12D087187D78112D21
:1094800043D010DC2B000DF0BFF80A401726262C25
:109490002C2E2E363640835C002B30D1521CD2B29B
:1094A0008A42F8DBE1E71C2D2FDA123D2B000DF08C
:1094B000ABF8042C2C121A2C022CD9D1BB78039CAB
:1094C000072B237001D25B0701D40A20CEE7029B51
:1094D00001241B7816E0E343DB0708E0012C08D0E9
:1094E00013E00620C2E70F2523072D075B19002B89
:1094F000F4D03046BAE7029B1B789C0701D50B20BD
:10950000B4E702242343029C2370835C521C9A1804
:10951000D2B28A4202DDABE7192676028A42A9DB83
:10952000A3E710B504780B46002C1FD001210E4A8A
:10953000012C1ED0022C22D0032C2AD125E00000C1
:10954000740A00207372635C6761705F636F726599
:109550002E630000023000007B0C0000FFFF0000C3
:109560000080010028000020023200000021197054
:1095700011E019708179890903290AD10BE019706A
:1095800081798909012904D105E019708179890956
:1095900001D0104610BD411C0622581C0CF0C5FD20
:1095A000002010BD08B51346002806D0FEA00068B4
:1095B000009048796A468009105C18700622581C91
:1095C0000CF0B3FD08BD30B50C46097895B02229E2
:1095D00002D2082015B030BD282369460B704880A0
:1095E000132A03D03B2A01D00720F3E708460A716B
:1095F00009A9F9F7B8FC050003D121212046FFF79E
:1096000036FE2846E6E700B595B0232369460B7081
:109610004880108888805088C880D0884881908889
:10962000088100208881C88109A96846F9F79BFC58
:1096300015B000BD70B50C00064610D0FFF7DFFD79
:10964000050003D1D949DA480CF0EDFEA68028893F
:10965000E0802889208168896081A889A08170BD07
:1096600070B50E46050003D00021092003F027FF46
:109670000120D04C022E207324D0032E04D0CC48DD
:10968000CA491E300CF0CFFECA4806210D3003F047
:1096900091FCA07C8006800EA074FFF78EFDA08B4D
:1096A00000280ED0002D0CD08300012200210920BB
:1096B00003F060FE092804D0BD48BC4928300CF0F6
:1096C000B2FE70BDBB480321103003F073FCA07CD8
:1096D00040218006800E0843A074B6480C3002F08A
:1096E00015F9DAE77FB501A9012003F0C3FA0028D4
:1096F00004D0AF48AD4967300CF095FEAE4E01A8DE
:1097000003F0C6FA050002D0052D4CD048E0029CBB
:10971000A07F01072CD520462230009068462346C2
:10972000628E80882146343301F07BFA0546A07FA3
:10973000F7210840A077002D05D0B5422FD09C48D6
:109740009A49783029E0E17F480889074000C90F2D
:1097500008432021095D4007400FC9000843E07716
:10976000207828281CD129212046FFF780FD17E00A
:109770004007C4D568462246808821460E32FFF74E
:1097800042FF0546A07FFB210840A077002D07D0AF
:10979000B54204D08648854992300CF044FE00253D
:1097A000284604B070BD0020FBE7F8B5040004D1E2
:1097B000ED207E4980000CF036FE7220207060683B
:1097C00008250178091F0B000CF01EFF11F90A3D56
:1097D0005FF83D0EF8F83E3D3D3D3DF986F93D0010
:1097E00073487249AA3074E087883846FFF707FD4E
:1097F000060004D16E486D49B2300CF014FE60785A
:109800000421284360706B4CA07F0843A07721217E
:109810003046FFF72CFDB07F8007800F012801D173
:10982000801EA080384602F057FE3846FBF72AFE1D
:109830003846FAF7C6F93946022003F040FEB07FF9
:10984000EF210840B077F8BD86883046FFF7D7FC97
:10985000002804D156485549D0300CF0E4FD60682A
:109860008078012804D052485049D2300CF0DBFDFA
:1098700060688179304602F04EFF0028E3D06178BD
:10988000294361706168C880F8BD87883846FFF752
:10989000B6FC060004D146484449E3300CF0C3FD51
:1098A00060783946284360706068C088308160689D
:1098B0000089708160684089B081022003F0FFFD5B
:1098C0000020B075FFF70EFF0028DDD001203749DA
:1098D00080020CF0A8FDF8BD80783C2815D0002748
:1098E000022815D00026002804D031482F49F8302E
:1098F0000CF099FD0021084603F0E1FD002107204E
:1099000003F0DDFD002E05D046E001270026F1E73B
:109910000126EAE76078284360702648817F294362
:109920008177002F38D160688688304601F055F87D
:109930000546807F6168800889798000012900D010
:1099400002210843A87760680622C08A28816068DF
:10995000008B68816068408BA8816068C079E87579
:1099600061682846183008310CF0DFFB6068062279
:10997000807B68706168A81C0F310CF0D6FBA87F53
:109980008107890F304602F090FDA87F8007800F85
:10999000012801D10748868006480178032913D0A1
:1099A0008078132814D00BE00302FF0144950000D7
:1099B00013030000740A0020023000000CE00FE0E6
:1099C000FF20FCA1453084E70120FFF7BDFBF8BD77
:1099D0001120FFF7D2FBF8BD204601F02AFCF8BDAC
:1099E000607828436070F8BDF7B505460078002719
:1099F00000090C463E4601287ED00022F14902288B
:109A00007BD0072804D00A2878D0EAA1EE482DE1BF
:109A1000686803780D2B31D006DC042B6FD0072B40
:109A200036D00A2B6AD106E0122B38D0132B40D047
:109A3000142BF7D1B2E011270726002C72D08088B2
:109A4000A0806968FB238979A171E04905468A7F76
:109A50001A408A77032103F0C5F80421284603F051
:109A6000C1F80021284603F0BDF80221284603F082
:109A7000B9F80121284603F0B5F8F9E001270926D5
:109A8000002CDBD08088A080686880792072EFE0AD
:109A900012270E2680882146FFF7CCFDE8E01A2722
:109AA0000726002CCAD04088A08068680079A07181
:109AB000DEE081783C2936D010271E26002CBDD050
:109AC0008088A0806868C08A20836868C08AE08235
:109AD0006868008B60836868408BA0836968207D1C
:109AE000497F4008C9074000C90F084320756968CD
:109AF000C007C00F497F03E05FE08AE0ADE01CE0F3
:109B000049084900084320756968A21DC8790831D1
:109B1000FFF748FD69682246887B0D320F31FFF759
:109B200041FD05E074E019270726002C70D0A271D2
:109B3000A648F722817F11407DE01B272E26002CAE
:109B400066D0A1806968A21D0879491DFFF72AFD2A
:109B500068682030C07A60736868C0780428A07B89
:109B600019D040084000A073F921084069681F22FD
:109B7000C9788907490F0843A07369684007C97A03
:109B8000400FC9000843A073696820460F300C31AC
:109B90000CF0CBFA6CE001210843E4E71E270E2607
:109BA000002C6DD0A1806868E21D407AA0716968C0
:109BB0008878C91CFFF7F6FC5AE0287A012805D0FE
:109BC000022815D080487BA132384FE01D270E2691
:109BD000002C55D06888A080A889E080E889208181
:109BE000288A6081688AA0817848DF22817FA2E785
:109BF00012270E266888FFF71DFD002C40D06878DC
:109C00004007400F032833D17048FD22817F92E73F
:109C100036E0287A03000CF0F7FC06041010202030
:109C2000202619270726002C2AD0A1806748A27178
:109C3000817F4908490081771AE019270726002CFF
:109C40001ED0A180287A012805D00320A0715F488A
:109C5000EF22817F6FE70220F8E721462846029A2B
:109C600001F04BFCFEBD532052A100010CF0DBFBC8
:109C70000298002C068001D0278066800020FEBD5F
:109C800002980680FAE710B5504894B080781328FF
:109C900002D0082014B010BD22206946087009A91E
:109CA0006846F9F760F904460021072003F007FC35
:109CB0002046EFE700B5454895B08078122801D0DE
:109CC0000820B5E41E216846017000218170C17032
:109CD00009A9F9F748F90028F3D10021072003F07A
:109CE000EEFB1120FFF749FA0020A1E400B5374848
:109CF00095B00078022801D0032818D11B2108A8AC
:109D000001730021817369460BA8F9F72CF900282B
:109D100004D1684640781B2801D0032088E4002144
:109D2000084603F0CCFB68468078002801D0082064
:109D30007EE40120FFF708FA002079E4F8B5234C0F
:109D400003000CF061FC0A068017808080804B3590
:109D50006E80FFF7CBFF00282AD1F7F7E9FD002836
:109D600026D02221017000210172F7F7C2FDA07FE9
:109D7000012152E08EB23046FFF741FA050004D1CE
:109D800011480CA12E300CF04EFB287821280FD062
:109D9000F7F7CEFD00281BD01221017002270772B1
:109DA00046800020A875F7F7A4FDA07F3843A07770
:109DB000F8BD00007372635C6761705F636F72650A
:109DC0002E630000FFFF000036050000740A00202B
:109DD000132229463046FFF7F6FBE9E7A578122D56
:109DE00006D0132D07D0FA49FA480CF01CFBDFE728
:109DF000FFF760FF01E0FFF746FF0028D8D1F7F733
:109E000097FD0028D4D022210170122D07D0022105
:109E10000172F7F76EFDA07F10210843C7E701210B
:109E2000F6E7A07C810901290BD0800904D0E9481C
:109E3000E74922300CF0F7FA03210020FFF710FC6D
:109E4000B6E70221F9E7E348E1492930CDE7F7B564
:109E500014460D0004D1DF48DD4931300CF0E3FA3F
:109E600028780827012807D002281FD0D948D849C8
:109E700062300CF0D8FAFEBD0098FFF7C0F906007A
:109E800004D1D448D24938300CF0CDFA0220B07554
:109E90001030207060783843607007CD083407C4F4
:109EA000CD482022817F11438177FEBD0098FFF7C6
:109EB000A6F9060004D1C748C54946300CF0B3FAEC
:109EC000A988C648814208D1EA88824205D1132276
:109ED00031460098FFF777FBFEBD814202D1E8884A
:109EE000002809D01220207060783843607007CDB8
:109EF000083407C4002006E07823002202200099DD
:109F000003F038FA0120B075FEBDB34840897047B0
:109F1000FFB591B01498F8F721FF00285DD1012416
:109F2000684603218471C9028180002201A920466C
:109F3000FAF719F9002850D16846152184714902B1
:109F4000818000261C2102A800960CF04DF901200A
:109F50000146684610310170002001466846417094
:109F60008178F9273940891C21438170017A0225C3
:109F70002943017212998186C6861F2101870C90A0
:109F800011980F9001A80B9009AA0BA902A8F9F744
:109F9000B5FE002821D168468F4E808CF08068463F
:109FA00084718F498180807809AA3840801C4108DB
:109FB0004900684681708586058713A80F900BA914
:109FC00002A8F9F79BFE002807D16846808C3081F3
:109FD00031460A311498F8F7D4FE15B0F0BD30B50B
:109FE0000C46804995B08C4241D37F4901229204AE
:109FF0000968944201D38C4239D3203800220125CC
:10A0000003000CF001FB06042F494D535C64002152
:10A01000082003F02EFA002802D0112015B030BD20
:10A0200024206946087000A80522A11C02300CF00B
:10A030007CF809A96846F8F796FF050002D0082DBC
:10A040000ED031E0082300221146184603F092F9A1
:10A05000082829D05F485E49D6300CF0E4F923E0A7
:10A060000620DBE76068002803D0884201D2102078
:10A07000D4E73D2168460170218841806188818054
:10A0800009A9F8F770FF05000ED1606800280BD011
:10A090006946098D018007E0206801F079FC02E043
:10A0A000204600F0D8FC05462846B7E73E2007E0EA
:10A0B000857000E0827009A9F8F755FFF3E73420B6
:10A0C000694608702078C0076846F3D0F0E707209B
:10A0D000A4E730B50C46444995B009688C4201D2DA
:10A0E00010209BE7203803000CF08EFA0504212194
:10A0F000232132002088FFF782F8002804D000785E
:10A10000222803D2082089E7384887E725216846B6
:10A1100001702188418009A9F8F725FF050015D1B4
:10A120000AA905220231A01C0BF0FFFF0EE0062554
:10A130000CE02068002805D0884201D2102505E0F7
:10A1400001F01BFC24480025808BA080284665E791
:10A15000072063E720481330704710B520211E48C0
:10A160000CF040F80120FEF7EFFF1120FFF705F893
:10A1700000211948C943818000218176E1218900AD
:10A18000818301460C300D310446F7F751FC12482B
:10A190000722214613300BF0C8FFFFF70EF8002806
:10A1A00003D00B4912480CF03EF900F0D5FF10BD6A
:10A1B00010B504463C210CF015F8A07F8008800003
:10A1C000A077202020700020A0752034607010BD82
:10A1D000B49D00008C050000740A0020FFFF000001
:10A1E000012A000000800100280000200230000049
:10A1F000FB0600007047FEB50546FF480C4681424D
:10A2000007D301208004844205D3FC4800688442BF
:10A2100001D21020FEBD002D02D0012D32D126E04A
:10A22000F74908220F4668460BF07FFF3946204663
:10A23000FFF777F90028EDD1FEF7BFFF060006D043
:10A240000722694638460BF070FF3046FEBD207885
:10A25000002801D0012805D1E94807223946C01D50
:10A260000BF063FF0021092003F029F90FE00978C2
:10A27000002907D0012905D0022905D0032903D0E0
:10A28000E048FEBD0720FEBD0120FFF7E9F9DC48EC
:10A290000C3885760020FEBD10B5D8490968884283
:10A2A00001D2102093E7D64902460C390B7B0D31C1
:10A2B0001846FFF777F9002089E7FFB599B0054602
:10A2C000002069460871087208A9087408751446C8
:10A2D000CA480122C849920400681E46002D05D0D4
:10A2E0008D420BD3954201D3854207D3002C08D071
:10A2F0008C4203D3944204D3844202D210201DB076
:10A30000F0BD2846204318D01F270CAB01AA0097A8
:10A3100028461A99FFF79FF80028F0D10DAB02AA42
:10A32000314620460097FFF796F80028E7D16846A7
:10A33000007AC10703D00A20E1E70720DFE78007A2
:10A3400005D568460079800701D50B20D7E703AF14
:10A35000002D0FD01A20694608731A988873294671
:10A36000F81C1A9A0BF0E1FE0EA903A8F8F7FBFD02
:10A370000028C4D1002C0ED02021684601738673BA
:10A3800032462146F81C0BF0D0FE0EA903A8F8F7C0
:10A39000EAFD0028B3D19A4908A8007C0C3948701E
:10A3A0000020ACE770B504460A2020700D46204618
:10A3B000F8F7D9FD002805D139202070294620461C
:10A3C000F8F7D1FD70BDF7B500260C4605460B2702
:10A3D0001AE02968B00009580978002903D001293A
:10A3E00001D00720FEBDA170296806220958E01C93
:10A3F000491C0BF09AFE277020460299F8F7B3FD2E
:10A400000028EFD1761CF6B22879B042E1D80026B8
:10A410003A270FE0A868B10041581022A01C0BF0A9
:10A4200084FE277020460299F8F79DFD0028D9D1B7
:10A43000761CF6B2287BB042ECD80020FEBDF0B509
:10A44000044671A003C897B06B4B00271591149078
:10A450009C4211D369480125AD040268AC4201D386
:10A46000944209D32078012809D16168994203D325
:10A47000A94204D3914202D2102017B0F0BD604926
:10A480000C390A78012A0CD18A88614B9A4203D090
:10A49000002806D0012804D08A7F13079B0F06D11D
:10A4A00001E00820E9E7D30701D1910701D5112088
:10A4B000E3E7218A574B0A46203A9A4207D30128FC
:10A4C00075D1002973D1628A002A70D111E0022867
:10A4D00001D0032801D1A02969D3012809D0484A15
:10A4E0000C3A5278D20704D0628A002A5FD0B42A8C
:10A4F0005DD8002806D0012808D0022804D00328FF
:10A5000055D117E0002518E0022516E0002902D1F8
:10A51000608A00280CD004256068007800280CD0E0
:10A52000012809D0022807D0032805D03548A4E720
:10A530000125F1E7032500E00127207A002806D055
:10A54000012806D0022806D003287CD105E0002689
:10A5500004E0012602E0022600E00326002D01D0DF
:10A56000022D14D1002E12D0E068FEF722FF002841
:10A5700083D123480C384078800702D02148401E00
:10A580007BE7022D03D1022E5DD0032E5BD0182174
:10A5900068460170218A4180218A8180857118482E
:10A5A0000C38007B002803D001286FD104E04AE07A
:10A5B00000216846C17102E001206946C871684601
:10A5C000077221780930012937D006210BF00AFEE5
:10A5D00069460E74207D8207C107D20F4007C90F5C
:10A5E0005200C00F11438000014314A8405C69462B
:10A5F000C873002827D00FE0008001002800002049
:10A60000800A002002320000070605040302010050
:10A61000FFFF0000E13F000009A96846F8F7A3FC2E
:10A62000002884D109A96846FFF7BCFE0028A7D1FD
:10A63000002D0AD0022D08D010E061680622491CC6
:10A640000BF073FDC4E7072017E7002E06D009AA18
:10A650006946E068FFF7B7FE002891D11B206946E4
:10A6600008700120887009A96846F8F77CFC00286A
:10A6700086D108A840791B2819D12B000BF0C4FF04
:10A680000504040707040A00032001E00FE002208C
:10A69000FEF75AFD012D0CD0608A002809D0002257
:10A6A00083001146104602F065FE002801D0032009
:10A6B000E3E60020E1E6F3B5032687B00D46002966
:10A6C0000AD0FA4885426FD301208004854203D323
:10A6D000F7480068854267D30798FEF790FD0400AD
:10A6E00005D02078222804D2082009B0F0BDF14816
:10A6F000FBE7A07F8707BF0F002D05D0294638460E
:10A70000FEF722FE0600F0D139460027EA4801296B
:10A7100007D0022931D0E949E9480BF084FE3046E0
:10A72000E3E7A27D2946012A02D0827F920701D564
:10A730001120DAE700291BD108216A46049711820B
:10A740000592418904AADF48FAF7FDF80028CCD128
:10A750006846008A082801D00320C6E768460188B9
:10A7600001814188418181888181C188C18102A99B
:10A77000079801F061FF0646D1E7A17D022916D1B5
:10A78000807F800613D4002D04D0A07F40070CD416
:10A79000002100E00121079801F08FFF0600BED1E3
:10A7A000A775002DBBD004E01AE01126B7E7002DF5
:10A7B00016D02A4621460798FEF725FF064611289F
:10A7C000ADD1A07F4007AAD42046082229460E30EA
:10A7D0000BF0ABFCA07F04210843A07700269EE786
:10A7E000102082E770B50C460546FEF708FD010013
:10A7F00004D022462846FEF7E6FE70BDAD4870BD87
:10A8000000B50146143195B0192901D2810707D04E
:10A8100001461E3104D00A3102D0072015B000BD18
:10A82000312269460A70887009A96846F8F79BFBCF
:10A83000F4E701B582B00220694608809E4802AB69
:10A8400000896A460021F9F7E7FE6946098802296E
:10A8500000D003200EBD1CB50021009102216A46E4
:10A860001180934901900968884201D210201CBDD3
:10A87000914801899348FAF766F8694609880229E0
:10A88000F5D003201CBDF0B50E46884985B01746AB
:10A8900005468E4207D386480122920400689642FC
:10A8A00004D3864202D2102005B0F0BD1F2F01D97B
:10A8B0000C20F9E7804C8D4226D3954201D3854286
:10A8C00022D3E08803A9F9F758FE0028ECD12878B4
:10A8D00069464873E08803A9F9F730FE0028E3D100
:10A8E0006946009008780221084369460870497B50
:10A8F000090703D00821084369460870E0886946C3
:10A90000F9F7B5FD0028CFD169468F80E08833463E
:10A9100001AA0021F9F780FE69468988B942C3D0AF
:10A920000320C1E71CB50C4600210091019122884B
:10A9300069460A805E4901900968002801D0884272
:10A9400001D38C4201D210201CBD002801D0002A66
:10A9500009D059486A46C1885A48F9F7F4FF694650
:10A96000098821801CBD0C201CBD10B50123FEF7F9
:10A970004DFC2CE4002310B51A461946FEF746FCA0
:10A9800025E430B505464A4895B000680C4681423A
:10A9900002D2102015B030BD2846FEF730FC00284A
:10A9A00007D00178222902D3807F800603D40820B3
:10A9B000F0E74048EEE7132168460170458009A999
:10A9C000F8F7D1FA0028E5D108AA0A2151567F29C3
:10A9D00001D02170DEE70520DCE7F8B5012304464D
:10A9E0001A46194602F0C6F8074601231A46022104
:10A9F000204602F0BFF8064601231A4604212046ED
:10AA000002F0B8F8054601231A460321204602F059
:10AA1000B1F80446002F03D128492B480BF003FD61
:10AA2000002E04D1AD20254980000BF0FCFC002D48
:10AA300004D125482149801C0BF0F5FC002C04D1E1
:10AA400021481E49C01C0BF0EEFC22213846FEF7BF
:10AA50000EFC3846F8BD10B50446006800280CD03E
:10AA60001249884207D301218904884205D310493D
:10AA70000968884201D2102014E400F071FFA08818
:10AA80000D4CA083A07E01280DD10021092002F0E9
:10AA9000F0FC002800D00120A17C8909012915D0F3
:10AAA0000321FEF7DDFD002006E400000080010028
:10AAB0002800002002300000740A0020B49D00002D
:10AAC000C6090000FFFF0000B30200000221E8E712
:10AAD00030B5F74B9A4207D301239B049A4205D322
:10AAE000F44B1B689A4201D2102030BD1578EB065A
:10AAF0005B0F042B07D85478072C04D39378102BC2
:10AB000001D8A34201D2072030BDD3785B0702D41D
:10AB100013795B0701D5062030BDC37FAC075B0806
:10AB20005B00E40F2343C3770878EF2318401378C2
:10AB30009B06DB0F1B0118430870F12318401378A4
:10AB4000DB065B0F5B001843087050780873002029
:10AB500030BD30B500240C70C378DB07DB0F0B7001
:10AB6000C578AD07ED0F6D002B430B70C5786D07F1
:10AB7000ED0FAD002B430B7014700179C907C90F9D
:10AB8000117003799B07DB0F5B001943117000798B
:10AB90004007C00F80000143117030BD70B51446EE
:10ABA0000D460646F6F7C4FE002809D0A221017022
:10ABB000142221460830F6F707FBF6F79AFE70BD1F
:10ABC000132229463046FEF7FEFC70BD70B51446D0
:10ABD0000E460546F6F7ACFE002809D0222101708A
:10ABE00045802178017261784172F6F782FE70BD6E
:10ABF000132231462846FEF7E6FC70BD10B5AE4C78
:10AC0000207C00280CD1204621461038FDF762F840
:10AC1000002803D0A9A1F2200BF005FC012020742C
:10AC200010BD70B594B015460C462C226946189E8E
:10AC30000A704880002B17D00822194601A80BF093
:10AC400074FA68468581102231460E300BF06DFA99
:10AC500009A96846F8F787F9002803D1A17F1022D7
:10AC60001143A17714B070BD002001900290E8E775
:10AC7000F0B50646008A97B080B20D460190FEF707
:10AC8000BEFA04468C48317848380746E8370990C0
:10AC90000B000BF0B9FC0EFCFB48085F8798B8D995
:10ACA000FAF9F8F7F6FC002301221946019801F0A1
:10ACB00061FF050004D1FF2080A130300BF0B3FB11
:10ACC000002C04D1FF207DA131300BF0ACFB387E8D
:10ACD000C00904D078486030C06DA86112E02B2014
:10ACE000694608720BA902A8F8F73DF9002804D0BC
:10ACF000FF2072A13C300BF096FB74490C980BF0CE
:10AD00008EFAA9617068A862B068E862A07F8007C7
:10AD1000800F012820780DD0252804D0FF2067A1BE
:10AD20004D300BF080FB324621460198FFF736FF8D
:10AD300017B0F0BD2528F6D0222806D0242804D04C
:10AD4000FF205EA146300BF06EFB25212046FEF76A
:10AD50008EFAE8E7002301221946019801F00AFF64
:10AD6000060004D1FF2055A158300BF05CFB002CED
:10AD700004D1FF2051A159300BF055FB2078252834
:10AD800004D03078012108433070D1E702202870C8
:10AD9000B068A860B068002802D000202871C7E71A
:10ADA0000120FBE72B2069460870434968464C396F
:10ADB000F8F7D9F8002804D0FF2040A178300BF034
:10ADC00032FB03201BE02A206946087000A81022ED
:10ADD000023071680BF0A9F904A810220230B168A2
:10ADE0000BF0A3F9344968464C39F8F7BCF8002851
:10ADF00004D0FF2031A189300BF015FB042028700E
:10AE00000998686094E7B068002804D1FF202BA15E
:10AE100095300BF008FBE07F400704D5FF2027A109
:10AE200096300BF000FBB06806220A3800903379A8
:10AE30000421019801F0FBF90028A6D0FF201FA1F2
:10AE40009B300BF0F0FA73E7002C04D1FF201BA11C
:10AE5000A3300BF0E8FA2046223010220546716834
:10AE60000BF063F928212046FEF701FAA07F800746
:10AE7000800F022814D100231A462146009501981C
:10AE800006E04BE1BAE0B0E095E03FE071E05FE161
:10AE9000FFF7C7FE11281BD029212046FEF7E7F94E
:10AEA000E07F317A4007400FC9000843E0773FE771
:10AEB0000080010028000020400B00207372635CBA
:10AEC0006761705F7365632E6300000040420F008E
:10AED000A07F000704D5FF20FD49B0300BF0A3FA96
:10AEE000A07F08210843A0770020608620463430E8
:10AEF0000BF078F9E07FFD220146C9071040890F69
:10AF00000843E077307A2034207011E700230122D3
:10AF10001946019801F02EFE040004D1FF20EC49EF
:10AF2000CD300BF080FA2B2069460872E94902A85F
:10AF3000F8F719F8002804D0FF20E549D2300BF0CB
:10AF400072FAE4488188204621300176090A417668
:10AF50000E2129702146FC316960017E2974407EF2
:10AF60006874DC482C30A860103030346C61E860C4
:10AF7000DEE6002C04D1FF20D549E6300BF053FA71
:10AF80002078212893D93079012802D0022808D1CD
:10AF900003E0E07F04210843E077387E0121084385
:10AFA0003876324621460198FFF7F8FD23212046E6
:10AFB000FEF75DF9BCE601220421019801F01FFCB7
:10AFC0000028A2D0002301221946019801F0D2FDE9
:10AFD000040003D1BE49C0480BF025FA0F202870A9
:10AFE000172028716E34AC60A2E60421019801F0AC
:10AFF00056FC002889D11020287099E600230122F0
:10B000001946019801F0B6FD050004D18720B0492A
:10B0100080000BF008FA2E462036307E41064DD5D2
:10B02000A17F8F07BF0FC00713D029468031486F1B
:10B0300000280ED0027CF37DD207D20F5B001A43AA
:10B040000274486F5108E27F4900D207D20F1143C2
:10B050000174307E000713D52A468032116F002913
:10B060000ED0087CF37DC007C00F5B001843087446
:10B07000116FE27F40084000D207D20F10430874DE
:10B08000307E80070BD5F8204259002A07D0012FC7
:10B0900005D02946307C31311032FEF783FA307EFC
:10B0A000C0060BD5F8204259002A07D0012F05D140
:10B0B0002946307C31311032FEF774FA0523684698
:10B0C0000370357E4570834822216038019A0170F3
:10B0D0004178C908C900C91C417042800372457299
:10B0E000F6F78EFD2078252809D021280BD07A4844
:10B0F00077495B300BF097F92078222803D9222179
:10B100002046FEF7B4F80021019801F06BFD0028FD
:10B1100000D10DE670486E49633092E674686D4D5B
:10B1200020786035092802D00A28F2D10BE0E168C6
:10B13000002902D02846F7F7E8FE2169002902D04D
:10B140002846F7F7E2FE21462846F7F7DEFEEFE550
:10B1500061485F49883074E65E4810B504222821B2
:10B160006030F7F7B9FE5B480024EC30017E4906F9
:10B17000490E01764038C465FCF739FD55493C312C
:10B1800008461038F6F78BFC52484C30047410BD5A
:10B1900070B50D46FEF733F8040004D14E484C4913
:10B1A000A7300BF040F9FF21053128460BF01CF8C1
:10B1B000A07F8007800F01280CD00221284688300C
:10B1C000FCF716FD002804D043484149AC300BF091
:10B1D0002AF970BD0121F1E70A46014610B5104673
:10B1E0008830FCF71FFD10BD70B5054611200C46D8
:10B1F0000870002161702121495D002908D00329D0
:10B200000ED0042910D034483149C6300BF00BF968
:10B2100020780009012802D9E87FC008607070BD5D
:10B220000007000F203002E00007000F30302070D0
:10B23000EEE7F0B504464068082601789BB008297F
:10B240000DD00B2903D00C294BD1012181716068ED
:10B2500087883846FDF7D3FF05004CD147E0478883
:10B260003846FDF7CCFF050004D1172018494001EE
:10B270000BF0D9F82878212833D0282833D16068FA
:10B2800002210C3000F050FF00282CD0606808210B
:10B29000001D00F049FF002825D02D2168460170CF
:10B2A000478029461022223101A80AF03EFF0FA94B
:10B2B0006846F7F758FE002804D007480449EF30E5
:10B2C0000BF0B1F8A87F10210843A877292105E0E9
:10B2D000BCAE0000F40A0020030200002846FDF77F
:10B2E000C6FF1BB0F0BD607830436070F9E7FE49DF
:10B2F000FE480BF098F8A87FEF210840A87729783E
:10B3000021290FD061688A79002A02D08978002922
:10B3100012D08007800F022849D0F448F249343017
:10B320000BF081F8FEF7DEF90028DAD0EF48EE499D
:10B330003F300BF078F8D4E7607830436070E87FF6
:10B34000C00701D0042100E00321212041552878C5
:10B3500029280BD03946062002F0B1F82878242895
:10B36000E0D122212846FDF782FFDBE700230122FE
:10B370001946384601F0FEFB040004D1C920DA4921
:10B3800080000BF050F825212846FDF770FF0D20B6
:10B3900008A90871204609A98830FCF735FC022865
:10B3A000C0D00028BED0D148CF491D30B8E7607862
:10B3B00030436070B6E7F7B58AB015460646FDF72C
:10B3C0001EFF002841D0017822293ED323293CD0FA
:10B3D000C17F490739D4807F8007800F01280DD0B5
:10B3E000002301220021304601F0C4FB0746C0487B
:10B3F0000290F7F781FD040007D101E00123F0E797
:10B40000BA48B94959300BF00EF8002F1FD08837D1
:10B4100067610298F7F770FD07460298F7F76CFD31
:10B4200009212170266225710B99E760A1602061D6
:10B4300003A92046FCF70CFC022806D0002804D003
:10B44000AA48A94975300AF0EEFF0DB0F0BD002002
:10B4500007466061E4E730B5002387B00546012266
:10B46000194601F087FB04462846FDF7C8FE007820
:10B4700022281BD9002C04D19C489B4981300AF01A
:10B48000D2FF0F21684601701721017120466E30EE
:10B49000029069461A30FCF7B7FB022806D0002854
:10B4A00004D0E520904980000AF0BDFF07B030BD10
:10B4B00030B5002387B005460122194601F05AFB3A
:10B4C00004462846FDF79BFE00782228EED9002C82
:10B4D00004D18648844993300AF0A5FF10206946BC
:10B4E000087020468830FCF78FFB0028DED0E9206A
:10B4F0007D4980000AF097FFD8E7F7B50546007848
:10B500000027000982B00C463E4602287ED007285C
:10B5100002D00A284AD14AE068680178082907D091
:10B520000B2930D00C292ED070486F49D33060E100
:10B5300014271A26002C6AD04088A080FDF75FFEF1
:10B540000090002804D169486749AF300AF06BFFCA
:10B5500000980099C07DA21D1831FEF723F8686895
:10B5600008228089E081696820461030091D0AF0B0
:10B57000DCFD207E01210843F92108402076009857
:10B580004021807F47E018270826002CD3D08088F0
:10B59000A080FDF734FE050004D1F7205249800059
:10B5A0000AF041FFA11D2846FFF71EFE23E1002CF3
:10B5B00001D0288BA080287A01287DD0022804D0D1
:10B5C00003282FD048494B4813E11C270726002C9D
:10B5D000B1D0A088FDF713FE0090002804D1FD2013
:10B5E000414980000AF01FFF287B8007800F012857
:10B5F000A07914D040084000A071FD210840297BAB
:10B600004907C90F49000843A07101E0E3E0DFE00A
:10B6100000988021807F084300998877EBE0012122
:10B620000843E9E713270B26002C84D0A088FDF7F8
:10B63000E6FD00900023A0880122194601F09AFA45
:10B6400005460098002804D12A48274960380AF0A6
:10B65000EAFE002D04D181202349C0000AF0E3FE58
:10B660000098807F8007800F012859D0E86A817890
:10B670008907890F0129A17954D049084900A1718E
:10B680008278FD255207D20F294052001143A17143
:10B69000E322114002785207D20E1143A171DF223A
:10B6A00011404278D207920E1143A1710021E1713D
:10B6B000C1782172427900E037E00179607AD307DE
:10B6C00040084000DB0F18439307DB0F28405B0066
:10B6D00018435207FB23D20F1840920010436072A8
:10B6E000A07A4008400007E0BCAE00000E03000056
:10B6F000540B002067040000CA07D20F10438A07CA
:10B70000D20F2840520049071043C90F1840890042
:10B710000843A0720098007823286CD92621AFE056
:10B72000A86AA4E701221143A9E7297BFE48022960
:10B7300010D017270C26002C4AD0012911D003293C
:10B740001ED004291FD005291DD0F849F8480AF059
:10B750006AFE23E019270726002C4CD00121A17195
:10B7600005E00121A171E17989088900E171017E7B
:10B77000CA094906D201890E49000A4302760DE042
:10B780000220A07106E0687B0007000F8030A071E6
:10B79000052918D0E07980088000E071A088FDF7C5
:10B7A0002EFD05460078212825D0232804D0E04826
:10B7B000DE490C300AF037FEA088002101F012FAB1
:10B7C000222128465DE0E07980088000401CE4E703
:10B7D0000498068015E0002C01D06888A080287AA3
:10B7E000032828D004280FD005284DD0D048CF49B1
:10B7F00064300AF018FE0498002C068001D02780DF
:10B800006680002005B0F0BD15270C26002CDFD087
:10B810000023A0880122194601F0ACF9050004D1EB
:10B82000C348C2492A300AF0FEFD0622A11DA869BC
:10B8300009F0DCF9DFE716270726002CC8D0A0881E
:10B84000FDF7DDFC00900023A0880122194601F0DD
:10B8500091F905460098002801D0002D04D1B44884
:10B86000B24938300AF0DFFD2878C00601D5022041
:10B8700000E00120A071009800782328BBD927217F
:10B880000098FDF7F4FCB6E717270C26002C9FD094
:10B89000A088FDF7B4FC00906D7A002804D1A4487C
:10B8A000A2494B300AF0BFFD0621A01D0AF09AFC08
:10B8B0000020A071207A032108432072FB21084058
:10B8C0000099C97FC907490F08432072680692D5BD
:10B8D000E07904210843E071A07AE90740084000BC
:10B8E000C90F0843E17A2A0749084900D20F1143DA
:10B8F000FD22AB07DB0F10405B001843A072E80687
:10B90000C00F114040000143E17274E710B50446D6
:10B91000807990B08009012804D04D20834900012E
:10B920000AF081FDFFF76AF90120694608707E4838
:10B930000AA9A0380190201D0290601C0B90684657
:10B94000FCF786F9002804D07948784987300AF056
:10B950006AFD0322601C0B990AF0E7FB10B010BDD2
:10B9600010B5714CA03C002805D00146102220469D
:10B970000AF0DBFB0120207410BD10B50446FFF770
:10B980003DF969491022A03920460AF0CEFB10BDCE
:10B9900070B50025644C00281CD06649884207D346
:10B9A00001218904884205D363490968884201D28C
:10B9B00010250DE0062109F003F9411C07D05A4972
:10B9C0004039C865207E80210843207600E00725A5
:10B9D000284670BD207E4006400EF6E7F3B50020F5
:10B9E00089B00D46029000290AD0524885421CD3E6
:10B9F00001208004854203D34F480068854214D358
:10BA00000998FDF7FCFB060003D03078222815D1F9
:10BA100002E04A480BB0F0BD002D08D1B07FC1094B
:10BA200003D08007800F022801D01020F2E7B07FFA
:10BA3000C10601D4000703D5002D01D00820E9E795
:10BA40003948007EC00712D1F07F400701D50D2094
:10BA5000E0E7002201231146099801F08BF8070066
:10BA600005D0B07F8007800F022802D00BE01120A4
:10BA7000D0E7002D07D02A4639463046FFF728F890
:10BA800002900028C6D128488C38F7F735FA040010
:10BA900003D126492A480AF0C6FC0A2020700998DA
:10BAA000206238468830A060B07FFB218007800F7D
:10BAB000012829D0002D4CD002202071381DE060D3
:10BAC00038780007400F20743878C006C00F6074C3
:10BAD000A07C2A788008D2078000D20F1043A0747F
:10BAE0000840F17F01AAC907490F0843A074A8784C
:10BAF000E07469462846FFF72CF8684600792075FF
:10BB000068460078607528E001202071207B2A7843
:10BB10008008D2078000D20F104320730840297894
:10BB20008907C90F89000DE0E00B0020BCAE0000C2
:10BB300053040000008001002800002002300000B3
:10BB4000630500000843207324213046FDF78FFB76
:10BB50000BE0032020710520207325213046FDF7DE
:10BB600086FBB07F4006400EB07703A92046FCF765
:10BB70006FF8022805D0002803D0FD49FD480AF0DF
:10BB800052FC029846E7FFB581B00A9D06461C4666
:10BB90001746142128460AF027FB0B980021016064
:10BBA000F8070ED0F44920680968884239D312306A
:10BBB00028602068143068602068A8600B982168AD
:10BBC0000160B80726D56068002803D0EA490968F3
:10BBD000884226D3029900290AD0FC3600280ED0CC
:10BBE00031461030FDF79DFC00281BD1606810E045
:10BBF000002816D0E86080366068B0670AE0FEF77B
:10BC0000A9FA0146072230460AF08FFAFEF7F6FF3E
:10BC1000DA48E860780707D5D749A06809688842FC
:10BC200001D21020EEE528610020EBE5FFB5D44AF3
:10BC30000E4607CA97B002AB07C3002700970197CB
:10BC40001798FDF7DCFA050005D02878262804D0DF
:10BC500008201BB0F0BDCB48FBE700231A4619466D
:10BC6000179800F087FF040004D1C248C049803013
:10BC70000AF0D9FBA87F8007800F1690012814D006
:10BC8000022824D0BB48BA4999300AF0CCFB0121E4
:10BC90000022852E31D01EDC002E26D0812E26D00B
:10BCA000822E26D0832E1ED125E0002EEFD12146F4
:10BCB0002846199AFEF70CFF0028CAD119988078F7
:10BCC000009019980078C007C00F0190DFE719981D
:10BCD000002808D1DBE7862E11D0882E11D0892EBE
:10BCE00011D08A2E11D00720B3E710460EE0084687
:10BCF0000CE002200AE0032008E0052006E0062010
:10BD000004E0082002E0092000E00A20002222715D
:10BD100001216A461176211D0791002801D020716A
:10BD2000FAE0169801280CD0A66AE06A02220121E6
:10BD300010900020A0602846173002291AD0012157
:10BD400019E0E66AA06A1090032030702078FB2387
:10BD5000C006C00F7070B07801221840009BF370CD
:10BD60008008019B800018430221B0700020707190
:10BD70003071DEE70021890009190861681C022A78
:10BD800001D0012100E00021890009190861B07883
:10BD90008007800F01285ED1109880788007800F7F
:10BDA000012858D110980079844610984079009065
:10BDB000169801281DD0317908A801747179017590
:10BDC00008A8027C6046024008A8007D009908404F
:10BDD000139010433FD06C491A98884207D3012131
:10BDE0008904884215D364490968884211D2102019
:10BDF0002FE70CAA0DA91998FEF7ABFE08A8007C46
:10BE000061460840307108A8007D009908407071B3
:10BE1000D6E720463C3021460090F031169801913B
:10BE2000022834D000211A9B20460C33FFF7ABFECA
:10BE30000028DDD12046503021460090F43116987C
:10BE40000191012825D0002120461A9B139AFFF763
:10BE50009AFE0028CCD110988078400702D4E87F61
:10BE6000C0072BD0169902A8012914D0109909787F
:10BE70004900405A21780907490F4900C8408707FF
:10BE8000BF0F2AD0012F14D0022F0FD113E00121B0
:10BE9000C9E70121D8E721780907490F4900405A2D
:10BEA000109909784900C8408707BF0F032F04D0B5
:10BEB00004E0022711E001270FE00227169801286D
:10BEC0000BD1B078FB210840E97FC907490F08432F
:10BED000B07020780007400F3070207810224008A2
:10BEE000400020701099D2434978C907C90E114308
:10BEF00008402070C00623D4022F21D0012F21D06A
:10BF00000020A061E0612062606220461830A060DD
:10BF1000E87F40084000E877204606A98830FBF714
:10BF200073FE002806D0022804D06F2010490001BB
:10BF30000AF079FA25212846FDF799F9002088E6CC
:10BF4000032008E020460D211B300AF04BF9204663
:10BF50001830A060042069460875E87F0121084375
:10BF6000E87705AA29461798FEF730FED4E70000C7
:10BF7000BCAE00008E05000028000020400B002011
:10BF8000606701000230000000800100F0B587B05A
:10BF900015460E0004460DD06A48854207D301209D
:10BFA0008004854206D368480068854202D210208A
:10BFB00007B0F0BD2046FDF722F9070004D038781D
:10BFC000272803D00820F3E76048F1E700231A464A
:10BFD0001946204600F0CEFD040003D15C495D48BF
:10BFE0000AF021FA0020002E05D0022E08D0012EE2
:10BFF00011D00720DCE701216A461171A06018E02A
:10C00000234618336946A360087110222946184652
:10C010000AF08BF80DE021461831A16069460871DD
:10C02000A061E061206260620621284608F0C8FD38
:10C03000A0612078C10714D0400840002070022081
:10C04000694608702046183002907030FBF7DCFD1E
:10C05000022806D0002804D03E483D4923300AF08B
:10C06000E2F925213846FDF702F90020A0E770B576
:10C0700094B00D460646002B02D0072014B070BDC8
:10C08000FDF7BDF8040007D02078222802D3A07F56
:10C09000400603D40820F1E72C48EFE7002D19D023
:10C0A0002D216846017046801022294601A80AF019
:10C0B0003CF8E07F297C4008C9074000C90F0843CD
:10C0C000E077297C40078906400FC90EC900084364
:10C0D000E07703E02E2168460170468009A9684692
:10C0E000F6F741FF694609782D2905D1002803D1CB
:10C0F000A17F10221143A177A17FBF221140A17718
:10C10000BCE710B50C46FDF77AF8002805D00E49BB
:10C1100009688C4203D2102010BD0C4810BD214686
:10C12000FFF762F8002010BD05E00278401C002AED
:10C1300001D0002070470A46491E89B2002AF4D176
:10C14000012070470080010028000020023000001C
:10C15000BCAE00000F07000030B50346072903D02E
:10C160000820DA781C7916E00720FAE707290BD0B7
:10C170005500ED186D79072D01D0401EC0B2521C3C
:10C18000D2B20F2A07D105E05500ED186D79072DC1
:10C19000F3D0F4E700222546641EE4B2002DE5D179
:10C1A00030BDFFB581B00C461646114620460A9FA9
:10C1B0000B9DFFF7D1FF00280AD020790F2803D369
:10C1C000FEA1A0200AF02FF9A078C00907D019E03D
:10C1D000072E02D0112005B0F0BDFD48FBE7019805
:10C1E0002880381D6880002068712871EF800498CD
:10C1F00028812846F6F7DFFE002803D1EFA1AD2005
:10C200000AF011F9E07821794018491CC0B2217177
:10C210000F2801D30F38C0B2400000194671817950
:10C22000F12249084900114081710020D3E7FFB590
:10C2300083B01C4616460F4600231A4602210C9D69
:10C24000039800F097FC010008D033463A46019568
:10C2500000940398FFF7A5FF07B0F0BDDC48801EEF
:10C26000FAE7F0B5054616460F4650888DB0002314
:10C270000122022100F07EFC040003D1CFA1DF20C7
:10C280000AF0D1F8002069460871A078400603D171
:10C29000CAA1E3200AF0C7F8042F5ED32A78D0079A
:10C2A000C017401C06D161786B78994255D121782E
:10C2B000090752D00121142A46DA012A42D0122A53
:10C2C00002D0132A40D128E00C2F3DD1A27852068B
:10C2D000520E012A38D0207800090001401C20703D
:10C2E000687860706846017168792A7901021143A3
:10C2F00068460181E879AA790102114368464181C3
:10C30000687A2A7A0102114368468181E87AAA7A1A
:10C31000010211436846C1811AE0062F14D120782A
:10C320000009000120707188012001F0C8F8022185
:10C3300068460171C91E018168792A790102114399
:10C3400068461FE0062F0AD06A461279002A1BD0E1
:10C350007088324601A9FDF77AFD0DB0F0BD207856
:10C360000009000120707188012001F0A8F8022165
:10C370006846017168792A79010211436846018192
:10C380000021C9434181E3E70028E6D0748868466C
:10C3900081766978C176022181830021C18304A856
:10C3A00005220090062311462046FFF740FF002893
:10C3B000D3D088A1D6200AF036F8CEE7F7B58CB0F6
:10C3C00015460C990D98F9F7CEF9C0B2082851D14D
:10C3D000002069468885688800230122022100F038
:10C3E000C9FB040004D1FF2074A163300AF01BF8DC
:10C3F00001230021E07822790BE046003619767996
:10C400009E4201D1491CC9B2401CC0B20F2800D1C4
:10C4100000201646521ED2B2002EEED1002902D1C3
:10C4200017206946888504AB02330BAA00950C9946
:10C430000D98F7F73BFC0006000E07D002281BD032
:10C44000032817D0FF205DA1893011E06846808D58
:10C4500000280FD002A901910090688804230122CE
:10C460002146FFF79EFE002804D0FF2053A176301E
:10C4700009F0D9FF0FB0F0BD68781021084368704B
:10C48000F8E70020584902464300401CCA520828D9
:10C49000FAD3704700218170017809090901017000
:10C4A00000214170C1700171704770B50D460023C5
:10C4B0000122022100F05EFB040004D1FF203FA115
:10C4C000CF3009F0B0FFA0786906C009C001490E5D
:10C4D0000843A07070BD704710B50146012000F000
:10C4E000EEFF10BD3EB58DB2002301220221284689
:10C4F00000F040FB040004D1FF2030A1E43009F03B
:10C5000092FF20786946000900012070022008701F
:10C5100036488880C88000222846FDF798FC3EBD3A
:10C52000F7B505460078002700090C463E4601286D
:10C5300004D0FF2021A1F33009F075FF287A0328E9
:10C540000CD041201DA1C00009F06DFF0298002C05
:10C55000068001D0278066800020FEBDEA89702712
:10C5600010460A3086B2002C0AD06888A080A889BC
:10C570002081E28020460A30296909F0D6FDE5E7EE
:10C5800002980680E8E7F8B543680246D9799C79B5
:10C59000090221435C7A1E7A25025C88981D354386
:10C5A000241FA14238D11B79022B35D1042D34D060
:10C5B000052D3DD0062D34D0402D19E07372635CFB
:10C5C0006C326361705F636F72652E630000000000
:10C5D000043000007372635C6C326361705F636F80
:10C5E00072652E6300000000000C0020FFFF0000B9
:10C5F00012D3061D0F461446284600F0E9F9082814
:10C600000AD01120207003202072A581E7812661C5
:10C610006078082108436070F8BD001DFFF7CEFE6A
:10C62000F8BD031D50880A461946FEF7C4FEF8BD42
:10C63000001DFFF716FEF8BD70B50D4600238CB047
:10C6400006461A46022100F095FA040031D02078FF
:10C650000007000F01282ED01220694688746078E8
:10C660000523801CC874082088822888C8826888AE
:10C670000883A8884883E888888302A90C20019150
:10C6800000901A4621463046FFF78BFD00280ED158
:10C69000F02300223146012000F06CFE20780009D2
:10C6A0000001401C20706078801C607000200CB07D
:10C6B00070BDCD48FBE71120F9E770B50D460023AA
:10C6C0008CB006461A46022100F054FA040006D047
:10C6D00020780007000F012803D00820E7E7C248B0
:10C6E000E5E71321684681746178C1740221818273
:10C6F000C58202A906200523019100901A46214611
:10C700003046FFF74EFD0028D1D120780009000106
:10C7100020700020CBE7F3B581B00D460023012245
:10C720000221019800F026FA00260446002803D1D1
:10C73000AE49AF4809F077FE2079A8423BD2AC4819
:10C74000AA49401C09F06FFE35E0E07841000F195E
:10C75000401C7979C0B20091E0700F2801D100200F
:10C76000E0702079401E2071B879C00708D0009889
:10C770000199042815D09D498220183109F053FEF3
:10C78000B8790007410F08D0400F019904280CD058
:10C7900096498F20183109F046FE009807280AD1E3
:10C7A00007E00846FEF784FEEAE70846FEF753FE78
:10C7B000F3E7761CF6B228466D1EEDB20028C4D110
:10C7C0003046FEBD10B500230122022100F0D2F94F
:10C7D000040004D1B5208549800009F024FEE078EA
:10C7E00021794018C0B2E0700F2801D30F38E070F3
:10C7F00000202071A07880210843A07010BDF8B5FA
:10C8000017460D4600231A46022100F0B3F9040032
:10C8100005D0002D0CD0002F07D0062006E0072DF4
:10C8200001D00820F8BD0720F8BD0820A84204D890
:10C830006F486E49423009F0F6FD29462046FFF761
:10C840008BFC0646002F28D0002E26D1E0782179D7
:10C850001CE0420012195379072B03D093791B0770
:10C860005B0F04D0401CC0B20F280CD00CE040007D
:10C8700000198079F12318406B071B0F1843907142
:10C8800000290AD104E00020491EC9B20029E0D1E4
:10C89000574856495A3009F0C6FD3046F8BDF8B53C
:10C8A0000D4600231A46022100F064F9040004D169
:10C8B0004F484E49683009F0B6FD681E052804D37C
:10C8C0004B484A49693009F0AEFD0F21E2782079E2
:10C8D000002310E0560036197779AF4206D1B179BE
:10C8E00049084900B1715B1CDBB21146521CD2B23F
:10C8F0000F2A00D100220646401EC0B2002EE9D108
:10C900000F2905D248000019817901221143817154
:10C910001846F8BD10B50446402801D2072010BDC6
:10C9200000F056F8082802D03120000210BD002186
:10C93000304802E0491C082903D24A00825A002AE2
:10C94000F8D1082903D049004452002010BD04202A
:10C9500010BD10B5402801D2072010BD00F038F8F6
:10C96000082805D00021234A40001152084610BD76
:10C97000052010BDF0B58BB016460C00074607D059
:10C98000002E05D06188402904D207200BB0F0BDED
:10C990001020FBE72088002801D0172801D90C209F
:10C9A000F4E7084600F014F808280FD0258803A8FB
:10C9B0002A463146023009F0B8FB01A8009062888F
:10C9C0002B4607213846FFF732FCDFE70520DDE77D
:10C9D00001460020074A02E0401C082803D2430019
:10C9E000D35A8B42F8D1704702300000BCC500001A
:10C9F000AD020000000C0020F8B50546E54C079E8E
:10CA0000069821706270A370E6702071681C42085D
:10CA10005200E14B0021880000198446C261605C2D
:10CA200040008218002D0AD0002005E0664647002D
:10CA3000F669401CF353C0B2665C8642F6D8491CC6
:10CA4000C9B20529E7D30026D21C9708B000BF0061
:10CA500000198760304600F042F9A15D761C48431A
:10CA6000C219F6B2052EEFD3501B80B2F8BDF0B557
:10CA70000546C84F8C460020FF247E5DA9009646DF
:10CA80000346CF190CE0F9695A008A5AC2498A4212
:10CA900004D1401CC0B2FF2C00D11C465B1CDBB291
:10CAA0009E42F0D86146002909D100280BD0002D04
:10CAB00007D0B84949788E4203D2401EC0B2002840
:10CAC00001D071460C70F0BD70B5B24C8D000023E2
:10CAD0002D19615C09E0EC695E00A45B844202D11F
:10CAE0001370012070BD5B1CDBB29942F3D80020AB
:10CAF00070BDFEB51C4617460D46060008D0002D39
:10CB000006D0F01C80088000B04203D01020FEBD8B
:10CB10000E20FEBD002F03D0002C01D0A74201D96A
:10CB20000720FEBD0094234622463946002001948A
:10CB3000FFF762FF2988814207D0814201D2042198
:10CB400000E0092128800846FEBD009423462246C5
:10CB5000394630460194FFF74FFF28800020FEBD84
:10CB600010B5044600F0C5F8002801D0E0B210BDB1
:10CB7000FF2010BDFFB50546874881B01E460C4614
:10CB8000854204D0052C02D20398022802D300204B
:10CB900005B0F0BD002769460F7028466A46214659
:10CBA000FFF792FF00280ED068460178204600F07B
:10CBB000A8F8002EECD00028EAD1284600F099F819
:10CBC000002809D103E03846002EF6D1E0E7FF2027
:10CBD00072A15C3009F027FC21462846039A00F038
:10CBE0009CF8D5E7F8B505460C4600206A4E694624
:10CBF0006E4F0870B5423BD0052C01D30720F8BD1D
:10CC00000A4621462846FFF75FFF002830D06846D5
:10CC10000178204600F075F8230009F0F5FC0504C2
:10CC2000090C11161B0001462846FEF7D5FA15E03F
:10CC3000FDF7E0FA12E001462846FFF74CFC0DE054
:10CC400001462846F6F7B5FF08E001462846F8F702
:10CC500012FC03E056A17B2009F0E5FB4D4A684633
:10CC6000A10000788918C96940000E520020F8BD63
:10CC70003846F8BD524A1268914201D210207047DE
:10CC8000052801D3072070470872002048727047BA
:10CC9000F8B504464A480068844201D21020F8BD25
:10CCA000207A3C4A83009B18617A3B4D125C11E06C
:10CCB000DE694F00F65BAE420AD04A1C6272DA6946
:10CCC0004B00D25A228000F01CF860600020F8BDB2
:10CCD000491CC9B28A42EBD861720520F8BD0EB575
:10CCE000384B40000ECB0091029301926946085ADE
:10CCF0000EBD28494978814201D9012070470020A2
:10CD0000704770B50C460546FFF7E9FF214AA900B8
:10CD1000891889686043401870BDF8B50C4606460E
:10CD200000206946134608706A4619462046FFF7F8
:10CD30009EFE002500282BD0164A6846A1000078E8
:10CD40008918C96940000E52684601782046FFF7ED
:10CD5000D8FF0546230009F057FC0504090C0F1401
:10CD6000170029463046FEF713FA11E0FDF720FAC6
:10CD70000EE0FFF78FFB0BE029463046F6F7E0FEAA
:10CD800006E0F8F771FB03E009A1622009F04BFB14
:10CD90002846F8BD100C0020FFFF00007372635C92
:10CDA000686F73745F636D2E6300000002300000D3
:10CDB0007372635C686F73745F636D2E6300000051
:10CDC000280000206C67010010B5014620220948A8
:10CDD00009F0ABF907490020C877084610BD06499D
:10CDE000012048610548064A0168914201D10021AD
:10CDF00001607047400C00200005004078000020D2
:10CE0000BEBAFECA8107C90E002808DA0007000F63
:10CE100008388008C24A80008018C06904E0800891
:10CE2000C04A800080180068C8400006800F704724
:10CE3000BD4948788978884201D3401A02E021220E
:10CE4000511A0818C0B27047B74923314878897819
:10CE5000884201D3401A02E02122511A0818C0B2B8
:10CE60007047B149463148788978884201D3401AE1
:10CE700002E02122511A0818C0B27047A94910B522
:10CE80000C310868FF22120290430122D2031043A2
:10CE90000860A54900202331487088702339487004
:10CEA0008870463148708870A04808F0C8F89F48DC
:10CEB000401C08F0C4F8F5F741FC00F028F910BD5B
:10CEC00020207047B4E770B50C4605460026FFF7F2
:10CED000AFFF9549A04214D30A46203A00232046CA
:10CEE000641EE4B200280BD08878105C2870887823
:10CEF0006D1C401CC0B288702128F0D18B70EEE709
:10CF0000012600F004F9304670BD202070479BE7F1
:10CF100070B50C4605460026FFF796FF824923317F
:10CF2000A04214D30A46203A00232046641EE4B2ED
:10CF300000280BD08878105C287088786D1C401C05
:10CF4000C0B288702128F0D18B70EEE7012600F086
:10CF5000DEF8304670BD202101700020704710B50A
:10CF60000446FFF77EFF2070002010BD70B50C4610
:10CF70000546FFF776FF6C494631A04215D30A46B5
:10CF8000203A00232046641EE4B200280BD08878A3
:10CF9000105C287088786D1C401CC0B288702128F5
:10CFA000F0D18B70EEE7002400E0614C00F0AFF8A8
:10CFB000204670BD70B50C460546212904D9FF20D6
:10CFC0005CA1473009F02FFA55484068103840B24C
:10CFD000FFF718FFC6B20D20FFF714FFC0B286425C
:10CFE00007D2FF2053A14D3009F01DFA01E0F5F7FB
:10CFF000E8FB21462846FFF766FF0028F7D070BD02
:10D00000F8B507464948484C401E474E007825462B
:10D0100046362335002806D1A9786878212200F009
:10D020006BF800280ED0A1786078212200F064F817
:10D03000002814D0B1787078212200F05DF8002823
:10D0400028D033E038496878C91C0F546878401CF0
:10D05000C0B26870212829D10020687026E03249CA
:10D06000607820390F546078401CC0B2607021286D
:10D0700001D1002060702D4F7F1E3878002815D018
:10D08000A1786078212200F037F800280ED0002027
:10D0900038700BE02449707826310F547078401CAA
:10D0A000C0B27070212801D100207070A978687812
:10D0B000212200F021F800281DD0A17860782122DB
:10D0C00000F01AF8002816D0B1787078212200F00C
:10D0D00013F800280FD0F5F756FB144807F0B7FFF8
:10D0E00001214903884203D016A1C12009F09BF910
:10D0F0000E4807F0C4FFF8BD401C884205D090429E
:10D1000001D1002901D0002070470120704710B5DF
:10D11000064807F09CFF002801D1F5F723FB10BD5E
:10D1200000ED00E000E400E0800C00207D00002025
:10D13000072000007372635C736F635F72616E64DB
:10D140002E6300007372635C736F635F72616E6461
:10D150002E6300000C4908784A78401CC0B2904207
:10D1600000D008707047094A074820BF40BF20BF61
:10D170004178037843701368002B02D103788B4207
:10D18000F3D00020704700007F00002000E200E0A4
:10D19000FEB5F34C07466068FF213E0181552178BA
:10D1A000FF2913D00901083141583246491E08327F
:10D1B00009020192090A805800F0C8F9002802D03B
:10D1C0002478254615E06168207888552770FEBDD3
:10D1D000E34842680198115828010090083010581F
:10D1E00000F0B4F9002806D1DD482C4641680098CB
:10D1F0000D5CFF2DECD1DA4821014068855547547C
:10D20000FEBD70B5D64A04460020157A53680AE080
:10D210000201561C9E5DA64203D10C329A588A42E6
:10D2200004D0401CC0B28542F2D8FF2070BDF8B5D2
:10D23000CB4F3E7801F013FE0146FF2E68D034013B
:10D24000254678680835405900F080F9022802D94F
:10D25000786840595AE0C2494868025D0A70A11CCA
:10D26000425C002A0CD0521E425441590122D20580
:10D2700089180902090A41513046FFF789FF30E059
:10D28000631CC25C0092221D94468258002A10D072
:10D2900001239B029A420FD99205920D43595703DD
:10D2A000DB191B021B0A43516346C3589A1A920AA0
:10D2B00009E0FF21C1540AE0435952039A181202AF
:10D2C000120A4251002242543046FFF761FFA4483F
:10D2D0000C344168C26800980959800012580098BF
:10D2E00090479F4C2078FF2812D001F0B8FD0146EE
:10D2F0002078626800010830105800F027F90128F2
:10D3000096D92078616800010830085801F09AFD2C
:10D31000F8BDF8B51C4615460E460746FF2B03D34D
:10D3200090A1D32009F07FF88D48FF21C7604560A8
:10D3300004720674017000224270104604E002017B
:10D34000521C401CA954C0B2A042F8D3F8BD70B51D
:10D35000834C06466578207C854203D381A1E62074
:10D3600009F061F8E068A90046506078401C6070E0
:10D37000284670BDFFB581B01D46FF2401F06FFD4A
:10D38000774F064679780198814203D875A1F42039
:10D3900009F049F872480021037A406810E00A0158
:10D3A0009446521C825CFF2A24D0019FBA4205D1C8
:10D3B00062460C328758029A97421DD0491CC9B266
:10D3C0008B42ECD8FF2C17D021014B1C019AC25480
:10D3D0000B33029AC250039B614F0022012B0ED0E7
:10D3E0000B1DC25001239B029D4216D9AA05920D26
:10D3F00008D008E00C46E1E7FF2005B0F0BD0B1DAA
:10D40000C550EFE71A4653039B190E461B02083618
:10D410001B0AAA1A8351920A09E0002D00D10125A6
:10D420006B039B191D022D0A0B460833C550891C3E
:10D4300042543D463E782046FFF7AAFE2878B04287
:10D4400015D001F00CFD014628786A68000108300B
:10D45000105800F07BF8012807D928786968000186
:10D460000830085801F0EEFC01E0FFF7E0FE0198FB
:10D47000C3E770B50C46054601F0F1FC06462146AF
:10D480002846FFF7BEFEFF2817D0354D0401204681
:10D49000696808300858314600F058F8012109033E
:10D4A00040186968A41C095D400B002901D089025D
:10D4B0000818002800D1012070BD002070BDF3B510
:10D4C00081B00F460198FFF79CFEFF282AD0244D1B
:10D4D0002E7869683246344604E0844205D02646F8
:10D4E0002301CC5CFF2CF8D11CE0FF2C1AD0A64203
:10D4F0001FD11001085C2870FF2818D001F0AFFC84
:10D500002A780146120168680832805800F01EF837
:10D51000012809D92878696800010830085801F005
:10D5200091FC06E00020FEBDFFF781FE01E001F066
:10D5300091FC39460198FFF79CFF22016968FF239F
:10D54000541C0B558A5C3301CA54FEBD401A0002BC
:10D550000121000AC905884200D900207047000057
:10D56000CC0C00207372635C736F635F74696D65CC
:10D57000722E6300F0B500241C4A01211C4B0803E5
:10D58000546018601B4B1C601B4C20601B480469D6
:10D59000E443E406E617046910252C430461184CA3
:10D5A0006160184D2960761C00E020BF1F68002FC5
:10D5B000FBD0002E03D107691026B743076190689E
:10D5C0008005906801D5104A10436960A160002170
:10D5D00019600121084A09031160F0BD10B5044625
:10D5E000FFF7C8FF2060002010BD000000C500400C
:10D5F00080E100E000C1004080E200E000ED00E0DA
:10D6000000C3004000C0004000FCFFFF70B51F4990
:10D610000A68002A17D000231D4601244A68521CBC
:10D620004A60092A00D34D600E792246B2400E6846
:10D6300016420AD072B60B6893430B6062B6496813
:10D640000160002070BD052070BD5B1C092BE5D377
:10D650000FA1362008F0E7FEF5E70120104980050C
:10D6600008607047EFF31081CA07D20F72B601212C
:10D6700081400648036819430160002A00D162B660
:10D68000EBE7024800210160416070478400002000
:10D690007372635C736F635F6576742E6300000062
:10D6A00000E200E001208107086070470120810747
:10D6B000486070471048C068C00700D0012070471C
:10D6C0000D488068C00700D0012070470A484069B3
:10D6D000C00700D0012070470748C069704706495D
:10D6E0008A69D20306D589698907890F814201D1E8
:10D6F000012070470020704700040040F8B5F84C46
:10D70000207BE17A88421CD00126F64D0027E07A82
:10D71000215C14200A4642435019037C052B11D08A
:10D72000037C062B1CD0037C072B28D0437C012BC9
:10D7300033D0EDA1EF4808F076FE207BE17A8842F5
:10D74000E5D1F8BD0674E07A0A2807D0E07A401CDB
:10D75000E072491CC8B2AA5802210CE00020F7E789
:10D760000674E07A0A2808D0E07A401CE072491C6E
:10D77000C8B2AA5803219047DFE70020F6E70674F5
:10D78000E07A0A2807D0E07A401CE072491CC8B24F
:10D79000AA580821EFE70020F7E74774E07A0A2843
:10D7A00007D0E07A401CE072491CC8B2AA58072191
:10D7B000E1E70020F7E770B50024CF4E0620707235
:10D7C000CE4825464477047738300473C472CC4879
:10D7D00007F035FCCB480575F572CB49601E8860B3
:10D7E0007571B570F57035717570C848643905701C
:10D7F00045701420604340180574641CE4B2052C85
:10D80000F7D30120F5F764F80020F5F761F801205F
:10D81000B071F4F727FDBE48F4F736FDBD4C20701B
:10D82000BD48F4F731FD6070F4F7F2FF70BD10B53C
:10D83000F5F719F8B74C2078F4F744FD6078F4F761
:10D8400041FDAD4C207A002803D0F4F7CAFD00203A
:10D85000207210BD70B5A84CA079002804D0A2A1F8
:10D86000AE4808F0E0FD70BDE07A002803D19EA12B
:10D87000AB4808F0D8FD0126A6710025E572607A54
:10D88000042114225043974A801801749E488168ED
:10D89000491C04D0691E81600120F5F719F80020A9
:10D8A000F5F716F8F4F7FAFF07F00AFDF5F7FBF8BD
:10D8B0009C480560056001209B49C0030860F5F79E
:10D8C00071F992480078022804D0032804D1E07846
:10D8D000002801D0A67000E0A570F5F7D0F870BD63
:10D8E000034680490520142242435218203A127FF1
:10D8F000002A04D0401E0006000EF4D17047142206
:10D90000424351180A46803AD366012220390A77E9
:10D910007047012805D0032805D1002903D1002034
:10D9200070470029FBD010B4734C00236370774A12
:10D93000002890700CD002280AD007291AD20800BB
:10D9400078440079001887441505070D0F1113005E
:10D95000D37003E01B2000E03A20D07001206070FB
:10D9600010BC70475820F8E77720F6E79620F4E7D8
:10D97000B520F2E710BC0020704710B5634840782E
:10D98000F5F798F880B210BD411E1422504310B52F
:10D99000544A8418203C042902D8207F002803D14F
:10D9A00051A1624808F03FFD207F012804D0B32038
:10D9B0004DA1800008F037FD0020207710BD70B524
:10D9C0004E4C607F217F884201D1012500E0002577
:10D9D000F5F709F8F5F76EF8617F227F914201D1E2
:10D9E000012100E00021A942EBD170BDF7B5074647
:10D9F000481E84468EB0C0B2142205905043394A66
:10DA000085180495287C2D1D07282AD1344C002622
:10DA1000E07A227B824221D0235C059A934201D195
:10DA2000012601E0002E04D00A2811D0421CA25C7D
:10DA300022540A280ED0401C227BC0B28242EBD175
:10DA4000002E0BD0207B002806D0207B401E04E057
:10DA50000022ECE70020EFE70A202073049A01205F
:10DA600010746046244C042813D8142041431D48E8
:10DA700008182038007F00280BD00498007C01286B
:10DA80000BD00498007C012803D01098807A0128DC
:10DA900007D015A1264808F0C6FC1098807A012806
:10DAA0006FD104980F4B007C022845D00C4C207B92
:10DAB0000A2872D0207BE17A401C884203D10AA157
:10DAC0001C4808F0B0FC049901204874217B05989B
:10DAD0006054207B0A2864D0207B401C20731CE10A
:10DAE000D80D0020E80D00207372635C72656D2E06
:10DAF00063000000CF0500006C0E0020A00D002088
:10DB0000780E0020C00D00204C0E00208E0000205A
:10DB10002FD200008C000020FDD600007D02000006
:10DB20005E02000000F5004080E200E0CB02000051
:10DB30001503000022030000607A059A0146904216
:10DB400006D0014614267043C018807C9042F8D15C
:10DB5000627A824208D1617A14225143C918897CC1
:10DB600061720121A17207E014224243D2181426E7
:10DB70007143927CC9188A74142206215043C0183C
:10DB800081741098007A062819D201007944097925
:10DB900049188F440812100E0C0AE07A00288ED023
:10DBA00091E700209AE700200FE0B4200DE07320F9
:10DBB0000BE0322009E00A2007E0062005E0FF2004
:10DBC000FDA1E03008F02FFC0020029010980168C1
:10DBD0000298081A28601099097A002912D00221A7
:10DBE000401A0102090A296010980268406810185A
:10DBF0000002000A68601098807A0228109803D00A
:10DC0000007B74E00421EBE7007A002813D00222A5
:10DC1000029810188446109842686046083016181A
:10DC2000E848029A4078904202D9E278002A04D06B
:10DC30003046083005E00422EAE7029A801A80198B
:10DC40000830627A062A1CD0627A14235A43DE4BCB
:10DC5000D2185268914214D0DC4B0793617A142297
:10DC60005143D94A89184A688968D21BC91B1202D4
:10DC70000902120A090A90423AD89A4238D89942BF
:10DC800036D83818801B0002000A286010996044BA
:10DC9000CF4AC9680002000A9446421A01239B0534
:10DCA00007929A4201D2104614E00A1A09929A4247
:10DCB00001D207980EE0079A6346624503D9591AC4
:10DCC0000818401C06E0099A624506D9181A40183F
:10DCD000401C4042002860DC03E0B7A1BD4808F0CA
:10DCE000A2FB286880190002000A686000202872E0
:10DCF0006868082608300002000A68601098407AB8
:10DD0000A8721098007A687203280ED200280CD0EE
:10DD1000FFF7D0FC002803D007E0002011B0F0BDD1
:10DD200002983A210E1A32200290A6480178012961
:10DD300001D0032909D141780298814205D9E078C0
:10DD4000002802D10298081A861928689F4AC01B29
:10DD5000844601026868090AC01B03021B0A029379
:10DD60008E421AD81346914217D80299994214D874
:10DD7000617A062915D0667A6146062203920092DE
:10DD80001422914B7243D2189368DB1B8B4216D836
:10DD90000396967C062EF3D177E0059801F055F9AD
:10DDA000BBE70499022205980A74627A062A00D019
:10DDB000627A8A7460720120A07211B0F0BD062EE2
:10DDC00063D000223146944614227F4B4A43D21836
:10DDD0005368DB1B834229D2917BAB7A99421FD8CF
:10DDE00004980521059C01747B4D287B0A2811D0DD
:10DDF000287BE97A401C884203D16FA1774808F05C
:10DE000012FB287B2C54287B0A2807D0287B401C37
:10DE1000287382E7E87A0028EFD0F2E70020F7E7DE
:10DE200001218C46917C0629CED102E06046002873
:10DE30002AD03546009114202A46424362480621E2
:10DE4000171839741038007B0A28634816D0017BF4
:10DE5000C07A491C814203D157A1614808F0E3FA16
:10DE60005D48017B4554017B0A290BD0017B491C8D
:10DE70000173BD7C0098A842DDD106E0C07A00287D
:10DE8000EAD0EDE70021F3E70096049902204E4D19
:10DE90000874607AB04207D1049900988874059894
:10DEA00060720120A07221E00398062E0FD0062890
:10DEB00003D141A14B4808F0B6FA0398142250430D
:10DEC0004019059981740499009888740EE0062819
:10DED00003D139A1444808F0A6FA0398142250430C
:10DEE000401905998174049906208874012011B0A5
:10DEF000F0BD70B50D463D4A441900210B46101A7D
:10DF00008B4103D22CA13A4808F08DFA394885425A
:10DF100003DD29A1384808F086FA3848854203DA3B
:10DF200025A1374808F07FFA3648844205DA002CEC
:10DF300001DB204670BD334800E03348201870BD37
:10DF4000401E70B5C0B2142148431F494418607B7D
:10DF5000062813D201007944097949188F44020C2C
:10DF60000A080604002068E0B42010E073200EE0E8
:10DF700032200CE00A200AE0062008E0FF200EA173
:10DF8000E03008F050FA617B0020002955D00221D2
:10DF90004018616840180002000AF4F78BFD0C2558
:10DFA0006557124A441900210B46101A8B412FD293
:10DFB00001A10F482AE000007372635C72656D2E48
:10DFC000630000008E000020E80D0020FFFF3F00EE
:10DFD000FFFFFF000E070000D80D00200702000021
:10DFE000C5030000DD030000E3030000FF7F841E83
:10DFF000F50300000020A107F603000000E05EF832
:10E00000F70300000080841E00807BE108F00BFA1B
:10E01000FB48854203DDFB49FB4808F004FAFB4856
:10E02000854203DAF749FA4808F0FDF9F9488442D5
:10E0300007DA002C03DB204670BD0421A8E7F54871
:10E0400000E0F548201870BDF0B5064683B0F348EF
:10E050000190457A029534687068001B0702F04809
:10E060003F0A001B0090062D2DD014202946414365
:10E07000EC480122081884464168E9489205864622
:10E08000081B904210D3631A93420DD30246704688
:10E09000724503D900984018401C05E073450ED91D
:10E0A000411A0819401C404200280CDA60460295CB
:10E0B000857C0198C0790028D5D003B0F0BDD14946
:10E0C000D94808F0B0F90298854226D01421484377
:10E0D000D4490123401802908068D1499B058C46A1
:10E0E000011B8646994210D3221A9A420DD36346E9
:10E0F000614503D900997144491C06E019466245FF
:10E100002DD9091A0819401C4142002905DD029841
:10E11000B17A807B814200D37446062D15D0C14967
:10E120001420454368184268121B1202120ABA42B0
:10E130000BD2B37A827B934200D38468857C0198AA
:10E14000C0790028B9D1062DEAD13068A042B4D0F8
:10E15000E0190002000A3460706003B0F0BDA94904
:10E16000B14808F060F9D8E7F0B5B049044648680E
:10E1700085B0C005C00D1CD0103840B200280CDAA4
:10E180000207120F083A920892005118C9698007D5
:10E19000C00EC1400806800F09E08108A44A89002A
:10E1A000891809688007C00EC1400806800F002842
:10E1B00008D000272078002806D0012804D00020AD
:10E1C00005B0F0BD0127F5E72079062813D201003C
:10E1D0007944097949188F44020C0A080604002082
:10E1E00018E0B42010E073200EE032200CE00A208A
:10E1F0000AE0062008E0FF208249E03008F013F929
:10E2000021790020002905D002214618834D002FD6
:10E2100002D003E00421F8E70020E871694602AA71
:10E22000A068F4F751FC694608228A56E06801A903
:10E2300080180122C01C1F2801DA019209E003AAFC
:10E24000F4F742FC6846007B002802D00198401C8D
:10E25000019000990198401808300002000A0190CE
:10E26000881B0002000A0090607969468872009855
:10E270000390F4F7B8FB009A019B121A181A6D4923
:10E2800012020002120A000A8A4216D8884214D8E2
:10E290006846FFF7D9FE00990398814205D0881996
:10E2A0000002000AF4F706FCA0600120E9790029C9
:10E2B00086D0002FB0D005B0F0BD0020F6E7F3B552
:10E2C0008FB05D480C460B9006F0C1FE5B4A0F997B
:10E2D000524F56185A4D203E00280BD05948007D09
:10E2E000002803D058A15B4808F09DF82078012849
:10E2F0007ED060E1687F0A280CD0687F297F401CAF
:10E30000884203D150A1544808F08DF820780128A4
:10E3100004D00CE0287F0028F4D0F7E7F07F002835
:10E3200003D049A14D4808F07EF80120F077697FBD
:10E330000F9814224A4E51438919087420780228F4
:10E3400022D0687F14214843861920793072607981
:10E35000707232460C323146A068F4F7B5FB0C20DF
:10E3600030560F2804DD1F3830733068401C306091
:10E370000C217156301DE26801905018C01C1F28F6
:10E3800070DA01200199FDE028494868C005C00DF8
:10E3900021D0103840B200280CDA0207120F083AD8
:10E3A000920892005118C9698007C00EC140080642
:10E3B000800F09E081081E4A8900891809688007D2
:10E3C000C00EC1400806800F002804D105201EA100
:10E3D000000208F028F8687F1421484386190021BC
:10E3E000E0686A460691117006A9F4F76DFB00E03B
:10E3F000D7E06A46002010560F2834DD012033E0B4
:10E400000020A107B8DF0000F603000000E05EF87E
:10E41000F70300000080841E00807BE16C0E00206A
:10E42000FFFFFF00E80D00200E07000000ED00E0F8
:10E4300000E400E0FFFF3F00780E00209200002083
:10E44000A00D0020C00D00207372635C72656D2EFC
:10E450006300000011050000EF040000F404000058
:10E46000E00C002082E0002006994018079002206E
:10E47000B0722079307260797072A068311DC01C52
:10E4800006911F2801DA012009E0F4F71DFB684618
:10E490000078002804D0069806990068401C08609F
:10E4A000307A062813D201007944097949188F443B
:10E4B000020C0A08060400200FE0B4200DE07320CF
:10E4C0000BE0322009E00A2007E0062005E0FF20EB
:10E4D000FD49E03007F0A7FF00202179002943D053
:10E4E00002214018069071680830081807990890B2
:10E4F00009180698081A0C900020F871F4F773FABE
:10E5000004463060079820180002000AF060787A0C
:10E51000062825D0797A14204143EC480818406831
:10E520000899029040180002000A0390707A694628
:10E53000887402A8FFF788FD0299039A091B121B31
:10E5400009021202E24B090A120A0C98994207D8F2
:10E55000824205D80299069808180002000A306025
:10E56000F8790028C8D110E00421BAE704AA01997B
:10E57000F4F7AAFA6846007C002804D001980199B3
:10E580000068401C08602078B072687F0A2806D0B6
:10E59000687F401C68770B9806F071FD47E000200B
:10E5A000F8E7F07F002804D0A320CAA1C00007F03C
:10E5B0003AFF0120F077CA490F98087420780228A2
:10E5C00003D1C4A1C74807F02EFFC54E2079307291
:10E5D0006079707232460C323146A068F4F774FAF2
:10E5E0000C2030560F2804DD1F3830733068401C73
:10E5F00030600C22B256301DE16801908818C01CB2
:10E600001F2802DA012001990BE003AA0199F4F70F
:10E610005BFA6846007B002804D0019801990068E5
:10E62000401C08602078B072AD4901200875687FF1
:10E63000297F884224D07C7A062C23D0F4F7D3F9A2
:10E6400014214C43A14961180A7C042A18D00A7C81
:10E65000032A15D04B6889681B1A081A1B0200028E
:10E660009B4A1B0A000A082B0AD31146934207D87B
:10E67000884205D8687F297F884201D0F4F7FFF9E6
:10E6800011B0F0BD687F297F8842F7D111B0F0BD8D
:10E6900010B50020F4F709F910BD10B50120F4F70A
:10E6A00004F910BDF1B5009802281ED08E4C607A96
:10E6B000062803D187A18D4807F0B5FE0026A67174
:10E6C0000125E572607A03211422804F5043C0195E
:10E6D0000174F4F7D9F9009800280BD0012829D04B
:10E6E000032879D07BA1824844E082480078F3F780
:10E6F000EFFDF8BD8048007F002803D075A17F485A
:10E7000007F091FE65717C4D00202E60F4F7E0F873
:10E71000A968481C04D0012300221846F4F70EF91A
:10E72000607A617A401CC0B2142251437A580121A8
:10E730009047F8BD0120F4F7CBF8607900280DD0A0
:10E740006D488068401C09D0607A617A401CC0B274
:10E75000142251437A5806219047F8BD6648007F3D
:10E7600001280AD0022812D0032822D0042834D04D
:10E7700058A1634807F057FEF8BD2079002803D060
:10E780002671F4F786F9E5705B480677F8BD207AC4
:10E79000002802D1F3F7FCFD2572607A617A401CF3
:10E7A000C0B2142251437A5800219047524806774C
:10E7B000F8BD514F0123397B78680022411A184671
:10E7C000F4F7BCF82079002803D02671F4F761F93A
:10E7D000E57002203877F8BD19E0474E217870685F
:10E7E0000123411A00221846F4F7A8F8207A0028DD
:10E7F00002D1F3F7CDFD2572607A617A401CC0B278
:10E80000142251437A58002190473577F8BD607A39
:10E81000617A401CC0B2142251437A5805219047B6
:10E82000F8BD10B5304C607A062803D129A13548CF
:10E8300007F0F9FD607A617A401CC0B2142251439E
:10E84000224A52580421904710BDF0B583B00620EB
:10E850000290F4F7C8F8244C0090617A2A4801909D
:10E86000062920D0617A1420414318480918097CF0
:10E87000042918D0617A142251430818007C032817
:10E880007BD0019900980B6849681B1A081A1B0273
:10E8900000020F4A1B0A000A082B6ED3114693424E
:10E8A0006BD8884269D814488068401C03D009A1FD
:10E8B000164807F0B8FD00206071607A06282CD158
:10E8C0006078002829D023E0B8DF0000E80D0020A0
:10E8D000FFFF3F007372635C72656D2E6300000082
:10E8E000C00D00201E0500006C0E00204F0500002A
:10E8F000A20500008C0000204C0E00205B050000EB
:10E9000096050000A90500005C0E0020E50500004A
:10E91000FE48C178417081780170607A062815D070
:10E92000607A1421FA4A48438018007C04280DD1EB
:10E93000607A0290607A0121142358438018017490
:10E94000607A58438018807C6072A172F14D687FB4
:10E95000297FF14F884233D0F04E287F142148435D
:10E960008019007CC05D0128287F07D048438019AA
:10E97000007CC05D02282FD044E0FDE11421484313
:10E980008019807A01280AD0287F0221142250435E
:10E990008019007CC155287F0A2808D009E0287F0B
:10E9A0000021142250438019007CC1552AE0002028
:10E9B00001E0287F401C2877687F297F8842CCD1DE
:10E9C000D74D287D00284CD0287CC15D012928D056
:10E9D000C05D022830D03AE0287F142148438019D6
:10E9E000807A012803D0CFA1D14807F01CFD297FF0
:10E9F00000201422514389198872297F51438919B3
:10EA0000097CC855287F142148438219287F484330
:10EA10008019017C0098FEF7E9FF287F0A28C8D1F9
:10EA2000C5E7A97A012904D00221C1550020287523
:10EA30000DE00021C1550AE0A87A012803D0B9A150
:10EA4000BC4807F0F0FC0020A872297CC855287D3E
:10EA5000002806D0297CB24A0098FEF7C7FF0020A4
:10EA60002875029806281ED014214843A84940184A
:10EA7000017C012917D107210174AF4D287B0A2899
:10EA80003CD0287BE97A401C884203D1A5A1AB4841
:10EA900007F0C9FC297B02986854287B0A2831D0EA
:10EAA000287B401C2873607A06287DD0A07A002835
:10EAB0007BD00020A072617A1420414394480E1844
:10EAC0009F49B56873680A46F6687C32CB679660E2
:10EAD00055609C4D697E002916D00226617A142269
:10EAE0008B4851430818407B06281BD2010079440B
:10EAF000097949188F440A1412100E0CE87A00287C
:10EB0000C4D0C7E70020CDE70426E7E700210FE0E7
:10EB1000B4210DE073210BE0322109E00A2107E066
:10EB2000062105E0FF208849E03007F07CFC002149
:10EB30002973687E022801D0012810D12869009A23
:10EB40004018821A1202120A3A2A08D932380321CE
:10EB500000026976000A28613220287308E0322911
:10EB600006D2207A00280AD1F3F712FC012005E032
:10EB7000207A002803D0F3F734FC00202072634988
:10EB80000822487820700978012901D0032906D18C
:10EB900001212171297B884201D9421A0832A378C8
:10EBA000002B00D0921C01E08DE09BE02179002930
:10EBB00001D1002B5DD09446644A00990092019ADD
:10EBC000176852687F1A511A3F0209023F0A090A60
:10EBD000BC451BD85D4A974218D8009A914215D877
:10EBE000297B884223D92B69421A9A1A1202120AE7
:10EBF000101880190002000A2A616860002914D0E8
:10EC0000032028770006000E3ED14CE00020207142
:10EC1000A070297B002925D028694018801900029E
:10EC2000000A6860022028772EE00120E9E781428F
:10EC30000BD92A69511889190902090A6960002843
:10EC400001D00420DDE70220DBE7002B03D135A152
:10EC50003F4807F0E8FB286980190002000A686055
:10EC6000002004E0296989190902090A69602877E6
:10EC700019E0287B00280FD02969081880190002A4
:10EC8000000A686002202877286901238119002280
:10EC90001846F3F753FE09E0286980190002000ABC
:10ECA0006860002028770120F3F712FE607A1421B3
:10ECB000484317490C2240188256012300206968F6
:10ECC000F3F73CFE0EE00120F3F702FE0020F3F71D
:10ECD000FFFDF3F7E3FD207A002803D0F3F781FB73
:10ECE00000202072A078002804D0F3F7D2FE002084
:10ECF000E070A0706078002804D00448C1784170AA
:10ED000081780170207900282BD023E08E0000202C
:10ED1000E80D0020A00D002091000020E00C002054
:10ED2000C00D00207372635C72656D2E630000007D
:10ED30000706000023060000D80D0020350600005D
:10ED4000E00D00204C0E0020B8DF0000FFFF3F0068
:10ED5000870600000020CF49E0700978002900D123
:10ED60002071CD48017BC07A814203D0CB484078E6
:10ED7000F3F7AEFA0120E07103B0F0BDF0B5C84C76
:10ED80000746607A83B0062803D1C6A1C84807F0B9
:10ED90004AFB607A1421C74E48438019007C03283F
:10EDA00003D0C0A1C44807F03EFBC44DA868401C76
:10EDB00003D0BCA1C24807F036FB607A1421484357
:10EDC00081190C20085600216A4600911171C01962
:10EDD00001AA6946F3F778FE6A46042010560F2808
:10EDE00001DD012000E0002000994018696840180A
:10EDF0000102090AA9606079002804D001230022D9
:10EE00001846F3F79BFD03B0F0BD70B5AE4CAD4AAC
:10EE10000B1AA34214D3451AA54211D3934203D926
:10EE2000101A43185B1C0BE0954204D9511A0818BC
:10EE3000401C434204E0A549A54807F0F4FA00232A
:10EE4000184670BD10B50146012300220220F3F7D9
:10EE500075FD10BD10B50220F3F73AFD10BD10B5D9
:10EE6000F3F7C1FD10BDF0B58D4D0446E87A83B0CF
:10EE7000002803D18BA1974807F0D5FA642C4DD315
:10EE8000954900200246091B824147D39348417FA0
:10EE9000007F814242D19248007D00283ED1687AAD
:10EEA0001421844F4843854EC519306801AA0019C2
:10EEB0006946F3F709FE694604200856002802DD7A
:10EEC0000098401C0090A96800986B680A18D21A34
:10EED0001202844B120A9A4220D8AA7C062A08D031
:10EEE00014235A43D2195268511A0902090A81425D
:10EEF00014D3B068401C05D00120F3F7E9FC0020D2
:10EF0000C043B060306800193060A86800994018AC
:10EF10000002000A7061012003B0F0BD002003B0C0
:10EF2000F0BDF8B50646401EC5B2142061496843DD
:10EF30004418207C002803D15AA16B4807F073FACB
:10EF40006648017F407F81420CD0684A14234B43BE
:10EF50009B181B7CB3420CD00A290CD0491CC9B2A7
:10EF60008142F3D15E48017D002964D0007CB0422B
:10EF700061D10020F8BD0021F1E7217C052905D0F1
:10EF8000217C062902D0217C072928D10121217466
:10EF9000C17A0023027B8A4221D00246565CAE42EF
:10EFA00001D1012301E0002B04D00A2911D04E1C0D
:10EFB000965D56540A290ED0491C167BC9B28E4262
:10EFC000ECD1002B0BD0117B002906D0117B491E00
:10EFD00004E00026ECE70021EFE70A211173617CD1
:10EFE00000292AD06774C17A0023027B8A4224D088
:10EFF000425CAA4201D1012301E0002B04D00A297E
:10F0000012D04A1C825C42540A290FD0491C027B50
:10F01000C9B28A42ECD1002B0FD0027B0146002AF4
:10F0200006D00A7B521E04E00022EBE70021EEE747
:10F030000A220A7301E018480027217C01299CD18B
:10F04000617C002999D10120F8BD70B505461420D6
:10F05000184A05216843801801740F4C207B0A2848
:10F0600011D0207BE17A401C884203D11749204807
:10F0700007F0D9F9207B2554207B0A2807D0207B74
:10F08000401C207370BDE07A0028EFD0F2E700202A
:10F09000F7E700008E000020D80D00208C00002033
:10F0A0006C0E00207372635C72656D2E630000004D
:10F0B000EA060000E80D0020EB0600004C0E0020E0
:10F0C000EC060000FF7F841E0020A107B8DF0000CF
:10F0D0000E0700002D070000FF1FA107A00D002054
:10F0E000C00D0020FFFF3F006A070000E00C002079
:10F0F0000702000070B5FF4D00246C702C70AC61ED
:10F1000000F0CEFC284620304470C473AC6214304A
:10F110002C6305F094FF002804D0FF20F6A14E30A8
:10F1200007F081F92C7770BD0B23DB4310B5C21AB1
:10F13000F54998421FD008DC1C3222D00A2A20D080
:10F14000142A1CD0182A08D117E0083011D004283E
:10F150000DD0082809D00C2805D0FF20E6A1753075
:10F1600007F061F910BD04200CE000200AE0FC204B
:10F1700008E0F82006E0F42004E0F02002E0EC20B3
:10F1800000E0D820C86010BD70B50125DF49022617
:10F190000E60DF490022CA63CD63DE49C96A0907F0
:10F1A0000ED4DC494031CB6ADB4A53620B6B93626D
:10F1B0004B6BD3628B6B1363C96BD30519435163DC
:10F1C000D14C002826D0012828D0FF20CAA1A13088
:10F1D00007F029F9D148A063FF200430606325635C
:10F1E00003202061C849962040314860C1491C2055
:10F1F0000856FFF799FFCB49C9488860C948CA49F2
:10F2000080304160C9490160C9480660C949102081
:10F21000486070BDC8486061C84803E0C848606184
:10F22000C648801FA061D5E770B50C46B14D0146B8
:10F230000622A81C06F079FF2C7270BDAD48203064
:10F2400040787047AB4A517010707047F8B504466B
:10F250000D465079117900020843690009190884A4
:10F260001F461646501C06F0C1FF317800020843C5
:10F27000A90060502846083001268640002F0ED095
:10F28000012F04D0FF209CA1E83007F0CCF8206BC0
:10F29000304301460120A84001432163F8BD206BA3
:10F2A000B043F6E770B50D460446082904D9FF209F
:10F2B00091A1F93007F0B7F80022A24809E09100C7
:10F2C000635809180B6053001B191B8C0B62521CEE
:10F2D000D2B2AA42F3D3206B9A494031086070BD84
:10F2E00010B50446FFF720FF8248047710BD81481F
:10F2F0002030007B704710B5834CC178616206F006
:10F3000075FF0002E06110BD252808D0262808D02E
:10F31000272808D041000A2807D8091D06E0022145
:10F3200005E01A2103E0502101E0891DC9B2764AA7
:10F33000916075494031486170476E4988617047F6
:10F3400070B5002818D002226A4C784B0320A272B4
:10F35000F0331860734D72486860002001262075F4
:10F3600000290BD0012910D002291BD0952062A1C1
:10F37000800007F058F870BD0122E5E77248012AC5
:10F3800001D0466070BD066070BD5A48012A006B0E
:10F3900005D00121490508432063696070BD012142
:10F3A0000905F8E7A069002803D153A1674807F0D1
:10F3B0003AF8A169A06A40186549886059486549CA
:10F3C0008030816060491031C1600120216BC00331
:10F3D00001432163686047482030C67370BD08B59B
:10F3E0000C20694608705148002110380161564AC6
:10F3F000012111610BE000BF00BF00BF00BF00BFD3
:10F4000000BF00BF00BF6A461178491E11706946EF
:10F410000978002902D001690029ECD068460078FB
:10F42000002804D1494834A1203006F0FCFF08BD73
:10F43000F8B53E4CF034206886083E48B600416876
:10F44000C906CD0F10218160002727603549344857
:10F450008860FFF7C4FF35481038076100F020FBD3
:10F460002660002D02D0334910204860F8BD10B549
:10F4700006F0BCFE00022449000AC86310BD2349FF
:10F48000022008602A49086070472049022080391C
:10F4900008607047304908707047164810B534301E
:10F4A00005F0D5FD002804D0284813A15A3006F0F5
:10F4B000BAFF10BD0F4810B5343005F0E0FD10BDA7
:10F4C00011494860704770B50A4D0446A86AA042C9
:10F4D00004D31E4808A16B3006F0A5FF0120287355
:10F4E0001C49002008392C6148601948446000F02C
:10F4F000DEFA70BD7C0E00207372635C68616C5F25
:10F500007263732E630000000015004080E100E08C
:10F51000C01F004080000010001700405B06000084
:10F520000040000400F50140408000401011004000
:10F5300080E200E000130040060102002500030203
:10F5400005010300001600400010004047020000C3
:10F5500040850040488100409700002010B5FF48DA
:10F5600002210173C6210161FD4A00215160806AB8
:10F57000FC49C630486000F09AFA10BD0121FA48F3
:10F5800089058160F548026B8A430021026301739B
:10F590007047F64801214160C160F1490020486090
:10F5A000F0494860ED4988627047F149402008629F
:10F5B000F0490A6802430A607047EE480168402239
:10F5C00091430160EA49002008627047E9480168F8
:10F5D000102291430160E849012088617047E749A2
:10F5E0000020C861E34801681022114301607047A0
:10F5F000E249CA69012A01D000207047DC4A9268BA
:10F600005206520E524202700020C861012070471B
:10F6100070B5D248D24D017B002902D0696801291A
:10F6200009D00024D5490A69012A06D00023807A2E
:10F63000012804D006E00124F4E74023F7E7CA6874
:10F64000012A04D000221A43012802D004E020221B
:10F65000F9E74B68012B05D000231343C84A022861
:10F6600002D007E01023F8E71668012E02D1CE6819
:10F67000012E04D000261E43022802D007E00826EF
:10F68000F9E71268002A02D1CA68012A04D00022D0
:10F690003243022802D005E00422F9E7002C01D011
:10F6A000022300E000231343022807D14868012801
:10F6B00004D16868012801D0012600E00026B14885
:10F6C0001E4302681206120E02D04A69012A00D0B7
:10F6D0000022A24C2034227300680006000E02D0E3
:10F6E0008869012800D000206073A148006A0028C2
:10F6F00003D000F0A8FA012800D00020A07300F089
:10F70000C7F9002068603046F3E670B50C00054686
:10F7100003D19D499D4806F086FEE00706D0012CE6
:10F7200004D06D209849C00006F07DFE002D0ED05B
:10F7300002218A4801294172C4728E4809D00229E7
:10F740000AD0924890491A3006F06DFED1E60121A8
:10F75000EFE70168042201E001680822114301601B
:10F76000C7E670B57D4C0022E37A990701D54107C1
:10F7700014D47A49DD062031002D05DA4D7B002DA9
:10F7800002D08D7B002D09D01D0702D50D78002DEC
:10F7900004D15B0703D54978002900D10122637A9F
:10F7A0007449002B06D00225284010430CD0FFF7E7
:10F7B0003FFE9EE66C4A76489060086880088000AC
:10F7C000086000F06DF994E6012B07D0022B0ED0F3
:10F7D0006E486D496B3006F026FE8AE60868042202
:10F7E0009043086000F05CF90120A07281E608688F
:10F7F00008229043086000F053F9A57279E6574952
:10F8000008757047F8B5554F544D2037FA7B564C64
:10F810000021286B002A31D00122D203A26090433C
:10F820002A46544D10632E685A4A102090600020DA
:10F8300028601014A060FFF7D2FD00F029F92E60B7
:10F84000281460605349102048604448817A4A482F
:10F8500001290DD002290ED04C484FA1801F06F07F
:10F86000E2FD0020F8733D48007D022874D0F8BD09
:10F8700001210160F5E701214160F2E73A4A906019
:10F880000E462963FFF7C4FE044636482E754168CC
:10F8900069620068A862AA7A022A0AD16A78002AF4
:10F8A00007D0334B403B5B681B7813402A789A4360
:10F8B00008D03E70E20708D0084603F04AFD012157
:10F8C000A86A09E001223A70F4E7A10601D50221F5
:10F8D00002E0A10702D5002103F04BFD2448403887
:10F8E00041680622A81C093106F0F2FB002809D164
:10F8F0001F48297A403840680078C009814201D108
:10F90000012000E0002078702046FFF72AFF2648FB
:10F91000007800280DD001284AD002285BD00328A7
:10F9200078D01DA1214806F07EFDA87A022870D06B
:10F93000A3E0A00701D502F0EDFB200702D50120CE
:10F9400002F020FC600702D5002002F01BFCA0069C
:10F95000EBD502F07CFBE8E793E000007C0E002092
:10F96000408100404085004000F50140008000409B
:10F9700040150040001200400010004000110040FF
:10F980000014004040160040F8F40000630300003B
:10F9900000400004001300407372635C68616C5F98
:10F9A0007263732E6300000097000020E6040000DD
:10F9B000A00701D504F0BBFF200702D5012004F009
:10F9C00021FF600702D5002004F01CFFA006ACD583
:10F9D00004F0A4FEA9E7A007BF27002802DA3C40F4
:10F9E000F3F702FB200703D53C400120F3F7FBFAB5
:10F9F000600703D53C400020F3F7F5FAA00602D5D6
:10FA00003C40F3F7EFFA60068FD5F3F7EEFA8CE798
:10FA100000E012E0A00701D5F3F7EAFA200702D5CB
:10FA20000120F3F7E4FA600702D50020F3F7DFFACC
:10FA3000A00690D5F3F7DAFA77E7287B00281CD0E8
:10FA40001F494E6002281FD0012803D01D491E48BF
:10FA500006F0E9FCA96A2869884204D81A481949BD
:10FA6000401C06F0E0FC2969184841600120296B20
:10FA700080050143296316494860287D012800D08C
:10FA8000F5E6F3F7C5FAF8BD2969A86A4118EBE76E
:10FA900010480021C160016141604161816170478E
:10FAA0000D480021417281720121C17270470A48DC
:10FAB0000121026B89050A430263054841607047D2
:10FAC0004081004098F90000FB04000040850040A0
:10FAD00000F50140001100407C0E00202E4800215E
:10FAE00001704170704770B5064614460D460120FE
:10FAF000F1F758FC28490120284B08709E60DC6013
:10FB00001D6170BDF8B504460120F1F74BFC224998
:10FB10000120087021494C60214900264E600321D4
:10FB2000204D0906A960204F002C0AD0012C03D0DB
:10FB30001EA1412006F077FC3E60032000066860AD
:10FB4000F8BD386001200006F9E710B512480178C9
:10FB500000290ED00321134A0906916010494A6812
:10FB60000021002A03D0154A1268427000E041705B
:10FB700001700020F1F716FC10BD0748017800293C
:10FB800007D007484068002802D00C480068C0B27F
:10FB900070474078704700009800002000F5004052
:10FBA00000F1004000F5014000F200407372635C18
:10FBB00068616C5F63636D2E6300000000F40040B9
:10FBC0003A4800210170417010218170704770B572
:10FBD000064614460D460220F1F7E4FB01203349A6
:10FBE000334A0870E41E14619660556070BD10B50C
:10FBF0000220F1F7D7FB2D49012008702D48002184
:10FC000001604160816001202B49C005486010BD42
:10FC100010B5264C2078002811D001202649C005B7
:10FC2000886000F034F80021002804D001206070C2
:10FC30002248006801E061701020A070217000204F
:10FC4000F1F7B0FB10BD10B51848017800290BD0B2
:10FC500018480068002805D000F019F8002800D0E6
:10FC6000012010BD022010BD407810BD10B50F4816
:10FC70000178002909D000F00AF8002803D00F48C5
:10FC80000068C0B210BD102010BD807810BD0948BA
:10FC90000168002905D04168002902D08068002849
:10FCA00001D0002070470120704700009A0000201A
:10FCB00000F5004000F1004000F5014000F4004074
:10FCC000FFB593B0044600201D9E049015981C9D1E
:10FCD0001027082806D0E06901F014F8002809D0A0
:10FCE0003770CCE028880921384328801F980227E4
:10FCF000017016E0E169012088710521E269C902FD
:10FD00009180E1698872E169F9480881E169002020
:10FD10008873288820210843288011211F980427F0
:10FD200001701F980225801C0390307810900A20E3
:10FD30003070204618301190F6F76BFC00206FE011
:10FD40001598102809D1022D07D06846828A049997
:10FD50000398401A8270110AC1706846C08A1699C9
:10FD6000884203D9E349097A149106E0884204D114
:10FD70001099002901D0317021E003990870000A20
:10FD800048701E980088401BC01B83B2FF20C01B18
:10FD9000984200D203460398149AC0190CA9009205
:10FDA000019002912020015D6846C08A0022F6F78A
:10FDB000A5FC3070002806D0C0B2832862D0684607
:10FDC000C08A208345E00F98002805D0C948006804
:10FDD00000790A2830D33CE06846008EC119C9B2C8
:10FDE0000491022D0FD01F99049A4978914203D1B2
:10FDF0006A46128C824209D0BE480491006801789C
:10FE0000032909D027E008461F994870B9480068BF
:10FE10000178042906D008E000790A281BD20120C5
:10FE20000F9009E06946C98A8180039904980818EF
:10FE300003900498281885B205AA14991198F6F72A
:10FE4000EBFB002805D11E980088401BB84200DB60
:10FE500076E7022D0ED01598102807D1049A039941
:10FE60006846808A891A8870000AC8701E980580C2
:10FE7000002030709F4800680078032802D00020DE
:10FE800017B0F0BD0220FBE7F8B50446406B002632
:10FE9000134600282BD0491F8DB2618F2A460832A5
:10FEA000278F8A18BA4221D89A7840185F781102B1
:10FEB00039430170090A41701A79DF781102394318
:10FEC0008170090AC1700571290A41712A46591DBC
:10FED000801D06F02AF9608FAD1D401980B2608741
:10FEE000626B002110180170417000E00926304655
:10FEF000F8BD30B50B88048F9C4212D9446BE018D2
:10FF00004478057824022C430BD0447905792402E7
:10FF10002C436404640CA41D1B190B80106000208A
:10FF200030BD822030BDF7B588B000256846058217
:10FF300005275DE00398417802780E021643417967
:10FF4000027908021043000452D40A980123068063
:10FF500005A802905B02002200970195304609999E
:10FF6000F6F7CCFB04004AD16846018A0183039866
:10FF70004179027909021143437802781C02144343
:10FF8000B4421ED10A041CD44B0401215B0C89032A
:10FF900000950B4301970295C17880780A020243CD
:10FFA00020460999F6F7C6F9040011D1039948795A
:10FFB0000A79000210430122D20310430871000A9B
:10FFC000487103AA06A90898FFF793FF0400CED052
:10FFD0000399009501970295487809780002084333
:10FFE00069468B8A00220999F6F7A4F9822C06D17A
:10FFF00003AA04A90898FFF77CFF04009AD068467A
:020000040001F9
:10000000058209E003984179027909021143490404
:10001000490C0171090A417103AA04A90898FFF764
:1000200068FF0028EED0822C02D020460BB0F0BD35
:100030000020FBE730B50446406B002597B0002850
:100040000DD00B2268460270228F0281606B0391F3
:10005000019000216846F3F7E2FA6846057065638F
:100060006587258717B030BDF8B50F460546696B23
:100070000020069E144600290FD0012B0DD13246D8
:1000800039462846FFF74FFF002806D1002C04D040
:1000900032463946284600F044FEF8BD0022028070
:1000A000C262831D0263C3614263428702872030BC
:1000B0000170704710B50022D24302800420FDF782
:1000C000FEF910BD10B596B00446FFF7B3FF208EC1
:1000D000002808D0012069460870E06A01900021DC
:1000E0006846F3F79CFA0020E062206316B010BD6A
:1000F00001280000B40E00200146098800200A07EC
:1001000000D501200A06120F01D002221043CA05B1
:1001100001D5042210438A0501D510221043490558
:1001200001D5202108437047FFB5A9B00600329DD4
:10013000359C2B981F46229016D0007841060FD48C
:100140008106890E1E2909D021884A05520E0BD13D
:100150003A88172A08D3FE4A914205D0C10906D031
:100160008006800E122802D003202DB0F0BD20465C
:100170002C302690F7492A980872002018AA03907C
:1001800010726A46107404AA0A60339A4A6020AA60
:10019000908090812298007801908106681C1C90C4
:1001A000701F1D902B98890EC21C2492224620326B
:1001B0001B92083A401C02920B0006F025FA1FFD24
:1001C000FD11FD1FFD8EFDFCFDFBFDFAFDF9FDFCA3
:1001D000FDF8FDFDFDF7FDF6FDFDFDFDFDF5FD0066
:1001E000032E76D102E018A9087219E303202870C3
:1001F0001C9917220A7000224A70CFE2052EF0D116
:100200004178027808021043208320A98880249A2C
:100210005178127809021143618300287ED0884208
:100220007CD800202072E080401E60840298F6F79F
:10023000F0F905202870A81C0190022000901BAA4C
:100240002A990298F6F7E8F9002868D118A8807C66
:10025000012803D002206870102002E0012068709D
:1002600002202490002225A91CA8F2F746FD0028B0
:100270002BD120A8007D2499814226D13A8800996B
:10028000801C511A814220DB10A8C18D0198017099
:10029000090A417001991CA8891C01910099019AD1
:1002A000891C009125A9F2F728FD20A8007D01995D
:1002B0001BAA091801910099081880B200902A9988
:1002C0000298F6F7A9F90028CCD00098022826D089
:1002D00064E272E018A9087261E2072E6DD34178DA
:1002E0000346027808021043208320A98880249ABC
:1002F0005178127809021143618300280ED0884298
:100300000CD8012020725879197900020843E08046
:1003100000202073E06900F0F5FC01E098E0A9E01E
:1003200000280ED1E169012088710521E269C90226
:100330009180E1698872E16987480881E16900205C
:100340008873F01F60842298C01D60620298F6F7DF
:1003500060F907202870681C00900120019000209F
:1003600010A9C8852FE00198012814D0E069807990
:10037000012830D000981E38417F007F09020143D8
:1003800000980170090A41700098801C0090019843
:10039000801C80B2019010A8C18D00980170090ADC
:1003A00041700098801C09E00AE296E13BE1DFE041
:1003B00004E29BE077E036E016E2AFE000900198BF
:1003C000801C80B201901BAA2A990298F6F724F9A2
:1003D000002803D007E010A8818DD1E73988019863
:1003E000081A0428BFDA0198012843D0E06980790F
:1003F000012804D010A8818D5548814206D110A84B
:10040000818D00980170090A417009E000981E383A
:10041000417F027F0802009910430870000A48706B
:100420000198801CBAE1072E01D0152E76D14178B3
:10043000027808021043208320A98880249A5178EA
:100440001278090211436183002801D0884201D942
:1004500001203FE7012020720020E0802073052E5C
:100460000AD01D982299E269C0B2491DF2F71FFC1B
:10047000002801D00A202DE70020C04360841AA87C
:10048000019023A9229802970395009100780023F8
:100490008206920E20462A99FFF712FC0390208BC9
:1004A00020A988807BE1032EC0D1402220A98A8127
:1004B0004178027808021043208320A988802A9975
:1004C0001EAB1C9A02930192009139880022491EAA
:1004D0008BB21B990978F6F711F918A90872002850
:1004E00033D10B20287010A8008F3FE0052E9DD13E
:1004F000802220A98A814178027808021043208353
:10050000249984464A78097812020A43628420A911
:1005100088801248824202D30720DBE6AFE03F200A
:100520008002024362842A981FAB1C9902930191B6
:1005300000903888401E83B21B9801786046F6F719
:10054000DDF818A9087200280CD08328AAD107E08A
:10055000FFFF0000B40E002001280000010200008F
:100560000220B8E00D20287010A8808F401C15E1F3
:1005700001990C22C9095143C91CB14204D90198FF
:1005800040067CD5002009E1427803781002184328
:1005900020AA9080844622980078400609D505203C
:1005A0006A46107422980078C00905D000201074A3
:1005B0001DE106206A46107424981F902A9A009024
:1005C0000023701A029383B21E9001921B9800229E
:1005D00001786046F5F7AEFE18A908720022694658
:1005E0000A74832801D102200390229800784006E3
:1005F0000DD52088C00506D520A9208B8988884282
:1006000001D100206062002018A90872C6E0FF2115
:10061000013120A88181808820831E9860841F98E2
:1006200060621320B8E0052E29D3417802780802D1
:10063000104320A98880218F002902D0FE4A9142D0
:1006400006D10A216A4611740121C943218702E0BB
:1006500007216A46117422992A9A491D0192009134
:1006600001221D990023D203029311438BB22499D6
:100670004A78097812020A431B99097800E0C9E018
:10068000F5F758FE18A90872002269460A7401227B
:10069000520220A98A81832808D0002809D0218FFE
:1006A000E54881427ED10020208778E08888208339
:1006B0004DE7606B002808D031462046229AFFF7AC
:1006C000E3FB18A90872002869D12B463A46304648
:1006D000229900F056FB039061E02298022E4078A8
:1006E00001907DD1002801D0012879D108206946E8
:1006F00008740198087521A800901B9800220178C1
:100700002046019BFFF7B0FC6946002248758A75B8
:10071000002802D10198012809D0208F002806D096
:10072000002008740120800220A988810EE004A81E
:100730003399F2F774FF0390002069460874012092
:10074000800220A988810398022807D0BB4800684E
:100750008079002805D018A908722BE00198208321
:100760001DE00398002803D0812018A9087240E0FA
:1007700021A800901B98012201782046019BFFF7D9
:1007800073FC18A9087220463499FFF753FC18A986
:10079000087A002803D11920287001203880684683
:1007A000007C00E03CE0002804D004A83399F2F774
:1007B00036FF0390039800282ED01AE0062012E599
:1007C0002078000713D5012E11D109216846017444
:1007D000A188818204203499FCF771FE082100E091
:1007E00005E020A88181CDE60198400612D50320BE
:1007F000039020A9208889890843208020A988891E
:100800004005400E04D026992B98086026988680D3
:100810000398AAE40420E6E418A8007A00280ED081
:100820000120287022980078687020A88088A8701D
:10083000000AE87018A8007A28710520388020A9DD
:100840002088898988432080E2E7FFB50746A1B068
:1008500000201C903A7801209040794A7C68104032
:1008600010AA1087744B22885B1C9A4203D0002880
:1008700004D0100702D5012025B0F0BD249E002031
:10088000307023980025028810A8028518A80575E5
:100890006A4B68461972057404A8186020462C300B
:1008A0001B902A985860249E94463878721C052123
:1008B000039201282DD0022808D003287DD130785A
:1008C000800980011D303070B889A08038780228F6
:1008D00004D13078800980011B303070F01C1FAAD1
:1008E00001900292009110A8008D0022C01E83B2D8
:1008F0002020015DB889F5F701FF0028DED10398BB
:10090000B9890170090A417010A9888FC01C088537
:1009100028E1787B18AA10753A7B012A02D0022AB6
:10092000CCD1FCE022887F231B011A4010AB1A8730
:10093000802A4AD006DC102A10D0202A0ED0402A65
:100940000AD124E0FF3A013A65D0FF3A013A79D062
:10095000FF3AFF3A022A76D00525A2E02078C006A9
:1009600001D5082000E010201C9004206A46107475
:10097000002090821AA81DAA1EAB03960192029035
:1009800000933B8A20461C9AFFF79AF984E0228B59
:100990003B8A9646934268D10A221C92002839D19C
:1009A000039801906046401E1FAA83B20292202045
:1009B0000091015D0022704600E0BAE0F5F79EFE6E
:1009C000014618A801750B201AE0228B3B8A964637
:1009D00093424AD10C221C92002862D103980190C4
:1009E00060461FAA401E0292009183B22020015D42
:1009F000628C7046F5F782FE014618A801750D203D
:100A0000307010A8818F491C01850421684601744B
:100A1000218B818245E0238B3A8A9C469A4224D1DD
:100A200012221C9200283CD1606A002813D00022B8
:100A30006B4607C3638C07E0FEFF0000B40E002086
:100A400009F800000DE04BE02020015D6046F5F75D
:100A500071FC18A9087513203070012010A90885B1
:100A60001FE0398A228B914201D00425B6E016217D
:100A70001C91002815D11B98818802682046FFF739
:100A800003FA18A9087500280BD11B983346016892
:100A900080881AAA00F075F9054602281BD0042D9B
:100AA00019D01B988088002811D06846007C002847
:100AB00004D004A82A99F2F7B2FD05460120694640
:100AC00008741B981B990068059000208880002DF1
:100AD00048D0052D2ED06846007C032878D07DE0D4
:100AE00018211C91002806D0388A20832046B96836
:100AF000FFF7A0FAD5E72046183000902020015DCE
:100B0000237E01222046FFF7AFFA18A908750028B6
:100B1000ECD119203070012010A90885E6E7208863
:100B200001214902084010A90887FF38FF38022830
:100B300006D0052510A92088098F884320804DE024
:100B4000208F9849884290D116201C90386900283F
:100B500005D06063B88A20870020608702E000200B
:100B6000C043208710A8008F7F21090102468A43D5
:100B70000DD0782300220420B968FCF7FBFB3878FD
:100B8000A07010A92088098F0843208002E02188E6
:100B9000814321806846007C002805D08248416856
:100BA00004A8F2F73CFD054618A8007D002815D0E2
:100BB0001C98707001203070208BB070000AF070AB
:100BC00018A8007D3071052110A8018506E0FFE717
:100BD0007548416804A8F2F722FD05467248017A7B
:100BE00020884005400E22D11B98808800281ED006
:100BF000239A0026138810AA1385249A2A9B6F46ED
:100C00004CC71B9A039412681AABFFF78DFA05467E
:100C100002280CD00120694608741B982A990068A4
:100C2000059004A8F2F7FBFC05461B98868010A8E7
:100C3000018D2398018028461EE600B597B0042850
:100C400007D102206A461070019100216846F2F730
:100C5000E6FC17B000BD10B5534C037800222168A4
:100C6000012B02D0022B42D126E00B78002B01D0C1
:100C7000042B03D10A712268032111702168838833
:100C80000A79D200921D8B5221680A79D20008326B
:100C90008918C2880A80216803890A79D2000A3239
:100CA0008B52428920680179C9000C314252216877
:100CB0000879401C08711EE00A7482888A802168C5
:100CC000C288CA80226801891181226841895181C4
:100CD000C1682068C1606168F2F7A1FC0146022882
:100CE00007D02068007C002802D1002903D0812091
:100CF00010BD832010BD002010BD406B002800D027
:100D0000012070478178012909D100880521C90295
:100D1000884202D0491C884201D10020704705203A
:100D20007047F7B586B00024684615460F468481A3
:100D300005261AE0049841780278090211432980B7
:100D4000811D019602940091417902790B021343AF
:100D5000C178827809020A43417800780902084381
:100D60003946F5F7E7FA002806D104AA03A9069840
:100D7000FFF7BFF80028DDD0822800D1002009B09D
:100D8000F0BD10B51488844201D2052010BD17248F
:100D90001C701080421E581C491C05F0C6F900202A
:100DA00010BD0000FEFF0000B40E002010B540484A
:100DB00004F04DF9002801D00C2010BDFF211131A5
:100DC0003C4805F011FA3B4901200870002048809A
:100DD000E03188718874887520310871344804F0D6
:100DE0004EF9002010BD10B5314804F028F9002854
:100DF00003D031A1312005F016FBFFF7D7FF002803
:100E000003D02DA1382005F00EFB10BD10B504460F
:100E1000274804F01CF9002801D00C2010BD2549FA
:100E20000878002807D0002008702148216004F0CD
:100E300026F9002010BD1E4804F021F91F2010BD26
:100E400070B505460C461A4804F001F9002801D097
:100E50000C2070BD174A5088A84202D11078002893
:100E600004D0134804F00BF9122070BD1048226022
:100E700004F005F9002070BD10B504460C4804F0DC
:100E8000E6F8002801D00C2010BD0A48017800299E
:100E900007D00020C0432080054804F0F0F812205D
:100EA00010BD40882080024804F0E9F8002010BD01
:100EB0009D000020C00E00207372635C6C6C5F6448
:100EC000622E630010B5282105F08CF910BD70B5B5
:100ED000054600780A0700090001120F1043287028
:100EE0000B0005F091FB07050705070509050B0039
:100EF000062408E00C2406E0222404E00024F2A1E9
:100F0000572005F090FA68788009800120436870C6
:100F100070BD00780007000F704710B50622C01C96
:100F200005F003F910BD10B50622093005F0FDF8F3
:100F300010BD0278BF23C9071A40490E0A43027048
:100F4000704702785206520EC9010A430270704778
:100F500070B515460E4604461F2A03D9DAA1A8200B
:100F600005F061FA20462A463146093005F0DDF8E1
:100F70006078AD1D80098001A906890E0843607064
:100F800070BD70B515460E4604461F2A03D9CEA182
:100F9000CC2005F048FA20462A463146093005F0B3
:100FA000C4F86078AD1D80098001A906890E084348
:100FB000607070BD70B501780907090F03292ED044
:100FC000052931D1411C827E0C46437E1102194312
:100FD000037FC27D1D02037EC67E1B021343827DFA
:100FE000407835438006800E22281DD106291BD368
:100FF0001920C001814217D8FF26F436B54213D814
:10100000002A11D0082A0FD88A420DD28B420BD861
:10101000617F227F09021143814207D904E04078B1
:101020008006800E0C2801D0002070BD012070BD0C
:1010300000210A464254491C2229FBDB704710B5A7
:1010400002788B07920892009B0F1A430270427835
:10105000520952014270012908D0022906D0032901
:1010600005D0FF2098A1EE3005F0DDF910BD01217B
:101070000A43427010BD10B502788B0792089200A7
:101080009B0F1A43027042785209520142700129A3
:1010900007D0022905D0032904D08BA18E4805F082
:1010A000C2F910BD01210A43427010BD00788007CB
:1010B000800F70470278EF23C9071A40C90E0A4310
:1010C0000270704770B50546C1700B0005F09CFAC0
:1010D0000E080A0C0E1012120C14141212160C1810
:1010E0000C2413E0082411E002240FE017240DE083
:1010F0000D240BE0012409E0092407E0062405E0A3
:101100007548002470A1A03005F08DF96878400979
:1011100040012043687070BDC0787047017AC27981
:10112000080210437047817A427A080210437047E0
:10113000017BC27A08021043704781794279080224
:101140001043704700797047817B427B080210434F
:10115000704770B5017AC37909021943431C857A37
:101160001C46467A2B023343657926792C02344398
:10117000C21C5A4E00798D1FB54214D8FF25F43594
:10118000AB4210D800280ED008280CD888420AD2CA
:101190008C4208D8507A117A00020843B11D884267
:1011A00001D8012070BD002070BD0B4610B5011D97
:1011B0000522184604F0B9FF10BD817A427A080270
:1011C0001043704701717047007970470B4610B5A6
:1011D000011D0822184604F0A8FF10BD027B0A700A
:1011E000407B487070470B46014610B508220E310F
:1011F000184604F09AFF10BD0B46014610B50422B4
:101200001631184604F091FF10BD10B50822001DDC
:1012100004F08BFF10BD10B504220C3004F085FFE4
:1012200010BD017170474171090A81717047C17128
:10123000090A017270470079704781794279080282
:1012400010437047017AC279080210437047017158
:101250007047017170470B4610B5011D08221846F2
:1012600004F063FF10BD10B50822001D04F05DFFFF
:1012700010BD70B515460E4604461B2A03D912A1AF
:10128000174805F0D0F82A463146E01C04F04DFF1F
:101290006078E90640094001C90E0843607070BDDE
:1012A00070B5054640780E46C406E40E1B2C04D9E2
:1012B0000B4805A10C3005F0B6F82246E91C304673
:1012C00004F033FF204670BD7372635C756C5F7011
:1012D00064752E6300000000070200007A0C000015
:1012E000F7030000C1074008C207C90FD20F511809
:1012F0004008C207D20F51184008C207D20F511838
:101300004008C207D20F51184208D007C00F40183A
:101310005208D107C90F0918500840187047002219
:1013200002808271C271C2720273427382738270D0
:10133000C270027142714276828303464284203336
:101340009A7102859A72C2750276C2730274DA7259
:101350001A739A7319750284FF21603081709A752F
:10136000704770B504460020A083208C1E46484379
:101370001546114604F061FF2084F000294604F070
:101380004EFF401C80B20146192269439202E0835D
:10139000914201DD401EE0837D202946000204F0D9
:1013A0003EFF401CA08470BD70B50546087B0E460C
:1013B000C006C00E08730020A87504463019007AD4
:1013C000FFF790FF29194874A97D641C0818E4B23E
:1013D000A875052CF2D3C0B2252803D979A18A209B
:1013E00005F021F870BDF8B5044630302646274692
:1013F0002546C036A03780350090032909D0002942
:101400001AD0012924D0022902D1A11CFFF7CCFF58
:10141000F8BD1146FFF783FF002028836883A88367
:10142000E883288468847871E88538732621085514
:10143000A08430703071F8BD0020E885B871A188B3
:1014400023890A460098FFF78CFFA11C0098DDE76E
:101450000020E885B38A328AA1880098FFF781FFCF
:10146000F8BD70B5867D0D460446002E01D0252EB0
:1014700001D9122070BD002A18D0287EE17D50438A
:101480000818252104F0CBFE0846E1754207520FEB
:10149000C908504B69189A5C097A8A4368D031466A
:1014A00004F0BDFE491CCAB2002007E0002070BD58
:1014B000002803D02118097C511ACAB22118497C8E
:1014C00091423AD32918097AC943CB07DB17D21ABC
:1014D000521E1206120E35D08B07DB17D21A521E7F
:1014E0001206120E30D04B07DB17D21A521E12060C
:1014F000120E2CD00B07DB17D21A521E1206120E38
:1015000028D0CB06DB17D21A521E1206120E24D098
:101510008B06DB17D21A521E1206120E20D04B0673
:10152000DB17D21A521E1206120E1CD00906C9175A
:10153000511A491E0A06120E18D0401C0528B7DBA6
:101540001F2070BDC00013E0C000401C10E0C000B0
:10155000801C0DE0C000C01C0AE0C000001D07E0B8
:10156000C000401D04E0C000801D01E0C000C01D9F
:1015700020769BE738B505460C466846FEF738F8F6
:1015800000281ED0694600200856207209216156A5
:101590000022411A00D5494220356B798B420FDC7D
:1015A000FF2B0DD0A17A491CC9B2A172AB79994227
:1015B00002D8617A7F2903D160720020A0720122D3
:1015C000104638BD7372635C6C6C5F7574696C2E09
:1015D000630000007667010010B5040004D0FF200E
:1015E000FAA1AB3004F01FFFFB4821464143FB4802
:1015F000FF230918FF330022581C5A544254C81DB7
:10160000FF30FA3002704270F448001FC378A342E2
:1016100002D18270FF23C370EF48EF4BC01E081841
:101620009B1EC91802700A7010BD70B5EB480026E9
:10163000001F8670FF24C47035462846FFF7CCFF94
:101640006D1C2D062D0EF8D00020E4490B229201CE
:10165000E14B43435B189B181E74401C0006000EB0
:10166000F6D0DF48FFF7E4FC0021DD48FFF722FD5C
:101670000121DB48FFF7E3FCDA4804704470847012
:10168000C4700471447170BDCFE71B20704730B542
:101690000021D24A0B239B01CF4C4C43A418E418E1
:1016A000247C002C05D0491C0906090EF4D000202A
:1016B00030BDC94C01254C43A218D21815740170D5
:1016C000284630BD10B5044600F0D0F900280CD0F3
:1016D0002046FFF781FFC0490B224C43BF49002041
:1016E0006118920189180874012010BD10B50446D4
:1016F00000F0BCF9002802D0BA484471012010BDA6
:10170000034610B5B748B44940794843B349421835
:101710001046FF30E130C17F807F04F0D5FF10BD5F
:1017200010B5B048AC4940790F224843AB49401846
:10173000A949D239095CFF30FF3004F09FFF10BD8A
:1017400010B5044600F092F9002802D0A5480471B3
:10175000012010BD034610B5A2489F4900794843B7
:101760009E4942181046FF30E130C17F807F04F06F
:1017700098FF10BD70B59B4C97492079974D484311
:101780004019C11DFF31F931FF30E130807F0F2258
:1017900004F064FF002813D020798F494843401992
:1017A000FF30FF3002300178491C01700178407829
:1017B000814204D1884885A1773804F034FE0120A5
:1017C00070BD884884490079484384494018FF30F7
:1017D000E130C17F807F814201D10120704700202C
:1017E000704770B57F487C49007948437B49401871
:1017F000FF30E130867FC57F0F242946304604F054
:1018000026FF002801D0204670BD70066906400EF4
:10181000490E884201D3401A01E0081A201AC0B2CA
:1018200070BD0F20704770B50C46054600F01EF9DC
:1018300000280ED0002020706748454367482818CC
:10184000FF30FF300230017842788A1A22704170EE
:10185000012070BD70B50C46054600F007F9002860
:101860000BD05D4845435D482818FF30FF300230FB
:1018700001784078081A2070012070BD5849016035
:10188000704710B5044600F0F1F8002802D0554822
:101890000470012010BD5149091FCA78FF2A02D0E7
:1018A0000021016007E08A784C492439012A02D0DE
:1018B000016001207047002070474848801E017871
:1018C000012908D001210170464801784348001FD2
:1018D000C170012070470020704710B5044600F029
:1018E000C5F8002802D03F484470012010BD3B4994
:1018F0003C4B091FCA785B789A4206D18A78203916
:10190000002A02D001600120704700207047334850
:10191000344A001FC1785278914209D1FF21C17029
:10192000801C0178002903D000210170012070473C
:101930000020704729482B4A001FC17852789142F5
:1019400004D18078002801D0002070470120704722
:1019500010B5044600F08AF8002802D02148C4706F
:10196000012010BD034610B51E481B49C0784843EE
:101970001A494018C21DFF320B21FC328901401860
:10198000C17B807B04F0A0FE10BD10B51548124944
:10199000C0784843114940180B2189014118C97B7F
:1019A0000D4AD21E8018062204F068FE10BD0D48B4
:1019B0000949C0784843094941180B20800108189B
:1019C000C17B807B81420FD1012070477372635CC1
:1019D000646D5F712E630000D1020000F40F0020DF
:1019E000C51200209E0000200020EEE710B504463E
:1019F00000F03CF8002802D021488470012010BD7E
:101A0000034610B51E481F49807848431E494018B8
:101A1000C21DFF320B21FC3289014018C17B807B43
:101A200004F03FFE10BD10B51548164980780B2212
:101A300048431549920140181249891E41188018DF
:101A4000807B062204F00AFE10BD0D480D49807807
:101A500048430D4941180B2080010818C17B807B49
:101A6000814201D10120B0E70020AEE7002805D176
:101A70000648007C002801D00120A6E70020A4E74A
:101A80009E000020D1020000F40F0020B4120020BC
:101A9000F8B5FF4E0446B079002500280AD0002989
:101AA0002DD1657010202070F079A070307AE07030
:101AB000B57124E0F64F203F387A012804D0707ABF
:101AC000012810D00020F8BD002918D1657013201E
:101AD000EF4920701C221639A01C04F026FB0120BF
:101AE000A0713D720BE0002909D165701420E8490E
:101AF000207008220A31A01C04F017FB7572012027
:101B0000F8BDF8B5E3480178002902D00C2630462C
:101B1000F8BD0026DE4D3446403D2E756E75EE75DF
:101B20002E76AE75294620396E730F464E734037B8
:101B30007E717F218170687E002804D0FDF73DFD15
:101B4000FEF766F86C763C72D14884711430FFF76A
:101B5000B9F9CF483C30FFF7B5F9D8E710B5CD4B10
:101B600000221A70CA4B203B1A711A46603A11665D
:101B7000D065FFF7C6FF002804D0FF20C6A187303C
:101B800004F051FC10BDC2484038007D7047C04988
:101B900010B54039C87B897B42078307D20FDB0F22
:101BA000D218C007C00F101840000B0004F02CFD25
:101BB000050B060B04080F00BB4906E0BB4810BD2F
:101BC000B949083101E0B8490839085A10BDFF2069
:101BD000B1A1A73004F027FC002010BDAC48B449E7
:101BE0004038008A48437047F8B5A94C0646407B08
:101BF000403CE07337791346A773012F26D0308815
:101C00002082A348B27B203882710546603D29704E
:101C100006221946681C04F088FAB0796873062217
:101C2000F11DE81D04F081FA607B0126002800D038
:101C3000667597486038407B002800D0A6753B0049
:101C400004F0E2FC0506082549084B000020D7E710
:101C500000211DE08E4801211430FFF738F98C482F
:101C6000E91D1430FFF75FF9687B002807D00128D1
:101C700007D0FF2088A1EE3004F0D5FB0CE0002156
:101C800000E0012182481430FFF75BF904E00621EF
:101C90007F481430FFF71BF90020E07520767C4860
:101CA000691C1430FFF739F9794829781430FFF7A7
:101CB00040F9774804213C30FFF709F97448691C62
:101CC0003C30FFF72AF9724829783C30FFF731F9A8
:101CD00026750020F8BD0221DAE7FF206EA1F8305A
:101CE000CAE770B56A4C0125403C0346257620467C
:101CF0002030007A002801D03A2070BD64480022CC
:101D0000803806789E4206D1E2750622401C04F017
:101D10000CFAE57500E02276002070BD70B504462F
:101D20005B4D0020403DA87528462246323804F01D
:101D3000FCF92846203844730120A87570BD544929
:101D400020390871704710B5514C0022403C627533
:101D5000607302462046123804F0E7F901206075EE
:101D600010BD4B49203948717047F8B500F0A4FB0D
:101D7000474C0025403C607E002804D0FDF71DFC48
:101D8000FDF746FF6576434F3D70FDF793FBA07B63
:101D9000012804D00021084601F0A6FAF8BD002170
:101DA000022001F0A1FA3A4C203C207A002809D008
:101DB000374881790029F1D11321C17105720121C0
:101DC0008171F8BD78780028FBD0314E0622803E24
:101DD000707BE0733078A0753046F11D703004F0F0
:101DE000A4F930460622711C773004F09EF93C209D
:101DF000A072012020727D70F8BD10B5244C403CCB
:101E0000E17BA07CCA0701D0C2070BD08A070FD59F
:101E100082070DD42620FDF777FAA07C0221084323
:101E2000A07410BD2520FDF76FFAA07C0121F6E714
:101E30004907F6D54007F4D42720FDF765FAA07CC2
:101E40000421ECE770B5134E3078002872D1104CA5
:101E5000403C207D00286DD0FDF71FFB0025A574B8
:101E6000E57475702846FDF715FB0020FDF78CF929
:101E70000D480D38FDF73FFA0B481038FDF7F7FA1B
:101E8000FDF76CFBFFF7B9FFFDF7FFFA012111E049
:101E900068130020A40000207372635C6C6C5F61A7
:101EA00064762E63000000008E6701009A8913009B
:101EB000710200000020FDF743FA0F210520FDF715
:101EC000C1F92646403E3178701CFDF7ADF9A07B84
:101ED00001280CD004280AD0607D002807D02146B4
:101EE00012390846627B6630FFF732F86575A07DCF
:101EF000002807D0FE480146427B12399C30FFF78C
:101F000040F8A575306E0178002903D00178001DD6
:101F1000FDF7C8F9F06D0178002906D0F44A401C9D
:101F2000C732FDF754FE01206076FDF7C3FA0020AA
:101F300070BDFFE70C20FBE7EE494860704770B5C5
:101F4000050001D0FFF759FFE94C2034E07C002860
:101F50000AD0A07B012804D19920E749C00004F0F1
:101F600062FAFFF702FFE3E7002D0DD00221002007
:101F7000FDF7E6F9DE4840300079032801D001285A
:101F800002D10220FDF73BFCE07D002600280DD0A9
:101F9000D74D203D2846691C9430FEF7BEFF2846E9
:101FA000691CBC30FEF7B9FFE6752676D048743060
:101FB000FDF786FAA07B030004F026FB0504040469
:101FC0000D04090001210846FDF79FFB03E0CA4903
:101FD000CA4804F028FAE17BA07C81430120002953
:101FE00003D1A17B012903D0E074C24908709FE7A7
:101FF000A674FAE710B5FDF750FABE48007800283D
:1020000018D1BB482030007D002813D00020FFF7F6
:1020100096FFB74840300079002809D001280FD03A
:10202000022805D003280BD0B349B54804F0FBF9CA
:10203000002010BD00F040FAFDF73CFA0C2010BD66
:10204000F0F7E6FFF4E7AB49012048707047F8B5B8
:10205000002400F0E0FF002824D0FF202D30FDF701
:102060006CF9A44D2878A24F403701281DD00228D2
:1020700001D0032834D0A2489F496B3004F0D3F933
:10208000287800280DD0387900280AD0012808D0F7
:10209000022838D0032836D099489749803004F078
:1020A000C2F9F8BDFFF761FEF8BD914E2036B07B56
:1020B000032815D0707E002803D0FDF798FDFDF7AA
:1020C00074FA8B48C430FDF7FBF9B07B012812D0BD
:1020D000042810D0B879012806D0032804D004E0E1
:1020E0000120FFF72CFFCBE7102421460E200143EF
:1020F0000020FDF70AFB7879012801D1FDF76FFA7E
:1021000002202870BCE728780228CDD10120FDF7F5
:1021100076FBF8BD70B5764840304079012801D192
:1021200000F0D4F9724C2034607E002803D0FDF713
:1021300044FAFDF76DFD00F06EFF00280CD06D4DE8
:102140002878022804D06E486B49A33004F06BF95C
:10215000A07B012803D006E0FFF707FEE8E6992000
:102160008000FDF7EAF80120FFF7E9FE2878002853
:10217000F4D028780128F1D039205F49000104F01B
:1021800052F9D5E6F0B5074689B000200690FDF774
:10219000AEF800900020019056480078022804D044
:1021A00057485549F03004F03EF9514D40356879B3
:1021B000012801D100F08AF94D48C430FEF7A9FE8C
:1021C0004B4E04462036002F70D03046A430FEF728
:1021D000F1FE0028F8D0FDF731F80028F4D0707E29
:1021E00000280AD005277F1EFFB2FDF72CFD02282C
:1021F0000FD0012800D0002001903D492046C43175
:102200000C46643C030004F0FFF906A4A4A40CA44B
:1022100056A4002FE7D177203AA1C00004F003F9BB
:10222000E9E7B07B012841D004283FD0019A00980B
:10223000104304D1A879002801D0022836D168794A
:1022400001281DD1607A00281AD101206072087817
:1022500006224006C00FA0722548C91C6B3003F04F
:1022600064FF244C224FA07871377F2804D1A92025
:1022700024A1C00004F0D7F8A07838707F20A070A7
:102280001B489C30FDF71CF91A480321017028797E
:10229000002860D001280AD002285CD0032806D08C
:1022A000164818A1E03804F0BEF854E051E00120CF
:1022B000FDF7A5FA4FE00E480F462038C978C079DF
:1022C000814230D10A4839792038027A91422AD1A4
:1022D0007979427A914226D1B979827A914222D192
:1022E000F979C27A91421ED1397A027B914211E08A
:1022F00008130020A4000020981E0100F60400002E
:10230000DE0200007372635C6C6C5F6164762E6346
:102310000000000007D13978407B4906C90F81428F
:1023200001D1012100E00021B07B012801D0042867
:1023300001D100290AD100280BD101990098084346
:1023400004D1A879002801D0012802D1307E0028CC
:102350001FD001200690707E002803D0FDF72DF9D4
:10236000FDF756FC0698002802D00120FFF7E7FD94
:102370005D48017800290AD00178012907D000784A
:10238000032804D095205949C00004F04CF809B046
:10239000F0BD55480422406855490F3003F0C5FE92
:1023A000387806224006C10F4F4840680177F91C73
:1023B0001D3003F0BAFE4C484D4940680322091D08
:1023C000133003F0B2FE4848494A4068B97D817530
:1023D0000F3A117ED37D09021943018311468B7E8A
:1023E0004F7E1B023B438380137FD77E1A023A4302
:1023F000C2808A7F4B7F1102194301813C4905222B
:1024000010310A3003F091FE3948374A1130017912
:102410005768C906C90EB97600794009F876287A56
:10242000002809D0A07900283AD11320E0710020BB
:1024300020720120A07133E00020A8727888B08556
:10244000387FE8732A48394606221D31833803F065
:102450006CFE27490622F3390878A87508467730BC
:10246000491C03F062FEB888F087F888208038891C
:102470006080F87E20710198002860790BD00121DE
:1024800008436071FDF7F2FB61794000C907C90F8D
:102490000143617102E04008400060710120287230
:1024A000114C0020207000F007F8FDF703F8012020
:1024B000616800F019FF4EE710B5FDF76AF8FDF707
:1024C0005DF8FCF7B5FFFCF7DAFF10BD064810B564
:1024D000801CFDF78DF8002802D103497F20887009
:1024E000FDF774F810BD0000A400002004230100D3
:1024F000DB1300208107C90E002808DA0007000F4F
:1025000008388008F74A80008018C06904E0800815
:10251000F54A800080180068C8400006800F7047A8
:1025200010B500F03BFF10BD70B5F04C0546626879
:10253000002908D0002A04D0FF20EDA10C3003F0C0
:1025400072FF656070BD002A04D1FF20E8A112303F
:1025500003F069FF0020606070BDE948C07E7047ED
:10256000E7482830C07E704738B5E04C20680168E5
:102570004978012925D001216846FAF7C9FC684647
:102580000078E049000203F04AFE2068426AC06811
:1025900012685118FBF7ADFC2168C860D84A206862
:1025A00028320321904218D0028B002A15D0012234
:1025B0004272017200210171021D017F00F0FBFED9
:1025C00038BD7D21C068C900FBF793FC2168C86055
:1025D000FFF7DDFA21680861E0E7028B521C0283F5
:1025E0004172E6E7FFB5C64E85B0706A346805688B
:1025F00060680190306A0390298E0798401A80B273
:1026000002900898002804D02746383720464830E2
:1026100002E0371D2846A830009003203871059845
:10262000002820D001287DD002285ED003287AD04F
:10263000AFA1B54803F0F7FE0898002807D0387915
:10264000032804D0B048AAA1093003F0ECFEA16A27
:102650007069FBF74EFCB860616A206A88427DD9D8
:10266000009801601FE1306A002804D1A648A0A1AB
:102670007A3803F0D8FEA449288B373948434018EC
:10268000069900F0A6FEA0619F49A8883739484303
:10269000069900F09EFEE061316A9B48891CA162A8
:1026A0002A8B37384243A069974B121AE63BD2185F
:1026B0005118A162944BAA7D373B5A4340008018C1
:1026C000FF30193020626062306A081AED21FF384D
:1026D000C90015388842AFD28C49884204D28A4852
:1026E00083A15D3803F09FFEB6E0874A288B373A16
:1026F000E16850430818069900F06BFEA06182491A
:10270000A88837394843069900F063FEE061306AD3
:10271000002804D17C4876A1553803F084FEAE2011
:10272000405B01E02CE05AE00028288B784AE16801
:102730001DD050430818A169401AA0622169A06801
:10274000734A4843A1694018A97D4000514340188D
:10275000FF3017302062A888504300E0A1E0E16913
:10276000411A6F20C000081A6062A06A34E050432A
:102770000818A169401A3168D63849684018DCE762
:10278000284680300190C08D002802D0306A002891
:1027900004D15F4856A1401F03F045FEA8885C495C
:1027A000E3694843C01AA06201999C46CA8D216919
:1027B000A368521A4B43A169591863465343C91879
:1027C000AA7D534B49005A438918FF3117312162C2
:1027D0006F21C900411A6162316A401A35E00898D8
:1027E000002803D03420005D002878D1A88848490B
:1027F0004843E169401A02994843A0622846803064
:102800000490C08D0028019829D0002804D03E48AB
:1028100037A1163803F007FE04983D4AC18D02988F
:102820000818E16948434000FF3017302062A8884B
:102830005043411A6F20C000081A606200F0AEFDDC
:1028400000281CD0A16A0398081AED21FF38C9009E
:102850005538884200D3EFE601203871ECE60028B5
:1028600002D00398002804D1294821A11A3003F08E
:10287000DAFD0198A16AD6380818A062CCE7FBF708
:102880009EF8726901461046FCF7BFFAA16A081A61
:10289000ED21FF38C90050388842DCD2012009B050
:1028A000F0BD0099086000981A4900688035081842
:1028B000F860298B0798081A00B2002804DD0598F3
:1028C000022801D0032000E00120787108983870B8
:1028D0000898002820D03420005D00281CD0022059
:1028E000DDE7000000ED00E000E400E0B4000020BF
:1028F0007372635C6C6C5F6C6D2E73302E630000C2
:10290000F413002010270000190500002902000020
:10291000E20400004B1700000898012148402034D1
:102920006075317F3A46304600F045FD0020B6E73D
:1029300010B5FE4900280A68516A096807D0126874
:102940008988FB4BD2695943891A03F068FC10BD92
:10295000F8B5F64F38680468416A26460D68203697
:10296000717D00290AD0618E2A8E914206D1407A6B
:10297000012803D1EF49F04803F055FDFBF71FF89C
:10298000014638684069FCF740FAFFF7D1FF2A8E0C
:10299000618E1318994202DB491C618602E0401CDB
:1029A00010186086B07D002806D19C21608E495B9E
:1029B000884201D1401C6086DC480168088B0328EE
:1029C00002D2401C088302E0618E982041532846C1
:1029D00040300646C1898089081A298E401E401859
:1029E00087B218E0D148EB7E00685B00406A00794E
:1029F0004100D248415AC05A401881B2207D00237C
:102A0000FFF7F0FD00280FD001280ED0CA48C949B1
:102A10003A3003F008FD628EB81A00B20028E1DAFD
:102A20000820B07200F010FEF8BD608E401C608679
:102A3000F1E770B5BD4D002168680162C27E1300E8
:102A400003F0E2FD045656034A56426A14680268CF
:102A500011700268516000682030407D002808D164
:102A6000FAF7ADFF69680968096CFCF7CEF9002830
:102A700018DC6868228E0168498E914206D1214691
:102A800080318B8B9A1ACA83238605E0891A9E228D
:102A900011530168498E21860268C1681164C168BA
:102AA000416111E068680168098E228E8B1A224606
:102AB0008032D3830168098E218601680B6CC36064
:102AC0000B6C4361886C9062204601F0D8FC0028B2
:102AD0000DD098499A4808E0C1684161FFF7B2F902
:102AE000002804D096489349801D03F09CFC70BDDB
:102AF000934890490D30F8E710B58C4A0B001268E6
:102B000003F082FD0906090F1F0C2E2E082B2E0044
:102B1000FFF78FFF10BD00F068FC10BDFCF772FEE0
:102B200010BDD07E022806D0D07E032806D0FF201C
:102B30008049A3300EE0FFF70BFF10BDFFF714FD37
:102B400010BDD07E0228F6D0D07E0328F6D0FF201C
:102B50007849AE3003F067FCF0E7FAF715FF10BDD7
:102B6000FF207449BC3003F05EFC10BDF3B581B0AA
:102B70000E4601276D4D734C0B0003F045FD090611
:102B80002F39392F40403939400001216D48FFF776
:102B9000CBFC31460198FFF7AFFFE07E022826D13B
:102BA00068680568406A0668FAF7E7FEB188604A17
:102BB0005143EA69891AD639E962B72802D26248D4
:102BC000081803E0081A6049B7314018E8625F4806
:102BD000E96A814200D80846E86205E00198FFF7FB
:102BE0008BFFE07E022802D1206820300775FEBDF1
:102BF0002C600198FFF780FF00202860FEBDFF20B9
:102C00004C495C3003F00FFCFEBD70B50C46064627
:102C10000B0003F0F9FC09060D10100D1A1A101024
:102C20001A00484801212830FFF77EFC2146304633
:102C3000FFF762FF70BD43483C4D283028603046A6
:102C4000FFF75AFF0020286070BDFF20394982300D
:102C500003F0E9FB70BDF0B5344C0020216885B06D
:102C600003258D76CA7E0746032A03D0C97E002934
:102C700029D029E0087F002803D12E49344803F0E9
:102C8000D2FB2068067F684605714571FAF797FE0A
:102C90000290FF20F53003900121684601706946DB
:102CA0003046FBF70CFB00E020BF2068007FFCF7FC
:102CB00038F90028F8D02068007FFAF765FE206810
:102CC000077700F072FB012021688F7605B0F0BD18
:102CD00016490A68907600E020BF0A68D07E002876
:102CE00003D0D07E937E9842F6D0D07E002803D0C9
:102CF00000200021917670470120FAE770B5114954
:102D00000024CA7E094D032A03D02831CA7E032A33
:102D10002ED12960002827D0012821D00C48054950
:102D2000973003F080FB0020296813E0B4000020F6
:102D3000E2040000F0280100F70500009E67010092
:102D4000A1030000F4130020C4F8FFFF38120000B4
:102D500072020000086048622860002C08D070BD34
:102D60000320FFF7B5FF01E0FFF775FF0446DAE740
:102D70000C2070BDF8B5F94F04461F25E67E3300E0
:102D800003F042FC042920031B20F548844204D0B0
:102D9000FF20F449FC3003F046FB02203C60FFF7C3
:102DA00097FF002805D03968002008604862386025
:102DB00011E00C25002038600AE00120FFF79EFF9B
:102DC000054603E0E749E84803F02DFB002D02D05B
:102DD000E07EB042D2D1E07E002804D0E248E14952
:102DE000801D03F020FBF8BD10B5DD48FFF7C2FFE2
:102DF000DB482830FFF7BEFFD94900205031087565
:102E0000D649C91F4870D64948610A4628325061E0
:102E100088769076D1494860086010BD70B5044648
:102E20000120FFF767FBC5B20B20FFF763FBC0B2C1
:102E3000854204D0FF20CB49C63003F0F4FA0120CC
:102E4000FFF758FBC5B21820FFF754FBC0B285420C
:102E500004D0FF20C349C73003F0E5FA0420C04383
:102E6000FFF748FBC5B21920FFF744FBC0B285420B
:102E700004D0FF20BB49C83003F0D5FAB748B849A1
:102E8000083804700020C87688760A462832D07642
:102E90009076B24B012408331C711860486250626E
:102EA00008601060FFF7A0FF70BDAC4908310871E1
:102EB0007047FEB5AA49CA7E08462830A74C002AAA
:102EC00002D1C27E002A03D0C97E022903D005E0C8
:102ED000A648216006E0C17E002901D00C20FEBD7D
:102EE0002060A348FAF7FCFC216808779B4920681A
:102EF000C91F0160C91C4162007F002804D1AD20B8
:102F00009849800003F08FFAFAF737FD9949884213
:102F100000D20846FF30C83086B220680325C57647
:102F2000FEF735FE21680861FEF758FE00270028ED
:102F300027D0FEF753FE21684A6A10600968012015
:102F4000087001466846F9F7E3FF684600788A4949
:102F5000000203F064F90191FAF731FD019971184B
:102F6000FAF7C7FF2168C8602068057245720771CB
:102F7000021D017F00F01FFA2068078300202760F0
:102F8000FEBDFAF71CFD3146FAF7B3FF2168C860B1
:102F900008680770096801204870E5E77047F8B5D0
:102FA0006F4EF17E002904D131462831C97E0029B7
:102FB00001D00C20F8BD0221F176694C674F5034E6
:102FC0000837776234600025386025753979C07E0E
:102FD0004A006A4940008A5A085A2B46101881B2A2
:102FE0002A462846FFF7FEFA002804D0CF205D4984
:102FF000800003F018FA25610120A5602075658620
:1030000025865748703085753968088E401E0886B9
:1030100035830020F8BD10B5504801244068817EFA
:1030200003290CD001684978002906D0006A544968
:10303000884202D90024FFF706F8204610BD00247C
:10304000FBE74648406802681178491C1170016A24
:103050000068C26A914204D8007D012801D0012095
:1030600070470020704700207047F8B53B4C3C4843
:103070002060416A00680D68002634210E54A621A4
:10308000495D00294BD1007D032848D1FAF797FC10
:10309000014620684069FBF7B8FE00283FDDFFF7D6
:1030A00047FC298E401C4118206802681186006880
:1030B000018E9C22525B511A09B200292FDD012199
:1030C0002030817528464030C1898089081A298EB0
:1030D000401E401887B21BE0496A09794A00274917
:1030E0008B5A028E007D9446EA7E5200895AC91896
:1030F00089B201236246FFF775FA00280FD0012834
:103100000FD002280BD01B481649193803F08BF951
:1031100021680868028EBA1A12B2002ADCDA266028
:10312000F8BD20680068018E491C0186F0E7F8B5FB
:103130000A4D00266A680128516A0C6853D1087943
:103140000E4940000B5A1068077D032F1AD0027DEC
:10315000022A24D0007D012834D044E0B4000020AD
:10316000F4130020F0280100070200006D2B01007D
:103170000B2C0100F6050000102700009E670100DF
:10318000D98213000661106886609C20025BE07E95
:103190004000085AC01881B2002303201BE02246D9
:1031A0008032D78D0761E07E928B4000085AC018AC
:1031B00081B200230220FFF715FA6A680121126824
:1031C00011750AE09C20025BE07E4000085AC0189E
:1031D00081B200230120FFF705FA002803D09C49A3
:1031E0009C4803F020F9FAF735FB9B480078EFF78D
:1031F0006FF8686806830268218E51860068203067
:103200008675F8BD38B5944C0021083460680D46C9
:1032100000684278002A01D045701FE0007800283D
:1032200009D001216846F9F773FE684600788B499A
:10323000000202F0F4FF6068426AC0681268511828
:10324000FAF757FE01466068C160057103214172BB
:10325000021D017F00F0AFF860680583FAF7FAFA03
:103260007D480078EFF734F838BD7B4A10B5014649
:10327000083250680B0003F0C7F9060D1504081753
:103280000C31012100F0D1F807E00021106800F0B6
:10329000CCF810BD0120FFF74AFF00210846FFF7D8
:1032A00043F910BD032116E0416A02680968D36939
:1032B00093608A886A4B5A430368DA600A46C032D0
:1032C000D3890B83137B8B75138A8B80538ACB80B6
:1032D000928A0A8102210068017510BD5D485C492F
:1032E000913003F0A0F810BD70B500280BD05A4CF7
:1032F000083401280ED002281ED056485449B43054
:1033000003F091F870BDFFF77DFF00210846FFF73D
:103310000BF970BD6068002501684D7000F045F83C
:103320000320F5F7B8FEFAF795FA4B486560007888
:10333000EEF7CEFF656070BDFFF764FF606800F0D8
:1033400034F800210846FFF7EFF80420F5F7A3FE54
:1033500070BD414908314968CA7E022A08D10A680D
:103360001378002B04D150600968CA6A1018C8622B
:103370007047394A10B50832526800290CD001292B
:1033800007D0022907D033483149D93003F04BF830
:1033900010BD801E00E0401F106210BD2E48083096
:1033A0004068002800D0012070470021C176817656
:1033B00001604162704710B50B46C17E847EA14218
:1033C00004D011461846FAF77AFF10BDFFF7EDFF5B
:1033D00010BD024610B50020002905D00846504314
:1033E000204902F01CFF401C10BD1B4810B50830DE
:1033F0004068C07E030003F007F9041515030B15A0
:1034000001F05EF900280CD00F2017A1800106E022
:10341000FEF7F0FD002804D0F12013A1800003F096
:1034200002F810BD10A11448F9E710B504460029B0
:1034300003D00020FFF77BFE03E007480078EEF79B
:1034400047FF2046FFF7B1FF0020F5F724FE10BD2F
:10345000F028010092060000AC00002010270000B8
:10346000E204000040420F007372635C6C6C5F6C9E
:103470006D2E73302E630000CB030000F8B5FEF70D
:10348000B0F90446FEF756FAF84E0546706920304A
:10349000407D002809D0012827D002282AD00328FF
:1034A00032D0FF20F2A19A3037E0F0481830FEF712
:1034B0001EFA002801D003200FE0EC481830FEF778
:1034C00049F9002804D070695B21095C002908D003
:1034D000E6481830FEF7D2F90120716920314875AD
:1034E0001DE002212030417519E0E0481830FEF758
:1034F000C5F914E0DD481830FEF72CF900280ED18C
:10350000FF20DBA18C3008E0D8481830FEF7EFF937
:10351000002804D1FF20D6A1943002F084FFB069C6
:10352000F72201781140017072692032937DDB0728
:103530001B0F1943FB2319400170D37DDB075B0F81
:1035400019430170577DEF23022F04D0012F07D0BC
:10355000032F07D00CE0012C06D8002D04D007E083
:103560006D1E2C43002C03D019401023194300E09A
:1035700019400170D17F002916D0517D012913D047
:10358000BF48FBF79DFFBE480021283001767269D5
:10359000916ED26E42610161B949B269FCF7A3FA3A
:1035A0000020FCF7AFFA03E0FBF78AFFFCF7CDFA47
:1035B000B0690078C00606D4F0690078C00602D46D
:1035C000F079002806D0B079002803D101210846FF
:1035D000FCF79BF8032030703079002803D1FBF70B
:1035E000BDFF01203071F8BD70B5A0481C30FEF75A
:1035F000B9F901259D4C002802D00020607002E03E
:1036000065709F48E061606940300078002802D012
:103610006078002805D0E069FBF752FFFCF795FAC7
:1036200070BD9748FBF74CFF9548283005766269D6
:10363000116F526F42610161914AE169FCF753FADF
:103640000120FCF75FFA70BD10B588490023486976
:1036500002462030C3768377012049239854A03254
:103660009279002A03D008700021022001E0002195
:103670000320FFF7FAFD10BD70B57C4C6079C206DF
:103680002046406901468031002A01DA002202E02A
:10369000CA8DCB8BD218CA850246C0321379002B53
:1036A00005D0034640331D8AC98B69181982617A97
:1036B000002903D03D2001F051F94AE003462033B0
:1036C000D97E042945D0217A002913D0480701D496
:1036D000C80601D51E2030E0080701D53D202CE0AA
:1036E000C80705D1880703D461A1664802F09BFE94
:1036F0002A2022E04030817D002905D0418A4D1CDE
:103700004582858AA9420FD2517A062902D0117AC0
:10371000062905D1018B4A1C0283828A914203D279
:10372000028AC1898A4201D3222006E09A7F8089D9
:10373000002A0AD088420FD3082001F00FF96069EF
:103740002030C07E042804D006E0062804D33E20A2
:10375000F3E7FFF779FF70BD0120207000210846D4
:10376000FFF783FD70BD10B5404840690146203128
:103770008A7F002A29D0012A27D0022A06D0032ACC
:1037800004D03BA1404802F04EFE10BDC97E032983
:103790000FD0082919D001464031CA898989511AA8
:1037A000891E89B2032900D303218030828B5118EE
:1037B00009E0014640318A89032A06D3028EC9896D
:1037C00080305118491C018310BD8030818BFAE78D
:1037D00000B5030002F018FF0604070B0F121217C2
:1037E00000290ED00FE0891E02290AD90BE0891F9B
:1037F000012906D907E0082903D004E00B390C2978
:1038000001D8012000BD002000BDFEB505461748C7
:103810001830FEF740F8002804D11B4814A1D13815
:1038200002F001FE114CA069FDF702FC0321A06922
:10383000FDF721FCA069EF220178114001702946B3
:10384000FDF740FC002601272B0002F0DDFE0E5C98
:103850005C085C2C6060255C4C5C603C375C60699B
:103860006521095C002911D0062111E0C400002067
:103870007372635C6C6C5F736C6176652E630000C1
:1038800090140020430200005C080000C030417921
:10389000A069FDF797FC3AE060698030417CA0693F
:1038A000FDF7D7FC33E06169A069B831FDF7ADFCE5
:1038B0006169A0698C31FDF7AEFC28E00621A069A2
:1038C000FDF7C5FC23E020690178A069FDF7A9FC9C
:1038D00020698188A069FDF7A6FC20694188A0695C
:1038E000FDF7A5FC13E00096019660696030007951
:1038F000002803D069460878384308706946A069F3
:10390000FDF7B1FC03E0F949F94802F08CFDFDF741
:10391000D4FF002804D1F648F449801D02F083FD4D
:103920000C2D06D0072D03D0606940304682877584
:10393000FEBD606940300683FEBDF0B5ED4CC82089
:1039400061698DB0405C04280AD0052835D15C201F
:10395000405C00282AD0012060314871022026E016
:1039600010226846D63101F030F86169102204A8AF
:10397000B03101F02AF8684601F0DFFB08AE8DCEC9
:10398000616984250E4678360DC66F5000250D6797
:103990004D67012540267554D74D88318DC5284681
:1039A0000822093002F0C1FB052000E00D20FFF7DE
:1039B0002CFF61690020C03108720DB0F0BDF8B570
:1039C000CC481830FDF767FF002848D0C94C207A52
:1039D000002844D16069C421095C002500290ED06B
:1039E0002030C17E0120FFF7F3FE002807D1606977
:1039F0002030C17E0420FFF7EBFE002806D060696E
:103A0000C921095C0126062907D00DE06069502113
:103A10000D526030457102204EE02030C17E0420FE
:103A2000FFF7D6FE002813D0616908462030C27E19
:103A3000921E130002F0E8FD166262621D6262626D
:103A400060621F6262622843626262626262466210
:103A500060695E21095CC90702D0C0304572F8BDBB
:103A60000C20FFF7D2FE60694030817F31438177BF
:103A7000F8BD072020E0FDF79AFF0028F8D0606924
:103A8000403005700B2017E0F9F741FA0C28EFD30E
:103A900060690821B830F9F73BFA002806D0606960
:103AA00004218C30F9F734FA002804D1C72093A1FF
:103AB000C00002F0B8FC0420FFF7A7FEF8BDFFF736
:103AC0003CFFF8BD00228A66CA66C6770A4678318E
:103AD000C8C9894878322838D26842632830C8C0BB
:103AE00008220D30091D02F020FB0620FFF78DFE95
:103AF000606940308575F8BD0920DDE700F036FFCC
:103B0000F8BD70B57B4C3B216069095C08292FD159
:103B10000146028EC0314B89521C9A4228D1227A2A
:103B2000002A25D10A8A83889A4207D14B8AC58800
:103B3000AB4203D18B8A0589AB4209D043884B85C0
:103B40008A854A8ACA858A8A0A860122E6210A5417
:103B500001221146FDF747FC00210420FFF785FBF9
:103B600060690021C92211542030C1760321817778
:103B700070BD70B55F4C60692030C07E172803D0DF
:103B80005EA1624802F04FFC616900220B4640339F
:103B9000DA7608469A75E030867D0B240125002EE2
:103BA00006D0837C002B14D1C4740275857410E098
:103BB0001E7F002E07D01A774C88FA235C520276BB
:103BC0000C23837505E04E88FA235E520276057752
:103BD00084752031CA7670BD70B5464CA0798007D7
:103BE00036D5207A002833D160692030C17E01208B
:103BF000FFF7EEFD00282BD1A0690126C078002533
:103C0000030002F001FD0E8585088537465F0A85B1
:103C1000168526625285032152E060692030C07EFD
:103C2000052804D0394835A1333802F0FCFB60691F
:103C30000CE060692030C07E092804D033482FA1F1
:103C40002D3802F0F0FB606956210D542030C57606
:103C500070BD60692030C07E0B2804D02B4827A19E
:103C6000263802F0E0FB60695B210E540C21203005
:103C7000C17670BD60692030C07E0F2804D0234813
:103C80001EA11F3802F0CFFB60695B210E5410218A
:103C9000EDE760692030C07E102804D01B4817A1D2
:103CA000183802F0C0FB12210AE060692030C07EA3
:103CB000102804D0154811A1123802F0B4FB1421C9
:103CC0006069D4E7FFF755FF70BD60690146C030F9
:103CD000027A062A04D14031897F890700D505720E
:103CE000417A0629F0D1457270BD0000703801009C
:103CF000CD070000C4000020B81400207372635C7C
:103D00006C6C5F736C6176652E6300004C0500007F
:103D1000FD49FE4802F087FBE6E710B5FC4C606900
:103D20002030C17E0020FFF753FD002803D1207A08
:103D3000012108432072207A002808D1E069FDF7AC
:103D4000EBF961699122505405202031C87610BDED
:103D500010B5EF4C60690146C0314A7A002A06D09E
:103D6000097A062903D0217A012211432172217A8E
:103D7000002928D14030807F800715D4E069FDF705
:103D80005AFA61694031C877E069FDF756FA61690E
:103D900040310884E069FDF755FA6169022240313B
:103DA0004884887F10438877606900220146C031CB
:103DB0000B7A062B00D10A724030837FDB0702D1D9
:103DC00006234B72028310BDF8B5D14C60692030D8
:103DD000C17E0020FFF7FCFC0125002807D16069A7
:103DE0004030007F002802D1207A28432072207AB8
:103DF000002830D160690026014640304682857532
:103E0000B031E069FDF7EFF96169E0698831FDF7EC
:103E1000F3F960690146E030827D0827002A06D068
:103E2000817C002913D1C774067585740FE04A8818
:103E3000F8204252FA31E069FDF7C8F96169E0699A
:103E4000FF310331FDF7CAF96069E03087756069B9
:103E50000F212030C176F8BD10B5AD4C606920301F
:103E6000C17E0020FFF7B4FC002803D1207A012195
:103E700008432072207A002812D1E069FDF769F921
:103E800000280ED0E069FDF75FF96169CA2250523F
:103E9000098E00F0D6FD002806D0282000F05EFD37
:103EA00010BDFFF73AFF10BDE069FDF74BF96169FE
:103EB000C0310873E069FDF740F96169C031C8811C
:103EC000E069FDF72BF96169C0310882E069FDF70F
:103ED0002AF96169C0314882E069FDF729F9616911
:103EE000D422505208202031C87610BDF8B5884C35
:103EF000A079C00776D0207A002873D1606920307D
:103F0000C17E0120FFF764FC002863D1E069002531
:103F1000C178022701260B0002F076FB0D1613086C
:103F2000415A5A445C575A192F545A00FDF74CF91C
:103F30006169C62250543B20475440314D828E75F2
:103F400048E000F093FD45E0FFF786FF42E060693E
:103F50002030C17E0020FFF73BFC002802D1207AF0
:103F600030432072207A002834D160690146403104
:103F70004D828E750B2120300FE0606901462030A4
:103F8000C27E0C2A02D0227A3A432272227A002A76
:103F900020D1C57740310E770D21C1761AE0FFF7A9
:103FA00013FF17E0606901462030C27E122A02D05A
:103FB000227A3A432272227A002A0BD140318D753F
:103FC0001721EAE7FFF7C4FE04E000F00DFD01E071
:103FD000FFF7A3FE62690023106F516F401C594127
:103FE00051671067F8BDF8B5494C05466069203047
:103FF0008079012801D1FBF7E9FA012D14D160691C
:104000004021095C002903D12030C07F002801D065
:10401000FBF79BFDFBF7BDFAFBF7B0FAFBF708FADD
:10402000FBF72DFAFBF746FA60790225C107012656
:10403000002901D180070ED560692030817F0029D9
:1040400002D0032902D006E0867700E085770021C0
:104050000120FFF70AF960692030817F012903D12F
:104060006179090700D58577607A002803D100F0CF
:1040700027FDFFF7A4FC207900250028606902D005
:104080008030058403E08030018C491C0184607914
:10409000C00705D06069AC210D544030858104E033
:1040A000616940318889401C8881E079002806D008
:1040B0006169A031087B022806D8401C087360693A
:1040C000A030007B022806D9606901468030058453
:1040D0004584A0310D7360692030C17E0020FFF758
:1040E00077FB002804D160692030C07E072855D1B5
:1040F00060690146C0310A7A062A4FD0497A0629FA
:104100004CD03E21095C05E0FC3C0100BA050000F2
:10411000C4000020022941D1A030007B00283DD1FD
:10412000FDF74FFB002839D0FDF704FC002835D0FF
:1041300061690A468032508B01282FD90846A03089
:10414000844646716038C7898389B81E834201DB83
:10415000012002E0F81A401E80B2138CA789BB42EE
:1041600001D3012302E0FB1A5B1C9BB2984200D9E9
:104170001846012801D163465D71C0310B78002BD0
:1041800010D0528C49888A4201D3012102E0891A59
:10419000491C89B2884205D9084603E061690120BB
:1041A000A0314D7161690A8E803110188883FFF744
:1041B000DAFAFFF761FAFEF756FF002809D06069C6
:1041C0000146FF3001300279002A02D14988C180BE
:1041D00006716069A0308571F8BD70B5F84C6069F2
:1041E0002030407D00283ED0022810D1FDF7C2FAD1
:1041F000002804D17120F349000102F014F962692A
:104200000023916ED06E491C58419166D06660695A
:10421000002520304575017D012904D10575A1795E
:1042200010221143A171C17C012915D1C574A07957
:1042300008210843A071FDF76AFB002804D1E5209E
:10424000E049C00002F0EFF860690023816EC26EA1
:10425000491C5A41C266816660692030817D01290E
:1042600002D0012181753FE585753DE570B5D44CDF
:104270000026E169012508788207920F0420012AAF
:1042800015D0022A13D0032A03D0217A01432172C8
:104290002AE560780028FBD1606920308574A17917
:1042A0002943A17122E0C6751EE5C5751CE5497854
:1042B000CA0624D06278002AEAD1C906C90E1B2991
:1042C00018D8617901436171FDF75FFB002804D1C3
:1042D0003B20BC49400102F0A6F860690023016F51
:1042E000426F491C5A41426701672030C17D012954
:1042F000DBD1D8E7207A102108432072F4E460690A
:10430000F3E77CB504460020C0436946888001A8D5
:10431000FCF7B2FD00287AD169468888FCF790FD49
:10432000002803D0A749A84802F07DF8009801466C
:10433000E030827C0025002A08D0657010212170B1
:10434000C17CA170017DE170857472E082799C4E20
:10435000002A13D065700720207008E07169E620FC
:104360008D8445540A22A01CE83101F0DEFE00983D
:10437000E03080790028F1D1A5705AE0827D002AD2
:1043800038D0827D130002F03FF90D2F2F2F2F2FF1
:104390002F2F2F112F2F24082F0065700C21217033
:1043A000017EA17071694988A18010E065700820C4
:1043B00020707069082240886080201DFA3101F069
:1043C000B4FEFF2100980331095AA181E0308575C0
:1043D0002FE065700B212170017EA1707169498801
:1043E000A180017FA171F2E7774876495D3002F044
:1043F0001AF81EE0C81DF9300279002A08D01122EF
:1044000065702270811C89886180057111E012E05D
:10441000027A002A0FD012226570FF312270033118
:1044200004E005720A8962804A89A280027A002A21
:10443000F7D101207CBD00207CBD614800780128B7
:1044400001D00C2070470020704770B55C4C0546C9
:104450002078002804D05C485A49933001F0E3FFEB
:1044600000202561A07201202070FFF7E6FF0028E0
:1044700004D0554853499E3001F0D5FF34E4F8B5D7
:104480004F4F3978012901D00C20F8BD0126A62113
:1044900078610E548030807CFDF752F900282FD0CF
:1044A00078698030807CFDF753FA002828D078693D
:1044B0008030807CFDF7E5F9002821D078698030D4
:1044C000807CFDF70AFA00281AD0FAF7E6FF78692F
:1044D00000258030408B002827D039481830FDF760
:1044E000DAF9002821D07869C421095C00291CD0A0
:1044F0002030C17E0120FFF76BF9002802D014E0C4
:104500001220F8BD78692030C17E0420FFF760F9E1
:1045100000280AD1786950210D526030457102207F
:10452000FFF773F97869A03045717869E621095C75
:10453000002903D1818CC288914200D8C188B981F9
:1045400001468031CA8B521E93B20A8CD21892B2A5
:104550000A8494460246A0321479002C02D04D847D
:10456000157102E04C8CE4184C8404464034A78951
:10457000FF18A7814C8B012C01D8641C4C83002BA5
:1045800000D015732030C07E0D4C04281ED0507909
:1045900000281DD0A1898C451AD2FDF712F90028F8
:1045A00016D060690146C0310A78002A10D08030E8
:1045B000408C498888420BD3A570E6700AE0000061
:1045C000C4000020FC3C010081080000A67001E04E
:1045D000A570E5706069A5210D543B21095C062991
:1045E00001D0072918D1CA21028E095A511A09B2DD
:1045F000002911DB01460522CC310A3001F095FD7E
:10460000012202216069FCF7EEFE6069C9210D54A8
:104610003B210D546030867160699E210A5A811CCD
:104620003030FCF71EFFA07800283DD16069C02122
:10463000095C002901D0803045840120FAF7A4FDEF
:1046400060691330FAF713FF60690F30FAF753FE11
:104650000120FAF71FFF61694020405C002803D168
:104660003F20405C00280DD00A467831C8C9F9487F
:104670007832D26842632830C8C008220D30091D44
:1046800001F053FDFAF701FF01210846FAF758FE41
:1046900060698030806AFAF716FFFEF7A5FF60694F
:1046A0004030007AFAF730FE6571E571A571257228
:1046B0006572257102202070FAF7FCFE0020F8BD1B
:1046C00010B5E54C2078022801D00C2010BDA07850
:1046D000002803D00020FFF786FC17E0FAF7DDFE84
:1046E00000F033F9606920308079012801D1FAF7B0
:1046F00076FFA07A002809D0012807D0022807D029
:10470000032805D0D549D64801F08DFE002010BD04
:10471000EEF77EFCFAE7D0498872704710B5CE4CB0
:104720002078032804D0CE48CC49293001F07BFE04
:10473000606901212030827C002A06D00022827428
:104740000175A27904231A43A271A2691378DB438D
:104750009B0707D1C37C002B04D1C174A07902212F
:104760000843A0711078C00606D4E0690078C0063E
:1047700002D4E07900280CD06078002809D1A07913
:10478000002806D1FEF75DFC002802D0207A002820
:1047900003D00120FFF727FC03E0FEF725FF00F020
:1047A000D4F8207801280DD0A07A00280AD001285A
:1047B00008D0022807D0032805D0A948A7496830A7
:1047C00001F031FE10BD0120FBF719F810BD10B546
:1047D000A14C606920308079012812D1FAF7F6FEE9
:1047E0006169881C3031FCF7C5FE002809D060697A
:1047F000C21D4388F93253812030007E107301209E
:10480000107210BD70B5944C05462078042804D071
:1048100093489249803001F006FE617910200143EF
:104820006171002D50D0FBF7A8F96178012508438C
:10483000002811D160694021095C00290CD0E16990
:104840004A78D20608D0097820300907C07DC90F00
:10485000814201D165724EE0E078002809D0E0691C
:104860004178C90605D10078C00602D4FFF7AFFF32
:1048700041E0FFF7ACFFE06900784007C10F6069D5
:104880002030807D814205D0FFF7A7FC60790821A8
:1048900008436071E06900780007C10F606920304B
:1048A000C07D814201D1FFF7E1FC6079284360714E
:1048B0000020E071A079000704D560692030C07E37
:1048C000032818D0207A14E0022001436171E079B6
:1048D000401CC0B2E07101280DD8606940300078FA
:1048E00000280CD05B484078C106C90E052906D2C5
:1048F000C006002803D00120FFF775FB01E0FEF79A
:10490000BDFD207801280DD0A07A00280AD001280A
:1049100009D0022806D0032805D051484F49E2307B
:1049200001F081FD9FE40120FAF769FF9BE410B5D7
:1049300049480078042804D049484849EA3001F041
:1049400072FD0120FFF74FFB10BD10B501210020C3
:10495000FAF7DBFE40490420087010BD3E494A22A8
:104960004969505404202031C876704710B53A4C3C
:10497000C8206169405C00281CD0062806D0203180
:10498000C97E0020FEF724FF002813D0606901468D
:10499000C0310A7A130001F037FE070D0D0D0D0D21
:1049A0000D050D004030807FC20704D0C043800752
:1049B00000D1087210BD0C20FEF727FF60690122AC
:1049C0004030817F1143817710BD10B5002A0AD095
:1049D000002306E0D41A6418203CE47FC4545B1C16
:1049E000DBB29342F6D310BD7CB51B4C606920301E
:1049F000C17E0020FEF7ECFE0125002802D1207ABE
:104A000028432072207A00281AD16946E069FCF711
:104A100022FC684600780022C107C90F6846017071
:104A20006069002902D06030057101E060300271D8
:104A30006069014640304282857509202031C87680
:104A40007CBD401A074900B2884201DC00280BDC1B
:104A50000120704790140020C4000020FC3C01009D
:104A6000F4090000FE7F00000020F2E710B5534C6F
:104A700060692030C17E0020FEF7AAFE0028207A5F
:104A800010D000280DD1E069FCF797FB6169CA22BC
:104A90005052098EFFF7D5FF002807D02820FFF7D6
:104AA0005DFF10BD01210843207210BD6169E069FE
:104AB000CC31FCF77AFB606906212030C17610BD4D
:104AC00010B500F04EF83D4C607940070BD5606999
:104AD0002030C17E0520FEF77BFE002803D0207A1F
:104AE000082108432072FFF701FA00F018F8FFF7D9
:104AF00073F8A079C0060FD5207A00280CD1606920
:104B00002030C17E0B0001F07FFD07070707070774
:104B1000070507000721C176FEF7F3FF10BD10B5AA
:104B200026488179490715D5017A002912D14069B3
:104B30003B21095C891E0B0001F066FD07050C0C8A
:104B40000C0D0C0F0C00002256210A54C030807945
:104B5000FFF704FF10BD012100E00221C0304172C7
:104B600010BD10B515488179090720D5017A0029B3
:104B70001DD1406902462032D47EA41E230001F0DC
:104B800043FD13160B1616161616161616161616BF
:104B90001616161616171600562211546030407954
:104BA000002801D0062000E01620FFF7D7FE10BD38
:104BB0004030C1768175D17610BD0000C400002060
:104BC00030B50346002002460DE09C5C2546303D92
:104BD0000A2D02D30020C04330BD0A256843303877
:104BE0002018521CD2B28A42EFD330BD70B50D46A8
:104BF000144608E00A2101F012FB2A193031203A4C
:104C0000641ED177E4B2002CF4D170BD10B500233E
:104C100010E0040A00020443A0B2CC5C4440200629
:104C2000000F60400407240C44402006C00C604084
:104C30005B1C9BB29342ECD310BD000010B572B662
:104C400000F0DCF800280BD0ECF72AFBF8F7EFFDBA
:104C500000F0A5FD6E490020C86288626D490860B9
:104C600062B6002010BDF3B5002501200007C06A20
:104C700081B0C0430006000E04D167480068401CA4
:104C800000D1012572B600F0B9F8002802D062B652
:104C90000820FEBDECF75AFAECF706FB5F4B604EBE
:104CA00000211A68CA40D2071FD00246CA40D20764
:104CB00018D14AB2002A07DA1407240F083CA408C6
:104CC000A400A419E46904E09408564FA400E41970
:104CD00024689207D20ED4402206920F012A04D0F3
:104CE000032A02D062B65048FEBD491C2029D8D301
:104CF0000198030001F088FC14212323232323239C
:104D000023230B0D0F11131F1517191B1D2E002424
:104D100016E0012414E0022412E0032410E004242D
:104D20000EE008240CE009240AE00A2408E00B2421
:104D300006E00C2404E0052402E0072400E0062439
:104D4000F06901210002000AC9070843F061002D43
:104D500004D009E062B601200003FEBD2C4D3348AB
:104D6000E862ECF7A1FAA8622A49314808603149A3
:104D700002980860ECF798FA214600F0F7FCF8F783
:104D80001AFD00F0FDFE00F073FD0198ECF756FAF5
:104D9000040062B603D0FFF751FF2046FEBD00209D
:104DA000FEBD10B5044600F029F8002800D001200F
:104DB0002070002010BD204908600020704710B509
:104DC0000C46102808D011280BD012280CD013281C
:104DD0000ED00120086010BD03CC083CFFF743FF54
:104DE0000AE0FFF72BFF07E02068FFF7DAFF03E098
:104DF0001149206808600020206010BD05480C495A
:104E00000068884201D101207047002070470000EF
:104E100000050040780000200010001000E100E0D4
:104E200000ED00E000E400E00110000000190000C7
:104E3000BEBAFECAE40000200400002010B52038ED
:104E40000C46030001F0E0FB33A6AAAEB2B8BCC02A
:104E5000C5E0DBE41B1F23272C31373C41474D5075
:104E600054585C606D71656974787C8084888C901E
:104E700094989C9FA2CACFE9F0F3D3D7F80020689A
:104E800000F0DDF8D6E0206800F0E1F8D2E020681C
:104E900000F0F5F8CEE0207840B200F0D7FAC9E093
:104EA000207840B200F0F5FAC4E02078616840B2A2
:104EB00000F008FBBEE0207840B200F018FBB9E03B
:104EC000207840B200F023FBB4E02078217940B292
:104ED00000F02EFBAEE02078616840B200F058FB95
:104EE000A8E000F064FBA5E0206800F068FBA1E00A
:104EF000207800F07DFB9DE02068F8F72CF899E021
:104F00002068F8F72CF895E021792068F8F72EF85A
:104F100090E0206800F0E6F98CE0206800F0E7F906
:104F200088E0207800F0E7F984E000F0F1F981E012
:104F3000207800F0F3F97DE0207800F005FA79E0C0
:104F4000206800F01EFA75E0206800F020FA71E099
:104F5000206800F022FA6DE0206800F023FA69E092
:104F6000206800F025FA65E0206800F027FA61E08B
:104F7000206800F028FA5DE00846ECF7FFF859E0F9
:104F8000EDF719FA56E0EDF746FA53E02068EDF731
:104F90004EFA4FE0206800F0E1F84BE0206800F0A6
:104FA000E9F847E0206800F0F0F843E02078A268D4
:104FB000616800F0F5F83DE0207800F006F939E08E
:104FC000207800F017F935E02078616800F027F9C3
:104FD00030E02078616800F03AF92BE02179207800
:104FE00000F016FC26E0206800F06BF822E0206854
:104FF000F8F70CFB1EE02068F8F7F0FA1AE007CC8F
:105000000C3C00F0FFFC15E0206800F052FD11E0C0
:1050100003CC083C00F07DFD0CE0206800F06EFF42
:1050200008E009E003E0FFE700F080FF02E020680D
:1050300000F0B8FF206010BD0120086010BD002105
:105040000170084670470146002008707047EFF372
:105050001081C907C90F72B60278012A01D0012256
:1050600000E0002201230370002900D162B6002A6B
:1050700001D000207047012040037047E7E7EFF3BD
:105080001081C907C90F72B600220270002900D131
:1050900062B600207047F2E710B52848FFF7CFFF4F
:1050A000002803D026A11D2001F0BDF92348401C93
:1050B000FFF7C5FF002803D021A1212001F0B3F99B
:1050C00010BDF1B5224D6F6801261C48FFF7BFFFE8
:1050D0001A4C002803D10026601CFFF7D0FF1D4AA0
:1050E0001D490120506000BF00BF00BF00BF00BFCE
:1050F00000230B604B60009B6B60106000BF00BF23
:1051000000BF00BF00BF0868002802D1486800281F
:10511000F9D048680028E4D1002E04D06F60601CEC
:10512000FFF795FF07E0601CFFF791FF0028D3D140
:105130000248FFF7A4FF0020F8BDC2E7E800002006
:105140007372635C736F635F6563622E630000005C
:1051500000E5004000E0004000E100405A495B4BA0
:105160000A685B499A42096801D18904890C016087
:10517000002070475449554B0A6855499A4201D15D
:105180008004800C4860002070474F494F4B0A68EC
:105190004F499A4201D18004800C886000207047FA
:1051A00030B5494B494D1C684A4BAC4202D01028DF
:1051B00002D203E00E2801D3184630BDC300444894
:1051C000181801614261002030BD3F493F4B0A6819
:1051D0004049491C9A4202D0042802D203E0022826
:1051E00001D3084670473C4A0121C0008018016085
:1051F000002070473449354B0A683649491C9A42A9
:1052000002D0042802D203E0022801D308467047E6
:10521000314A0121C000801841600020704770B5FC
:10522000294A2C4B14682D4E284D82005B1C921984
:10523000AC4203D0042803D2116006E0022801D357
:10524000184670BD8804800C1060002070BD70B5D9
:105250001D4A204B1468214E1C4D82005B1C921984
:10526000AC4203D0042803D2106806E0022801D320
:10527000184670BD10688004800C0860002070BD66
:1052800010B5134A164890600E200021C3009B18E9
:1052900019615961401C1028F8D300200F4A05E01D
:1052A000022803D383009B18196005E083009B1834
:1052B0001C68A404A40C1C60401C0428F0D310BD7E
:1052C000034907488860704778000020BEBAFECACC
:1052D00000F501400820000000F0014000F8014006
:1052E00000C0FFFF47490968016000207047454939
:1052F0000860002070470121434A002803D001289C
:1053000003D042487047916300E0D16300207047AA
:105310003F49012008603D48801C704704223D4BF6
:105320003B49002805D05A600869012210430861F2
:1053300008E008694008400008619A60324900208E
:10534000C03188600020704731490622002808D00B
:10535000012809D002280DD003280FD02B48401C6B
:1053600070470869904302E008699043801C086117
:105370000020704708699043001DF8E70869104352
:10538000F5E723494A6A02434A62002070472049F0
:105390004A6A82434A62002070471D49496A016097
:1053A000002070471A49CA690243CA610020704749
:1053B0001749CA698243CA61002070471449C96904
:1053C0000160002070471249024600204031002A47
:1053D00003D0012A01D0072070478A6370470D4926
:1053E0000420886008490020C03188600A480168AC
:1053F0008022090A0902114301600849012008605E
:1054000070470000000400404000004004200000FD
:10541000000500400003004000E400E000E100E07F
:105420008107C90E002808DA0007000F0838800835
:10543000814A80008018C06904E080087F4A8000AB
:1054400080180068C8400006800F704710B50446F9
:1054500000F0DBF8002813D02046FFF7E1FFC0B2D0
:1054600000F0E1F800280DD07549E2060B78D20E65
:1054700001209040002B08D04A681043486006E0A5
:10548000704810BD6F48401C10BD6F490860002077
:1054900010BD10B5044600F0B8F800280BD06849DC
:1054A000E2060B78D20E01209040002B05D04A680E
:1054B00082434A6004E0634810BD6349803108605C
:1054C000002010BD70B50D46044600F09EF800287F
:1054D0000BD05E480068E206D20E012191400840E0
:1054E00000D001202860002070BD564870BD10B566
:1054F000044600F08AF8002807D0E106C90E012012
:10550000884052490860002010BD4E4810BD10B5BB
:10551000044600F07AF8002808D0E106C90E012000
:1055200088404A4980310860002010BD454810BDC0
:1055300070B50D46044600F068F8002819D02846DA
:1055400000F071F8002816D0A007C10EFF228A4093
:10555000A807000E8840002C10DA2107090F08392F
:105560008B0835499B005B18D96991430143D96188
:105570000CE0344870BD3348401C70BDA3082F496F
:105580009B005B181968914301431960002070BDAE
:1055900070B50C46054600F038F8002805D02846BE
:1055A000FFF73EFF2070002070BD264870BDBFF39E
:1055B0004F8F21492648C860BFF34F8FFEE770B573
:1055C0001F4C05462178012000290ED1207072B6AB
:1055D00000F0F4F81C4E803631688143616000F0C1
:1055E000EDF8C043306062B600202870002070BD26
:1055F00013490A78002A06D0002804D1124A4868C4
:105600001060002008700020704710B50446202864
:1056100007DA00F0D3F80121A140084201D10120AE
:1056200010BD002010BD012803D0032801D00020A8
:10563000704701207047000000ED00E000E400E04A
:10564000EC0000200120000000E100E000E200E0AA
:105650000400FA05F8B50446800700250126002855
:1056600004DA5848C563C66302208443E00404D5C5
:105670005548C563C66380148443600003D553480E
:10568000456080058443E00504D55148C563C66381
:1056900080158443A00404D54E48C563C6634014F6
:1056A000844360042704C00FF90F884203D04AA145
:1056B000612000F0B8FEB80F0AD04C49CD634C48C9
:1056C000C563C563CE63C663C6630320800384439A
:1056D00020050AD5474FFD632F20EBF765FDFE63DC
:1056E0002F20EBF761FDF8148443FFF7C9FD424812
:1056F000044203D038A18D2000F095FEF8BDF0B52E
:1057000000210A46FF230446CC40E4072AD04CB2CD
:10571000E606F60E0125B540384E3560384E356048
:10572000002C11DA25072D0F083DAE08354DB600C7
:105730007719FD69A407E60E1C46B440A54314463C
:10574000B4402543FD610DE0A6082F4DB600761943
:105750003568A407E70E1C46BC40A5431446BC4070
:1057600025433560491C2029CDD3F0BD70B5274CA9
:105770000D462060FFF76EFF2068FFF7C0FF284648
:10578000ECF7EAFEFFF788FCF7F778FBFFF778FD08
:10579000FFF725FEECF766FD00F06AF870BD10B566
:1057A0001A4C2068FFF756FF2068FFF7A8FFFFF7A5
:1057B00067FDECF74BFF0020206010BD1348006828
:1057C00070470000C01F0040C0CF004000E501400E
:1057D000C08F0040C0DF00407372635C736F635F13
:1057E000636F6E6669672E6300000000C0EF0040C3
:1057F000C0FF0040C0BF0040FEFF0FFC80E100E0A2
:1058000080E200E000ED00E000E400E0F4000020B1
:1058100070B5002402460D4620462146002A1ED0BF
:10582000012A04D0022A04D0032A1ED103E0012059
:1058300002E0022013E003202B0000F0E5FE071633
:105840000507090B0D0F1600012108E0022106E0F3
:10585000032104E0042102E0052100E00621F8F71D
:1058600058F8002801D0204670BD0724FBE700004F
:10587000B348002101708170704770B5B14D0123AC
:105880006B60B14B1C68002CFCD0002407E00E6854
:1058900006601E68002EFCD0001D091D641C944289
:1058A000F5D30020686018680028FCD070BD70B582
:1058B000A34C0E466178884203D0A4A16F2000F06B
:1058C000B2FD0325330000F09FFE09520624245246
:1058D0005252524952002078022803D09BA17320D3
:1058E00000F0A1FD2570A078022802D0012804D084
:1058F00008E0A06800F0D2FB04E02046083007C8AA
:10590000FFF7BBFF0020A070F7F7A4FF0420207072
:1059100070BDF8F754F801466068F9F776FA064664
:105920002078022803D089A1872000F07CFD8B4AD3
:105930008B498C48964205D86269032A02D2521CD0
:10594000626102E0864207D84D71801BC8608449BD
:105950006078F8F7B4FC70BD032003E0A07800285D
:10596000FAD10220F7F77EFE00F0E1F870BD77A1D2
:10597000B12000F058FD70BD70B50546F8F71FF86E
:105980006F4C60602078012803D070A1B82000F02F
:105990004AFD73490220087000220A718D600422BA
:1059A0004A71704ACA6020706078F8F788FC70BD50
:1059B00010B5634CA078002802D12078002801D0CF
:1059C000112010BD6848F7F78BFF607060780028E1
:1059D00004D0012020700020606110BD032010BDA4
:1059E00010B50124020B64040121604BA04202D2D5
:1059F0009140186802E0203A58689140084000D071
:105A0000012010BDF8B50E46910005464F19144609
:105A10003F1F009100F053FB009980028919091F74
:105A2000B14201D2012200E00022002C03D0FF216C
:105A300001318C4201D90920F8BD4D498D4219D35D
:105A4000AF4217D3854205D2874203D2284630435E
:105A5000800701D01020F8BD8E420BD3002A09D157
:105A60002846FFF7BDFF002804D13846FFF7B8FFEE
:105A7000002801D00F20F8BD3E483F490068884209
:105A800005D0224631462846FFF7F7FE0FE0FFF724
:105A90008FFF0028EFD12A480121C660856004618C
:105AA00081702046302148431830FFF765FF002001
:105AB000F8BD10B504462E48800A84420BD300F08E
:105AC000FEFAA04201D8102010BDA0020446FFF744
:105AD00087FF002801D00F2010BD26482649006806
:105AE000884203D0204600F0D9FA0AE0FFF760FFB1
:105AF0000028F1D112480221846081701F48FFF70D
:105B00003BFF002010BD1A48010B01208840401EB9
:105B1000704700B50B460246FFF7F5FF104201D073
:105B20000F2000BD114802604360002000BD10B589
:105B3000034C6078F7F728FF00202070A07010BD9C
:105B4000F800002000E5014000E401407372635C4E
:105B5000736F635F666C6173682E6300307500005D
:105B6000E0140020D0FB0100AF5801000006004007
:105B70000080010078000020BEBAFECA3A5600003C
:105B8000F74805218170002101704170C17081606A
:105B9000704710B5F3490A78022A07D0CA6810186E
:105BA000C860C8689638F9F7E9F810BD8A68101817
:105BB00088608868F6E70378EB49EC4A002B02D04E
:105BC000012B10D014E00379002B01D0012B0FD151
:105BD0004379002B01D0012B0AD18368643B8B42AF
:105BE00006D2C06810E00379002B03D0012B01D04E
:105BF000002070474379002B01D0012BF8D1C368F6
:105C0000643B8B42F4D280689042F1D80120704707
:105C1000F8B504460226F8F740FD0068002803D0D6
:105C2000D3A1BD2000F0FFFB0127CD4D002C08D0F3
:105C30002078002817D0012805D0022811D0032889
:105C400013D02F710DE06068C82808D3F9F70BF95D
:105C5000002804D06068FFF79CFF012603E00026BF
:105C600001E000F0F9F93046F8BD28780028F8D1B5
:105C70006068FFF7A0FF0028E3D060680078002884
:105C800026D0A878042803D0B9A1F72000F0CBFBD8
:105C9000B44F0020387060680079012800D00020DF
:105CA000387160684079002837D0042078716068C6
:105CB0008168E868F8F71DF9B8606068C0689630D8
:105CC000F8600320A870A749E878F8F7F8FAC8E761
:105CD000A4480221017061680979012919D00021C5
:105CE000017161684979002915D004214171616809
:105CF0008968963181606168C968C160C068984CE4
:105D000014346060F7F75BFE20606F700220A870AB
:105D1000A7E70321E4E70321E8E70320C6E7F8B596
:105D20008F4C0D46E178884204D0FF2090A11930B5
:105D300000F079FB28468A4F00250126143703001E
:105D400000F062FC090612375A7C8D97C4A0C4008B
:105D5000A078032807D0A078022804D0FF2084A1CF
:105D60001D3000F060FBF8BDA078032807D0A078B4
:105D7000022804D0FF207EA1213000F054FB042033
:105D8000A07025712078002810D1FFF702FFE0787D
:105D9000F8F7D6F8E0607D49886A7D4A02402261C2
:105DA0007B4AD24310408862002050E000F054F952
:105DB000F8BDA078032807D0A078022804D0FF20DF
:105DC0006BA1423000F02FFB2078002802D000F0B9
:105DD0004FF9F8BDA07803281FD104202AE0091A42
:105DE0006048C1600146E078F8F769FAF8BD042020
:105DF000F7F738FCA570F8BDA078032807D0A07885
:105E0000022804D0FF205AA1633000F00CFB207858
:105E10000028DCD1A07803280BD0F7F7D0FD01468D
:105E20003868F8F7F2FF0028E1DB79688142DEDBB1
:105E3000D5E70520F7F716FCA670F8BDA078042872
:105E400004D0FF204AA1843000F0EDFA0220A168BE
:105E50008847FFF7DDFEFF260546BD3642E0A07805
:105E6000042804D0FF2042A1893000F0DCFA012090
:105E7000EDE7A078042899D0FF203DA18E3000F0F6
:105E8000D2FA93E7A07804280AD06078002802D0DC
:105E9000A078022804D0FF2035A1933000F0C3FA87
:105EA0002078002893D12079002804D00620F7F725
:105EB000D9FB2571C0E76078002805D02949E07832
:105EC000F8F7FDF96570F8BD0720B3E7FF2028A1BA
:105ED000AE3046E7002D0AD0012D06D024A1304671
:105EE00000F0A1FA022DF5D1F8BD042000E0032056
:105EF000A1688847FFF78CFE0546F3E770B50500FB
:105F000005D0174CA078052803D0112070BD1020B3
:105F100070BD2048F7F7E4FCE070E078002803D07B
:105F2000A5600020A07070BD032070BD10B50C48A6
:105F30000178002901D0112010BD817805292BD0CE
:105F4000817801292AD08178002927D00121017088
:105F50008178012922D0807800281FD020E000001D
:105F600010010020F01400203D860100FF1FA10752
:105F70007372635C736F635F726164696F5F74698E
:105F80006D65736C6F742E630000000000050040A7
:105F9000028100001F5D01000F2010BD00F068F8B5
:105FA000002010BDF8B5394E0446B078002801D065
:105FB00001280DD1002C0DD02046FFF7FCFD002854
:105FC0000AD02078324D002808D0B078012823D09C
:105FD0000F20F8BD1020F8BD0720F8BD02272F7054
:105FE0002079012814D0002028716079002811D070
:105FF00004206871A0689630A860E068E860E868EE
:10600000224C14346060F7F7DAFC2060B77019E0B6
:106010000320E9E70320ECE700202870207901281D
:1060200016D0002028716079002813D004206871F0
:10603000A168F068F7F75DFFA860E0689630E86057
:106040000320B0701249F078F8F739F90020F8BD54
:106050000320E7E70320EAE710B50E48816A0E4AFD
:1060600011400A4A126911438162F7F7F3FB10BD30
:1060700010B5064CE078F7F787FC0820F7F7F2FA3E
:106080000520A07000202070607010BD100100205D
:10609000F014002000050040FD7EFFFF0A4A0221A7
:1060A00051600A490B68002BFCD0906008680028FA
:1060B000FCD00020506008680028FCD07047012008
:1060C000000740697047000000E5014000E401401E
:1060D000034610B50B439B070FD1042A0DD308C804
:1060E00010C9121FA342F8D018BA21BA884201D9A8
:1060F000012010BD0020C04310BD002A03D0D307EB
:1061000003D0521C07E0002010BD03780C78401C1F
:10611000491C1B1B07D103780C78401C491C1B1B16
:1061200001D1921EF1D1184610BDF8B5042A2CD326
:10613000830712D00B78491C0370401C521E830742
:106140000BD00B78491C0370401C521E830704D0EF
:106150000B78491C0370401C521E8B079B0F05D007
:10616000C91ADF002023DE1B08C90AE0EBF72CF870
:10617000F8BD1D4608C9FD401C46B4402C4310C064
:10618000121F042AF5D2F308C91A521EF0D40B7854
:10619000491C0370401C521EEAD40B78491C037042
:1061A000401C012AE4D409780170F8BD01E004C064
:1061B000091F0429FBD28B0701D50280801CC90767
:1061C00000D00270704700290BD0C30702D00270C4
:1061D000401C491E022904D3830702D50280801C7B
:1061E000891EE3E70022EEE70022DFE70378C278AA
:1061F0001946437812061B0219438378C0781B04A2
:10620000194311430902090A000608437047020AAC
:1062100008704A70020C8A70020ECA707047002221
:1062200003098B4273D3030A8B4258D3030B8B426F
:106230003CD3030C8B4221D312E003460B437FD4A3
:10624000002243088B4274D303098B425FD3030AB5
:106250008B4244D3030B8B4228D3030C8B420DD3C8
:10626000FF22090212BA030C8B4202D31212090256
:1062700065D0030B8B4219D300E0090AC30B8B4294
:1062800001D3CB03C01A5241830B8B4201D38B0342
:10629000C01A5241430B8B4201D34B03C01A5241E7
:1062A000030B8B4201D30B03C01A5241C30A8B422A
:1062B00001D3CB02C01A5241830A8B4201D38B0215
:1062C000C01A5241430A8B4201D34B02C01A5241B9
:1062D000030A8B4201D30B02C01A5241CDD2C3092B
:1062E0008B4201D3CB01C01A524183098B4201D3A7
:1062F0008B01C01A524143098B4201D34B01C01A92
:10630000524103098B4201D30B01C01A5241C30809
:106310008B4201D3CB00C01A524183088B4201D378
:106320008B00C01A524143088B4201D34B00C01A64
:106330005241411A00D201465241104670475DE079
:10634000CA0F00D04942031000D3404253400022FC
:106350009C4603098B422DD3030A8B4212D3FC22A5
:10636000890112BA030A8B420CD3890192118B4224
:1063700008D3890192118B4204D389013AD092113A
:1063800000E08909C3098B4201D3CB01C01A5241F5
:1063900083098B4201D38B01C01A524143098B42BE
:1063A00001D34B01C01A524103098B4201D30B01A7
:1063B000C01A5241C3088B4201D3CB00C01A5241CC
:1063C00083088B4201D38B00C01A5241D9D24308B3
:1063D0008B4201D34B00C01A5241411A00D20146F0
:1063E000634652415B10104601D34042002B00D55A
:1063F0004942704763465B1000D3404201B500201C
:10640000C046C04602BD70477047704710B500F0E7
:106410003BF810BD012308CB134B1860134B1960D8
:10642000134B1A607047134A134B13607246053AB8
:10643000F0E7114A0F4B1B689A420ED10D4B00201A
:10644000186001980D4B04B598470CBC9E46024657
:10645000029800990A4B1B68184706980599094B42
:106460001B68DB6818470000340100203801002059
:106470003C0100202C010020EFBEADDEC9CD0000A4
:10648000E4000020040000201D481E497047FFF76B
:10649000FBFFEAF753FE00BD01200007C06AC0B24F
:1064A000FF2804D1184819490968884202D01848C1
:1064B00018490160184819490968884203D1184AE7
:1064C00013605B68184700BD20BFFDE71248134901
:1064D000096888420ED1134B18680B498842F3D0E3
:1064E00080F308881049884204DD104802680221C0
:1064F0000A4302600E4880470E4880470E48004716
:106500000015002000150020FFFFFFFF0010001005
:106510002C050040080000000010000000000020D2
:10652000040000200080010000200020240500401D
:10653000DFCD000099640100156401001348704527
:1065400002D1EFF3098101E0EFF308818869023895
:106550000078102814DB202810DB2B280BDB0C4ADA
:1065600012680C4B9A4203D1602804DB0A4A104798
:10657000022008607047094A10470000084A104787
:10658000084A12682C32126810470000FDFFFFFF16
:1065900078000020BEBAFECAAD1200003D4E0100D8
:1065A000BF4D0100040000200D4B0E4908470E4B63
:1065B0000C4908470D4B0B4908470D4B0949084743
:1065C0000C4B084908470C4B064908470B4B05493B
:1065D00008470B4B034908470A4B0249084700008C
:1065E00079250000192200009D2B00003F2A0000A1
:1065F000ED2900009F270000B912000013140000CD
:10660000012B00000F23000030B47446641E25786F
:10661000641CAB4200D21D46635D5B00E31830BCD6
:10662000184703B5684600784006400E401C884273
:1066300005D269460878401CC0B208700CBD684697
:106640000078000601D500200CBD80200CBD414023
:10665000802901D0002070470120704737B50878A5
:106660000C4669460978884206D020781146FFF723
:10667000D8FF207001203EBD00203EBD37B5044646
:106680000078154669460979FFF7E1FF002801D037
:1066900000203EBD20782946FFF7C3FF207001206F
:1066A0003EBD0FB568460179007881420AD0684640
:1066B000007922214006400E4843801818600120CE
:1066C00004B000BD0020FBE77FB5684601791C4699
:1066D00015460078FFF7BBFF002802D0002004B069
:1066E00070BD6846007822214006400E484340199C
:1066F00020600120F3E70000FFFFFFFF0000FFFF25
:106700000100030000000100000000000000000084
:1067100000000000000000008700000000000000F2
:10672000000000000000000000000001020304005F
:106730000D0E0F100000000033690000516B0000C7
:10674000196C0000736C0000C76C00002F6D000016
:106750008D690000456A0000D16D0000DF790000FE
:10676000100110013A0200001A02000004013C006E
:10677000230044000E0001020408102040805555FB
:1067800055D6BE898E0000007006120DB4130000AD
:1067900014035A06A00900006004F208840DF401F5
:1067A000FA00960064004B0032001E001400000046
:1067B000E067010008000020100000000411000044
:1067C000F0670100180000202801000004110000FB
:1067D0001869010040010020C013000020110000D2
:1067E0000249022208681042FCD0704700E200E033
:1067F0000000000000000000000000000000000099
:106800000000000000000000000000000000000088
:106810000000000000000000000000000000000078
:10682000000000000100010054000020FB349B5FC9
:106830008000008000100000000000000000000048
:106840000000000000000000000000000000000048
:106850000000000001000000000000000000000037
:106860000000000000000000000000000000000028
:106870000000000000000000000000000000000018
:106880000000000000000000000000000000000008
:1068900000000000000000000000000000000000F8
:1068A00000000000000000000000000000000000E8
:1068B00000000000000000000000000000000000D8
:1068C00000000000000000000000000000000000C8
:1068D00000000000000000000000000000000000B8
:1068E00000000000000000000000000000000000A8
:1068F0000000000000000000000000000000000098
:106900000000000000000000196401000000000009
:0869100000000000000000007F
:108000000040002079110200B5110200B7110200F2
:108010000000000000000000000000000000000060
:10802000000000000000000000000000B911020084
:108030000000000000000000BB110200BD110200A2
:10804000BF11020029C10100251C0200BF1102005E
:10805000BF1102000000000079120200BF110200EF
:10806000BF1102000D1E02005D180200BF110200C8
:10807000BF110200BF110200BF110200BF110200B8
:10808000BF110200BF110200BF110200BF110200A8
:10809000BF1102007D04020059040200BF1102005A
:1080A000BF110200BF11020000000000000000002C
:1080B00000000000000000000000000000000000C0
:1080C00010B5064C2378002B07D1054B002B02D0AE
:1080D000044800E000BF0123237010BDC820002029
:1080E0000000000060C80200044B10B5002B03D054
:1080F0000349044800E000BF10BDC0460000000076
:10810000CC20002060C80200402292029A1A9246B7
:108110007047C046174B002B00D1134B9D46FFF70D
:10812000F3FF00218B460F461348144A121A12F02F
:10813000DEFF0E4B002B00D098470D4B002B00D0DC
:1081400098470020002104000D000D48002802D0AF
:108150000C4800E000BF0EF069FC2000290012F07E
:10816000C3FD0EF04DFCC0460000080000000000FA
:108170000000000000400020B0200020D429002092
:108180000000000000000000F0B50400150085B0FC
:1081900001930AAB1F880BAB1B78461C02930EABF6
:1081A0001B78102203930B7803704B8A01314382B2
:1081B000300012F080FF656100250122019B2783BA
:1081C0006383039BE5832377029B2000F377A31C43
:1081D000DA770C9B0C26636223000D9A2833290062
:1081E0001A705D7032009D702C3012F080FF2000FC
:1081F000064B3200A3632900E563403012F077FF9D
:108200002000034B2565E36405B0F0BD6B700200F0
:108210005D700200F0B504009DB01422002112F040
:1082200066FF200007220021143012F060FF2000BA
:10823000122200211B3012F05AFF200014220021CC
:108240002D3012F054FF200014220021413012F092
:108250004EFF200014220021553012F048FF20006C
:1082600008220021693012F042FF2300002201277A
:10827000A54E71331A70A5493368A54D61673B421D
:1082800008D1280000F086FE2800A24AA2493760E3
:1082900012F0D4FE0022A149A567AC6014A80EF02C
:1082A00091FF542012F0D5FE0E2300260127050071
:1082B0000193063304972200009314A903960296B3
:1082C000FFF762FF2800964B0822E567EC6214A9CD
:1082D00030301493159612F0EEFE2B00914929339D
:1082E000A96302351F703200EF778F4914A80EF092
:1082F00069FF542012F0ADFE122322000500019305
:108300000B3B04970093143214A903960296FFF7CF
:108310003BFF211DCD670235EF773200834914A85A
:108320000EF050FF542012F094FE12232200049706
:10833000019300931B3214A9039602960500FFF7E0
:1083400023FF21000831CD670235EF773200079116
:1083500014A877490EF036FF542012F07AFE14224A
:108360001223009201931300220004972D3214A9C6
:10837000039602960500FFF707FF2200883215607A
:108380000235EF776B49089214A832000EF01AFFFD
:10839000542012F05EFE0822022300920193130083
:1083A000220005000497693214A903960296FFF78C
:1083B000EBFE22002800604B8C3214A91560EC62A1
:1083C000082230301493159612F075FE554AAB1CF6
:1083D000AA632A0029321770E26FDF770A92221D02
:1083E000D26F0E950B92079A3020D26F0AAFBA6007
:1083F000089A1268FA60626F08928032099212F04D
:1084000028FE050010300FF089FC280024300FF002
:108410001DFB4A4B18202B6012F01BFE484B082214
:108420003100079004600C301493159612F05FFE33
:10843000079A14A9101D082212F03DFE414B079A1D
:10844000EE6053611223AB80089B29000433DB6F7D
:1084500009985B68AA602E62EE629847B04205D028
:1084600028000FF080FB280012F0EFFD00223649B3
:108470000FA80EF0A7FE2C224021412004AB9B1830
:108480001B7804AA5218137004ABDB8F123104AAB4
:1084900052181380253904ABC9181022C01812F0E5
:1084A0000AFE5421052304AA521813705C221A975D
:1084B0000027D12504AB9B181F80636FAD0058596E
:1084C00006F0A8F8036814A91B689847636F585909
:1084D00006F0A0F80600142012F0BBFD05001B4BAF
:1084E0000761082210C00FA90F93109712F0E3FD47
:1084F000174BEB60B369BB4203D12000B5611DB0DF
:10850000F0BD2B61F9E7C046E42000206022002086
:10851000E82000200020002071890100D8C302005B
:108520008571020079700200B8C30200C8C302005E
:10853000F8C30200E8C3020043710200E80301002F
:108540000D710200A3700200A8C30200A97102000D
:10855000E3700200F0B585B004000EF058FE00286C
:1085600036D0250014352900A06F0EF0FDFF230042
:108570001B331900A06F029300F0E0F8D123626F63
:108580009B00D058271D06F045F8FA6F0368D18B81
:1085900001220092DE682A000723B047D123616FD1
:1085A00026009B00C85806F035F801220836F36F04
:1085B0000396D98B03680092DB68029A1E0012238F
:1085C000B047134A13780133DBB2022B02D8137081
:1085D00005B0F0BD00231370D123616F9B00C85814
:1085E0001E0006F017F8FB6F2A00D98B03685F693D
:1085F0000723B847636F985906F00CF8039B029A5B
:10860000DB6FD98B03685C691223A047E0E7C046A3
:108610002829002082B037B504000692079301F0A4
:10862000BDFC2300D8331B681C4AC31A934230D9BF
:1086300006AB1B881A00643A032A0CD8A2184832E9
:108640001278002A07D0503B9B001B59C01AFA230E
:108650001B0198421DD3A56801222B00280041333D
:108660001A7006A99218423012F025FD2B0028003E
:1086700006AA528844331A70089B0422453001A987
:10868000019312F018FD122354352B70A0680EF0E0
:10869000C9FD37BC08BC02B01847C0466F170000C0
:1086A00030B50C00016887B00B00A933FF33988800
:1086B00002ADA8809879A871104802900E20185633
:1086C0009B68A87301930493DA235B00CB5AAB81B8
:1086D000002C01DD002A05D1002102A803F07CFB5B
:1086E00007B030BD01215211914002A803F074FB84
:1086F000210002A803F036FCF2E7C04618B30200DE
:108700007FB5026802A81300A933FF3399888180DE
:1087100099798171084902910E2159569B6881739C
:1087200001930493DA235B00D35A0021838103F081
:1087300053FB07B000BDC04618B302000368F7B58D
:10874000FC330500D86F0C000FF0E3FC43490AF03E
:10875000B9FA02260AF08AFD6B4632006946188093
:10876000200012F0A8FC2B68BE27FC33D86F0FF056
:10877000DDFC3A490AF0A6FA0AF078FD6B463200B1
:1087800069461880A01912F096FC2B687F00FC3314
:10879000D86F0FF0A9FC6B464042991932005880FF
:1087A000201D12F088FC2B68FC33D86F0FF0A3FC5F
:1087B0006B46320099195880A01D12F07CFC2B6882
:1087C000FC33D86F0FF09EFC6B464042588020006F
:1087D00032009919083012F06EFC2B68D85902F05B
:1087E000B3FA010028000EF04FFF01A90880200015
:1087F00032000A3012F05FFC2B68D8590FF052FD9E
:10880000FA21890009F0B0FC6B46D88020003200C4
:10881000991D0C3012F04FFC2B68D8590FF049FD10
:10882000FA21890009F0A0FC6B46D88020003200B4
:10883000991D0E3012F03FFC2B68D8590FF040FD07
:10884000FA21890009F090FC6B46D88020003200A4
:10885000991D103012F02FFCF7BDC04600007A447D
:108860000B001100064A10B5914200DD11001B01FA
:108870000068A933FF33C01803F0AEFA10BDC0463C
:10888000FD030000F0B5040085B01F000CAB1B8891
:10889000103001930E0015000FF040FA2000243034
:1088A0000FF0D4F826806580182012F0D2FB08263D
:1088B000050032000AA902A812F0FDFB28003200D0
:1088C00000212F600C3012F012FC320002A9281D8A
:1088D00012F0F1FB064B022220006B61002301998C
:1088E000A5600A43E360A2802362E36205B0F0BDA5
:1088F00083720200F0B50025060004002F0087B047
:1089000048363378002B1AD02900184A6431049273
:108910008AB2039220686A4680308446059704AB89
:1089200003CB03C223006046002203990EF045FFEB
:1089300028012368A930FF30181803F015FAFF2327
:108940000135377033710136042DDAD12000FFF77D
:10895000D7FE20000EF0C5FE01F020FB2300D83327
:10896000186020000EF02AFD07B0F0BD158601004A
:10897000F0B500258BB004006A461F4E00680296D1
:10898000039502AB82CB82C28030012123002A00F2
:108990000EF013FF6A4620680496059504AB42CB9F
:1089A00042C28030022123002A000EF006FF134A43
:1089B000206806926A46079506AB42CB42C28030D9
:1089C0000D2123002A000EF0F8FE0D4A20680892BF
:1089D0006A46099508AB42CB42C2803023002A0088
:1089E00029000EF0EAFE6068A84201D012F02DFBCB
:1089F00020000BB0F0BDC0461586010029730200AF
:108A0000CF720200F0B597B004000D0017000EF011
:108A1000C7FE002800D1ADE0574A2E000692002282
:108A200069466436B3B20593079206AB206844CB1F
:108A300044C180302300022205990EF0BEFE4E494B
:108A4000002208916946099208AB206844CB44C1D2
:108A500080302300032205990EF0AFFE4649002224
:108A60000A9169460B920AAB206844CB44C180301E
:108A70002300042205990EF0A0FE00220D926A4602
:108A80003D490CAB0C91206842CB42C280302300A0
:108A9000052205990EF091FE012F33D1364A10219F
:108AA0000E9200220F926A4602910EAB206842CBD2
:108AB00042C280302300022205990EF0AEFE2E4AFB
:108AC00010211092002211926A46029110AB206888
:108AD00042CB42C280302300032205990EF09DFE56
:108AE0002E010222290020000EF0DFFDA9362368A6
:108AF000FF36981903F038F923689819390003F004
:108B000097FA2BE0022F27D11B4A10211292002244
:108B100013926A46029112AB206842CB42C2803067
:108B20002300042205990EF078FE134A10211492B6
:108B3000002215926A46029114AB206842CB42C2D1
:108B400080302300052205990EF067FE2801236876
:108B5000A930FF301818D1E7002FF7D0172D09D80A
:108B6000631960331F70002F04D001F017FA1E350F
:108B7000AD00605117B0F0BDCF720200F0B58FB0FC
:108B800004AFFA600A7805000C005309062B60D187
:108B900019331340FB601D231A40FB688E78013B9C
:108BA000BA60022B24D8012A09D0D7222B68920060
:108BB0009818002E19D0310004F014FE0BE0D722D3
:108BC000036892009818002E0BD104F071FEFB6828
:108BD000023B012BE9D928000EF029FCBD460BB061
:108BE000F0BD310004F092FDF1E704F09FFEF2E7E2
:108BF0004B7830003B620CF081F80022D04B0AF039
:108C000021FFD04B00220BF013FA0CF011F8BB68D7
:108C10007862042B0BD1002310212868FB6179189E
:108C200000930C33CA186830202102F0E1FCFB6885
:108C3000053B012BCFD802231021FB6100232868BC
:108C4000791800930C33CA186830202102F0D0FC48
:108C5000C1E7052B0BD1D2240068A4000019002421
:108C6000CB788A784978009404F014FFB3E7022B9C
:108C700000D08EE01F261640012E25D16E46FB68DF
:108C800000220633DB08DB00F31A9D4604ABBB6011
:108C90001A70FB68023B7B60FB68033B013300DB1F
:108CA0007A68BB680021581C12F021FA7A68A11C6E
:108CB000B86812F000FA0A22637828005A43B968AB
:108CC0000EF00BFCB54686E7042E27D1A378497831
:108CD000E2781B021943237912041B0604000A439D
:108CE0001A430023DC34E018002184461600C8181B
:108CF000C640300001263040664640427054013183
:108D00000529F3D10533192BEDD12B000122F833BE
:108D1000524228001A600EF0C6FB5CE7022E19D101
:108D20004A1C00210EF0B4FB01212800A21D0EF008
:108D3000AFFB2200310028000B320EF0A9FBFB68CC
:108D4000102B04D9237C2A00F832136043E7012357
:108D50005B42F8E7032E00D03DE70600FB68F836DB
:108D60000B2B05D93368002B02DBCA7A93420CD156
:108D700003212800621C0EF08BFB28000421A21D99
:108D80000EF086FB28000EF08EFB01235B42336061
:108D900021E7012B67D11F2632404E78042A17D1D4
:108DA00030012B68A930FF30181802F0DDFF3100C8
:108DB0002800A2780EF079FC032E00D90BE7AE193B
:108DC0003300002248331A70FF234C36337002E719
:108DD000012A08D130012B68A930FF308978181892
:108DE00002F08AFFE8E7022A0CD110200C23381881
:108DF0000231C01812F05FF931002800BA8BFFF77A
:108E00002FFDD9E7032A27D112230231013AF8189E
:108E100012F051F914230222211DF81812F04BF917
:108E200010200C2338180222A11DC01812F043F99B
:108E300030012B68A930BA8AFF30798A1818002AC5
:108E400005D1FA22404BD20003F05EF8B4E7BB8BA9
:108E5000002BF9D13C4BF7E7052AADD18A783100D8
:108E6000FFF7D0FDA8E7032B17D11F263240012AB8
:108E70000DD110200933381801310332C01812F017
:108E80001AF928006279F969FFF70AFCA3E6002ABB
:108E900000D0A0E6FFF734FC9DE6002B00D09AE658
:108EA0001F263240012A00D195E6022A6AD14B786A
:108EB000FB60032B00DD91E61900FA68A3786431AA
:108EC0008618012B44D1E478013C63425C413300B5
:108ED00048331B7864B2002B06D033004C331B7828
:108EE0005BB2A34200D176E6184A14237A610022CD
:108EF000FB185A608AB27A60102228688030B86005
:108F000002926A4603CB03C2002279682B00B8683C
:108F10000EF083FCFB681801A9302B68FF3018188D
:108F200002F0A0FF3300012248334C361A7034702F
:108F300001F034F8FB6814339B00E8504BE6C04660
:108F40000000594000E06F40DC050000158601007C
:108F500010220C23BA18D3180D4A0024FA618AB2E1
:108F6000FA6000686A46803084465C6003CB03C2C6
:108F70002B0022006046F9680EF01FFC33004833D6
:108F80001C7021E7032A00D025E6FFF7B3FC22E698
:108F900015860100764BF0B59C4600250300016064
:108FA0000E0061460400456085608581103385C9E7
:108FB00085C385C985C385C985C3096862461960AB
:108FC00021002832383189CA89C10127200013685D
:108FD0007F4295B00B6010222900A564E7645030F1
:108FE00012F085F8200029001822603012F07FF876
:108FF000200029006022783012F079F82300200048
:10900000D83329001D601922DC3012F070F82300DB
:10901000F8331F602700FC3729001422380012F0B3
:1090200066F820001530290050227D61FF3012F0D3
:109030005EF8BE235B00F0580FF0FFF80DAD031E85
:1090400018D18022D2000D90EA602A616A61642200
:109050006860A86094466846AA6110AAC2CAC2C0E5
:109060006246BE2602602068760019001A00805908
:109070000FF0CDF820681930FF300FF070F800289D
:1090800009D0BE262368760098590FF0DAF82368D5
:10909000985901F07DFDBE262368760098590FF09F
:1090A000CCF8002803D12368985901F071FD23689A
:1090B0000821FC33D86F0026036810279B69984766
:1090C00020682C4A8030844605926A4606960297AC
:1090D00005AB03CB03C223003200012160460EF032
:1090E0009CFB2068234A8030844607926A46089693
:1090F000029707AB03CB03C2230032000221604674
:109100000EF08BFB20681C4A8030844609926A4628
:109110000A96029709AB03CB03C2230032000D214C
:1091200060460EF07AFB154A20680B926A46803042
:109130000C9602970BAB844603CB03C2FA21604620
:109140002300012289000EF068FB0D4B20680D936F
:109150006B466E60029706CD06C3FA2123000222F9
:10916000803089000EF059FB200015B0F0BDC046DC
:1091700028B302001586010029730200F37702006C
:109180000778020010B50400034B036040300EF076
:1091900036FD200010BDC04668B30200F8B5C820F7
:1091A00000F028FD902011F054FF01270400FFF784
:1091B00031F8104E104D33682C60104C3B4209D1F1
:1091C0000F492000FFF7E6FE20000E4A0E493760E7
:1091D00011F034FF20000EF0F1F80C4810F0BFFA47
:1091E0002868002805D0FFF7B5F9132000F002FD2C
:1091F000F6E7F8BDE42000205C220020E8200020F3
:1092000060220020002000207189010058250020E4
:1092100010B5054800F0FAF80449054800F002FCD2
:1092200000F006FD002010BD60220020319C0100EE
:109230009D91010010B5054C200000F03FF8200082
:10924000034A044911F0FAFE10BDC0466022002016
:109250000020002059920100D7239B0010B5040084
:10926000C01804F07BF9D2239B00E01804F09CFBAB
:10927000BE23114A9B00E2501C33E0180EF0BFFCE5
:10928000C4239B00E0180EF0BAFC20004130FF30F0
:1092900001F050FB20001930FF3001F04BFB2000A3
:1092A000A03001F0D3FF2000803002F0AFFB201D82
:1092B000FFF768FF200010BD34B90200F0B50400CC
:1092C00014272500260095B03B006435192218218B
:1092D0000097043002F078FF6836280010F003F899
:1092E0003900132230000FF099FB2000803002F08B
:1092F000ADFB2300A03307211800434A139301F06C
:10930000CDFF20000027012319301A0000971121FA
:10931000FF3001F01BFB20004130009701230222A7
:109320001021FF3001F012FB2000693002220121E0
:109330000323FF3002F056FC300001F087F82300D1
:10934000FC33D86730001F0001F05AFBBE235B00DE
:10935000E0500100200000958130139BFA6FFF3030
:1093600001F05CFD2000913029000822FF3003F05D
:1093700059F8792320001193023B109301330F9386
:10938000033B0E93013B0D93013B0C93013B0B936D
:10939000013B0A93013B0993013B0893013B07936F
:1093A000013B0693013B0593013B0493013B03936F
:1093B000013B0293013B0193A930013B65220093DD
:1093C0006421013BFF300FF04BFBBE239B002900C3
:1093D000E01804F0D9FDC7239B00E018092102F032
:1093E0003FFED12300259B00E550043328221221A3
:1093F000E01804F071FBD7239B00E01804F048F953
:109400002000257015B0F0BD70B30200F0B50378F0
:1094100004008BB0DB0700D580E003008033180028
:10942000029300F079FA0EF08FFA002800D077E06E
:1094300000F080F9302011F00CFE050010300EF025
:109440006DFC280024300EF001FB464B18202B60E9
:1094500011F0FFFD00270600434B0822390004608D
:109460000C300893099711F042FE08A90822301D1C
:1094700011F021FE3D4B2900736112230298AE606A
:10948000EF60AB802F62EF6202F054FAB84205D071
:1094900028000EF068FB280011F0D7FD0123D1252C
:1094A00022783349134308002370AD0000F066FCB6
:1094B0006659002E32D100F05DF8010005A800F0D9
:1094C000B1FD0EF04FFA07000EF04CFAB9B203905E
:1094D00007A80EF0B0FB039B08A8190C0EF0ABFB1D
:1094E00008AA07A906A80EF0F6FB08A80EF087FB4D
:1094F00007A80EF084FBBE239B00E01806AA029B7F
:1095000005A9009604F09AFD06A80EF078FB05A8C0
:109510000EF075FBC0239B00E35863510BB0F0BD08
:109520002600FC36F06F0EF0DFFD0500F06F0EF048
:10953000E2FD0700F06F0EF0E5FD0600200091301F
:10954000FF300FF02AFFBA239B000390E01802F0CF
:1095500069FC7D40039B6E405E40704000B200F0AD
:1095600019F967E7FD030000CD7802008D7802004D
:1095700000200020F0B58BB002ABDF1D19223800AF
:10958000144911F098FD0023134D05266B718023BB
:109590005B055B6E2C000093012301933100009862
:1095A00008F0DEFD0800019908F054FD0522009B3B
:1095B00056431B1A0093019B534301932B1B5343A8
:1095C000FB181B5C013C6371044B9C42E6D10248D2
:1095D0000BB0F0BD3EC40200292900202429002040
:1095E000F0B54C4B04001B688DB0002B00D101334B
:1095F000DBB2019300210123474A07A808F05EF877
:10960000FA239B009C429B411C4072B6434B642151
:109610001E68434B20000393052508F0A5FD684311
:10962000503030180A210490200008F09DFD0A21D6
:1096300008F080FE694350317118200005910A211D
:1096400008F078FE69435031711880260024069195
:10965000B601019B002B54D002AD002700230293DA
:10966000032C02D180261C00B60100216A680293F7
:10967000029B082B18DC0320029B434329481B193B
:109680005B00C31858781B78105C84461020184182
:1096900003006046034203D00120029B984001432F
:1096A000029B01330293E3E7C9431F4B09011940B1
:1096B0002B6893420ED1312F0CDC002107A811F04A
:1096C00055FCFA23DB000293029B002B04DD029B76
:1096D000013BF8E73143F1E7FA2301340137760023
:1096E000E4B25B009F42B9D1043506AB9D42B4D1D0
:1096F000084B1B68002BACD0019B013BDBB20193F4
:10970000A7E7BFF34F8F094B094ADA60BFF34F8FCA
:10971000FEE7C046C8250020F0FF0000042000201E
:109720008DC4020057C40200F01F000000ED00E0ED
:109730000400FA05F8B50023124C23600EF004F97A
:10974000002808D0042120000EF0FAF8002801D0EB
:109750000D4B2360F8BD0123A12704210B4A0C4DBA
:1097600013602368FF0068606E68002EFCD0D65935
:109770001B02013933430029F5D1236001235360D3
:10978000E8E7C046C4250020ED5EBC0B00D00040D9
:10979000FCD00040014B18607047C046C425002033
:1097A0000B4B70B51C68002C10D0656D00F0F6FBFB
:1097B000A36C002901D1834206D820000EF017F9CE
:1097C000200004490EF003F92C00ECE770BDC04600
:1097D000D0250020F0250020F0B595B007932A4B46
:1097E00004AC1E68049005910692002E49D0274BC8
:1097F000678825881C6800230293002C2DD0636D98
:1098000023480393A36C190C9AB20B00854214D120
:109810002048824211D1002901D0B9420BD1029BCC
:10982000002B08D120000EF0E2F820001A490EF0BB
:10983000CEF801230293039CDFE7002A01D0954272
:10984000F9D1002901D0BB42F5D120000EF0CFF8AC
:10985000200011490EF0BBF8EDE7104BEB18012B7F
:109860000FD910233A002900009308A80C4B0EF0E2
:1098700060F9336830009B6808A9984708A80EF083
:1098800072F915B0F0BDC046CC250020002600209E
:10989000FE030000FF030000F025002002FCFFFF94
:1098A000D997010010B572B60E4B1C68002C0ED073
:1098B00020000EF09CF80023E3640B4BE36372B6C8
:1098C0000A4B1A681C60A26562B6200010BD62B621
:1098D0005C2011F0BEFB5C220021040011F007FCAB
:1098E000E9E7C046F825002000400020F4250020CC
:1098F000074B10B51C68E36CDB0706D5FFF7D2FFFA
:10990000044B1860002800D00400200010BDC046A1
:1099100004260020D4250020F7B51E4C0123227810
:1099200016001E401A4233D11B4D2860FFF7BAFFC4
:109930001A4B1B4918600EF04AF8FFF7B3FF194B9A
:109940001860194B4363194B8363286800280FD0B4
:10995000C023174F3200174900933B000EF011F857
:10996000C023009332003B00134928680EF009F829
:109970000C2011F06EFB0023838083710F4B03607A
:109980000F4B836000F022FB0123227813432370E6
:10999000F7BDC0462F290020CC250020042600203A
:1099A000F0250020FC250020FC3F0020417A020029
:1099B000D9970100FF030000FE03000090B30200EE
:1099C000A1970100024B1878012318407047C04648
:1099D0002F290020F7B506000D001700019300287D
:1099E00002D100242000FEBD0029FAD0FFF75AFF63
:1099F000041EF6D0074B019A43630660064B456090
:109A00008760002A00D0054B20000549A3630DF0B4
:109A1000DEFFE7E7FC3F00201B7A0200297A020004
:109A2000F025002070B5074B04001D7801222800A6
:109A30001040154204D0002320001A00FFF7CAFF8F
:109A400070BDC0462F29002070B5074B0E001100D5
:109A50001A7805000123100018401A4203D0320082
:109A60002800FFF7B7FF70BD2F290020F8B50500CB
:109A7000EFF30884C36B006C1C1B6B6C1B1A9C42BD
:109A80000FD91F23074E203437689C43002801D08C
:109A900000F0D6F9200000F09FF9286400196864EE
:109AA0003760F8BD04260020024B18684342584135
:109AB0007047C046F02500200300002210B504497D
:109AC00094006058002801D00132F9E7635010BDBE
:109AD000D8250020002310B5044A99008C588442F0
:109AE00001D00133F9E70020885010BDD8250020AF
:109AF00010B50024084BA200D058002802D00368FB
:109B00005B6898470134062CF4D1044B1B68002B8A
:109B100000D120BF10BDC046D8250020F025002070
:109B20000122F8B52C4B1B7813421CD02B4D2C680E
:109B3000E36C134218D002273B43E364284B1E68B2
:109B40000423F26C30001343F364636BF363FFF799
:109B50008DFF3000716C04F040FC2868C36C3B4200
:109B600001D004F074FCF8BD1E4F1F4E3A683068F7
:109B7000002A0AD128601B0712D52C60FFF7B8FF16
:109B80003B68002BFAD02B600AE0216DB94219D155
:109B9000616D002900D1110029602A688242EAD053
:109BA00029688C42DFD0336899420DD10F4B4B634B
:109BB0000F4B8B632000FFF759FF296820004B6C87
:109BC000626C06E02A60E8E79C42F3D100221000B4
:109BD0004B6C04F0C1FBC6E72F29002004260020AF
:109BE000D4250020F0250020FC250020FC3F00208B
:109BF000417A020070B50C4B04001B78DB0702D4DD
:109C000011F0F4F870BDFFF773FE050000F0C6F91F
:109C10002418AC6428000DF0EAFE280003490DF07A
:109C2000D6FEFFF77DFFEDE72F290020D02500208D
:109C3000F8B51B4B1B78DB0727D50024194E30687D
:109C40000DF0D5FE184D2B68002B02D05B6D013452
:109C5000FAE7032C0ADD2F68013C7B6D386C2B6022
:109C600000F0EEF8380000F0EBF8F2E72900306879
:109C70000DF0ADFE72B60D4932680B68934206D105
:109C80009B6D0B6062B6FFF74BFFF8BD0B00002B1E
:109C9000F8D0996D8A42F9D1926D9A65F2E7C04683
:109CA0002F29002004260020F8250020F42500207C
:109CB00010B5034B1B78DB0701D5FFF7B9FF10BDCB
:109CC0002F290020F7B505000C00002833D001260D
:109CD0001B4B1B78334230D01A4F07233868C26CB5
:109CE0001100194000911A4207D021002800164A9D
:109CF000FFF7AAFE00252800FEBD04F090FB3A689D
:109D00000221D36C1800084001900B4203D00131AE
:109D10008B43D364EEE73343D3642000A8473A680B
:109D2000019DD36C1900B143D1645B07E3D52000DA
:109D3000FFF7BEFFDFE7054DDDE7054DDBE7C0467A
:109D40002F29002004260020B19C010017FCFFFFF2
:109D500016FCFFFF020010B5014B12CB12C210BD62
:109D600008260020034B1A68034B1A607E225A60B3
:109D70007047C0460420002008260020F0B5124E8F
:109D800003003278022A1BD081421BD90C1A072CFF
:109D900018D90D0005430327280038403D4211D152
:109DA00072B6BA40094DA4085351AA1851608022D6
:109DB000120614431C6033780133337062B6F0BD71
:109DC0000348FCE70348FAE7312900201026002069
:109DD00013FCFFFF17FCFFFF70B5041E23D0124DCC
:109DE000124E2B78002B0CD1114912483370FFF71B
:109DF000C5FF114B984202D11E20FFF7F1FB012352
:109E00002B7000253378AB4209DD0C49EB002000B4
:109E1000C9180DF01FFE002805D10135F2E7142006
:109E2000FFF7DEFB002070BD302900203129002023
:109E3000003C0020D829002017FCFFFF102600203E
:109E400010B5002817D000220F4B19780F4B914204
:109E500015DD1C6884420FD25C6884420CD9041F53
:109E60002368002B02DC1E20FFF7BAFB8023226848
:109E70001B061343236010BD01320833E7E71E20A1
:109E8000FFF7AEFBF7E7C04631290020102600207F
:109E900070B5051E14DD0B4E0B4C3368002B02D041
:109EA000206810F05AFEFA2120680024074B890030
:109EB0008361C4626943356010F060FE200070BDAC
:109EC0000348FCE72026002050260020799F01004F
:109ED00017FCFFFFF8B5114F05003E68002E0AD1B0
:109EE000302011F0B6F8040007F018F90C4BA66109
:109EF0002360E6623C600B4E3368002B09D11020D2
:109F000011F0A7F8040010F085FE2000346010F076
:109F10005BFE2800FFF7BCFFF8BDC04650260020BE
:109F2000B8BC02004C260020014B18687047C046A0
:109F30002026002070B50D4C2368002B03D00C4B5D
:109F40001B68002B02D10620FFF7C4FF206810F029
:109F500052FE02000749C3170D684E68521973413B
:109F600020680A604B6010F04CFE70BD4C2600204B
:109F700050260020B020002010B5FFF7DBFF0024A2
:109F8000054BA200D058002802D003681B689847F0
:109F900001340A2CF4D110BD2426002010B5FFF79F
:109FA000C9FFFA22034B920018685968002308F091
:109FB00001FA10BDB020002010B5FFF7BBFF024B27
:109FC0001868596810BDC046B02000200B4B10B572
:109FD0001B680400002B03D0094B1B68002B02D127
:109FE0000620FFF777FF0023064A990088580028CB
:109FF00001D00133F9E78C5010BDC0464C2600203B
:10A000005026002024260020002310B5044A990081
:10A010008C58844201D00133F9E70020885010BDEC
:10A020002426002010B50400002902D00B78002B54
:10A0300003D1034B2360200010BD0DF0E7FDFAE7CC
:10A04000A0B30200F8B504000E00150000290AD0E4
:10A050000B78002B07D0002A05D0080097B211F02A
:10A0600086F8874203D90B4B23602000F8BD681D9A
:10A07000FFF7B2FE20600DF058FF20682A004780ED
:10A080003100043011F017F823685D1900232B719B
:10A09000EBE7C046A0B30200014B03607047C04627
:10A0A000A0B3020010B50548054C20600DF040FF3C
:10A0B0002000044A044910F0C1FF10BDA0B3020003
:10A0C0005426002000200020FF7B0200084B73B5BF
:10A0D0001D680400002D0AD001002E6808220831F6
:10A0E000684610F0E8FF0CCC28003168884773BD43
:10A0F00058260020014B03607047C046A8B30200F9
:10A1000030B500684488A1420CDA8588AA4209DA91
:10A11000002907DB002A05DB6243401880188371A1
:10A12000002030BD0048FCE717FCFFFFF0B507003A
:10A130000E001D0085B0002921DD002A1FDD002B47
:10A140001DD00468638803938B4200DD0391A388CC
:10A150000293934200DD0292002306340193019B97
:10A16000029A93420ED029002000039A10F0A3FF18
:10A170003B68AD195B88E418019B0133EEE70248A8
:10A1800005B0F0BD0020FBE717FCFFFFF8B50400A9
:10A190000D0016001F00002901DB002A02DA0D4B1A
:10A1A0002360F8BD100048430630FFF715FE20601D
:10A1B0000DF0BBFE23685D809E80002F06D03B0023
:10A1C000320029002000FFF7B1FFEAE720000DF080
:10A1D000E7FDE6E7A8B30200F7B507000D1E03D1BF
:10A1E000244B03603800FEBD002408002600210037
:10A1F00001940378002B1AD03022524294469C449A
:10A200006246092A11D90A2B0AD1019B361901335A
:10A210000193B14200DA3100002426000130E8E762
:10A22000002CFBD000240136F8E70124F6E7019A60
:10A23000380012B209B2FFF7A9FF012149420E000E
:10A240000A203B689A1D2C78002CCBD02300303B91
:10A25000092B08D8CB43DB170B4043431B19303B7A
:10A2600019000135EFE70029FBDB117031000132E5
:10A27000F7E7C046A8B30200F0B5040087B004A811
:10A280000E001D000192FFF765FD236801995A88B1
:10A29000914233DA9B889D4230DA1F2E2ED9059BDE
:10A2A00000939E422ADC052300217343049AA03BBD
:10A2B000D3180393039B6E185B5C02930023019AEF
:10A2C000D718226850880090B8420EDD9088B042BE
:10A2D0000BDD0098D2197043121810201841029F0C
:10A2E0003840471EB841404290710133052BE6D1FA
:10A2F00001310529DED1002007B0F0BD0048FBE7A1
:10A3000017FCFFFFF7B5036806009F1D5B880D0073
:10A310005A1A0192002919DD0024994203DB0DF03D
:10A320003FFD002013E033689B889C42F9DA7919DD
:10A330003800019A10F0BFFE019B2900F8180DF0BB
:10A3400021FD336801345B88FF18ECE70048FEBD4F
:10A3500017FCFFFF10B50548054C20600DF0E8FD27
:10A360002000044A044910F069FE10BDA8B30200A1
:10A370005C26002000200020777D020010B5054CEF
:10A38000012120000DF0C8FD2000034A034910F010
:10A3900055FE10BD6026002000200020D57E020062
:10A3A000074A030010B50120934208D0834202D02F
:10A3B0000020DB0703D41E20FFF712F9002010BD98
:10A3C000FFFF00000048704716FCFFFF10B5322069
:10A3D000FFF706F9004810BD16FCFFFF828014222B
:10A3E000002310B541620F4C0100083404600E24B4
:10A3F0000281123A837182720363838636310A784E
:10A40000C360A243036143618361C36103620A7055
:10A41000021DD38701224287034AC26302004032F1
:10A42000137010BDB0B30200010001008B8883805F
:10A430008B798371044B8A6803600E23CB5682604C
:10A440008A8983738281704718B30200F0B5624D28
:10A4500004002E688DB0002E25D13A210EF0E3FFC6
:10A46000071E2AD0082010F0F4FD0122330011004D
:10A4700007000FF0E6F90B231C22822104A801F04B
:10A48000E9FB04A908A8FFF7D1FF5C2010F0E1FD6B
:10A490000523060001933533009321003B0008AAF1
:10A4A00002F0DAFA2E604D4B1868002802D02968B5
:10A4B0000DF0D6FE28680DB0F0BD322120000EF060
:10A4C000E0FF061E21D0082010F0C3FD01223B0052
:10A4D000110006000FF0B5F90B231C22822104A8FD
:10A4E00001F0B8FB04A908A8FFF7A0FF5C2010F05A
:10A4F000B0FD052301932D3300932100330008AAFA
:10A50000070002F04BFC2F60CDE73C2120000EF04D
:10A5100073FF071E26D0082010F09BFD0122330098
:10A52000110007000FF08DF90B231B22842104A8D2
:10A5300001F090FB04A908A8FFF778FFA42010F011
:10A5400088FD062306000293013B019337330093F5
:10A5500021003B0008AA02F09FF9204B2E604436F0
:10A560001E60A0E7302120000EF0B9FF0600082091
:10A57000002E1FD010F06DFD3A00022301210600CD
:10A580000FF05FF90B231522822104A801F062FB72
:10A5900004A908A8FFF74AFF5C2010F05AFD052324
:10A5A00001932B3300932100330008AA070002F027
:10A5B0009BFDA8E710F04DFD0122330011000700BC
:10A5C0000FF03FF9442010F044FD0400052239004B
:10A5D000FFF704FF2C6066E7642600206826002051
:10A5E000F0B56349C56885B08D4258DA030036334B
:10A5F0001C7802222300134014425BD102690192AD
:10A600008A4265DA02003632127852076AD4426909
:10A6100002920200029C40328C4270DA0100363114
:10A620000978090775D4002B7ED113789C46002B3E
:10A6300016D00100061DF38F363101339BB2F3872C
:10A640000391097801270C003C40394200D188E091
:10A650001D2B05D9039BB94319700023F387137091
:10A660000DF0AAFC434A0723904277D94249043BA4
:10A670008D4273DBC8220133920095426EDC019853
:10A68000023B88426ADB013B904267DC029804335C
:10A69000884263DB0023904260DD06335EE0C8221F
:10A6A000002352009542A9DD030036331A780023B7
:10A6B0009207A3D4012306001F00363632785408CF
:10A6C000A7433C0002279C40BA432243327095E7DF
:10A6D000C822019C5200944299DD02003632127861
:10A6E000520794D4012306001C00363632789708AE
:10A6F000BC43A7000424A2433A43327087E7C82131
:10A70000029C49008C428EDD010036310978090730
:10A7100089D40100012636310B78DF08BE430827B3
:10A72000F600BB4333430B701378032B00D97CE74F
:10A730000133DBB21370012B03D10021031DD98734
:10A7400073E7042B00D070E7020036321178033B28
:10A750000B43137000230430C3870B33180005B07C
:10A76000F0BD092B00D87BE76346F487013B76E711
:10A7700070FEFFFFFF700200E0FCFFFFF0B5040079
:10A7800087B0C0680AF08AFA060020690F000AF054
:10A7900085FA636902900391180000930AF07EFA2B
:10A7A00002000190802000060B180591300039004E
:10A7B0000AF088FD0AF010FBE062051C0AF044FD77
:10A7C0000490281C0AF004FD051C04980AF0BCFA49
:10A7D00032003B0009F02CFC0600281C0F000AF098
:10A7E000B3FA019A059B09F023FC02000B0030002C
:10A7F000390009F08BFE0B000200029803990AF061
:10A8000061FD0AF0E9FA009B051C002B06DCA06242
:10A810000223A2791343A37107B0F0BD002107F012
:10A82000B5FD0B4E002811D10A4F281C0AF08CFAF6
:10A8300002000B003000390009F068FE32003B00D6
:10A8400008F0C4FD0AF0C8FAA062E1E7024FECE7A5
:10A85000EA2E4454FB21F9BFFB21F93FF0B5C3694F
:10A86000C1681A68451D0400EB7F89B0114225D0EC
:10A87000002B57D10123A2791A4237D00026022299
:10A880006846A188A6710DF053FAA31DDD7F012D46
:10A890002CD1FFF783FB3300226A801A99410F0005
:10A8A0000600A1889F4203D1FA239B009E423BD31E
:10A8B0000123042204A80DF03BFA17E00B2B01D86A
:10A8C0000133EB77EB7F082B0DD90122A3791342DB
:10A8D0000CD11343A188A37104A813000DF028FA2A
:10A8E000FFF75CFB2062EB7F012BC3D90322A37926
:10A8F0001340012B14D1FFF751FB0023226A801A69
:10A900009941994202D10A4B984209D90223A2796E
:10A91000A1881343A3710522012304A80DF008FAAE
:10A9200009B0F0BD013BCCE72B000322C2E7C046D3
:10A93000DB05000010B50400034B08330360FFF78C
:10A9400063FB200010BDC046E4B30200F0B5060072
:10A9500000250F00040085B002930AAB1B7808366F
:10A9600003930F4B290008330360019285808571A2
:10A970001822300010F0BBFB39003000039A10F0B1
:10A980009EF9019B029AA380A31DE771DA77631DEC
:10A9900025622000DD77FFF719FB200005B0F0BD30
:10A9A000E4B302000048704716FCFFFF10B53320E7
:10A9B000FEF716FE004810BD16FCFFFF002310B581
:10A9C0000400838083710D4821640830206080205A
:10A9D000C000A061E061206211002000E3602361FB
:10A9E00063616362A362E36223636363A363E363FC
:10A9F00063640DF0FAFB200010BDC046FCB30200FA
:10AA0000F0B5614D04002E688DB0002E25D11D21BA
:10AA10000EF020FD071E28D0082010F01AFB01229E
:10AA20003300110007000EF00CFF0B231D228321C1
:10AA300004A801F00FF904A908A8FFF7F7FC6020AB
:10AA400010F007FB062301931733009321003B000E
:10AA500008AA060002F0D2F82E604C4B28681B684A
:10AA6000002B00D043640DB0F0BD3C2120000EF05F
:10AA70001FFD061E21D0082010F0EBFA01223B003A
:10AA8000110006000EF0DDFE0B231D22832104A819
:10AA900001F0E0F804A908A8FFF7C8FC602010F056
:10AAA000D8FA06230193363300932100330008AA15
:10AAB000070002F017FA2F60CFE73C2120000EF0CC
:10AAC0009BFC071E25D0082010F0C3FA012233009A
:10AAD000110007000EF0B5FE0B231B22842104A8F1
:10AAE00001F0B8F804A908A8FFF7A0FCA42010F012
:10AAF000B0FA062306000293013B0193373300931B
:10AB000021003B0008AA01F0C7FE204B1E6044361E
:10AB1000A2E72021200002F0E5FC06000820002E1C
:10AB20001FD010F096FA3A000223012106000EF021
:10AB300088FE0B231722842104A801F08BF804A9B6
:10AB400008A8FFF773FC702010F083FA0623019326
:10AB50001A3300932100330008AA070002F094FC86
:10AB6000A9E710F076FA01223300110007000EF079
:10AB700068FE482010F06DFA040006223900FFF745
:10AB80001DFF2C6069E7C04668260020642600206F
:10AB900030B504258379040085B02B421BD10368AE
:10ABA000DB69984720000DF04CFBA37903222B436F
:10ABB000A37168460123A1880DF0BAF8A079FB23A0
:10ABC000020080079B00C0171840044BAA43A271E3
:10ABD000C01805B030BD0248FBE7C04614FCFFFFBB
:10ABE00015FCFFFFF0B5040089B0406C0DF09EFA33
:10ABF000071C606C0DF08DFA02222100061C05A8CE
:10AC00000DF030FB069808F051FB051C079808F082
:10AC10004DFB0390381C0AF017FB041C381C0AF08B
:10AC2000D7FA0190301C0AF00FFB0290301C0AF09A
:10AC3000CFFA211C071C039808F044F80199061C60
:10AC4000281C08F03FF8011C301C08F061F9061CB4
:10AC5000059808F02BFB391C08F034F80299071C02
:10AC6000281C08F02FF8211C08F02CF8011C381CB7
:10AC700007F0C2FC0299041C039808F023F801991C
:10AC800008F020F8011C201C07F0B6FC311C0AF06B
:10AC90001DFB0F4908F016F80AF056F80D4A0E4B46
:10ACA00008F0D0FE0AF098F8011C0C4808F030F9C2
:10ACB0000021041C07F056FB002804D0201C044986
:10ACC00007F09AFC041C201C08F0D0FA09B0F0BD73
:10ACD0000000B443EA2E4454FB2119400000B44262
:10ACE0001FB50122010001A80DF0BCFA029808F07E
:10ACF000DDFA041C019808F0D9FA211C0AF0E6FAE2
:10AD00000D4907F0DFFF0AF01FF80C4A0C4B08F062
:10AD100099FE0AF061F80021041C07F023FB0028CB
:10AD200004D0201C074907F067FC041C201C08F015
:10AD30009DFA04B010BDC04600003443EA2E4454CE
:10AD4000FB2109400000B44310B5837904005A0781
:10AD50000DD49B0701D4FFF71BFF636C2000002B71
:10AD600002D0FFF73FFF10BDFFF7BAFFFBE7014836
:10AD7000F9E7C04615FCFFFFF0B587B001930EABB5
:10AD80001B88060003930D9B0D000093019B0C9FF5
:10AD90000292002B3DD0002F02D1009BDB0738D55B
:10ADA000302010F056F9040010300CF0B7FF2000EE
:10ADB00024300CF04BFE029B18202580638010F09D
:10ADC00048F90500009B08220593019B00210360C0
:10ADD0000C30049710F08BF9082204A9281D10F0FC
:10ADE0006AF90D4B02226B6100230399E360236231
:10ADF000E36233680A43300021005B68A560A280EB
:10AE00009847002805D020000CF0ADFE200010F07F
:10AE10001CF907B0F0BDC046CF82020070B58CB0FF
:10AE20008360109B01604260C360040018491800F1
:10AE30000EF05FFA051E14D001001C22103105A887
:10AE400010F039F96A4608AB43CB43C21B68136064
:10AE500020680599069A079B0DF0D9F9280010F093
:10AE6000F4F80C4B186800280ED00B4A05AB05927D
:10AE700000220692C03202926A4622CB22C22300EE
:10AE800003220621FFF778FF20000CB070BDC046FA
:10AE90006DC60200582600209DAE010082B0F0B5BC
:10AEA0000400EDB06420739372920FF09FFF0522AF
:10AEB00010A811000CF07DFF9B4911A8FFF78CF939
:10AEC0001925002221AB013D1A605A609A600C33AB
:10AED000002DF8D12F2008AB02229449C01810F0A1
:10AEE000EAF8312008AB1722C018290010F0FFF84B
:10AEF000A0680DF078FDFF210A90A06800F05EFBCD
:10AF00008B4FA06800F0C4FA049508950995884B0A
:10AF10009F4203D0874B9F4200DBFBE0A0680DF00F
:10AF200064FDA56884491AA8FFF77CF878221AA95D
:10AF3000280000F019FB1AA80CF061FE00237C4FDA
:10AF400004930326099B60680133334009930DF095
:10AF5000CBF8050060680DF0CEF80022774B059223
:10AF60009D420FDB013205922A00C8320ADBAA2279
:10AF7000042192000591954204DC0596C82D01DC60
:10AF80000222059200220692984210DB01230693CA
:10AF90000300C8330BDBAA2304329B0006929842BD
:10AFA00005DC03230693C82801DC013B069310A8A7
:10AFB0000CF0F6FE624B00251E0007932F2308AA13
:10AFC0009B18EB5C012B05D172783178FE3310A809
:10AFD000FFF796F801350236192DEFD16B4618228E
:10AFE0009A5E6B4610A81421595E099BFFF788F8FA
:10AFF000002F02DB049B0F2B07D90023A0681A0047
:10B000007430009310A90CF0DBFE2F2608ABF61865
:10B01000079B059A1B78934221D1079B069A5B7880
:10B0200093421CD13378012B19D00C23089A0CAD14
:10B0300053432800002221680B930DF013F921AA35
:10B0400094460B9B634407CD07C301233370089BD1
:10B050000133DBB20893049B0133DBB20493079BFB
:10B06000384A0233079301369342D1D164200FF05E
:10B07000BDFE089B643F3FB2182B00D847E71A007B
:10B0800021A91AA80DF012FB6A461DAB23CB23C2DF
:10B090001B6813601A991B9A1C9B20680DF0B7F867
:10B0A000E568002D0CD0284912A8FEF7BBFF1C2331
:10B0B00028001AAA12A90EF051F912A80CF09FFD4F
:10B0C000A0680DF092FC11A912A8A5680CF060FE12
:10B0D00000221E4B009212A901932800130000F0D9
:10B0E00019FA12A80CF047FEFA2080000FF07EFE3D
:10B0F000A0680DF07AFC0A99A06800F05FFA11A828
:10B100000CF039FE10A80CF036FE6DB0F0BC08BC97
:10B1100002B01847002F03D0049B0F2B00D010E77C
:10B12000A06800F0B5F90CE778C60200D2C60200AC
:10B130008C3C0000D18AFFFFBDC6020058FDFFFF16
:10B14000EBC602001DC702006DC60200DC05000050
:10B15000F0B5040085B0637A9C46002B04D1200032
:10B160000DF0C2FA05B0F0BDA37A266F019310234B
:10B17000019AF35600259B1801229A402900F36892
:10B1800003920293029BAB4231DDB068019B68439E
:10B19000C01873694000E77A1A181B5C5078E2798E
:10B1A000012F14D1571E3F1A18003B004243606F15
:10B1B00052008218D2189379634500DD6346627BA2
:10B1C0001A4202D00123AB4019430135DAE7022FBE
:10B1D00007D0032FEAD1277A013FFF1A0300380076
:10B1E000E4E7571EFB1A277A013F381ADEE71123DE
:10B1F000C943F356606C994023691940039B194376
:10B200000FF0B4FEA27B072AACD8637B0C495B002D
:10B210006373531CDBB290004158A373022A03D816
:10B2200008000FF0D8FD96E7064B200023630023AB
:10B230006363054BE462236414300FF09FFC91E7D5
:10B2400028B4020051B10100D386020070B5040099
:10B25000104B250008330360FEF7D6FE2000743043
:10B260000CF089FD200060300CF085FD2000583086
:10B270000CF0C5FC200050300CF0C1FC064B14351E
:10B28000280063610FF069FC280005F05DFF2000D5
:10B2900070BDC04648B40200B8BC0200F8B5002535
:10B2A0000400324B8580083303608571143016002A
:10B2B0000F0005F033FF20002D4BE562636125642C
:10B2C0005030FEF7E9FE20005830FEF7E5FE200082
:10B2D0006030FEF70FFF20000423F25E336826671C
:10B2E000590009B274300CF064FD3368226FE371C9
:10B2F00073680126237210236581A7802561D356C8
:10B3000091685918994204DD300098400133054393
:10B31000F8E711230120D356D1685918994206DD68
:10B3200002009A402669013332432261F6E7142075
:10B330000FF08FFE226900212A430123060006F048
:10B34000BDF9FF23220063720133A3810023483239
:10B350006664A37320001370A366FEF737FE012313
:10B36000A27920001343A371F8BDC04648B402007F
:10B37000CCBC0200F0B5437A040085B0002B04D1A8
:10B3800020000DF0B1F905B0F0BD837A066F01938E
:10B390001023019AF35600259B18012294469A40E7
:10B3A0002900F36803920293029BAB422DDDB06843
:10B3B000019B6843C01873694000E77A1A181B5C48
:10B3C0005078E279012F10D1571E3F1A18003B0028
:10B3D0004243606F52008218D2189379002B02D03A
:10B3E0006346AB4019430135DEE7022F07D0032F38
:10B3F000EED1277A013FFF1A03003800E8E7571E15
:10B40000FB1A277A013F381AE2E71123C943F356A2
:10B41000606C994023691940039B19430FF0A6FD06
:10B42000667AB31EDBB2FC2B14D8FEF77DFD0C4B05
:10B430000500236300230B4863630B4BFF2170431C
:10B44000E462236406F090FE29004143200014309A
:10B450000FF094FB637A012B00D994E790E7C04684
:10B46000E9860200B6030000D38602001FB501235F
:10B4700081881A0068460CF05BFC012368461A00BC
:10B4800002490CF055FC05B000BDC046FE030000AB
:10B490001FB5030048331A780400002A0DD000229B
:10B4A0001A70012381881A0068460CF041FC0123C0
:10B4B00068461A0003490CF03BFC200074300CF085
:10B4C0006FFC1FBDFF03000070B50500141E19DBE3
:10B4D000060048363378002B02D03378012B13D185
:10B4E000002328001A007430FEF7C6FE002C07D097
:10B4F0002B004A331C80002407234C352C803370EA
:10B50000200070BD014CFBE7014CF9E717FCFFFF81
:10B5100012FCFFFF73B5079C0500002C1CDB060026
:10B5200048363078002802D03078012816D10698A5
:10B530001BB2C0B20090280012B274300CF040FC74
:10B54000002C07D02B004A331C80002407234C35E5
:10B550002C803370200076BD014CFBE7014CF9E7ED
:10B5600017FCFFFF12FCFFFFF8B50400171E1DDDDE
:10B57000060048363378002B02D03378012B17D1E0
:10B580002200E3795632013B13702300002520008E
:10B5900054331D8050300CF08FFB23004A331F8042
:10B5A000022328004C3425803370F8BD0148FCE7A5
:10B5B0000148FAE717FCFFFF12FCFFFFFF2902D842
:10B5C0004172002070470148FCE7C04617FCFFFFAE
:10B5D00013B5040004A80078009020000FF032FAA0
:10B5E000002801D1207516BD0048FCE70EFCFFFFC6
:10B5F00013B5040004A80078009020000FF00AFAA8
:10B60000002801D1207516BD0048FCE70EFCFFFFA5
:10B610007FB50D0011000F226A4404001E1E117038
:10B6200015D0089B002B12DD012329000093FFF7A2
:10B63000DFFF002808D10090320029002000089B7D
:10B64000FFF7C6FF002800D0024804B070BD0248D2
:10B65000FBE7C0460EFCFFFF17FCFFFF10B5040020
:10B6600086B0006C05F0D2FD237BA0219A00A0508B
:10B6700000200C4AC90050500B4914305050626CE5
:10B680006846517CC91849B20DF0AFFA039B019A84
:10B6900003211A60207B0130C0B206F061FD2173E6
:10B6A00006B010BD007000400405000082B070B507
:10B6B0000400002588B00C920D93636C9A68AA422E
:10B6C0000ADD197C02A8491949B20DF08EFA069BD1
:10B6D000039A01351A60F0E75D7C237B02A8ED1820
:10B6E0006DB229000DF081FA039A059B00211A60C2
:10B6F000019202A818220FF0FAFC02A800222900E9
:10B700000FF0DDFA206C002801D00FF09EFC08201D
:10B710000FF09FFC2900060005F052FD094B2000A8
:10B72000E3620023FA212363074B2664A462E363E8
:10B73000103009010FF022FA08B070BC08BC02B04A
:10B740001847C0465DB60100958B0200F0B50400B5
:10B7500085B01F000CAB1B88103001930E00150044
:10B760000CF0DCFA200024300CF070F926806580A3
:10B7700018200FF06EFC0826050032000AA902A866
:10B780000FF099FC2800320000212F600C300FF0E0
:10B79000AEFC320002A9281D0FF08DFC064B0222E0
:10B7A00020006B6100230199A5600A43E360A28039
:10B7B0002362E36205B0F0BDAB8B020030B5154BE0
:10B7C00004001D6893B0002D17D0134A04AB0492F7
:10B7D00000220592103202926A4603CB03C2230074
:10B7E0000222072106A8FFF7B1FF2B6828009B68FB
:10B7F00006A9984706A80CF0B6F92500074B1035A6
:10B80000280023610FF0A9F9280005F09DFC200015
:10B8100013B030BD58260020ADB60100B8BC020000
:10B82000F0B5040087B010300D0005F077FC002360
:10B83000184AA3622261184AE36316686564237399
:10B8400023606360A3609E421ED0144A302004929D
:10B8500005930FF0FEFBC02302936B46070004AD77
:10B8600006CD06C3230007210222FFF76FFF3368CE
:10B87000390030005B689847002805D038000CF08C
:10B8800072F938000FF0E1FB00232000236407B0B9
:10B89000F0BDC046CCBC020058260020ADB6010069
:10B8A000F7B506000D1E3ED0002302270469019360
:10B8B000002C34D0AA88A38853403B422DD13A4271
:10B8C00022D1A368AA68934227D12B88002B02D0EB
:10B8D00022889A4221D16B88002B02D062889A423A
:10B8E0001BD1EB68E268934201D0002B15D173683D
:10B8F000002B01D020009847A2880C4B1343A38053
:10B90000019B0133019308E0A968A0680DF07EFF58
:10B910000028DAD1AB883B42D3D0E46AC8E7019B68
:10B920002000002B00DC0248FEBDC0460080FFFF67
:10B9300017FCFFFFF0B506000D0085B000295DD0B3
:10B9400001270469002C27D00221AA8800230A427B
:10B9500002D0A3885B083B40226829688A4215D13F
:10B96000A068A968002B0FD00DF050FF00280DD063
:10B97000EB68E268934209D10421625EA388002A41
:10B9800006DB1F4805B0F0BD8842F1D0E46AD9E774
:10B990005B045B0CA380F4E730692A880100031E76
:10B9A00007D135610123684616490CF0C1F9002022
:10B9B000E8E71C88944206D2DC6A1900002C0DD0FE
:10B9C0002300F6E723001C88944207D15F886C8827
:10B9D000A74203D8DC6A1900002CF3D1884209D1B0
:10B9E0000B88934204D805D148886B88984201D9C6
:10B9F000E962D6E7CB6AEB62CD62D3E70248C1E7E2
:10BA000016FCFFFFFD03000017FCFFFF064B10B5FF
:10BA10001A00040008322C33026083600830FEF7FD
:10BA200059F8200010BDC04660B4020008B4024BB3
:10BA30009C46083808BC60470DBA010008B4024BA8
:10BA40009C46083808BC60474D8C02000C4A002315
:10BA500011002C32083110B54360838183738260FA
:10BA60000361436183618383016004000830FEF752
:10BA700023F8044B1A68002A00D11C60200010BD76
:10BA800060B402005826002082B0F7B50125402698
:10BA900009930CAB1B78046908920193002C38D0F1
:10BAA00008AA238812889A4201D0002B29D108AA1B
:10BAB000638852889A4201D0002B22D1FDF782FF81
:10BAC0000123002806D0C022A3881340C03B5A425D
:10BAD0005341DBB2019A934219D10422A35EA78895
:10BAE000002B14DB102208A9A0180FF0E4FA37424B
:10BAF00009D1FDF767FF002805D021000748FEF7B0
:10BB0000E1F8E46ACAE720000DF0A9F8F9E700259A
:10BB1000F7E72800FEBC08BC02B018475F8C0200A3
:10BB200008B4024B9C46083808BC6047FB8D0200F5
:10BB300010B502480CF0F2F810BDC046B820002045
:10BB4000F0B587B001930EAB1B88060003930D9BE5
:10BB50000D000093019B0C9F0292002B3DD0002F03
:10BB600002D1009BDB0738D530200FF072FA0400B9
:10BB700010300CF0D3F8200024300BF067FF029B4C
:10BB80001820258063800FF064FA0500009B0822CE
:10BB90000593019B002103600C3004970FF0A7FA76
:10BBA000082204A9281D0FF086FA0D4B02226B61B2
:10BBB00000230399E3602362E36233680A433000A1
:10BBC00021005B68A560A2809847002805D020006E
:10BBD0000BF0C9FF20000FF038FA07B0F0BDC046E7
:10BBE000498E0200F0B5160000258380164A174BD7
:10BBF00004008571026001814681057318688C46D6
:10BC000089B0A8421DD0124A05950492C022029222
:10BC10006A4604AB82CB82C223002A006146FFF74A
:10BC20008FFFC022094B0A49186802926A460691A2
:10BC300006AB079582CB82C223002A003100FFF7B2
:10BC40007FFF200009B0F0BDA4B4020058260020F8
:10BC5000738F020030B5002403730123034D8471F8
:10BC60000560818082734373846030BD18B3020025
:10BC700070B583790400DB0704D58068002801D003
:10BC80000FF0E3F9A3799B0704D5A068002801D041
:10BC90000FF0DBF9A3795B0709D5A0230021154A32
:10BCA000A068DB00D150884201D00FF0CEF9A37913
:10BCB0001B0708D5A568002D05D028000DF01DFE36
:10BCC00028000FF0C2F9A379DB0605D5A06800288B
:10BCD00002D00368DB6898476023A2791A4205D036
:10BCE000A068002802D003685B6898470023A3601F
:10BCF000A37170BD00700040F7B50227037B0400FC
:10BD00000D003B4228D0012928D883791A003A40F7
:10BD100001923B4214D1FFF7ABFF18200FF099F9C5
:10BD20000E230600E3561822019900930FF0DFF965
:10BD3000300000990EF0CDFFA379A6603B43A371BC
:10BD4000A3685A68002D04D00025DB681A6028001B
:10BD5000FEBD1B691A60FAE7014DF8E7014DF6E7F1
:10BD600016FCFFFF17FCFFFFF7B50126037B04005D
:10BD700033422CD0827961231100194001911A427B
:10BD800016D1FFF775FF18200FF063F90E23050099
:10BD9000E356677B1822019900930FF0A8F93A0047
:10BDA000280000990EF08BFFA379A5603343A3719F
:10BDB0006023A279A0681A4202D00EF064FEFEBD94
:10BDC000436940681B681840431E9841F7E70148E3
:10BDD000F5E7C04616FCFFFF70B5037B04000D00BD
:10BDE0001B0714D58023DB00994212D20DF04FF9C6
:10BDF00003000020834209D1280007F057FA0649C2
:10BE000006F098FD011CA06802F096FB70BD034887
:10BE1000FCE70348FAE7C04600C07F4416FCFFFF7A
:10BE200017FCFFFF70B50425037B04002B4214D0E0
:10BE300083792B420DD1FFF71BFF08200FF009F982
:10BE40000E210600615605F0BBF9A379A6601D43DB
:10BE5000A571A06805F0DAF970BD0148FCE7C0469D
:10BE600016FCFFFFF0B50127037B040085B03B42C1
:10BE70001DD0837910251A002A4003922B4211D13C
:10BE8000FFF7F6FE28200FF0E4F80E210600039BD2
:10BE9000A288009361563B00FEF758FDA379A66087
:10BEA0001D43A571A0680CF05AF905B0F0BD01481A
:10BEB000FBE7C04616FCFFFF70B5037B05000E00D4
:10BEC0001B0714D5002914DB0DF0E1F8041E12D174
:10BED000A86802F045FB0949884202D0A86802F030
:10BEE00045FB3100A86805F0EDFC200070BD044C56
:10BEF000FBE7044CF9E70024F7E7C046204E0000BA
:10BF000016FCFFFF17FCFFFFF8B506001C00337B93
:10BF1000080015001B071DD500291DDB002A1BDDAD
:10BF2000002C19DDB42900DDB420FA27BF00B421AC
:10BF3000784306F019F9EA0F684355196D10641B30
:10BF40007C433900001906F00FF901003000FFF7BB
:10BF5000B3FFF8BD0148FCE70148FAE716FCFFFF14
:10BF600017FCFFFF10B583791B0703D5806802F02B
:10BF7000FDFA10BD0048FCE716FCFFFF012210B5DA
:10BF800083794173134204D080680EF036FF00209D
:10BF900010BD6022134203D080680EF07BFDF6E7EF
:10BFA0000048F5E716FCFFFFF8B58279602317001B
:10BFB00004000D001F401A4225D1FFF759FE5820FA
:10BFC0000FF047F80E210600615600F09FFA30008E
:10BFD000617BA6600EF05EFD0122A068114B124E3F
:10BFE000436211000462876246631C3005F0F6F973
:10BFF000A0680E4B8463C3630764C66401220221F8
:10C000001C3005F0EBF96022A3799343403A012DEF
:10C0100005D0022D02D00020A371F8BD40221343A9
:10C02000F9E7C0463391020079900200579102006F
:10C0300010B50C00022905DC002908DC0BD0074CE8
:10C04000200010BD0329FAD1FFF70CFF01E0FFF734
:10C05000ABFF0024F4E70DF090F8F1E717FCFFFFC9
:10C0600070B5040000250C4B0E00083385808571E7
:10C070000360210018300DF0B7F8200021002030B7
:10C080000DF0D7F8054B2000A680E5802572E5600D
:10C09000256165611C6070BDB4B402006C2600208F
:10C0A0008379DB0702D5C160002070470048FCE7B8
:10C0B00016FCFFFF8379DB0701D5C0687047014894
:10C0C000FCE7C04616FCFFFF70B545690400002D73
:10C0D00022D0037A032B21D8FFF7ECFFA8622C2093
:10C0E0000EF0B7FF2C22002105000FF000F800220F
:10C0F00063695A622369934207D16369236100200F
:10C10000237A65610133237270BD1A005B6A002BCC
:10C11000FBD163695362F2E70148F5E70148F3E7B1
:10C1200017FCFFFF13FCFFFF144B70B55A68144C4B
:10C13000002A03D000225A600132A2601A69002A44
:10C1400017D0002119618023DB000E4DE3582868C9
:10C15000012B0FD1A923DB00E1584942FFF7A0FFD3
:10C160002868FFF7B1FF2B685A69074BE25001239B
:10C17000A36070BDFFF794FFF9E7C046FC100040D4
:10C18000001000406C260020040500000300006938
:10C19000002809D00221054AD167426A1A611A7A39
:10C1A000013A1A72024B19607047C04604E100E080
:10C1B00000E100E010B5002903DB024B19600EF02E
:10C1C000AEFC10BD7026002070B504001D0004AB4D
:10C1D0001E7804F05FFF20000E4B40302360FDF717
:10C1E0005BFF2300220001354C331D700023E12149
:10C1F0005832013616700A3AA3646365138053807F
:10C200009381D381013B200063644902FFF7D2FF91
:10C21000200070BD68B30200F7B580277F053E6936
:10C220007C690822113C74430500210068460EF029
:10C2300042FF104B009A9A4219D0009300230193B9
:10C2400079692800133971430DF00AF8019A280022
:10C2500000990DF021F8210028000DF001F879690E
:10C260002200133928007143B3080DF005F8019836
:10C27000FEBDC046FECA0000F0B50D00ABB0002107
:10C280000D920700302212A81E000EF030FF280089
:10C290000EF06DFF431C0C93102B00D9B8E0202E3C
:10C2A00000D9B5E0290038000DF023F80B900028E4
:10C2B00054D129000C9A12A80EF0FDFE32000D99FF
:10C2C00016A80EF0F8FE80235B051A695D690B92D3
:10C2D000113D6A4338005E690D92FFF79DFF0D9B8B
:10C2E00030220833002104001EA80F930EF0FFFE39
:10C2F00031000B9B1339594338000CF0B1FF002378
:10C300000F9E0C930E930C9BA34246DA3100302211
:10C310001EA80EF0D0FE12A91EA80EF01EFF0028C7
:10C320002BD13D4938002200109111940CF0B4FF3C
:10C330006A46099615AB23CB23C223CB23C223CB5A
:10C3400023C23800149B1299139A0CF0B3FF0123F7
:10C350000E930C9B303601330C93D4E70B983200CC
:10C360000D9910300EF099FE04000B980EF06DFE42
:10C37000002C9ED120002BB0F0BD6A46099621AB5F
:10C3800023CB23C223CB23C223CB23C238001E9945
:10C390001F9A209B0CF08EFFDBE7E6433021F61757
:10C3A00026404E430F9B9E190E9B002B1CD10B9BCE
:10C3B000981E05F04FFEA0422CD0174901343800DA
:10C3C0002200109111940CF067FF6A46099615AB94
:10C3D00023CB23C223CB23C223CB23C23800129901
:10C3E000139A149B0CF066FF38000D990CF038FF7F
:10C3F00080235B0559690C230B9A133963434A4325
:10C400003800110002330D9A0CF036FF0024B1E71A
:10C41000024CAFE7024CADE7FECA000017FCFFFF7D
:10C4200013FCFFFF70B50400A280FA22002308006D
:10C430000C49920008312160A3710B496061E260F0
:10C44000A36063820CF055FF051E09D00100200097
:10C450000222103112300EF02EFE28000EF0F5FDF3
:10C46000200070BDCCB402001DC7020030B502250B
:10C470008379040087B02B4204D1FDF71DFBA3791B
:10C480001D43A57120000CF07AFF00281CD06B46DC
:10C49000DD1C28000CF06AFF2B78002B17D001A8B8
:10C4A0000CF062FF0321019AD3170B409B189B10DD
:10C4B0002382FDF773FDE368A18818180123A060AB
:10C4C0001A0002A80BF034FC002007B030BD012296
:10C4D000064B1A60064A51680029FCD000215160C1
:10C4E000044A1268019201225A60DBE700C0004052
:10C4F000FCC0004008C5004010B50400024B0360BA
:10C5000004F098FD200010BDECB4020010B504004A
:10C5100004F09CFD034B00222360002320002265D1
:10C52000636510BDECB40200022802D10122014B68
:10C530001A7070473229002070B5064D04002B7820
:10C54000002B04D1044802F073FF01232B7020005C
:10C5500070BDC0463329002029C5010070B50C000C
:10C560000BF0F2F9002810D00023134DA40A2B7011
:10C5700020000CF031FF002803D00A200EF036FC1A
:10C58000F6E72B78002BFCD070BD02210B4B0C4A38
:10C5900099508021C90058580028FCD0A120C00023
:10C5A0001C5058580028FCD0002199508021C90007
:10C5B0005A58002AFCD0E7E73229002000E0014069
:10C5C00004050000F8B50D0016001F000BF0BCF9C3
:10C5D000002811D00023184C23703A0031002800A5
:10C5E0000CF0F8FE002803D00A200EF0FFFBF4E761
:10C5F0002378002BFCD0F8BD012380220F4C10497A
:10C60000D2006350A358002BFCD08022D20000231C
:10C6100094469F4208DD980032582A506246A0583E
:10C620000028FBD00133F4E7002363506346E3584E
:10C63000002BFBD0DFE7C0463229002000E001409C
:10C640000405000008B4024B9C46443808BC60470F
:10C65000DD930200FA21F8B50389C90004005943AB
:10C6600032480DF0E9F8FA21890005F0F3FC304F6B
:10C67000A17A208138000DF0DFF823002600250084
:10C6800022894C33A072A0361A808C3500232A22CE
:10C69000317828680CF0CAF9002844D11F235B22A6
:10C6A000317828680CF0C2F900283CD120235C22A4
:10C6B000317828680CF0BAF9002834D101232C22F3
:10C6C000317828680CF0B2F900282CD101232D22F2
:10C6D000317828680CF0AAF9002824D101232E22F1
:10C6E000317828680CF0A2F900281CD1A17A380012
:10C6F0000DF09DF80E22C3B2317828680CF096F93F
:10C70000002810D1FA2123898900594307480DF0E8
:10C710008EF8012303432A2231782868DBB20CF01B
:10C7200085F9002800D00348F8BDC046FCB40200DB
:10C73000F4B402000EFCFFFF08B4024B9C464438E0
:10C7400008BC604755C60100074B10B51A0004002D
:10C7500008323C330260436444300BF014FD200087
:10C760000BF023FC200010BD5CB5020008B4024BA6
:10C770009C46443808BC604749C7010008B4024BD6
:10C780009C46443808BC6047E7930200F0B5042596
:10C79000837904008BB02B4204D1FDF78DF9A37986
:10C7A0001D43A57120009030FFF7DEFA0026B0424D
:10C7B0000FD12300A033197820000C2307AD00937C
:10C7C0008C302B0001220068FEF722FF061E03D0EA
:10C7D0002C4E30000BB0F0BD0A2304AA9B182A7817
:10C7E0005A706A781A700022985EAA785A70EA78AD
:10C7F0001A700022995E03912A795A706A791A7028
:10C8000000229F5EAA795A70EA791A7000215A5E56
:10C8100004922A7A5A706A7A1A7000215A5E059236
:10C82000AA7A5A70EA7A1F251A7000229B5EA27AB1
:10C8300003999C46514349425043CB172B405B1808
:10C840005B11A361C3172B40181864235743FA17D1
:10C850001540ED196A112262059A5B425343A367A2
:10C8600064236146049A40115A434B43E267221DF8
:10C87000E0612000D3670BF00AFC200044300BF08D
:10C8800089FCA6E70EFCFFFF08B4024B9C46443827
:10C8900008BC60478DC70100F7B51E00040008AB57
:10C8A0001B881500019309AB1A8800910AAB31006F
:10C8B0001F88FDF793FD20003A0031004430FEF759
:10C8C0007DF8134B20001A003C33636423000832C8
:10C8D0002260009A8C331A60AB8890308380AB79E9
:10C8E000AA6883710B4BA98903600E23EB56826003
:10C8F00022009C32118083732300019AA03303210C
:10C900001A80FFF73BFB2000FFF7A4FE2000FEBDCE
:10C910005CB5020018B30200F8B5FA260189B6002A
:10C920000400714325480CF087FF310005F092FBAD
:10C93000234FA17A208138000CF07EFF2500A072E1
:10C94000583500232A222978606C0CF06FF80028F3
:10C9500032D110232B222978606C0CF067F8002864
:10C960002AD101232D222978606C0CF05FF8002871
:10C9700022D101232E222978606C0CF057F8002870
:10C980001AD1A17A38000CF052FF0E22C3B22978D6
:10C99000606C0CF04BF800280ED1218907487143D8
:10C9A0000CF045FF012303432A222978606CDBB297
:10C9B0000CF03CF8002800D00248F8BDC4B50200D5
:10C9C000BCB502000EFCFFFF10B50400034B08339A
:10C9D00003600BF0EAFA200010BDC04624B6020046
:10C9E0007FB50425837904002B4204D1FDF764F858
:10C9F000A3791D43A57120004830FFF7B5F9002544
:10CA0000A8420ED123000A265833197806236E4413
:10CA1000009301223300606CFEF7FAFD051E03D07F
:10CA20000C4D280004B070BD0021042002223056B5
:10CA30007156B256A37A5A4359434343DB002362EB
:10CA4000D20023685242C90020009B6AA261E161C2
:10CA50009847E6E70EFCFFFFF8B504000F00190049
:10CA600006AB1E8807AB15001A88FDF7B7FC0F4B05
:10CA70006764083323602300AA8848339A80AA7920
:10CA8000A9689A710A4AA889A2640E22AA56216549
:10CA90002100543108809A730023A3712300583376
:10CAA0001E802000FFF738FF2000F8BD24B60200EA
:10CAB00018B3020010B50400034B083303600BF0F9
:10CAC00062FB200010BDC046B8B60200F0B50700FA
:10CAD0005C370023040010223978806C87B00BF09B
:10CAE000A5FF214D03002800002B3BD10F2602ABF0
:10CAF000F6180123397808220093A06C3300FEF762
:10CB000087FDA8422DD003223378134203D064203E
:10CB1000FDF770F8EAE7FA262189144DB600714353
:10CB200028000CF089FE310005F094FA2081A02342
:10CB300011223978A06C0BF079FF002811D1A36C79
:10CB400021890393714328003F780CF070FE012384
:10CB50001843C3B21022390003980BF067FF002876
:10CB600000D0014807B0F0BD0EFCFFFF58B6020030
:10CB70007FB50825837904002B4204D1FCF79CFF84
:10CB8000A3791D43A57120004C30FFF7EDF8051E79
:10CB90000ED023000A265C33197806236E440093D6
:10CBA00001223300A06CFEF733FD051E03D0124DA9
:10CBB000280004B070BD327802AB5A707278200041
:10CBC0001A700022995E64224A43A263B2785A70B6
:10CBD000F2781A700022995E6422524251436163D6
:10CBE000317959707179197000215B5E5A4323685D
:10CBF000E2631B6A9847DBE70EFCFFFFF8B5040011
:10CC00000F00190006AB1E8807AB15001A88FDF748
:10CC1000D5FE0D4BA764083323602300AA884C334C
:10CC20009A80AA79A9689A71084AA889E2640E22B2
:10CC3000AA5661652100583108801E8220009A732F
:10CC4000FFF744FF2000F8BDB8B6020018B3020099
:10CC5000F0B5FA250189234FAD0085B00400694382
:10CC600038000CF0E9FD290005F0F4F91E4EA17A18
:10CC7000208130000CF0E0FD636CA0720293230071
:10CC80005833218901931B786943380003930CF0D2
:10CC9000CEFD07230343202203990298DBB20BF059
:10CCA000C5FE00281AD1019B22221978606C10233E
:10CCB0000BF0BCFE002811D1019BA17A30001F7837
:10CCC000656C0CF0B4FD80235B42034323223900E2
:10CCD0002800DBB20BF0AAFE002800D0034805B004
:10CCE000F0BDC046ECB60200E4B602000EFCFFFF49
:10CCF00010B50400034B083303600BF056F9200015
:10CD000010BDC0465CB70200F0B50425837904006D
:10CD100085B02B4204D1FCF7CFFEA3791D43A5714A
:10CD200020004830FFF720F8051E0ED023000A2609
:10CD30005833197806236E440093A8223300606CA0
:10CD4000FEF766FC051E03D0134D280005B0F0BDAC
:10CD50001F200023F25ED31703409B180222B15E0E
:10CD60005B11CA17024052180421775E5211F9175D
:10CD70000140C919491133807280B180A07A4343C0
:10CD8000424341435B42E3612368524220009B6A75
:10CD9000A26121629847D8E70EFCFFFFF8B50400B6
:10CDA0000F00190006AB1E8807AB15001A88FDF7A7
:10CDB00015FB0F4B6764083323602300AA884833B0
:10CDC0009A80AA79A9689A710A4AA889A2640E224F
:10CDD000AA5621652100543108809A730023A3715B
:10CDE000230058331E802000FFF732FF2000F8BDDB
:10CDF0005CB7020018B30200F7B5FA2504000189F8
:10CE0000134EAD00694330000CF016FD290005F00B
:10CE100021F92700A36C208100935C373B7881B215
:10CE20006943300001930CF002FD6022C3B2019906
:10CE300000980BF0FBFD002807D10123622239780E
:10CE4000A06C0BF0F3FD002800D00248FEBDC046E8
:10CE500090B702000EFCFFFF10B50400034B08332F
:10CE600003600BF090F9200010BDC046B8B7020077
:10CE70007FB50825837904002B4204D1FCF71CFE02
:10CE8000A3791D43A57120004C30FEF76DFF051EF0
:10CE90000ED023000A265C33197806236E440093D3
:10CEA000E8223300A06CFEF7B3FB051E03D00C4D47
:10CEB000280004B070BD0223F25E96235B425A4301
:10CEC00062630021725E20005343A3630423F25E79
:10CED00096235343E36323681B6A9847E8E7C046F9
:10CEE0000EFCFFFFF8B504000F00190006AB1E880A
:10CEF00007AB15001A88FDF761FD0D4BA7640833D9
:10CF000023602300AA884C339A80AA79A9689A7171
:10CF1000084AA889E2640E22AA56616521005831A8
:10CF200008801E8220009A73FFF766FF2000F8BD7C
:10CF3000B8B7020018B30200FA2170B5038989005E
:10CF4000040059433A480CF077FCA17A2081394813
:10CF50000CF072FC2500A0725835B62314222978F3
:10CF6000606C0BF063FD002860D10F266430FCF785
:10CF700041FEA37A32002978606C33400BF056FDF5
:10CF8000002853D12389102233402978606C0BF09C
:10CF90004DFD031E4AD113222978606C0BF046FD2B
:10CFA000002843D1062334222978606C0BF03EFD23
:10CFB000031E3BD116222978606C0BF037FD002848
:10CFC00034D1102317222978606C0BF02FFD031E3B
:10CFD0002CD118222978606C0BF028FD031E25D176
:10CFE00019222978606C0BF021FD00281ED18123C5
:10CFF0001A222978606C0BF019FD002816D1002345
:10D000001B222978606C0BF011FD031E0ED11E222D
:10D010002978606C0BF00AFD002807D1022320223A
:10D020002978606C0BF002FD002800D0024870BD2A
:10D03000ECB70200E4B702000EFCFFFF10B50400DD
:10D04000034B083303600AF0B0FF200010BDC04658
:10D0500054B80200F0B504258379040085B02B4252
:10D0600004D1FCF729FDA3791D43A57120004830A8
:10D07000FEF77AFE0026B0420ED123000A2558336F
:10D08000197806236D44009302222B00606CFEF792
:10D09000BFFA061E03D0134E300005B0F0BD1F20AE
:10D0A0000022AB5EDA170240D2180223E95E521169
:10D0B000CB1703405B1804216F5E5B11F917014029
:10D0C000C91949112A806B80A980A07A4343424341
:10D0D0004143E361236820009B6AA2612162984773
:10D0E000DAE7C0460EFCFFFFF8B504000F00190098
:10D0F00006AB1E8807AB15001A88FDF76FF90F4BBA
:10D100006764083323602300AA8848339A80AA7989
:10D11000A9689A710A4AA889A2640E22AA562165B2
:10D120002100543108809A730023A37123005833DF
:10D130001E802000FFF700FF2000F8BD54B8020059
:10D1400018B302007FB5FA2103898900040059430E
:10D1500073480CF071FB822320814B222021A06CAC
:10D160000BF064FC002802D06E4804B070BD64204F
:10D17000FCF740FD01234B222021A06C0BF056FC54
:10D180000028F1D16430FCF735FD23894C22DB0007
:10D190002021A06CDBB20BF049FC0028E4D18423F1
:10D1A0004E222021A06C0BF041FC0028DCD1230092
:10D1B0005E331878032800D9B0E004F037FF02A4EA
:10D1C0008E99012351222021A06C0BF02FFC022309
:10D1D0000028C9D152222021A06C0BF027FC002886
:10D1E000C2D10125230000955D222021A06C5F3370
:10D1F000FEF70EFA0028B7D1230000956422202103
:10D20000A06C6133FEF704FA0028ADD1230000952D
:10D210005E222021A06C6033FEF7FAF90028A3D12A
:10D220002300009565222021A06C6233FEF7F0F9FF
:10D23000002899D12300009571222021A06C6C3325
:10D24000FEF7E6F9002800D08EE723000095702253
:10D250002021A06C6D33FEF7DBF9002800D083E7B6
:10D260000E2502266D4400962B006A222021A06C18
:10D27000FEF7CEF9002800D076E723002A88643331
:10D280001A8000962B0068222021A06CFEF7C0F9BE
:10D29000002800D068E70022AB5E220066321380CF
:10D2A000538000962B0062222021A06CFEF7B0F97B
:10D2B000002800D058E723002A886A331A80009695
:10D2C0002B006C222021A06CFEF7A2F9002800D0D0
:10D2D0004AE72B886E34238047E707235122202119
:10D2E000A06C0BF0A3FB2223002800D172E73BE7E0
:10D2F000172351222021A06C0BF098FB512300280A
:10D3000000D167E730E7042351222021A06C0BF005
:10D310008DFB002800D027E716235BE7024824E7AF
:10D3200088B802000EFCFFFF17FCFFFFF0B50825D0
:10D330008379040089B02B4204D1FCF7BDFBA379AB
:10D340001D43A571082306AD009342222B00202126
:10D35000A06CFEF75DF90390002800D081E0AB7966
:10D36000DB077BD50023EE5E0222AB5EEF88DB108D
:10D3700004930423E85EF6104310059323006E33F4
:10D380001B88BF08190002939803002F00D03900B2
:10D3900004F0EAFE344BC01800B2050023004543F8
:10D3A0006D331B78ED115BB25D4323006C331B784A
:10D3B000DB01584380232D185B036D12ED18230009
:10D3C00061331B785BB2A0336B431B135E432300B6
:10D3D0005F331B7876135BB2DB00F61823006A33E9
:10D3E0000020185E059B36B2181A2300683300210E
:10D3F000595E6B46C2030820185E230064331B8805
:10D40000381A48437900594380231B02C918230066
:10D4100080106633101A00229B5E0914C91804F0AC
:10D42000A3FE230062331B78049A5BB2A0336B43E4
:10D430001B135A4360255313642265575242ED0073
:10D440005B191BB253436363642300B258435E43CA
:10D450002368E0631B6A2000A6639847039809B01D
:10D46000F0BD024B0393F9E700C0FFFF0EFCFFFF86
:10D4700010B50400034B083303600AF084FE20005B
:10D4800010BDC046D0B80200F8B504000F00190066
:10D4900006AB1E8807AB15001A88FDF78FFA0F4BF5
:10D4A000A764083323602300AA884C339A80AA79A2
:10D4B000A9689A710A4AA889E2640E22AA5661658F
:10D4C0002100583108809A73012210339A701E800F
:10D4D0002000FFF737FE2000F8BDC046D0B802009C
:10D4E00018B3020070B501230C004B222021050067
:10D4F0000BF09CFA00280BD16430FCF77BFB402238
:10D500002800E1B20BF09FFA32384342584170BD17
:10D510000048FCE70EFCFFFF084B8000C018A22368
:10D520000322DB0010B50649C45821432243C150F1
:10D53000C046C046C046C25010BDC0460060004054
:10D54000031F0000A2220321034B8000C018D20059
:10D5500083588B43835070470060004010B504002F
:10D56000034B08330360FCF74FFD200010BDC0469D
:10D57000FCB80200F8B5A02303223049DB055A505D
:10D5800004315A5080212E4A890599508021012763
:10D59000A225C9052B4C99502B4BED00E750635940
:10D5A0002A492B4E0B40635162592A4B00201343EA
:10D5B0006351FFF7B1FFA359244938000B40A35131
:10D5C000A259254B1343A351FFF7A6FFC046C046FF
:10D5D000C046224B224A23495A51A322D2009C51D1
:10D5E0009950214A214922485A5004315850214922
:10D5F00021485C500431585020495A500F2220498C
:10D600005A50204B104A9F5000225A5004315A5011
:10D6100002325A51A8223221D200DF6099501A4AB0
:10D6200001399950043232319950184AC919995028
:10D6300080225C3992009950F8BDC0467407000002
:10D640000C05000000600040FC0F0000FFE0ECFF54
:10D6500014050000001D0300001E130000F001402F
:10D6600040A1004044A10040046000401C050000AF
:10D6700048A10040240500004CA100402C050000FA
:10D680000405000000A00040440500004C05000017
:10D690000023154A10B508320260EE21A0228380D3
:10D6A000837104000320D205C900505080200F4927
:10D6B0004005505032220E4920000A700D490A7070
:10D6C0000D490A70FA210D4A090113700C4A1180A4
:10D6D00001210C4A11700C4A1370FFF74BFF200018
:10D6E000FCF774FC200010BDFCB802000C05000023
:10D6F000352900203629002037290020382900202C
:10D70000142900203429002039290020F8B50D0003
:10D71000642952D802232C4A01271370A2222B4CD1
:10D720002B4ED200317000206760E760A350FFF7F6
:10D7300009FF3800FFF706FFA9236322DB00E25050
:10D74000244BBF18E750012D08D9680839007843E9
:10D7500004F00AFDA8233F1ADB00E75001221E4D0A
:10D7600080272B781D491A431D4BBF051B782A7053
:10D770009C46A0236046DB055F50012801D9012AA1
:10D780001CD18022D2055A503378012B02D90020B7
:10D79000FFF7C2FE124B1B78012B05D92B78032B08
:10D7A00002D10120FFF7B8FE0123A02223608021CF
:10D7B000A123D205DB004905D150F8BDA12280216B
:10D7C000D200C9059950DFE73929002000A00040A8
:10D7D000362900204C050000382900200C050000E7
:10D7E00037290020F8B50C0064294CD80223284AB8
:10D7F00001271370A222274D274ED200317000203E
:10D800006F60EF60AB50FFF79DFE3800FFF79AFEA8
:10D81000A92363226421DB00EA50204BE950BC427B
:10D8200006D96008484304F09FFC1D4B0138E850BE
:10D8300002211C4A8024137880200B431370A022FD
:10D8400037781949D205A405C0055450012F01D9D4
:10D85000022B19D15050154A1278012A04D9032BF2
:10D8600002D10020FFF758FE3378012B02D90120A6
:10D87000FFF752FE0123A0222B608021A123D205B5
:10D88000DB004905D150F8BDA121C900E2E7C0463F
:10D890003929002000A00040372900204C05000055
:10D8A00044050000382900200C050000362900201E
:10D8B000F7B5194F3B780193022B18D10124174E6D
:10D8C00000207460F460FFF73DFE2000FFF73AFE91
:10D8D000A0258021124AED0513788905A343137012
:10D8E000104AA95004D180214905A9503B70F7BDC9
:10D8F000019B3B700C4B1B78012BF8D9A12780238F
:10D90000FF00DB05EB512000FFF706FE80235B05DF
:10D910003460EB51EBE7C0463929002000A00040FD
:10D92000382900200C05000037290020F8B5194BD4
:10D930001F78022F19D10125174E00207560F56060
:10D94000FFF700FE2800FFF7FDFDA0248021134A09
:10D95000E4051378C905BB431370114AA15005D1E2
:10D9600080214905A1500B4A1370F8BD094B1F7067
:10D970000C4B1B78012BF8D980239B05A35000206A
:10D98000FFF7CAFDA1238022DB0052053560E2507B
:10D99000EBE7C0463929002000A0004038290020CC
:10D9A0000C0500003629002010B50400034B083395
:10D9B0000360FCF729FB200010BDC04614B902002B
:10D9C000F7B5012631008368314A9940A023DB0571
:10D9D000995032210139C046C046C046C046C046B3
:10D9E000C046C046C046C046C046C046C046F1D14B
:10D9F000040011340194A1240100E400A4460D3177
:10DA0000072435008768BD400F782741374231D061
:10DA10006746DD51C046C046C046C046C046C04607
:10DA2000C046C046C0469D50013CEAD2019C01312F
:10DA30008C42E5D1012381688B40A021C9058B5020
:10DA40003223013BC046C046C046C046C046C04621
:10DA5000C046C046C046C046C046C046F1D1827BE3
:10DA6000437B017C9B18C27B52189B185A1E934122
:10DA70004374F7BD6746DD51C0469D50C046C04661
:10DA8000C046C046C046C046C046C046CCE7C046B9
:10DA90000C050000F8B504002500260006A8007853
:10DAA000277B6273A173E37320740D3511362878D8
:10DAB000784307F0F3F80022064B05F0C3FF04F0AB
:10DAC000B1FC28700135AE42F1D12000FFF778FF9C
:10DAD000F8BDC04600E06F40F7B5002317000126EF
:10DAE000224A8380083202600A0083710400816048
:10DAF0000773A02003258E40C132FF32C00592007B
:10DB000015501B4A250086506373E381238223004E
:10DB100011330D3501932878784307F0BFF8154B82
:10DB2000002205F08FFF04F07DFC019B2870013579
:10DB30009D42F0D1A0230E4ADB059E503223013BCB
:10DB4000C046C046C046C046C046C046C046C046A5
:10DB5000C046C046C046C046F1D120000BF0F5FCDF
:10DB60002000FCF733FA2000FEBDC04614B90200C5
:10DB70000C05000000E06F4010B50400054B0833B1
:10DB800003601C300AF03BF8200018300AF037F828
:10DB9000200010BD2CB90200FF23F0B52C4E8DB033
:10DBA0003370002301AD040029000088019302F0C6
:10DBB0009BFB002801D1AB783370264D2B68DB68C6
:10DBC000002B07D1002320881A0019000BF0CEFC8F
:10DBD0000DB0F0BD3378032BF4D81F496846FCF72D
:10DBE00021FA2B686946DD6804A80AF05DF8280070
:10DBF00004A90BF0ADFB0027050004A809F0FFFF06
:10DC0000BD421ED029002022103104A80DF053FA85
:10DC100028000DF01AFA317804ABC900591808220F
:10DC200002A80DF048FA01230822208802A90BF06F
:10DC30009DFC0137002804D10C212088074A0BF0F5
:10DC400093FC684609F0DBFF002FBBD0C0E7C0465D
:10DC5000842000208026002025C70200FFFF00004E
:10DC6000F0B58379040091B05B071BD5FCF796F9FA
:10DC700000232269801A9941994203D1F533FF3379
:10DC800098420FD3A068002808D0354B1D8800F0BB
:10DC9000B1FC0368152229001B6A98470422A37966
:10DCA0009343A371A3799B0758D52E4E3368DB6845
:10DCB000002B4FD02C4F3B78032B4BD8284B2B49B4
:10DCC0001B8804A80193FCF7ADF9336804A9DD684B
:10DCD00008A809F0E9FF08A928000BF039FB0500A6
:10DCE00008A809F08CFF082302AAD3800198073BFB
:10DCF000063206A90BF03CFC002D08D0290020229A
:10DD0000103108A80DF0D7F928000DF09EF93D78E4
:10DD100002ABDA88ED0008AB5D19280006A90DF00A
:10DD2000BCF9002813D00822280006A90DF0C3F979
:10DD3000336804A9DD6805A809F0B6FF2023280090
:10DD400008AA05A90BF00AFB05A809F058FF04A8CA
:10DD500009F055FF0222A3799343A37111B0F0BDDE
:10DD600016290020802600208420002025C70200DC
:10DD700070B50D0000F03EFC04000368002D09D1D1
:10DD80005B699847FA2080006843074904F062F90C
:10DD9000E08070BD9B6898478542F3D223682000DD
:10DDA0009B6898470500EDE771020000F0B5070099
:10DDB0001500A1B002C706006B4918A81C000BF0A3
:10DDC000C2FC2B1E03D028000DF0D1F983B2012232
:10DDD00004920022039202920232019200932A00DE
:10DDE00018A93800FAF7D0F933006049583318A859
:10DDF00007930BF0A8FC231E03D020000DF0B7F909
:10DE000083B2012204920022039202920232019212
:10DE10000093220018A90798FAF7B6F9330054497D
:10DE2000AC3318A808930BF08EFC269B002B03D074
:10DE300018000DF09CF983B2012204920022039293
:10DE40000292023201920093269A18A90898FAF7D2
:10DE50009BF9731CFF33474918A809930BF073FC17
:10DE6000279B002B03D018000DF081F983B201220B
:10DE700004920022701C03920292023201920093DB
:10DE8000279A18A9FF30FAF77FF933005533FF338B
:10DE9000394918A809930BF056FC289B002B03D096
:10DEA00018000DF064F983B201220492002203925B
:10DEB0000292023201920093289A18A90998FAF75F
:10DEC00063F93300A933FF332C4918A80A930BF0E8
:10DED0003AFC299B002B03D018000DF048F983B2BF
:10DEE00001220492002218AC0392029202320192A3
:10DEF00000932100299A0A98FAF746F9204B1B78DB
:10DF00000B93002B2DD1079B1E491393089B0DA843
:10DF10001493731CFF331593099B129716930A9B56
:10DF200012AD17930BF00FFC1D21492006AB1B7F90
:10DF30001022237006ABDB8D638206ABC918C018B4
:10DF40000DF0B9F8062323750B9B1E953068A3834B
:10DF500000F060FB036821001B6898470122084B12
:10DF60001A70300021B0F0BD292A0000242A0000D8
:10DF7000252A0000272A0000262A0000282A00005F
:10DF80003A2900200A18000070B5002504000B4B48
:10DF90008580083385710360C1601830FCF77CF818
:10DFA00020001C30FCF778F80123621CD377044A68
:10DFB0002000A56065611460A37170BD2CB90200DA
:10DFC00080260020FA2130B585B00400012302220A
:10DFD0006846890009F0ACFE074D2868002809D082
:10DFE0000BF0BDFB2188054B2A681980022391792B
:10DFF0000B43937105B030BD802600201629002008
:10E0000010B50C0007290FD8806800F0F3FA074B11
:10E01000195703685B6C984743425841044B404290
:10E020001840044BC01810BD0348FCE75EC702004F
:10E03000EA03000016FCFFFF17FCFFFFF0B5984C49
:10E040000D00A544040096AB1B7808A80793954BD8
:10E0500006921968FBF7E6FF200029001C3009F042
:10E060002BFE914909A8FBF7DDFF90490AA8FBF7B1
:10E07000D9FF0CAE09AA08A90BA809F02CFE2A00AA
:10E08000300011AD0BA909F026FE0AAA31002800C4
:10E0900009F021FE290008A809F00EFE280009F069
:10E0A000AEFD300009F0ABFD0BA809F0A8FDE020A3
:10E0B000C00001F0B3F908200CF0CBFF07000021ED
:10E0C0000BF03BFC0C220021A76030000DF00FF894
:10E0D0002B0007CE07C3764B2900EB6000233800E6
:10E0E0002B610BF013FCA06800F084FA08220021D9
:10E0F000059012A80CF0FBFF14200CF0AAFF6D4B4A
:10E100002A0011930300C2CAC2C36B4B059FC360B0
:10E110000023A03703617B68002B00D0BAE0786051
:10E12000A06800F077FA08220021060012A80CF07F
:10E13000DEFF14200CF08DFF604B1193030086CDA1
:10E1400086C35F4BC36000230361336B002B00D099
:10E15000A2E03063A06800F04DFA0822002105908B
:10E1600012A80CF0C4FF14200CF073FF554B11AE35
:10E17000119332000300A2CAA2C3534B059DC36092
:10E180000023943503616B68002B00D086E0686043
:10E19000012004AB1B7F04AA034313770BA90BF0E8
:10E1A000E9F9A06800F046FA036848495B6A9847B5
:10E1B000A06800F03FFA036845499B699847A0684A
:10E1C00000F038FA0021036800911D680A000B0076
:10E1D000A847079B002B0AD020000BF0C9FA0328A0
:10E1E00005DDA06800F026FA0368DB689847062181
:10E1F0002000FFF705FF374B374A1B68A1680393E0
:10E20000364B30001B6800250293354B1B68019389
:10E21000069B1B6804330093224B12681B68FFF7B0
:10E22000C5FDA06800F0E6F903680CA99B6A984751
:10E23000082304AA1384DB1853849584A06800F093
:10E24000D9F903680CA9DB6A9847A06806210BF08E
:10E250004DFA089A09219378A06804320BF059FA14
:10E26000A06800F0C7F932210571A068FFF780FDB2
:10E27000A06800F0BFF90BF0B7F90AA809F0BFFCDD
:10E2800009A809F0BCFC08A809F0B9FC91239B007F
:10E290009D44F0BD036142E703615AE7036176E7FD
:10E2A000BCFDFFFF0C20002031C7020034C7020074
:10E2B00079950200C5DF01008795020099DB010016
:10E2C00095950200C3950200A3950200E5E20100C6
:10E2D00019E301007C260020782600200820002079
:10E2E0007426002013B506226846FBF7ABFE094BE7
:10E2F0001C68002C0AD0694601A809F0D5FC200052
:10E3000001A90BF053FA01A809F079FC684609F05D
:10E3100076FC13BD80260020002373B501AE0C00EF
:10E3200031000500019301F0DFFF002802D1B2782F
:10E33000064B1A70064B1868002806D0054B1D8046
:10E3400063425C41E1B20BF039FA73BD84200020D6
:10E350008026002016290020002815D0006041608A
:10E360008260C360046145618661C761444604629E
:10E370004C464462544684625C46C462644604630C
:10E380006E46466374468463002A06D0C46B043C20
:10E39000043A25681560B442F9D18C6BA6464E6BE1
:10E3A000B546002B06D0CC6B043C043B1D682560B1
:10E3B000B442F9D10C6BA446CC6AA3468C6AA2463F
:10E3C0004C6AA1460C6AA046CF698E694D690C69FA
:10E3D000CB688A680868496870470060416082605D
:10E3E000C360046145618661C761444604624C466E
:10E3F0004462544684625C46C462644604636E466A
:10E40000466374468463C46B043C043925680D601C
:10E41000B442F9D1C76986694569046970470060EB
:10E4200041608260C360046145618661C7614446A2
:10E4300004624C464462544684625C46C46264464C
:10E4400004636C4644637446846304697047846B58
:10E45000A646446BA546046BA446C46AA346846AD8
:10E46000A246446AA146046AA046C769866945690E
:10E470000469C368826800684168704710B5041E6B
:10E480000CD00CF074FE431EE318A34208D9227886
:10E490001978013B21705A700134F6E7014810BD2C
:10E4A0000020FCE717FCFFFFF0B585B00D1E0090C3
:10E4B00029D000260A27C217141A4B1E5440039372
:10E4C0002000029639000136019603F033FFCB1786
:10E4D000C9185940039B303120009955390003F089
:10E4E00043FE041EECD1009B002B04DA2D23029E78
:10E4F000019A0236AB5400232800AB55FFF7BEFF4C
:10E50000200005B0F0BD014CFAE7C04617FCFFFF44
:10E510000268084B406810B5C018C000101803000E
:10E520009A4205D81C688C4202D31800083BF7E7D2
:10E5300010BDC046FFFFFF1F70B50D1C0600002177
:10E54000281C03F00FFF041E06D13000291C03F025
:10E5500073FA2000756070BD0048FCE717FCFFFFF0
:10E56000014B18687047C0461020002070B50400A9
:10E570000D0003F075FA20006168FFF7DDFF024B24
:10E5800000201D6070BDC0461020002070B5064DF3
:10E5900004002B68002B02D10BF0B4FB2860236829
:10E5A0009B00EB58636070BD9426002070B5002876
:10E5B0000ED10D4D2E68002E08D108300CF049FD0B
:10E5C000040006604660FFF7E1FF2C60286870BD1C
:10E5D000064A0123116806480C001C401942F6D176
:10E5E000036044601360F2E7882600208426002040
:10E5F0008C260020436810B50400002B02D104488B
:10E600000CF029FB606803681B69984710BDC04681
:10E6100066C70200436810B50400002B02D104480D
:10E620000CF019FB606803689B69984710BDC046F1
:10E6300066C70200436810B50400002B02D10448ED
:10E640000CF009FB606803685B6A984710BDC04620
:10E6500066C7020000487047FFFF0000F0B597B0A2
:10E660000593036807AC1B68049103931100230012
:10E670000600A1C9A1C30025D36829000C220CA85B
:10E680000A930B950CF033FD35200B4B11AF0F9314
:10E6900004AB29001022C01810953D700CF027FD26
:10E6A000059B7D822200009330000499039C019712
:10E6B0000CABA04717B0F0BD679A0200FC3070B5F4
:10E6C000046C0500002C0DD124200CF0C2FC064B7C
:10E6D00044608361054B8460C46004614461C4612B
:10E6E00003602864286C70BD18BA020000BB0200E9
:10E6F000FC3070B5C56B0400002D11D134200CF036
:10E70000A8FC084B85604360074B45610361074BDC
:10E710000562C361064BC5628362064BE06303601A
:10E72000E06B70BD48BA020038BA0200A8BA020015
:10E73000B8BA0200C8BA0200064B70B50400036004
:10E740004068002804D005690CF07FFC2800F8E739
:10E75000200070BD7CB90200064B70B50400036058
:10E760004068002804D005690CF06FFC2800F8E729
:10E77000200070BD4CB90200064B70B50400036068
:10E780004068002804D005690CF05FFC2800F8E719
:10E79000200070BD5CB90200064B70B50400036038
:10E7A0004068002804D005690CF04FFC2800F8E709
:10E7B000200070BD6CB90200064B70B50400036008
:10E7C0004068002804D005690CF03FFC2800F8E7F9
:10E7D000200070BD18BA0200064B70B5040003603B
:10E7E0004068002804D005690CF02FFC2800F8E7E9
:10E7F000200070BD68BA0200064B70B504000360CB
:10E800004068002804D005690CF01FFC2800F8E7D8
:10E81000200070BD28BA0200064B70B504000360EA
:10E820004068002804D005690CF00FFC2800F8E7C8
:10E83000200070BD58BA0200064B70B5040003609A
:10E840004068002804D005690CF0FFFB2800F8E7B9
:10E85000200070BDB8BA0200064B70B5040003601A
:10E860004068002804D005690CF0EFFB2800F8E7A9
:10E87000200070BDA8BA02007FB503791548002BAF
:10E8800023D0154E154C33782000002B1DD10A25BE
:10E890006D4428000BF0C4F8002810D16B88592B68
:10E8A0000DD12B78AA88D91F012910D800920C4AC3
:10E8B0002021200008F0FAF80123337004E0202220
:10E8C000200008490CF05AFC200004B070BD0092F2
:10E8D000054AEDE789C702005B2900203B2900209B
:10E8E000ABC70200A3C70200C8C70200FC3070B566
:10E8F000046C0500002C0DD124200CF0AAFB064B63
:10E9000044608361054B8460C46004614461C461F8
:10E9100003602864286C70BD18BA020000BB0200B6
:10E92000134B70B508330360124B0400C36080239F
:10E93000114A451CFF355B00C25028000CF00DF950
:10E94000280002F001FC20000C4BB830E360FFF718
:10E95000F3FE2000AC30FFF71FFF2000A030FFF7D0
:10E960000BFF20006C30FFF7F7FE200070BDC046A3
:10E970002CBB020074BB0200B8BC02008CB90200C0
:10E98000F8B505000400AC356B68AB60A8680028DA
:10E9900007D0C36821009847AB68002BF4D01B69EF
:10E9A000F3E76868002804D006690CF04EFB3000DD
:10E9B000F8E7220003215832137868608B43137004
:10E9C00023005C33187020000A300BF092F920000D
:10E9D00034300BF08EF9606E002804D005690CF01D
:10E9E00034FB2800F8E72500943560666868002845
:10E9F00004D006690CF029FB3000F8E72600A036A9
:10EA000068607568002D05D02F6928000CF01DFB8B
:10EA10003D00F7E72000290075600C226C300CF0F7
:10EA200066FB2000074BE5672900A3670C228030B6
:10EA30000CF05DFB2300044A8C33903428001A60EC
:10EA40002560F8BD4B9A02003D9A0200434BF0B599
:10EA500008330360424B060000251F27C360A02334
:10EA60000400163685B03A002900057185600574EA
:10EA70004382858230000CF03AFB80238021200005
:10EA8000C9019B0033840A002B00F57738300095CC
:10EA900000F096FE2100403103913A0029000398CE
:10EAA0000CF025FB23008022039960339200CD7780
:10EAB0001A80220003216432137820008B431370E4
:10EAC000230068331D70274B2900E3660C2225675D
:10EAD00078300CF00CFB2300270088331D60224B9C
:10EAE0000837FB67843729000C2238000CF0FFFA46
:10EAF0001E4B1F4AFB602300A0333D611A601D4A74
:10EB00005D60DA601C4A1D619A61DD6130000BF0C6
:10EB1000F0F803980BF0EDF8184B601CE36023004D
:10EB2000C4331D809D70FF3002F0F8FA8C235B0027
:10EB3000E55023001933FF335D618023104A5B00E9
:10EB4000E250230001222000FE3352425A86023B4B
:10EB50009D63DD631D6405B0F0BDC0462CBB0200A3
:10EB60008CB902004CB902004B9A02003D9A020097
:10EB70005CB902006CB902007CB9020074BB0200EF
:10EB8000CCBC020070B5074D2B68002B07D1A0202C
:10EB900040000CF05EFA0400FFF758FF2C60286874
:10EBA00070BDC0469826002070B50C220D000021D3
:10EBB00004000CF09CFA00232361024B2000256026
:10EBC000E36070BD599A020070B500250400204B27
:10EBD000290003601F4B858083601F4BC560436124
:10EBE0001E4B856103621E4B4562C3621D4B05636C
:10EBF0008363C5634430FFF7D7FF200029005830F6
:10EC0000FFF7D2FF200029006C30FFF7CDFF200076
:10EC1000154B29002360782280300CF068FA200020
:10EC20002900F022F8300CF062FA2000E9302900C7
:10EC30005022FF300CF05BFA8E239B00E5540B4B07
:10EC400029002822E0180CF052FA200070BDC046BE
:10EC500078BA020028BA020038BA020048BA0200A4
:10EC600058BA020068BA020000BC02003A02000072
:10EC700010B50400024B03600BF069F8200010BDD2
:10EC800038BA020010B50400024B03600BF074F8B0
:10EC9000200010BD48BA0200024B0B60092313602C
:10ECA0007047C046EDC7020010B504000020FFF712
:10ECB00069FF03681B6998470300F3331C708623C0
:10ECC000074A5B00C0500433C25003000021054ACC
:10ECD0001133FF3359601A61F4300BF04FFF10BD50
:10ECE00079A002008BA00200012110B5054A08009E
:10ECF00001F0D4FB03005A1E93410B205B421840E5
:10ED000010BDC046A9EC0100F0B593B00290002000
:10ED10000C00FFF737FF03685B6A984700F0F2FBCF
:10ED2000030006A8002B0DD00023037105AB06934A
:10ED3000082303730AAB836000F0B0FC002803D003
:10ED400013B0F0BD03710373002323732371019388
:10ED5000029B019ABA331B7893423ED9072353434F
:10ED60001E00029ABB36D318BB331B789619022BB0
:10ED70002CD1002506AF3B7BAB4220D9AB000393DF
:10ED8000089BAA00300099580BF089FC00281AD083
:10ED90000898AB00C118237BA6689C469A000B68B4
:10EDA00093516346013323733B7B5A1E954204D033
:10EDB0000B4D5B199B001B580B6006AB1A73019B34
:10EDC0000133DBB2C3E70135EDB2D3E72379216824
:10EDD0009A00013356502371F1E70020B0E7C04696
:10EDE000FFFFFF3F0200087810B5012816D04B88BE
:10EDF00003280ED1A03B0A4C9BB2A34208D8802323
:10EE00008C880320DB019C4202D210000BF0DCF95D
:10EE100010BD203B0320034C9BB2EEE70220F7E736
:10EE2000603F0000E03F0000F0B59DB01E006B4663
:10EE300005005A70981C06225F1C02AC0CF03BF9CE
:10EE4000002E2FD03388238073886380B388A380FB
:10EE5000F388E3800CAB049314AB6A4606932E0050
:10EE60000023B936137513773378002B22D1012292
:10EE70003378022608A9134058000B78B3430343A4
:10EE8000229804AE4E6000281CD128002C308079D6
:10EE90009343104003430B70AB8D0B81EB8D4B8183
:10EEA0002B8E1DE032232380DB186380F533A68090
:10EEB000FF33CEE7280004A9FFF726FF0028D6D0AD
:10EEC0001DB0F0BD229893438079104003430B702E
:10EED000229B1B880B81229B5B884B81229B9B88FA
:10EEE000220038008B810AF0FEFF031EE8D01128B3
:10EEF00014D80B20032BE3D9181F0D280CD803F0CE
:10EF000095F8150B0B09070B0B0B0B0B0B0B0913D0
:10EF10000620D5E70420D3E70B20D1E7044A0B20D5
:10EF20009342CDD10738CBE70520C9E70720C7E7D3
:10EF30000232000013B504680093A46813000A00AD
:10EF40000149A04716BDC046FFFF000037B506AC1B
:10EF50002578046801950093246913000A0001498B
:10EF6000A0473EBDFFFF0000F0B587B016000DAA18
:10EF70000D00147800216A46518069460CAA128857
:10EF800001930A80002C1AD101004279F831A24283
:10EF90000BD9E700CF5BB7421BD130212034A4004E
:10EFA00022580132D27F0A4215D16A463100280028
:10EFB0000BF043F90623002808D0032306E06A4635
:10EFC000310028000BF039F9031EF6D1180007B004
:10EFD000F0BD0134DBE710210A4051424A410020D4
:10EFE00005930CAB0493194B02AC01322680A2703E
:10EFF000A0809D4207D1FFF7C5FD03681B699847B4
:10F000000BF0DFF80500210028000BF01AF90023AF
:10F0100082B29A42DAD010000D4A05339042D5D020
:10F020000FD801330828D1D0013B1128CED06A4631
:10F03000310028000BF001F905230028C6D0023B5F
:10F04000C4E7044A06239042C0D0F0E7FFFF000067
:10F050000330000001340000F0B5040097B0080050
:10F060002E250B9100F030FB04ABED1810902A0018
:10F07000012010A90BF0DFF8002802D0032017B000
:10F08000F0BD2B880B9A0A9093830B9B0A9A1B7DE9
:10F09000934200D8C9E063791D2B01D90720EEE720
:10F0A0000B9B9B690C930A9B0C9A9B009D586B6968
:10F0B000002B07D16B8B002B04D16B1CDB7F022B49
:10F0C00000D1ADE0280000F0FFFA002610900D9668
:10F0D0000C962B0028331B78B3421FD96A6AB30001
:10F0E0009F5834220021352004AB9B18197004ABC3
:10F0F000243AC0180BF0FBFF46214E4B04AA5218CD
:10F100003800138011A90BF019F9002803D07B698E
:10F110000C937B8B0D930136F6B2DAE76179AB1C69
:10F120001F31C90061186A1CDB7FD27F089129005A
:10F130002A310978002007912900293109780691A0
:10F140000D9905910C990491297F0391298B0291C6
:10F15000698B01916969009110A90BF0CEFA002822
:10F1600000D08BE7637907001A00203292001F332A
:10F170001551DB001B5BEB836379013363712B005B
:10F1800028331B78BB424BD98E218900635C132B3B
:10F1900000D983E76A6ABB009E58342200213520DB
:10F1A00004AB9B18197004AB243AC0180BF09FFFF6
:10F1B0004620204B04AA1218138011AB190030000E
:10F1C0000BF0BCF80C90002827D1300000F07CFA3E
:10F1D0008E218900625C10901E32FF325200A2180C
:10F1E000738B0292327F0C980192328B10A900929D
:10F1F00072690BF027FB002800D03FE78E218900C1
:10F20000625C531CDBB263541D337A32FF339200CD
:10F210005B001651E3185B88F3830137FFB2AEE75A
:10F220000A980130C3B20A932FE7237900200133F3
:10F23000237124E70129000070B505000AF0B1FD33
:10F24000041E1DD128007822210080300BF04FFFD2
:10F250002800E93050222100FF300BF048FF280041
:10F2600008222100F8300BF042FF064B2822E81854
:10F2700021000BF03CFF8E239B00EC54200070BD5E
:10F280000624FBE73A02000010B5040001F0B8FCC8
:10F29000034B1B68002B01D02000984710BDC046CF
:10F2A000A0260020F0B58BB0050000F057FE00202E
:10F2B000FFF768FC036807001B6998473B68040078
:10F2C0009B69380098473B6806005B6A380098479E
:10F2D0000200288810380B2861D802F0A7FE063DEE
:10F2E0006060605A606060666078AF8820003900B6
:10F2F0000AF064FF22006B7B583201931378A879DF
:10F300009C46022361460B43137004AB1F8001230C
:10F3100004AA93701300D070019AE91D9A722B0011
:10F320000622163305A809930BF0C5FE29000B2011
:10F3300004AB06220E31C0180BF0BDFE9434636896
:10F34000A360A06800282AD0C36804A99847A368CE
:10F35000002BF4D01B69F3E720002F49AF880AF097
:10F360002DFF2200022058321378A97983431370AD
:10F3700004AB1F809970A0346368A360A068002864
:10F380000DD0C36804A99847A368002BF4D01B696B
:10F39000F3E75369002B02D0A888A91D98472900DC
:10F3A00030000BF016F80BB0F0BD636E002BF6D0FA
:10F3B000AF79A366A06E0028F1D0C36839009847E2
:10F3C000A36E002B01D1636EF3E71B69F1E7012205
:10F3D0000D27AB7BE91D1A4001925A07920F02924A
:10F3E000DB08062204A8EF5703930BF064FE019A92
:10F3F00004ABDA716A46127A9F711A726A46127BFE
:10F4000020005A722B008C340F330793803023680E
:10F4100004A99847C3E7C046FFFF00000300072088
:10F42000D72B02D90020014A136070479C26002088
:10F43000014B18607047C046A02600207FB580228F
:10F44000A323D205DB00D3580820DB0700D4053006
:10F4500048221D4B1D4900F0BBFF00280AD080B296
:10F46000002807D1BFF34F8F194B1A4ADA60BFF358
:10F470004F8FFEE701230493174B04A81B680193E9
:10F4800005930BF0B3F8002802D0072007B000BDA9
:10F4900002AB581C0BF0A8F80028F6D102AB591C9F
:10F4A0000BF0A0F80028F0D10C4800F0C1FF80B2AA
:10F4B0000028EBD10A4800F0C5FF80B20028E5D152
:10F4C00000F054F9E2E7C046F1A50200A4260020AE
:10F4D00000ED00E00400FA059C260020A5F20100E2
:10F4E00089F2010080B2002807D1BFF34F8F034B90
:10F4F000034ADA60BFF34F8FFEE7704700ED00E08C
:10F500000400FA05014B18787047C0465C290020BA
:10F51000F0B5140000222C4F1E003B7887B00D0080
:10F520000190934214D101F09FFB0B2200280FD1D0
:10F53000002E10D003A9223003960BF061F80028AA
:10F5400009D00622082803D0113843425841021D31
:10F55000100007B0F0BD02ABD81C0023037000F010
:10F5600061FB0B22031EF3D11132A4001440019A57
:10F570006800024314431F22144914400D7802A866
:10F580009543113A12181380114B0920039302235B
:10F590002C430C7003AC237102AB0522C0180BF096
:10F5A0008AFD21000B4800F0A7FB002807D00722A6
:10F5B0000428CDD004320828CAD1053AC8E701236F
:10F5C00002003B70C4E7C0465C2900208520002073
:10F5D00005A602005D29002010B5064800F05AFC7F
:10F5E000031E06D00720042B03D00430082B00D1C3
:10F5F000053810BD5D29002073B56B460400032259
:10F60000581D0E0000210BF072FD0F4B01AD1B7851
:10F61000200029002B7000F067FE041E04D0042097
:10F62000052C00D0073076BD3100280000F09CFB8F
:10F6300003002000002BF6D00720042BF3D0043069
:10F64000082BF0D10538EEE75D29002073B56B4635
:10F65000114C0D00060005222100D81C0BF02BFDDB
:10F66000012D09D00223022D13D1032223789343C5
:10F670001A000123134302E00322237893432370EB
:10F680006B463000D91C0AF0B9FF0023984200D025
:10F690000B33180076BDC04685200020084B0100C2
:10F6A0001B78092010B5002B08D0064800F096FB07
:10F6B000031E03D003200E2B00D0001810BDC0463F
:10F6C0005C2900205D290020F0B5438A85B00193B4
:10F6D000037805000127002B37D0224BC6191B6881
:10F6E00000249C463100204AA44511D00023981ED6
:10F6F000012804D9D05C0700C85C87422ED10133B1
:10F70000102BF4D111235C43174B1F193F7C1CE0D5
:10F7100030000AF0DCFF2B7807000090002B01D1AD
:10F7200012352E00042C10D0112565430E4B1022EB
:10F730005D19310028000BF0BEFC0023AB70EB70AC
:10F74000009B01342B74074B1C6003AB9F705888DF
:10F75000019B00040343180005B0F0BD01341132D1
:10F76000C2E7C046EC2600205E2900201FB500231A
:10F7700002ACA380283323806933FF336380E380A6
:10F780006B46D81D112305220C4903700BF090F82D
:10F7900080B200280FD1802080000BF085F880B265
:10F7A000002808D120000BF081F880B2002802D197
:10F7B0000BF078F880B204B010BDC046F6C7020066
:10F7C000F7B5FA26B6007143009308AB1B78040026
:10F7D000080012491700019302F03CFC85B230008A
:10F7E0000E497843258002F035FC009B80B2A3804F
:10F7F000019B6080A3710423032D03D98023DB01C7
:10F800009D4200D923800423032803D98023DB01F0
:10F81000984200D963802000FEBDC04671020000FE
:10F820000E23F0B589B004AA13800C220390019135
:10F830004B782749534304AACB1811001889023189
:10F8400003230BF03FF8002822D1019B18265B7898
:10F85000204C1F0077433D00083500936319029345
:10F8600004AB1D8802982A00991C0BF016FC002896
:10F8700011D10C22009B5343154AD3189A7A0223C4
:10F88000110019401A4203D13200E0190BF02FFC8D
:10F89000002009B0F0BDE7197B680F4F002B00D1A5
:10F8A0000E4F18260322009B02987343E250E31880
:10F8B0005D6004AB2A00991C0BF0FDFB019B32003C
:10F8C00059780398714338236118B847E0E7C04678
:10F8D0001829002018270020590E0200E10D02000F
:10F8E000F7B504000D006A468178204801F052FA0D
:10F8F00000283AD10C2362781D4F5A431D4B9B18A8
:10F900009B7A5B0605D4022D03D01B4F012D00D03E
:10F910001A4F1C26A1781A4B71433200C918684649
:10F920000023B84700281ED1022D1ED00C2261787A
:10F93000104B4A439B189A7A4030714382439A7223
:10F94000104B3200591868463300B8470C23227810
:10F9500021005A430C4B68469B189B7A0B4A9B002C
:10F960009B58984701E0022DF0D1F7BDDC2700201D
:10F97000590E020018290020E10D0200C9A802005A
:10F9800034270020FC260020F026002048BC02007E
:10F99000F8B5182507004878094C68430E0038234D
:10F9A0002A003900201801F093FA002806D1737854
:10F9B0005D4364196368013300D16060F8BDC046DF
:10F9C00018270020F7B5182101904378294859439A
:10F9D00042185468284F2600251E0ED00C225A4388
:10F9E000BA18957A927A52B2002A28DA6A0626D490
:10F9F0000D00A6B208350C5845190C225343FB18CC
:10FA000018893200230029000AF05AFF0B281AD166
:10FA10000C22019B29005B785343FB1818893200A4
:10FA200001230AF04DFF0C21019B144A5B784B43E4
:10FA3000FF1838890AF042FF00280AD1FEBD0024D1
:10FA400026002500D9E7002800D00D48012CF5D16B
:10FA5000E9E702220B4BC318934308D0082806D0CD
:10FA6000113843425841064B40421840E6E70448EB
:10FA7000E4E7C0461827002018290020FFFF0000F7
:10FA800041800000FECFFFFF70B51C2444430500F9
:10FA900020000D4E1130A4198019062200210BF010
:10FAA00026FB1022002120000BF021FBFF232374F2
:10FAB000A376013BFF3B23830233AB40034A11682B
:10FAC0009943116070BDC0463427002030270020C4
:10FAD00037B581B205006A46074801F05BF9041E9C
:10FAE00008D15421684601F03DFA041E02D12800D5
:10FAF000FFF7CAFF20003EBDDC270020F0B51D0047
:10FB0000414B93B01B68160001900091002B54D01C
:10FB1000189B542B51D8FF22002403AB5A709A70C3
:10FB2000DA701C70189B06AF3C700B950A9337482F
:10FB3000A1B204AA01F02EF9002819D108220198D7
:10FB400004A90BF0AAFA002812D103AB9C7003ACF5
:10FB5000A178FF2931D0009B032B0DD1189B2022C7
:10FB6000542B00D092180323134306AA13701CE0F1
:10FB70000134062CDBD1EAE7254BEB1AA72B1ED864
:10FB8000012224488A40036819001140314314D0EF
:10FB900093432022036006AB1A70009A06AB1978D3
:10FBA000022A2FD101220A431A7009AB0793164B80
:10FBB000320020001B6806A9984713B0F0BD164B11
:10FBC000EB1A1B2B09D8202206AB1A700023637096
:10FBD0000CAB0B9318230A93DFE710482D1A172D4F
:10FBE000EBD830233B70002363700133E3700C4B80
:10FBF0009A7A0223110019401A42CED118220BF032
:10FC000076FACAE70222CEE7F0260020DC270020A1
:10FC10003427002030270020FC2600201827002051
:10FC200018290020F0B5040085B000284FD0002529
:10FC3000284B29481D605D729D7201235B42038140
:10FC4000FE3B0722290043810BF051FA18222900BC
:10FC500022480BF04CFA28000135FFF715FF062D5E
:10FC6000F9D11F4B1F4D01931F4B2900684600938C
:10FC700001F032F8031E19D11C4E24780133337081
:10FC8000002C1AD11C272800A1B202AA01F082F888
:10FC9000031E09D138006043154A02A980181C22AE
:10FCA00001F016F9031E04D000223270180005B0CE
:10FCB000F0BD0134062CE6D1F8E76B469988DB8865
:10FCC0002800594389B201F04DF90300EEE7094BD2
:10FCD000ECE7C046F0260020182900201827002055
:10FCE00054000600DC270020FDFA0100A2290020B4
:10FCF000342700200E800000F8B5164B07001B7853
:10FD00000E00002B20D0002820D000291ED00B6828
:10FD1000002B1BD0104D2C68002C19D12800052277
:10FD200008C005310BF0C7F933790721AB72032303
:10FD3000EA7920008A431343EB7102232A7A8A432B
:10FD400013432B723C70F8BD0448FCE70448FAE703
:10FD50000448F8E7A2290020F026002008800000CF
:10FD60000E80000004800000164B10B51B78002B9D
:10FD700024D0002820D000291ED00378002B1DD1CC
:10FD8000114B1B68002B19D04278002A18D10F4B59
:10FD90009B7A012B14D0242418002040234203D046
:10FDA000012310000B7010BD5BB2002B02DA02239E
:10FDB0000B70F8E70870F6E70548F4E70548F2E746
:10FDC0000548F0E7A2290020F0260020182900208D
:10FDD0000E8000000880000010800000F0B5274B66
:10FDE00085B01B78002B47D0002843D0002941D094
:10FDF0000B689C46002B3DD08B680193002B39D0BB
:10FE00000378002B38D11E4A1268002A34D01D4ACC
:10FE10001C00D07A02900220927A024018000392CD
:10FE2000194A029D9D4219D00F7BA74208D903268B
:10FE3000977E3740022F03D1019DA7007A510134EC
:10FE40000F7987420DD90225977E2F4209D11600DE
:10FE50006546870010367E51013002E0039E002E79
:10FE6000E2D001331C32062BDBD1087100200C7369
:10FE700005B0F0BD0548FBE70548F9E7A2290020D9
:10FE8000F026002018290020342700200E800000D2
:10FE9000088000000F4B70B51B78002B17D000288E
:10FEA00013D00478002C12D10B4B1B68002B0ED002
:10FEB00020000A4DAB7EFF2B02D02000FFF708FE8A
:10FEC00001341C35062CF5D170BD0548FCE705480A
:10FED000FAE7C046A2290020F0260020342700209F
:10FEE0000E8000000880000013B5040081786A4687
:10FEF0000B4800F04FFF002810D11C2263780948FE
:10FF000053436946C018130000F0E2FF064B074A4E
:10FF10009B7A21009B0068469B58984713BDC046BA
:10FF2000DC270020FC260020F026002038BC020040
:10FF300070B5050000241C2631006143064B2800E3
:10FF4000C9180AF020FD002803D10134062CF3D192
:10FF5000F934200070BDC04634270020FF23F0B5DF
:10FF6000B94A8FB0127805000393002A3BD0B74AF4
:10FF700012680192002A36D004AC6370A370E3705B
:10FF8000031D06932A2302AA93820023B04F008800
:10FF90002370BE7A102823D0AB88B20709D5AD4AAA
:10FFA000934202D03A899A4203D1FB7AA37000238C
:10FFB00063701C2800D985E10F2814D910380C284B
:10FFC00011D802F03DF80D001B0010005A00370058
:10FFD00010001000CF0018011000100010003F01A9
:10FFE000F30700D542E10FB0F0BD019B01361C3391
:10FFF0000193062E00D050E100268BE00223320050
:020000040002F8
:100000009A431300BA7232070CD55BB2002B03DAA5
:1000100000212000FFF764FC1023BB72023302AA08
:100020001373E9E7A078FF28F6D0FFF72DFDFF2333
:10003000A370F1E7FB7AFF2B06D087490023A8883D
:10004000864A0AF039FCCEE70023E989834A108BFF
:1000500088420DD10822DBB21643FB722000BE722B
:10006000A370FFF741FFFB7AFF2BE6D10021E5E704
:1000700001331C32062BEAD1F8E7132302AA1373CB
:100080000F3B1E43BE72A81DFFF752FF0390FF28CF
:1000900002D0C0B2A070F872FB7AFF2B54D10026B8
:1000A0006E4B9A7EFF2A1AD11C203B787043022B9C
:1000B00010D06A4B39001818FD2310308372F83ABB
:1000C0000AF0F9FF03AB1E70039BDBB2A370FB7257
:1000D000002609E0614B1818FE238376F2E701360B
:1000E0001C33062EDDD15E4E00211C230B91FA7AC3
:1000F0000D915343594A0991D3180C93564B0A91C9
:100100000893524BA8881A1D08AB0AF0D3FB0028AD
:1001100000D068E74D4B05AD1B6832002900200078
:1001200098472B78122B00D05DE74948837A012B42
:1001300000D158E701235B420381FE3B07220021E7
:1001400043810AF0D4FF4EE71623464802AA1373F0
:1001500000210E2208300AF0CAFF4023BA7A134366
:10016000BB72B5E70127394B384A5B7A1420BB4391
:1001700053720423364905AA9E438E721070AA79E1
:10018000002A04D0C87AFFF7A3FCAE79C2E7EA7967
:100190001A4200D130E7A278FF2A00D12CE70823C9
:1001A0001E438E72EB7A9B0706D51C2050432B4BC7
:1001B0001B18987EB8439876CB7AFF2B00D11BE7AB
:1001C0001C235343254D0878ED1802280DD0280034
:1001D000072210300AF06FFF0222AB7E9343012109
:1001E0002000AB76FFF77CFB06E71B4B01225B8A06
:1001F0002B83AB7EF2E7AB79112B14D1330712D5E9
:1002000018480E22002108300AF071FF162302AAB6
:1002100013734A331E430D4BBE725A7A02231343A3
:100220000A4A5372E8E680235B421E4302AA9533D2
:100230001373064BBE729B7A0B4A9B0020009B589F
:100240009847D9E61323EAE6A2290020F0260020E9
:1002500018290020FFFF0000FC2600203427002082
:10026000438000001827002028BC0200112300262C
:1002700002AA13736670AB8806353B8102230722FE
:100280002900BB7238000AF016FF2800FFF750FE65
:100290000390FF280AD1114B0193072229000198EE
:1002A0000AF0FBFE002800D09FE603960822B97AE8
:1002B000039B0A43DBB22000FB72BA72A370FFF704
:1002C00013FE99E6522800D08DE6054B054A9B7A2D
:1002D00020009B009B58984785E6C0464427002095
:1002E000F026002028BC0200020030B5002912D000
:1002F0000B78002B11D10A48006800280DD0FF2090
:10030000084C88702589FA38954203D118004B7043
:10031000E27A8A7030BD0448FCE70448FAE7C04638
:10032000F0260020182900200E8000000880000020
:10033000F0B5224B85B01B78DAB20192002B3BD08E
:100340001F4D204E2B685C425C413268E4B2002AAB
:100350002CD003A80AF0D4FA05282BD0002819D0F5
:1003600000221100FFF7BEF8002CF2D1164B03A9B2
:100370001B880B80154B1F6838000AF0C7FA052848
:1003800010D000280AD000221100FFF7ABF8002C93
:10039000ECD1DEE7039833689847E5E738002B682F
:1003A0009847F4E7002C07D1019CD2E7002B03D03B
:1003B000019CDBE7002CFBD005B0F0BDA329002099
:1003C000E4270020EC27002024290020F02700202B
:1003D00070B504000720002913D08D0711D10948FA
:1003E0000160094920000A80084A094913600AF09F
:1003F00089FA002805D10122064B16301A700AF03E
:100400007DFA70BDF027002024290020E827002075
:1004100011A90200A329002010B50AF075FA030003
:100420005A1E9341014ADBB2137010BDA32900206C
:1004300003000E20002B02D00020014A13607047F9
:10044000E427002003000E20002B02D00020014AE8
:1004500013607047EC270020074B10B51B68002B7A
:1004600007D09847002803D000221100FFF73AF880
:1004700010BDFFF75DFFFBE7E82700200120054BDB
:1004800010B51A7850401870034B1B68002B00D031
:10049000984710BDA4290020F42700200C4B70B50C
:1004A000050015200C001A600AF03AFA00280ED157
:1004B000290015300AF036FA002808D115300AF064
:1004C0002DFA002803D1210003300AF02DFA70BD67
:1004D000F4270020064B10B5586980235B05421CA9
:1004E00004D0196989B201F0B5FD10BD5869FCE767
:1004F0000010001010B5034B034A1B789B009B585B
:10050000984710BDA62900206CBC02001423434369
:1005100005480122C0180023C2600371C380036133
:10052000436103817047C046082800200B0037B59F
:100530000C24020018009D6809786C43044D0830B3
:100540002D680095034D1B696459A04737BDC0460F
:10055000F8270020FC270020802252051169142270
:100560000E4B10B5187889B242439B181A69501E79
:10057000DA881B898018C01801F06CFD084A030056
:10058000126801209A4207D300209A4204D1054BF9
:10059000186843425841C0B210BDC0460828002028
:1005A000342800204C280020082310B5034A116885
:1005B00099431160FFF79EFF10BDC0463828002008
:1005C000094910B50A6813070AD4930702D5012315
:1005D00013430B600222054B1A70FFF78BFF10BD0F
:1005E000FFF7E2FFFBE7C04638280020A6290020DD
:1005F000064B10B51B681B0705D40122044B1A706B
:10060000FFF778FF10BDFFF7CFFFFBE7382800208A
:10061000A629002010B5002806D0112805D10823EE
:10062000094A11680B43136010BD1421074A13785F
:10063000594304315118FFF779FF0422044B1A7013
:1006400000F090F8F0E7C046382800200828002085
:10065000A529002070B514248025114B6D051A784A
:10066000104E54431C192B6921692089E2889BB2E2
:10067000401861699A420DD92C69A4B2141B2A69E9
:10068000091992B2920820180AF0ACF92B699BB2B2
:10069000336070BD92080AF0A5F9E388F8E7C04618
:1006A000082800204428002070B58025094B6D05DE
:1006B0002A691B6894B2013B5C43FFF70BFF010002
:1006C0002869054B80B2013941431A6820000AF0BD
:1006D00089F970BD342800203C280020142270B510
:1006E00080260E4B760519784A439B181A89DC88B8
:1006F0001B693169A418E418200089B201F030FDAB
:100700000D00FFF7E7FE3369411E9BB25943044BCE
:10071000491920001A680AF065F970BD0828002000
:100720004C28002010B5FFF7D5FE8022074952055E
:100730001369146909681269A4B2614392B2441E34
:1007400098B2604392080AF04DF910BD3428002099
:1007500010B5034B18680AF043F9FFF75BFF10BDB3
:1007600034280020F7B5284B187803280ED801F05C
:100770005DFC020E11470023244A1360244A1360D3
:10078000244B5B78002B01D000F0D6F8F7BDFFF7C3
:1007900061FFFBE7142480271F4E7F05336839690A
:1007A00000931C4B89B21A7854431C192569280000
:1007B00001F050FC194B019018603969E088013D47
:1007C000401989B201F046FC019B834210D10123FC
:1007D000009A9A43DB1813430221114A33601268CE
:1007E0000B4013430F4A08D11170FFF783FECDE78A
:1007F0000323009A9A431300EEE700231370F4E7F3
:10080000FFF7A6FFC2E7C046A52900204828002020
:100810004428002008280020382800203428002000
:100820003C280020A629002014230C20F0B58024A9
:100830003B4A85B0117864054B43D318DA682169C7
:1008400050430292374A1F891218168950895268FC
:10085000704382180192DA881D69D3195B190093DD
:100860000023314E2800336089B2039201F078FCF6
:1008700000290AD12369039A9BB29A4208D0019BAE
:10088000009A934201D1002F02D0029B022B0DD17E
:100890002169280089B201F0DDFB244B1860032395
:1008A000234A1370FFF75EFF05B0F0BD2169781988
:1008B00089B201F055FC1F4B89081960009A019B11
:1008C000216993421ED0100089B201F049FC002931
:1008D00018D06B4621691F88236989B202936B4641
:1008E000988801F0B7FB6B4605001989380001F0C4
:1008F000B1FBADB280B2854206D16B469B88DB1B53
:100900009B0833600223CBE723692169380089B251
:100910009CB201F025FC89B2641AA4083460F1E7A6
:1009200008280020FC2700204C2800203428002024
:10093000A52900203C28002014220B4B10B5197863
:100940004A439B18D988094A1B791160012B05D0AD
:10095000033B012B01D8FFF767FF10BD044A13705A
:10096000FFF700FFF9E7C04608280020F82700201D
:10097000A5290020F7B5124E0193757808AC278899
:100980000424022D19D034786419012C00DD023CB6
:1009900014235C4334196261220020710C3209C9AE
:1009A00009C2019B2781E3800024064B01351B7897
:1009B0007570A34201D1FFF7BFFF2000FEBDC04606
:1009C00008280020A5290020142110B50D4C002076
:1009D0002378594304316118FFF7A8FD2078FFF709
:1009E00095FD63780022013B637023780133DBB20D
:1009F000022B05D02370044B1A70FFF7B3FE10BD15
:100A00002270F8E708280020A52900201422084BAE
:100A100010B519784A439B181B79042B02D0FFF7B5
:100A2000D3FF10BD0122034B1A70FFF79BFEF8E7BE
:100A300008280020A5290020F8B5204F08233C688D
:100A400026001E401C4235D180235B0519691C4BD2
:100A50001D68002D1BD014221A4B89B2187842430E
:100A60009B181A69501EDA881B898018C01801F07B
:100A7000F1FA154B1B68984209D1144B1E600123F3
:100A80001C43134B3C601E70FFF734FDF8BDFFF7AD
:100A900063FD002806D000220C4B1A600C4B02327A
:100AA0001A70F1E7002D02D00322094BF8E7FFF797
:100AB000ADFFEBE7FFF778FDE8E7C04638280020F8
:100AC0004C28002008280020342800203C28002042
:100AD000A6290020054B10B51B681B0702D4FFF7A1
:100AE00095FF10BDFFF760FDFBE7C04638280020EA
:100AF00070B5184D2C68230728D4174A13680133A2
:100B00001360164B1B68002B05D00422144B1A707F
:100B1000FFF7F0FC70BDFFF71FFD002802D0022296
:100B20000F4BF4E70F4B1B68002B0CD00123210067
:100B30000B4A19401C4203D123432B601170E7E795
:100B400003231370E4E7FFF761FFE3E7FFF72CFDF2
:100B5000E0E7C04638280020342800203C28002048
:100B6000A62900204C28002010B51E4B1B78022B14
:100B700030D0032B19D0012B13D108211A4A136846
:100B80000B4222D11423194A11784B43D218184B27
:100B90001968D3885B1A9BB2D380002B02D1FFF770
:100BA00013FF10BDFFF756FDFBE708210E4A13683F
:100BB0000B420AD10F4A136801331360FFF7CCFCD4
:100BC000002804D1FFF722FFEBE78B431360FFF708
:100BD000C9FDE6E7084B094A1B789B009B589847DC
:100BE000DFE7C046A529002038280020082800207B
:100BF0004428002034280020A629002058BC0200E8
:100C000070B5154C042522781300AB4303D002289D
:100C10001FD0032800D070BD104B1B681B0718D4D1
:100C20000F490B6801330B60032B07D0022A02D057
:100C3000FFF798FDEFE7FFF75DFCECE71421094AA9
:100C40000D201378594304315118FFF76FFC2570BC
:100C5000EEE7FFF789FFDEE7A5290020382800200E
:100C6000482800200828002010B50024114B20003F
:100C70001C80FFF74BFC0120FFF748FC0E4B1C804B
:100C8000FFF728FC80235B051B6902389BB24343B6
:100C90000A4A200013600422094B1C60094B1C60A7
:100CA0009C60094B1C70094B1C60094B1C60094B74
:100CB0001A6010BD082800202629002040280020A6
:100CC00034280020FC270020A529002048280020E7
:100CD00044280020382800202A4BF7B51B68040060
:100CE0000D0008205B070FD50630002C0CD0002922
:100CF0000AD02368002B07D080277F053A69A38894
:100D000092B2934201D90720FEBD0F2BFBD9E28896
:100D1000002AF8D053431C490E689B190193FFF732
:100D2000D9FB3B6901389BB24343019A9A42EAD806
:100D3000A2889307E7D1154B04201F88012FE3D029
:100D40000C237B4312482F606E602568C1184E60EB
:100D50001D500A81E088802448816405504323693E
:100D600021699BB2C018013889B201F0FDF92469EC
:100D7000054BA4B24443A6191E60044B0137002062
:100D80001F80C1E7382800204028002026290020A5
:100D9000FC270020104B30B51B68040008205B07BF
:100DA00016D50630002C13D0002A11D02068002858
:100DB0000FD10A4D2B68002B0BD02B896468594347
:100DC00009196C8963436C681B19994201D203C2EB
:100DD00030BD0720FCE7C04638280020FC27002053
:100DE000F7B504001A48056808206D072ED50630AF
:100DF00000292BD0002C29D025680738002D25D1BB
:100E00001448844665462D680720002D1ED0604694
:100E10000789458940687D4366682D180720AE42E2
:100E200014D2002A12D0974210D3D518AF420DDB4E
:100E3000032509302B4209D10E432E4206D10093DF
:100E40000F3813000A002100FFF794FDFEBDC046D5
:100E500038280020FC270020F7B504001A48056850
:100E600008206D072ED5063000292BD0002C29D064
:100E700025680738002D25D11448844665462D681D
:100E80000720002D1ED060460789458940687D43B4
:100E900066682D180720AE4214D2002A12D097425D
:100EA00010D3D518AF420DDB032509302B4209D1F1
:100EB0000E432E4206D100930C3813000A00210085
:100EC000FFF758FDFEBDC04638280020FC27002053
:100ED000F0B51600214A85B012680D000824039071
:100EE000520735D50634002932D0002830D00A68A0
:100EF000073C002A2CD11A4F3A68002A28D038899A
:100F00007A897C68424349681219072491421FD2AA
:100F1000002E1DD0B0421BD3F218904218DB0322E2
:100F20000934134214D103980843040014401042BA
:100F300011D15918320003980AF0BDF80C232A6821
:100F4000009653430221FF5822002800039BB84714
:100F5000200005B0F0BD1024FAE7C0463828002074
:100F6000FC270020F0B51E4B04001B680D00082074
:100F700085B05B0732D50630002C2FD023680738A8
:100F8000002B2BD1174A1368002B27D017895368E1
:100F9000528966687A43D218039296421ED209306B
:100FA000B2071BD13900F01A01F0DAF80720002946
:100FB00014D13900280001F0D3F889B207200029A4
:100FC0000CD1002D0AD0039BAE19B34206D30022E8
:100FD0002B00210000920438FFF7CCFC05B0F0BDD7
:100FE00038280020FC27002070B504000D001600F2
:100FF000002110220AF07BF8054B32002900200066
:10100000236100F0B3FA034B20001C6070BDC046A2
:10101000A08601005028002070B5054D04002B6803
:10102000834203D0016900F059FA2C6070BDC046BC
:101030005028002010B50400034B083303601C3017
:1010400000F0C4F9200010BD80BC020070B505009E
:1010500004000E4B0E00083308C52800182200219A
:101060000AF045F8002320003100094AE3612362B9
:101070006363A363E3641C30230000F077F9280066
:10108000310009F017FE200070BDC04680BC020090
:10109000BDAA020010B5040000F006F8014B2000C4
:1010A000236010BD98BC02000C4B70B50360002398
:1010B00043608360C36003624362836396230400DA
:1010C0009B01051DC363280000F040FD280022009D
:1010D000034900F0CDFD200070BDC046A8BC020051
:1010E000E5AA020010B50400044B0833036009F0C0
:1010F00034FD200000F028F8200010BDB0BC020034
:1011000010B50400044B036009F027FD200000F037
:101110001BF8200010BDC046B8BC0200084B10B53B
:1011200008330360002343608360C360040000F061
:1011300017F80449206109F0E5FD200010BDC04604
:10114000D8BC020031AC020010B50400034B0833D8
:10115000036009F07AFD200010BDC046D8BC020033
:1011600000487047ECBC020010B5024809F0D3FDFE
:1011700010BDC046ECBC02000848026803210A43C7
:1011800002600749074A084B9B1A03DD043BC85815
:10119000D050FBDC05488047054800472405004047
:1011A0006CC8020000200020B0200020751F020043
:1011B00015810100FEE7FEE7FEE7FEE7FEE7FEE73A
:1011C00070B50E000E4C05002100300000F0C2FE8C
:1011D00028600022A256531C01D1002302E0B24233
:1011E0000CD1A368A02201200649D2002B7188509F
:1011F0006A221B021343044A8B5070BD0C34E8E78B
:1012000008BD020000700040040500000B4B0C49B3
:1012100010B55A580B4C22405A5002795C581202B1
:1012200022435A5080200122C0001A6019581142EE
:10123000FCD1A122D200985880B210BD00700040AD
:1012400004050000FF00FFFF01704B1C0AD00123C2
:101250008B404360044BC360044B0361044B436108
:10126000044B83607047C046080500500C050050D1
:101270001005005014050050F7B5A223A022DB0092
:10128000D205D358BE220193314B52009958002900
:101290003FD0C1218900595800293ADA0024E025BD
:1012A000C0269C50ED00B6022A4BA700F858002833
:1012B0002CD0294BE35C002B17D0019B0121E3408C
:1012C0000B4227D02300A022C133FF339B00D2055D
:1012D0009B589B039B0F032B1CD0204B1B68E340A8
:1012E0000B4217D01E4B1B689847A023DB05FF1845
:1012F0007A5932420AD07A591A490A407A51019AE7
:10130000E240D3071FD57A5932437A5101341F2C5A
:10131000CAD1F7BD019B0122E3401342E5D123006E
:10132000A021C133FF339B00C9055B589B039B0F72
:10133000032BDAD10C4B1B68E3401342D5D0084B8A
:1013400002211B68D0E78022795992020A43DCE728
:10135000006000405C280020A7290020E028002031
:10136000D8280020FFFFFCFFDC28002030B5040057
:1013700008004D1C1CD00F4821600260BE220020D6
:101380000D4C5200A0500D4A8D00AB5001220C4B69
:101390005A54C122802392001B06A350094B0A4CC9
:1013A00099580C40C02109042143995040221A60E9
:1013B00030BDC046D8280020006000405C280020D6
:1013C000A729002000E100E0FFFF00FF00210368E3
:1013D000014A9B00995070475C2800209446A02247
:1013E000F0B50468E020D205A300C0009B181A588D
:1013F0001E4D1F4E2A401A5060461E4D32682F68FF
:10140000002822D0012919D1A1401143316031684F
:101410002A6801200A43E24002420ED0A021A22203
:10142000C905D2008958F132E140FF32014219D09A
:10143000C0219858890201439950F0BD0229E6D194
:101440000120A04038432860E1E7012903D1A140F1
:101450008A433260DBE70229D9D10120A0408743CB
:101460002F60D4E780219858E4E7C046FFFFFCFFD7
:10147000E0280020DC2800200368074A9950074A2A
:10148000FC33196A002902D0002018627047013A23
:10149000002AF6D10120F9E71C050000A186010011
:1014A00010B50368002A03D08022022092009850D1
:1014B00001221C001A62084AFC34E068002806D0A9
:1014C0000020A322E060D2009B580B7010BD013AAF
:1014D000002AF2D10120F9E7A186010010B50B4CDA
:1014E00002680B4BA14205DC0A498160CC2149040A
:1014F000D15010BD084CA14204DC08498160802114
:10150000C904F5E706498160CD21F9E78FD00300D2
:1015100024050000A08601007F1A060090D0030079
:10152000801A060070B50400080019001300A025F9
:10153000C026C133FF33F600ED059B005E5103006A
:10154000C133FF339B005E51A1252368ED005A5142
:10155000054A98502000FFF7C1FFA023052122680B
:10156000DB00D15070BDC0460C050000F8B50E0080
:101570001500040000F0E6FB264AF1B21378D8B259
:10158000012B1DD153788B421AD19778EBB29F4231
:1015900016D16073204B19000022FC312360657165
:1015A00026718A62A021C9005A501C4920005A5055
:1015B00001325A502A003100194BFFF7B3FFF8BD32
:1015C000184BE8B21F78012F09D15F788F4206D1FE
:1015D0009F78874203D102236373134BDBE71778AD
:1015E000002F05D101231370637351709070D1E700
:1015F0001A78002A04D101321A7059709870EAE7FB
:101600000A4809F028FB0023FC222360657126713B
:101610009362FFDEC629002000300040FC0F00006E
:10162000A0860100CA29002000400040FCC702003B
:10163000036800221900FC3110B58A62A021C9009C
:101640005A5006495A5001325A50052204218256F6
:1016500041568368FFF766FF10BDC046FC0F0000CF
:10166000036800211A00FC3210B591600131596104
:10167000074B9168002905D000240473FFF7D8FFB9
:10168000200010BD013B002BF3D10120F9E7C0463B
:10169000A1860100036810B51900FC318A6A002098
:1016A000012A08D1044C1C5988625A610238A407E7
:1016B00001D40120404210BDC40400000261064A6A
:1016C00010B54260054A01738260054A1900026044
:1016D00009F029FC10BDC04604050050100500505B
:1016E0000007005000210C4A0300515681420ED0E1
:1016F0000121515681420CD001209278404252B2D1
:101700009A4203D10330054B187040B27047002055
:10171000F9E70120F7E7C0468A200020CE29002003
:10172000002330B5124AD35683421DD00123D3562D
:1017300083421BD00223D356834214D102231900C3
:1017400045310C480C4CFF3189000C5001210D0033
:101750005C00601C8540A140A120084C2943C000CA
:101760002150FF21D15430BD0023E8E70123E6E7F3
:101770008A20002000600040031F020000F00140AA
:10178000F8B50023114C0500E356114E013314D077
:101790000123E356013315D00223E356013313D05E
:1017A00030780321013000F0C5FD0F006056317024
:1017B000FFF7B6FFE55578B2F8BD0020255430702C
:1017C00040B2F9E70120F9E70220F7E78A2000207C
:1017D000CE290020012370B51E000200A0258640FE
:1017E000C132FF32ED0592005351134A0002AE5050
:1017F000A226124A4C001043114A89008D18F600A7
:10180000E4B2A851C046C046C0460E48E2001218D5
:101810000D482B6015500D48091891510C490D4881
:101820005550043950501900E2189140A3400A4A1B
:101830000B4304498B5070BD0C05000003001300DE
:101840000060004000F001401405000040A100408D
:101850001C0500004CA1004004050000A820012147
:1018600010B5124A124B1488C00059601C5054889D
:1018700010481C509088A922D2009850802208203D
:101880009200985080200932FF32000398500A4A93
:101890001078A222D2009850084A1088084A98501E
:1018A00000221960FC331A6510BDC0467E2000205E
:1018B00000A00040440500008D2000207C20002076
:1018C0004C05000070B5012686570D003000FFF76B
:1018D00009FF0400431C0ED13000FFF751FF030045
:1018E00051331D491D4AFF339B0004009950C1B27A
:1018F0003000FFF76FFF1A4BA200D5502A00194B9A
:1019000064001B78043BDA40174BE252002D03D0F1
:10191000164B1B689D420ED33000FFF701FF0123D9
:10192000A022B340D205002D03D0A121C9005350FD
:1019300070BD0F49FBE772B600210E4A074B1165D7
:10194000C12280219200090399500B49053AFF3AC0
:10195000995062B6ECE7C046FFFF000000A00040CF
:10196000E42800208D2000207E200020142000206C
:101970000C050000FCA0004008080000F8B5244B4E
:101980000D0019780600002926D10122214B22489A
:101990005A6019501A502148C22719500430195062
:1019A0001F49BF000878A221C90058508021082093
:1019B000890058501B491C4C08881C4958501C4928
:1019C000C85904408020C0032043C8518020C00073
:1019D00008601A600E4B1A702800FFF783FE04009F
:1019E000431C0ED12800FFF7CBFE030051331149F1
:1019F000084AFF339B0004009950C1B22800FFF74A
:101A0000E9FE7570300034700021FFF75BFFF8BD10
:101A1000CF29002000A00040FC0F000004050000BA
:101A20008D2000207C200020FFFF00FF4C050000DF
:101A300000E100E0FFFF0000084B70B50D1C040042
:101A4000186801F081FC291C01F03CF901F00EFC42
:101A500001002000FFF736FF70BDC04614200020B3
:101A6000F0B50C00244985B00E68A64206D080224D
:101A700004235202944206D9132B01D105B0F0BDC4
:101A800052000133F6E7092BF8DC1C4A00251370DD
:101A90002200043BDA401A4B0C601A80FF2302AA92
:101AA0009371184B6A00D25A174B9A421FD0174BAA
:101AB00002AAEB5CD371164BAA00D05801F044FC8B
:101AC0000190200001F0F2FB071C300001F03CFC0B
:101AD000011C381C00F02EFF011C019801F0F2F8E7
:101AE00000F088FC02AB0100981DFFF7EBFE01350A
:101AF000032DD6D1C2E7C046142000208D2000203F
:101B00007C2000207E200020FFFF00008A20002093
:101B1000E4280020012310B50A4ADC0014598C4245
:101B200007DD013BDB00D3185A680168064BCA5039
:101B300010BD0133112BF0D180210268024B490501
:101B4000D150F5E774BD020024050000F8B50F0080
:101B500016000122244BBA400360A023234CDB056E
:101B6000195905000A431A518022195912060A43CD
:101B70000121B1401A511A598A4396211A511A5912
:101B80008901520052081A51FFF7C4FF00220420B5
:101B90002B6817495A506C395850012199601960C7
:101BA0001900FC31CA6013495A506A6014391F3257
:101BB0005A5011495F5009185A501E517B1C03D0CE
:101BC0000321380009F09FF9731C03D00321300072
:101BD00009F099F90122094B29001A6008480732D7
:101BE00009F069FAF8BDC046002000401405000065
:101BF0006C0500001C0500000C05000000290020F9
:101C0000F8280020962310B5DB00994205DC9E21C0
:101C10000268034BC902D15010BDFFF77BFFFBE701
:101C200024050000C1230E4A9B00D15810B50906B7
:101C300003D50C49096A002908D1D3585B0704D59C
:101C4000084B0021DB68002B01D110BD0121064BA0
:101C500018680028F9D0054B1B689847F5E7C0467F
:101C600000200040FC200040F4280020F028002044
:101C7000034B1960436803499B00CA507047C04634
:101C8000F0280020F4280020A023F0B5294DDB0027
:101C9000EA5885B00192A0240022274EEA50E405BC
:101CA000A359264A0293EA23A251DB00E1580420FB
:101CB0000391E250A1238022DB005203E2508022F4
:101CC0001203E25009F062F9A223DB00E15801227D
:101CD000C9022BD5E358DB0C134227D00120A023E7
:101CE000029ADB059A51EA220399D2009950A02367
:101CF000019ADB00EA5005B0F0BD8022104B1203C0
:101D0000FA50042009F042F9A1238022DB001203DB
:101D1000FA50042009F03AF9A223DB00FB58DB0259
:101D2000DCD4013C002CE8D12000D8E7A027132404
:101D3000FF05F6E7004000404C0700000D060000DC
:101D40000C050000A023144A1449DB0510B55A50B5
:101D500004315A50124B00211A00FC32D16011623A
:101D6000A12113221420C9005A500E4A0E4C98503B
:101D7000CC200E4A40049850A2200D4AC0001450B6
:101D80000C480D4C145001205050A0220521D200C7
:101D90009950FFF779FF10BD0C0600004C070000BA
:101DA000004000400C0500003841004024050000C0
:101DB00000F00140140500001C4000400123802079
:101DC0000D4910B58B640D4B0D4A8000D867146D1A
:101DD0000C4B002C04D0002414651A6801321A60E0
:101DE000094A10601868A923DB00CB58010C9BB28C
:101DF0000004184310BDC0460090004004E100E01C
:101E0000FC9000400429002000E100E0F8B50F4CF0
:101E1000636C002B0FD000270D4E67643378BB42F4
:101E200009D00C4B1D68FFF7C9FF2D1ABD4202DC1B
:101E30003770FFF799F9236D002B05D0064A136818
:101E40000133136000232365F8BDC046FC900040B9
:101E5000D0290020082900200429002070B51B4D3E
:101E60002878002831D10121194B1A4A5960506055
:101E70008020C005016051680029FCD0002216496D
:101E8000A2205A5004240121C000D9601C500838F7
:101E90001A501248C2261A50C12280209200000314
:101EA00098508020400298500D4AB60090590D4C31
:101EB0000440C020000220439051C02480206400D0
:101EC0008000105110601960297070BDD129002068
:101ED00000900040FC000040040500004C0500009C
:101EE00000E100E0FF00FFFF044B10B51B78002B62
:101EF00001D1FFF7B3FFFFF761FF10BDD12900202B
:101F0000104B70B51B780400002B01D1FFF7A6FF22
:101F10000D4D0E4E2B78002B02D03368A34210D00B
:101F2000FFF74CFF201A0A2803DCFFF747FF0A30AF
:101F3000040001232B70A823054A3460DB00A4B2FF
:101F4000D45070BDD1290020D029002008290020BC
:101F50000090004010B50400431C07D009F063F85E
:101F60000400431C02D1024808F075FE200010BD99
:101F70000DC80200224970B50B68DBB2012B03D1FA
:101F8000204803681B070DD08022A3230021D2051F
:101F9000DB00D1501C4B9960013191609A68002A96
:101FA000FCD070BD194AF0231468E02625001D40BE
:101FB000344221D1164C24681C420DD1154B164CCD
:101FC0001C608024154B24021C600B68DBB2012BC3
:101FD000DAD103681B07D7D11368F0221340402BD6
:101FE000D2D10B4B1B681342CED18022C1230121D9
:101FF000D205DB00D150C7E7302DDBD0ECE7C0467F
:10200000E00F00F0E40F00F0FC000040E80F00F0EB
:10201000EC0F00F004050040DFFF07C0186C004023
:10202000014B18687047C0461029002002B4714661
:1020300049084900095C49008E4402BC7047C0460B
:1020400003B47146490840004900095A49008E44CA
:1020500003BC7047002243088B4274D303098B42B0
:102060005FD3030A8B4244D3030B8B4228D3030C68
:102070008B420DD3FF22090212BA030C8B4202D30A
:102080001212090265D0030B8B4219D300E0090A32
:10209000C30B8B4201D3CB03C01A5241830B8B423B
:1020A00001D38B03C01A5241430B8B4201D34B0324
:1020B000C01A5241030B8B4201D30B03C01A524189
:1020C000C30A8B4201D3CB02C01A5241830A8B420E
:1020D00001D38B02C01A5241430A8B4201D34B02F7
:1020E000C01A5241030A8B4201D30B02C01A52415B
:1020F000CDD2C3098B4201D3CB01C01A524183090F
:102100008B4201D38B01C01A524143098B4201D348
:102110004B01C01A524103098B4201D30B01C01A73
:102120005241C3088B4201D3CB00C01A52418308ED
:102130008B4201D38B00C01A524143088B4201D31A
:102140004B00C01A5241411A00D20146524110467A
:102150007047FFE701B5002000F0F0F802BDC0466F
:102160000029F7D076E7704703460B437FD400225F
:1021700043088B4274D303098B425FD3030A8B421B
:1021800044D3030B8B4228D3030C8B420DD3FF2285
:10219000090212BA030C8B4202D31212090265D053
:1021A000030B8B4219D300E0090AC30B8B4201D306
:1021B000CB03C01A5241830B8B4201D38B03C01A4D
:1021C0005241430B8B4201D34B03C01A5241030BC4
:1021D0008B4201D30B03C01A5241C30A8B4201D375
:1021E000CB02C01A5241830A8B4201D38B02C01A20
:1021F0005241430A8B4201D34B02C01A5241030A97
:102200008B4201D30B02C01A5241CDD2C3098B427B
:1022100001D3CB01C01A524183098B4201D38B01F8
:10222000C01A524143098B4201D34B01C01A52419B
:1022300003098B4201D30B01C01A5241C3088B42E0
:1022400001D3CB00C01A524183088B4201D38B00CB
:10225000C01A524143088B4201D34B00C01A52416D
:10226000411A00D201465241104670475DE0CA0F44
:1022700000D04942031000D34042534000229C4604
:1022800003098B422DD3030A8B4212D3FC2289010E
:1022900012BA030A8B420CD3890192118B4208D3E4
:1022A000890192118B4204D389013AD0921100E046
:1022B0008909C3098B4201D3CB01C01A524183095A
:1022C0008B4201D38B01C01A524143098B4201D387
:1022D0004B01C01A524103098B4201D30B01C01AB2
:1022E0005241C3088B4201D3CB00C01A524183082C
:1022F0008B4201D38B00C01A5241D9D243088B4282
:1023000001D34B00C01A5241411A00D20146634624
:1023100052415B10104601D34042002B00D5494288
:10232000704763465B1000D3404201B5002000F0C7
:1023300005F802BD0029F8D016E770477047C0467F
:10234000844608006146FFE71FB500F077FC0028CF
:1023500001D40021C8421FBD10B500F003FC40426B
:10236000013010BD10B500F069FC002801DB002031
:1023700010BD012010BDC04610B500F05FFC002864
:1023800001DD002010BD012010BDC04610B500F0D9
:102390000FFC002801DC002010BD012010BDC0464C
:1023A00010B500F005FC002801DA002010BD012066
:1023B00010BDC046002B11D1002A0FD1002900D139
:1023C000002802D00021C943080007B4024802A136
:1023D0004018029003BDC04665FFFFFF03B4684686
:1023E00001B5029800F03CF8019B9E4602B00CBC7F
:1023F0007047C0469E2110B5C905041CFFF7D0FFE9
:10240000002803D1201C00F031FF10BD9E21201CAC
:10241000C90500F07DFD00F029FF80231B069C46C6
:102420006044F2E770B500220C4B04000D0002F08E
:102430008FFD002804D12000290002F0F9FB70BDB7
:10244000064B00222000290002F060F802F0F0FBA9
:1024500080231B069C466044F1E7C0460000E04133
:10246000F0B557464E464546DE46E0B504000D0041
:102470009246994683B08B4230D82DD0494650467B
:1024800002F08EFD29000600200002F089FD331ABB
:102490009846203B9B4633D45A4653469340424687
:1024A0001F00534693401E00AF423AD8AF4200D1BE
:1024B00078E05B46A41BBD41002B00DA75E00022EA
:1024C00000230092019301235A4693400193012374
:1024D00042469340009328E08242CFD90022002355
:1024E000009201930C9B002B01D01C605D60009852
:1024F000019903B0F0BCBB46B246A946A046F0BD68
:10250000424620239B1A5246DA40414613004A466F
:102510008A40170042461F43534693401E00AF4275
:10252000C4D900220023009201934346002BD9D046
:10253000FB0772081A4346467B080EE0AB4201D106
:10254000A2420CD8A41A9D41012024196D410021FA
:10255000013E24184D41002E06D0AB42EED9013E7B
:1025600024196D41002EF8D1009801995B4600199D
:102570006941002B24DB2B005A464446D3402A00F5
:10258000E2401C005B461500002B2ADB26009E4023
:10259000330026004746BE403200801A9941009021
:1025A00001919FE7A342BCD883E742462023002144
:1025B0009B1A0022009101920122DA40019286E7E3
:1025C000424620239B1A2A0046469A402300F340A5
:1025D000444613432A00E2401C005B461500002BD2
:1025E000D4DA42462F002023260097409B1ADE4073
:1025F0003B003343CDE7C046F0B5C64643025B0A15
:102600004E0245004F00DA00C40F9C46700A904607
:1026100000B52D0E3F0EC90FB6098C424BD0EA1BF8
:10262000002A36DD002F61D0FF2D00D1ADE08023E0
:10263000DB041E431B2A00DCD3E001204346181AAA
:10264000430100D48CE080018709380002F08AFC45
:1026500005388740854200DCB6E02D1AB348384083
:10266000430704D00F230340042B00D00430430160
:1026700000D478E06A1CFE2D65D08001430A9C4698
:10268000D2B26346D0051843E407204380BCB84665
:10269000F0BD002A35D07A1B002D00D0AFE04346B4
:1026A000002B00D1A7E0531E012A00D12FE1FF2A01
:1026B00069D01A00AAE0E91B002970DD002F37D08D
:1026C000FF2D62D08023DB041E431B2900DCB0E019
:1026D00001204044430143D50135FF2D33D0012370
:1026E000934A0340400810401843B9E7002E00D138
:1026F00083E0511E012A00D1D8E0FF2A45D00A000C
:1027000098E7FE276A1C174200D086E0002D00D013
:10271000B7E04346002B00D1F3E00022002EB0D0FA
:10272000981B430100D4FAE043460C00F01A97E7E7
:10273000002E00D1C8E04A1E012900D1AEE0FF29D9
:1027400023D01100C1E70023FF229C4699E7FE2118
:102750006A1C114277D0FF2AF5D015004644700854
:10276000430700D07EE7C308FF2D0ED05B025B0A53
:102770009C46EAB285E7002E07D08022D20313429E
:1027800003D0104201D10C000300002BDBD08020CD
:10279000C00318434002430A9C46FF2271E7002908
:1027A000D5D07A1B002D60D14346002B24D0531E78
:1027B000012A73D0FF2AE7D01A001B2A00DC85E02B
:1027C00001203D00801985E720233A00451B380091
:1027D0000135EA405D1BA840431E98410025104387
:1027E0003EE7202330009B1A31009840D140431E21
:1027F0009841084322E70C0003001500B4E7FF2FBF
:10280000C1D080234046DB04184380461B2A51DD9B
:1028100001200C003D00301A12E743469F1B7B014C
:102820002BD4002F00D010E70023002400229C4668
:1028300027E7202332003000CA40591A8840431E3F
:102840009841104345E7002D4AD14346002B63D001
:102850000022002E00D114E730004044430100D490
:102860007EE7324B013518407AE7FF2F8CD080236A
:102870004146DB04194388469FE743460C00F71A9C
:10288000E3E64246002A00D075E7002E00D07AE742
:102890008023DB0300249C46FF22F2E63000404404
:1028A0000125430100D45BE7022518E743460125D3
:1028B000981BC5E6202344464046D4409A1A9040CF
:1028C000431E98412043A4E70D004DE720234146D5
:1028D0004046D1409A1A9040431E9841084370E701
:1028E0004246002A00D14FE7002E00D14DE780225A
:1028F000D203134200D148E7104200D045E703005D
:1029000043E7002E90D00C0084460022B9E64346EF
:102910000C00F01A013593E684460022B1E6002847
:1029200000D01DE7002300249C46AAE6FFFFFFFB22
:10293000FFFFFF7DF0B54F464646D6464502C0B57F
:1029400047000C1C6D0A3F0EC60F002F00D170E02F
:10295000FF2F00D175E0EB008025ED041D4300231F
:1029600099469A467F3F6002430A984663001B0ED1
:10297000E40F002B4ED0FF2B46D04246D0008022E1
:10298000D2040243904600227F3B3100FF1A4B469F
:102990006140C9B213430F2B00D9B5E06E489B00CC
:1029A000C3589F4600239846260045469246534604
:1029B000022B00D189E0032B00D19EE0012B18D01F
:1029C0003B007F33002B69DD6A0704D00F222A40C9
:1029D000042A00D004352A0103D5604B1D403B007A
:1029E0008033FE2B00DD70E0AD016D0AD8B202E04D
:1029F0000E0000200025C0052843F6073043E0BC48
:102A0000BA46B146A846F0BD4346002B3FD102224C
:102A1000FF3F03E04346002B2DD1012231004B46FE
:102A20006140C9B213430F2B34D84D489B00C358A3
:102A30009F46002D13D104239946033B00279A4655
:102A400091E7002D05D108239946063BFF279A46BA
:102A500089E70C239946093BFF279A4683E728001C
:102A600002F080FA7627431F9D4000237F4299465B
:102A70009A463F1A77E7404602F074FA4246431FEF
:102A80009A4076235B4290461B1A00227DE7FF2383
:102A900003227AE70E00FF200025ACE70120C01AD0
:102AA0001B28A6DC9E372A00BD40C2406B1E9D41FC
:102AB00015436B0704D00F232B40042B00D00435A3
:102AC0006B0144D50120002595E7FF20002592E702
:102AD00080250026FF20ED038DE700239846802007
:102AE000C003054209D04346034206D1454605438B
:102AF0006D022600FF206D0A7DE78020C00305439C
:102B00006D02FF206D0A76E742466B015001834259
:102B100019D21B220025013F01261C006D005B001D
:102B2000002C01DB984201D81B1A3543013A002AD8
:102B3000F3D15A1E93411D433B007F330E00002BFF
:102B400000DD41E7AAE71A2201251B1AE4E7AD01DF
:102B500000206D0A4FE7C046FCBD0200FFFFFFF7F3
:102B60003CBE020070B5420045024E024C00C30F4D
:102B70006D0A0120120E760A240EC90FFF2A06D014
:102B8000FF2C03D0A24201D1B54206D070BD002D6A
:102B9000FCD1FF2CFAD1002EF8D18B4206D00120B7
:102BA000002AF3D12800431E9841EFE70020EDE70B
:102BB00070B5420045024E024C00C30F6D0A120E62
:102BC000760A240EC80FFF2A1BD0FF2C0ED0002A35
:102BD0001BD1002C01D1002E1CD0002D0CD0834223
:102BE0001CD00221581E0840013870BD002E22D191
:102BF000002AF4D1002DF2D10028F6D10120404264
:102C0000F3E7002D17D1FF2CF0D0002CE7D1002ED8
:102C1000E5D1E6E70020002DE7D0E2E7A24205DC9F
:102C2000EADBB54202D8E7D30020DEE74342584151
:102C300040000138D9E702204042D6E770B5420093
:102C400045024E024C00C30F6D0A120E760A240E86
:102C5000C80FFF2A0BD0FF2C0DD0002A1FD1002C4B
:102C600016D1002E14D10020002D10D009E0002D27
:102C70000CD1FF2C13D1002E08D1002A08D083429A
:102C800012D00221581E0840013800E0022070BD19
:102C9000002DF4D10028FAD101204042F7E7002CA2
:102CA000EDD1002EEBD1ECE7A24205DCF2DBB54220
:102CB00002D8EFD30020EAE74342584140000138F0
:102CC000E5E7C046F0B54F464646D64644024500C5
:102CD000C0B5640A0F1C2D0EC60F002D00D18DE06B
:102CE000FF2D00D192E00023802099469A46E4000F
:102CF000C00404437F3D7802430A98467B001B0EC4
:102D0000FF0F002B00D170E0FF2B00D186E0424680
:102D1000D00080227F3BED180023D204024390466E
:102D20009C4631004B467940681C0F2B1CD8764AD4
:102D30009B00D3589F4639004446E2465346022B37
:102D40000FD0032B00D1D7E0012B37D10020002476
:102D5000C0052043C9070843E0BCBA46B146A846AF
:102D6000F0BDFF200024F3E7260C2404220C444687
:102D70002404240C434627001B0C574374435A4336
:102D80005E4312193B0C9B189C4203D980225202CD
:102D9000944666443F041A043F0CD2199401671EFE
:102DA000BC411B0C920E9B1914439B011C431B013D
:102DB00000D49BE0012362081C40144302007F32D0
:102DC000002A64DD630704D00F232340042B00D0C6
:102DD0000434230103D502004C4B80321C40FE2AF0
:102DE000BFDCA401640AD0B2B2E74346002B3DD158
:102DF0004A4601331A4391469C4692E7002C29D15A
:102E000004239946033B00259A4674E7002C1BD106
:102E100008239946063BFF259A466CE74346FF3553
:102E2000002B0BD102234A461A4391469C4678E771
:102E300053463100022B00D083E792E703234A4632
:102E40001A4391469C466CE70C239946093BFF25A3
:102E50009A4650E7200002F085F87625431F9C40F3
:102E600000236D4299469A462D1A44E7404602F0E7
:102E700079F84246431F9A4000232D1A90469C46FB
:102E8000763D4EE780240021FF20E40360E7012324
:102E90009B1A1B2B00DD59E722009E30DA4084404C
:102EA0001300621E94411C43630704D00F23234088
:102EB000042B00D0043463011AD50120002447E715
:102EC0008020C003044209D04346034206D1444651
:102ED000044364023900FF20640A39E78020C003FC
:102EE000044364023100FF20640A31E7280065E7EB
:102EF000A4010020640A2BE78020C003044364027D
:102F0000FF20640A24E7C0467CBE0200FFFFFFF7F3
:102F1000F8B5CE46474643025B0A4E02DA009446B5
:102F2000720A914645004A0080B52D0E1F00C40F5D
:102F3000120EC90FB609FF2A5BD0012041408C4216
:102F400039D0A81A00285ADD002A6AD0FF2D00D1F6
:102F5000D9E08022D20416431B2800DCE9E00120DE
:102F60006346181A430100D4B4E080018709380091
:102F700001F0F8FF05388740854200DCCCE02D1ACF
:102F8000B5483840430704D00F230340042B00D03A
:102F90000430430100D4A0E06A1CFE2D00D18DE076
:102FA0008001470AD2B2D0053843E4072043C0BCB1
:102FB000B946B046F8BDA81A8046002845DD002A6B
:102FC00070D0FF2D00D19EE08023DB041E434346DA
:102FD0001B2B00DCD2E00120604443017AD501358F
:102FE000FF2D6BD001239D4A034040081040184339
:102FF000C8E7002E20D08C4223D02800FF380028BC
:1030000039D0571B002D00D09DE06346002B00D126
:10301000DBE07B1E012F00D10DE1FF2F71D01F00DF
:1030200098E0002E00D1A7E0421E012800D1E6E082
:10303000FF2868D010008FE701204140A14200D056
:103040007FE7FF2040428046A8444046002838D011
:10305000511B002D00D1AEE0FF2A00D1DFE080231C
:103060006046DB04184384461B2900DCD9E00120BC
:1030700015008019B1E7FE206A1C104271D1002DA5
:1030800000D0A6E06346002B00D1D9E00022002E3C
:1030900000D188E7981B430100D4E1E063460C00AF
:1030A000F01A6FE7002E00D1B7E00200013A0128C4
:1030B00000D19CE0FF2826D0904688E7FF22002719
:1030C00071E7FE206A1C104264D0FF2AF6D015007A
:1030D00066447008430700D056E7C308FF2D12D09E
:1030E0005B025F0AEAB25EE76246002A00D196E020
:1030F000002E08D08022D203134204D0484610424A
:1031000001D10C004B46002BD8D08027FF031F4372
:103110007F02FF227F0A46E720233A00451B380042
:103120000135EA405D1BA840431E9841002510432D
:1031300028E720231B1A32009E40C2403000431E65
:10314000984110430CE7FF2ADBD080236046DB0464
:10315000184384461B2F56DD01200C001500301A41
:1031600000E763469F1B7B013DD4002F00D0FEE6A5
:1031700000240022002716E70500AFE7320043468F
:103180004146DA4020235B1A9E403000431E98419E
:10319000104321E7002DA7D16346002B59D0002210
:1031A000002E00D1FFE630006044430192D52A4B47
:1031B000013518408EE76346002B47D04B1E01298E
:1031C00015D0FF292BD019004EE70C004B463D00CF
:1031D00084E76246002A8BD1002E92D180270024FA
:1031E000FF22FF03DFE663460C00F71ABFE630005C
:1031F00060440125430100D46CE70225F2E66346F2
:103200000125981BAEE6202364466046FC40DF1B88
:10321000B840431E984120439FE705005EE74B46B8
:1032200071E7202365466046CD40591A8840431E09
:10323000984128431CE763460C000125F01A91E6EB
:10324000002E95D00C004F460022ACE64B460D00F8
:1032500044E74F460022A6E6FFFFFFFBFFFFFF7D8E
:10326000002800D036E7002400279CE641024200F7
:10327000C30F490A0020120E7E2A03DD9D2A02DDBB
:10328000094A98187047802000040143952A07DCFA
:103290009620821AD1404842002BF3D10800F1E772
:1032A000963A9140F7E7C046FFFFFF7FF8B5002848
:1032B00013D0C317C6185E40C40F300001F052FE91
:1032C0009E2305001B1A962B0FDC082801DD083D04
:1032D000AE407602760AD8B202E000240020002632
:1032E000C0053043E4072043F8BD992B0CDD0522CF
:1032F0003100121AD1400A00010030001B31884011
:10330000411E884102431600052D12DC31000D4F8D
:103310003940720709D00F203040042805D004310D
:103320004A0102D59F2339405B1B89014E0AD8B25E
:10333000D6E76A1F96403100024F39407207F4D039
:10334000E9E7C046FFFFFFFB70B5051E0ED001F098
:1033500009FE9E2304001B1A962B0CDC082801DDB5
:10336000083CA5406D026D0AD8B201E0002000259E
:10337000C005284370BD992B09DD020029001B32CE
:1033800091404A1E91410522121AD5400D43052C49
:1033900012DC29000C4E31406A0709D00F2028406A
:1033A000042805D004314A0102D59F2331401B1B5C
:1033B00089014D0AD8B2DBE7621F95402900024E11
:1033C00031406A07F4D0E9E7FFFFFFFBF0B54F4655
:1033D0004646D6460D000400C0B51F001100280364
:1033E000620F400A10437A00520DE3003C039146FD
:1033F000640AFA0F4F0F6E0027439246B846760DC7
:10340000ED0FC900954200D199E04C46341BA4460B
:10341000002C00DC7CE04A46002A00D1B8E0C54A16
:10342000964200D11CE180223C0012041443A046C5
:103430006246382A00DD61E11F2A00DDCCE16446E6
:103440002022121B444694400F00A146644691403E
:10345000E7404C464A1E91413C4342462143644664
:10346000E240801A5C1AA3429B415F42C71B3B02A9
:1034700000D4D0E07F027F0A002F00D1FFE03800A7
:1034800001F070FD01000839202322005B1A8F40F3
:10349000DA408C401743B14200DAFFE0891B4B1C35
:1034A0001F2B00DDA8E020223900D21A2000944012
:1034B0009140D840621E9441DF40002601430C43F6
:1034C000630709D00F232340042B05D0231DA342FB
:1034D000A44164423F191C003B0200D49EE0954B7E
:1034E00001369E4200D1B7E0934AE40817407B07BB
:1034F00071057F0223433F0B4A0D12053A43ED0746
:103500002A4318001100E0BCBA46B146A846F0BDF7
:10351000002C4BD04C46A41BA446002E00D023E127
:1035200004001C4300D1AFE16246541E012A00D1C1
:1035300015E2804DAC4500D1C8E1A4461BE14A46E6
:10354000B21A9446002A00DCACE04A46002A43D076
:10355000784A964200D1AFE180223C001204144325
:10356000A0466246382A67DC1F2A00DC5FE1474636
:10357000203AD7406246202A05D064464022121BDA
:103580004446944021434A1E91410C003C4357E07D
:103590003A000A4300D105E12200013A012C00D192
:1035A00082E1644CA4455BD0944641E7634C771CB0
:1035B000274200D0C4E004001C43002E00D069E183
:1035C000002C00D1BFE144460C4300D0D0E14207BB
:1035D000DB081343C00829E03A000A4300D170E138
:1035E00062466446013A012C00D1E0E0514CA4450A
:1035F00000D161E19446B4E73A001F39CA40110096
:10360000202B03D04022D31A9F403C43631E9C4191
:10361000002700260C43630700D053E7B446E408B4
:103620007B072343F808434A94451DD062460703AD
:1036300052053F0B520D60E744460C43621E944115
:10364000E4189C429B415F423F183B02E3D5394B53
:1036500001369E4200D0B5E03200002700234CE73F
:103660004207DB081343C0081A00024300D1E1E11E
:1036700080273F0307433F032E4A3F0B3DE72000CF
:1036800001F070FC010018311F2900DCFCE608384D
:10369000844027000024B14200DBFFE6264A761A68
:1036A00017400DE7002A2FD04A46921B9446002E61
:1036B00000D1ADE01F4A914500D10FE180221204F4
:1036C00010436246382A00DD0FE11F2A00DD80E149
:1036D000644620221E00121B67460400934094405B
:1036E000FE405A1E9341F84034431C438044641802
:1036F0008C42BF417F424E464744A6E742460A43BA
:1037000011004A1E9141ADE60C4C721C224200D0C1
:10371000A1E002001A43002E00D0FAE0002A00D1F6
:1037200045E13A000A4300D046E14207DB08134373
:10373000C0087BE7FF070000FFFF7FFFFE070000D8
:1037400047465C1AC21BA342BF417F42B9461700DD
:103750004A46BF1A3A0200D58DE023003B4300D011
:103760008AE60020002561E7B44CA14500D1ADE018
:103770008024240420436446382C3DDC62461F2C00
:1037800000DDB7E020251E002D1B0400AB40AC403F
:10379000D640D04042465D1EAB413443121A90469B
:1037A00023432CE04207DB081343C0083BE75C18C7
:1037B0009C429B4140445B42C71801263B0200D417
:1037C00029E702269E4A63081740012214401C4341
:1037D000FB071C437F0873E64446203AD440624608
:1037E000202A05D067464022D21B474697403943DE
:1037F0004A1E9141214335E60343581E8341CC1AAA
:10380000A142BF4143467F4255464E46DF1B2EE64E
:1038100002001A4300D1BDE062466446013A012C21
:1038200000D1E5E0854CA44558D0944649E764466C
:103830002022121B444694400F00A146644691404A
:10384000E7404C464A1E91413C4342460C43614688
:10385000CA408018F4E6794CA24200D1FDE659181E
:1038600099429B4140445F42C719FC074908160032
:103870000C437F08CFE6CC1AA142BF4143467F42AA
:10388000181A5546C71BF7E5C9087B0755460B4371
:10389000F808C8E6002C00D081E043460B4315D160
:1038A000802000250003E3E65C1AA3429B41C71B6E
:1038B0005B420126FF1ADAE54207DB081343C00822
:1038C000D2E64207DB081343C008ACE64346424653
:1038D000C9085B0755460B43D008C5E64346424638
:1038E0005B07C9080B43D008BEE603431C00631EF8
:1038F0009C41FCE60200203CE24014006246202A83
:1039000003D04025AD1AA8400343581E83412343EA
:1039100075E7002AE2D03A000A43CDD04207DB081F
:1039200013438022C0081203104206D0FC08144240
:1039300003D12000CB087A0713435A0FDB0052074C
:10394000DB08134390E643460B4300D109E74346A7
:103950004246C9085B0755460B43D00866E6CC1AB9
:10396000A14289413F1A4942554601267F1A7EE508
:1039700042465C1A871AA34292415242BF1A3A0247
:103980003DD5CC1AA1428941434649421F1A5546AA
:103990007F1A95E57B07C9080B43F80843E64446C0
:1039A000DB080C4330D142071343C0085CE67B07B9
:1039B000C9080B43F80839E65C189C429B41404417
:1039C0005B42C7183B0200D425E61D4B01261F4071
:1039D00021E60400203AD4406246202A04D0402246
:1039E0006646921B904003435A1E93411C437EE659
:1039F0005C188C428941404449424718DDE6230067
:103A00003B4300D1ADE606E6440723438024C008CB
:103A10002403204208D04246D608264204D1554607
:103A20003000CB0851070B435A0FDB00DB0852076D
:103A3000134319E60023014A1F005EE5FF0700005B
:103A4000FFFF7FFFF0B557464E464546DE46E0B5E0
:103A5000814605000C03480092461F0085B0240BE8
:103A6000400DCE0F002800D156E1D44B984200D132
:103A700072E16B0FE4001C4380231B042343984630
:103A8000CF4BED009B4600239946834400933C03B3
:103A90007B005046240B5B0DFF0F002B00D11FE174
:103AA000C64A934200D162E1C549420F8C46E40008
:103AB00059461443802263441204CB1A14439B4694
:103AC000C200002033007B409A464B460F2B27D87C
:103AD000BC499B00CB589F46B246009B022B16D098
:103AE000032B00D18EE2012B00D0D9E0002300246B
:103AF000002552461B052343D20713432800190013
:103B000005B0F0BCBB46B246A946A046F0BD0024B5
:103B10000025AA4BEDE7BA46A04615000090DCE769
:103B2000444500D2C7E100D1C2E101235B429C467B
:103B30002E0040460025E3442302140E1C431B0CB8
:103B4000994623041F0C1202494600920197FEF782
:103B500007FB02007A430B04310C804619438A426A
:103B600007D901235B429C460919E0448C4200D8E6
:103B700007E2881A4946FEF7F3FA09048C46310435
:103B80006646019A090C4243030031438A4204D934
:103B90000919013B8C4200D8EDE1881A4246120413
:103BA0001A4390464146009B0E041B0C1F000293D3
:103BB000009B360C1B04190C0B007343120C7E4344
:103BC000039151437A431F0CBC4676186644B142B8
:103BD00003D9802149028C466244310C8A18310491
:103BE0001E04360C8E19904202D312D1B54210D267
:103BF0004346591E009B9C4665441F009D429B41C5
:103C00005B421B19C018844200D2A0E100D19BE1A5
:103C10008846AE1BB542AD41801A6D42401B8442BE
:103C200000D1D5E14946FEF79BFA019A0B044243C5
:103C3000310C050019438A4200D96CE1881A4946C3
:103C4000FEF78EFA019A360442430904360C03004B
:103C50000E43B24200D953E10398B61A02002D0474
:103C60001D43029F2B041B0C5A437B439C46290C8B
:103C70004843130C844463447943984203D9802019
:103C8000400284466144180C12041B04120C4118B3
:103C90009B188E4200D2FFE000D1FAE001231D43C1
:103CA000494A5A44002A00DCAAE06B0700D03DE1F3
:103CB000ED084346DB0106D54246444B1A40904688
:103CC0008022D2005A44424B9A4200DD1FE743460D
:103CD0005B071D43434652055C02240B530D08E766
:103CE0005246224300D17BE0002C00D1FAE02000B4
:103CF00001F038F902000B3A1D2301009B1A5246CD
:103D00000839DA408C40144352468A40314B5844BB
:103D10009B4683440020D5E64B462343984644D037
:103D2000002C00D1CEE0200001F01CF901000200BF
:103D30000B391D235B1A49461000D94008388440CE
:103D40000B004D462343984685402348831A9B46E3
:103D50000023994600939AE64B46234398461DD18B
:103D600008239946063B0025834600938FE652467A
:103D7000224309D1022349461943184B89469C46E0
:103D800000240220E3449DE603234A461A43134BD2
:103D900091469C4652460320E34493E60C23994601
:103DA000093BA0468346009371E60423994600230D
:103DB0009B4601330025009369E6C046FF070000DB
:103DC00001FCFFFFBCBE0200FF030000FFFFFFFE7F
:103DD000FE070000F30300000DFCFFFF01F8FFFFEA
:103DE0004946012319438946002401206AE600233D
:103DF00080249A4600258A4B24037AE601256D42E9
:103E000001239B1A382B00DD70E61F2B00DCBFE07E
:103E10001F2149428A1A4146D1400A00202B04D072
:103E20004146804B5B4499400D436B1E9D410723E7
:103E30002A431D0000241540134200D1D4E00F2175
:103E400000231140042900D1CBE0111D9142924181
:103E500052429B180A00190200D4C2E00123002438
:103E6000002546E6802341461B03194208D01C4228
:103E700006D11C432403BA461500694B240B38E6CF
:103E80008024434624031C432403B246644B240B82
:103E90002FE6002B00D103E7A619681EA64200D228
:103EA0008DE08E4200D2A3E000D1B3E00500F5E63C
:103EB000AA4200D939E64346DE0758086B081E437C
:103EC000ED0739E6484601F04DF8010002001531D2
:103ED00020321C2900DC2CE74B46083883400025A3
:103EE000984632E701F03EF803001A001532203000
:103EF0001C2A00DC00E75446083B00229C4005E7F2
:103F00003619013BB44200D9A6E6B24200D8A3E676
:103F1000831E3619A0E60919013D8C4200D98DE6B1
:103F20008A4200D88AE6851E091987E60F232B40AE
:103F3000042B00D1BCE605235B42AB429B41043518
:103F40005B42ED089844B4E6AF4200D960E6824295
:103F500004D800D05CE6AE4200D859E602235B42AA
:103F60009C46009BE0449C4665449D429B415B42CD
:103F70001B19C0184DE68A4200D80EE6831E0919A7
:103F80000BE68A4200D8F4E5831E98460919F0E54D
:103F90002549280059448D4042468A40691E8D417A
:103FA0004146D840D94002432A430B00510700D173
:103FB00051E70F211140042900D046E74BE70500E7
:103FC0008E4200D06AE6009A934200D066E667E629
:103FD000164A5A44002A00DC10E7012300259844C1
:103FE00067E65D075B021C0BD2080023154380E5E2
:103FF0000098023D42008242BF417F423C1936197F
:104000000092DDE78024434624031C432403044B31
:10401000240B6EE5009A9A42EAD30500D3E7C04626
:10402000FF0700003E0400001E040000FF03000024
:10403000F0B557464E464546DE46E0B598460C0379
:104040004B000600924687B0240B5B0DCF0F002B70
:1040500000D15EE1DA4A934200D177E1420FE400F9
:104060001443802212041443D64AC5009446634484
:104070000093002399469B46434642461E03D20FB7
:104080005B0050469046360B5B0D00D122E1CC4AD6
:10409000934200D164E1CB49420F8C4600996344BE
:1040A000F6008C46164380229C4412046346164355
:1040B000C200002000930099434601318C464946D6
:1040C0007B4001930F2926D8BF4B890059588F4652
:1040D000434601933400150083465B46022B16D0FD
:1040E000032B00D105E2012B00D0CFE000220024F9
:1040F0000025019B12052243DB071A43280011000B
:1041000007B0F0BCBB46B246A946A046F0BD0024AD
:104110000025AB4AEDE7280C2D042D0C2B00110CCB
:104120001204120C5343984613002F004343994640
:104130004F434F44BB4647460B003F0CBA465F46D1
:10414000434357440293B94506D99A4680235B02FC
:104150009946CA44534602933B0C9B4643461B0474
:104160003F041B0C98463B0043440493330C360435
:10417000360C9846330043439946434643432F0049
:104180009A46434677435D43380C4D444519A9454B
:1041900003D980235B029946CA443F04280C3F0C94
:1041A0002D04ED19270C2404240C03002000504397
:1041B0007A4391463A0053440593030C9A464A4386
:1041C000614349445144AB44894503D980235B0290
:1041D00099464A4400040B0C000C090409182000FD
:1041E0009946434670435C437E435F43030C9846C5
:1041F000A41944444A440397A64204D980235B028D
:10420000984647440397029B00045B441E00AB4260
:10421000AD4123049A46059B761898468E42894103
:10422000000C504440446D424719B84693464942F9
:104230008946C344D94498428041A845AD4193453D
:104240009241894589416D4240422843240C5242A3
:1042500049420A43039B00198018C7184B46DC0DDE
:10426000049B75021D436A1E95414B46F60D7F0265
:1042700035435A023C431543FB0100D41CE10121A4
:104280006A080D401543E207154364084F4961442D
:10429000002900DCB0E06B0709D00F222A40042A75
:1042A00005D02A1DAA42AD416D4264191500E301F3
:1042B00004D58021464AC90014406144454A9142D0
:1042C00000DD24E76207ED08640249051543240B6D
:1042D0004A0D0EE75246324300D17FE0002E00D156
:1042E000DCE0300000F03EFE02000B3A1D2301002E
:1042F0009B1A52460839DA408E40164352468A408D
:10430000009B3549181A03008C4663440020009333
:10431000D1E6250005434AD0002C00D1B0E02000B2
:1043200000F020FE010002000B391D2310005B1A73
:104330003100350008388440D94085400C43264878
:10434000831A0093002399469B4695E60500254372
:1043500026D1082200930223002491469B468BE637
:104360005246009B324310D1154900268C466344C7
:104370004946009302231943894602209BE65B4687
:104380000197022B00D0ABE6C1E60D4A032094460C
:1043900063444A46009303231A43914652468AE6F1
:1043A0000C2200930323050091469B4664E60423F8
:1043B000994600230093013300249B465CE6C046E7
:1043C000FF07000001FCFFFFFCBE0200FF0300002E
:1043D000FFFFFFFEFE0700000DFCFFFF4946012323
:1043E000194389460026012065E600238024002524
:1043F000434A019324037CE60120401A382800DD5B
:1044000074E61F285BDD1F2223005242511ACB4065
:104410001900202803D03B4A6244944025436A1E79
:1044200095412A000A4307210D000024154011423E
:104430005BD00F2100241140042953D0111D91425B
:1044400092415242A4180A0023024BD501220024B3
:1044500000254EE680231B031C4209D01E4207D1D3
:1044600033431C0343461500240B254A019340E6C1
:104470008022120314432403214A240B019738E6B7
:1044800000F070FD01000200153120321C2900DC13
:104490004BE7340008380025844050E700F062FD07
:1044A00003001A00153220301C2A00DC1EE7564695
:1044B000083B00229E4023E7009B9C46E6E612490B
:1044C000220061442E008D408A40C640691E8D4105
:1044D00032432A43C4405307B6D00F211140042968
:1044E000ACD1B1E765076402240BD2081543002262
:1044F000FFE58022120314432403014A240BF8E54C
:10450000FF0700003E0400001E040000F8B55746F7
:104510004E464546DE46E0B51E0017004A000B0336
:10452000520D5B0A9046420F1A43CD0FCD4C31031A
:10453000C300944670007A0F490AFF009A46B946B4
:10454000400DF60F1143A04200D1B1E001225640C8
:10455000B346B54200D188E04246121A002A00DC78
:10456000AEE0002800D1C1E0BE48804500D151E155
:10457000802000040143382A00DD7BE11F2A00DD92
:10458000EEE120203E00801A0C00D640D14087404A
:1045900062468440521A781E87419446344327432A
:1045A000DC1BA3429B4162465B42D31A99464B46B1
:1045B0001B0200D418E14B465802430A99464B4669
:1045C000002B00D137E1484600F0CCFC010008394F
:1045D0002023220048465B1ADA4088408C4043463C
:1045E0001043884500DD36E1C91A4B1C1F2B00DD46
:1045F000EAE020222600D21A01009440DE40D84092
:1046000000239140621E94418146984631430C43F9
:10461000630709D00F232340042B05D0231DA34299
:10462000A4416442A1441C004B461B0200D4DEE0BE
:1046300041468C4B0131994200D1E7E04B468A4814
:10464000E4080340180049055B07400223434A0D74
:10465000040B1205ED0722432A4318001100F0BC99
:10466000BB46B246A946A046F8BD4246121A002AE9
:1046700052DD002800D19CE0A04500D1CAE0802096
:1046800000040143382A00DD49E11F2A00DC97E1DC
:1046900010000E002038C640202A04D04020821A84
:1046A00091400F43B9464C46621E944134433AE16F
:1046B0000A003A4328D0B346B5422BD06B4A424455
:1046C000002A5DD042464446821A002C00D0F5E014
:1046D00065461D4300D19CE1551E012A00D1FBE136
:1046E000604CA24200D1BDE12A00F0E0080038434E
:1046F00000D1C3E0501E012A00D1A8E1594CA242CA
:1047000000D187E0020036E701225640B346B542A9
:1047100000D021E7554A4244002A00D1B5E0424684
:104720004446821A002C00D138E14E4EB04200D1EE
:10473000DEE18026644636043443A446382A00DD90
:1047400096E11F2A00DD24E22026B41AA246644620
:104750005646B440A1461C004E46D4402643340081
:104760005646B3405E1EB3411C436346D340C9184E
:10477000E419BC42BF417F42B94680468944D8E033
:1047800040463B4C0130204200D0B4E04046002877
:1047900000D044E16046184300D190E1080038435E
:1047A00000D0AAE16146DB0849070B436146CC080B
:1047B00027E00800384361D0501E012A00D139E1BA
:1047C000A24227D002005DE702001F39CA40110053
:1047D000202B03D04022D31A98400443631E9C41EF
:1047E0000023994698460C43630700D012E74B46D6
:1047F0004A46E4085B072343D408424619498A42E3
:104800000ED024035205240B520D22E70A00002487
:1048100000231EE7DB086246520713436246D408B2
:104820001A00224300D1FCE1802212031443240326
:104830000C4A240B0DE7200000F094FB0100183116
:104840001F2900DCC4E608388440434620000024C9
:10485000884500DCC8E6044A5B1A10409846814649
:10486000D6E6C046FF070000FFFF7FFF01F8FFFF0D
:10487000FE0700000F437A1E974191E66146DB0870
:1048800049070B436146CC08B8E74046D34C01309A
:10489000204200D0A2E04046002800D001E160465E
:1048A000184300D15EE10800384300D05FE1614663
:1048B000DB0849070B436146CC08A2E7C84DA84274
:1048C00000D1CFE0802564462D042C43A446382A2D
:1048D00056DC1F2A00DDD1E020251E00AD1A6446FB
:1048E000AB40AC40D6405D1EAB41344323436446ED
:1048F000D440091B49E06046DC1B461AA3428041B4
:104900004042814630004E46801B8146000276D4EC
:104910004B46234300D052E60024002571E739437B
:104920000C00621E9441E4189C429B415B4263442C
:1049300099464B461B0200D456E701239C46A84BE0
:10494000E044984538D04B46A64801220340180061
:10495000630814401C43C3071C434308994657E6A9
:1049600010000E002038C640202A04D04020821AB1
:1049700091400F43B9464F467A1E974137430FE6A1
:1049800062461A4313005A1E9341FC1AA742BF41C4
:104990007F42CB1B99465D46804608E666461E432D
:1049A00000D1BEE0561E012A00D109E18C4CA24282
:1049B00000D119E13200C1E642460024002348E656
:1049C00020200C00801A3E0087408440D640781E8C
:1049D0008741D14034433C438C44A4E7804A904211
:1049E00000D1E9E0DF199F429B4161445B42C91855
:1049F000CC077F084B08994680463C43F4E6FC1AF6
:104A0000A742BF4163467F42C91ACB1B99465D4608
:104A1000D5E5FF084B075D463B43CC08EEE6624612
:104A20001A4300D082E00B003B431BD180240025B9
:104A30002403F9E6DC199C429B41614489465B42B0
:104A400099444B461B0244D401239846CCE6DC1B18
:104A50006246A3429B41511A5B42CB1A99460123FD
:104A60009846A4E5FF084B075D463B43CC08D7E6D4
:104A700062461A431400631E9C4179E615006446A1
:104A8000203DEC40A046202A05D040256446AA1AC5
:104A9000944023439A465446631E9C414346234315
:104AA00073E762461A4323D00A003A4300D0A0E0DD
:104AB0006246DB08520713436246D408B0E60B0097
:104AC0003B4300D128E7FF084B075D463B43CC083A
:104AD00097E60223984636E7FC1AA742BF41634691
:104AE0007F42C91ACB1B994601235D4698465EE575
:104AF0004B07FF083B43CC0892E6DC1B6046A34211
:104B0000B641401A7642801B8146000260D5FC1AED
:104B1000A742BF4163467F42C91ACB1B99465D46F7
:104B200076E5FF084B073B43CC0867E60A00DB0845
:104B30003A4300D16FE66246520713436246D408F7
:104B400080221203144207D0C808104204D15D46E7
:104B50000400FB0849070B435A0FDB00DB08520730
:104B600013435DE64B07FF083B43CC0849E6DC19DD
:104B70009C429B41614489465B4299444B461B02DF
:104B800000D431E64A46174B1A4001239146984615
:104B90002AE616006446203EF440A046202A05D0AE
:104BA00040266446B21A944023439A465446631EF4
:104BB0009C4143461C43DBE502000024002348E5FA
:104BC000DC19BC42BF41614489467F42B94438E7A1
:104BD0004B46234300D19FE606E6C046FE07000091
:104BE000FF070000FFFF7FFFFF084B073B43CC0898
:104BF00016E66246DB08520713436246D408802259
:104C00001203144207D0C808104204D15D460400C4
:104C1000FB0849070B435A0FDB005207DB0813431D
:104C2000FEE50023014A1C0013E5C046FF07000013
:104C30000A0030B5134C530009030500090B00208E
:104C40005B0DD20FA34204DD0F48834202DD0F4B00
:104C5000D01830BD8020400301430D48C01A1F28E2
:104C600008DD0C48C31AD9400B005842002AF0D185
:104C70001800EEE7084CC540A446634499400B0079
:104C80002B43F2E7FE0300001D040000FFFFFF7F3F
:104C90003304000013040000EDFBFFFF70B5002893
:104CA00016D0C317C5185D40C40F280000F05AF98C
:104CB000114A121A0A2816DC03002E0015339E40F2
:104CC0000B23181AC54052052D032D0B530D03E07D
:104CD00000240023002500261B052B43E407234363
:104CE0003000190070BD0B38854052052D03002699
:104CF0002D0B530DF0E7C0461E04000010B5041E36
:104D000010D000F02FF90F4B1B1A0A2811DC0B22D0
:104D10002100121AD14015300A035B058440120BA2
:104D20005B0D01E0002300221B0513432000190046
:104D300010BD22000B3882405B0512030024120BC9
:104D40005B0DF1E71E04000070B543004602C40F7E
:104D5000FE201B0E591C750A08420CD0E02292005E
:104D600094466D07360B63441B053343E407234326
:104D70002800190070BD002B14D1002D1BD0280075
:104D800000F0F0F80A281CDC0B232E001B1ADE4072
:104D9000030015339D400E4A3603121A5205360B96
:104DA000530DE1E7002D09D08022360B1203094B89
:104DB0006D071643D8E700230026D5E70026054BEC
:104DC000D2E703000B3B9D402E000025E3E7C046E1
:104DD00089030000FF07000002004B00F0B55B0DE7
:104DE0000C033D4E640A400F5F1CC90F0443D500FD
:104DF00037420AD039481E18FE2E16DDFF20002447
:104E0000C0052043C9070843F0BD002B06D12C4341
:104E100026D005229201540AD8B2F1E72543EDD0FD
:104E20008020C0030443FF20EAE7002E1BDD92012F
:104E3000531E9A41E4006D0F22432A43530748D082
:104E40000F231340042B00D004328023DB041340D3
:104E50003FD0701CFE2ED1D09201540AC0B2CFE7D1
:104E600000200024CCE73200173222DB802000042F
:104E700020431E24A41B1F2C1DDD02225242961B20
:104E80000200F2401600202C04D0154A94466344D8
:104E9000984005432A00531E9A4132430026530787
:104EA000CED180241300E404012023402242D3D138
:104EB000B0E70023ADE70B4A94462A00E240140015
:104EC0002A0063449A409840551EAA410243224357
:104ED000E4E733009EE7C046FE07000080FCFFFFCA
:104EE000A2FCFFFF82FCFFFF8446100062468C4656
:104EF0001900634600E0C0461FB500F005F9002820
:104F000001D40021C8421FBD10B500F055F8404241
:104F1000013010BD10B500F0F7F8002801DB0020CB
:104F200010BD012010BDC04610B500F0EDF80028FE
:104F300001DD002010BD012010BDC04610B500F0FD
:104F40007DF8002801DC002010BD012010BDC04606
:104F500010B500F073F8002801DA002010BD012020
:104F600010BDC0461C2101231B04984201D3000C34
:104F700010391B0A984201D3000A08391B099842CC
:104F800001D30009043902A2105C40187047C046E2
:104F90000403020201010101000000000000000002
:104FA00010B5002903D1FFF7DDFF203002E0080033
:104FB000FFF7D8FF10BDC046F0B54E464546DE4669
:104FC00057469046E0B517001A03120B05008446B9
:104FD00019480E034C0091465A00DB0F9B46360BD6
:104FE000640DC90F520D844219D0824210D00120A5
:104FF00094420ED14E450CD10120C44509D15945EA
:1050000017D0002C05D130002843431E984100E002
:105010000120F0BCBB46B246A946A046F0BD330015
:1050200001202B43F5D1A242F3D14B463B43F0D1B3
:10503000E2E70020EDE7C046FF070000F0B5474675
:10504000CE460400180016001B031B0B2D4D4A0012
:10505000994680B543000F03A446B0463F0B520D5E
:10506000C90F5B0DC00FAA4221D0AB4213D0002A5A
:1050700022D13C43002B02D14D462E4322D0002C9E
:1050800010D0814222D00220013908400138C0BC32
:10509000B946B046F0BD4D462E4329D1002AF0D185
:1050A0003C43EED10028F2D101204042EFE73D0021
:1050B00025431DD19342EED0002BE2D14C4626432E
:1050C000DFD1E0E70020002CE1D0DCE79A420ADCE7
:1050D000E8DB4F45D7D80ED000204F45D7D2002966
:1050E000E2D00800D3E74342584140000138CEE700
:1050F00002204042CBE7C445C5D80020C445C6D2F3
:10510000EDE7C046FF070000F0B54746CE46040075
:10511000180016001B031B0B2C4D4A00994680B546
:1051200043000F03A446B0463F0B520DC90F5B0D61
:10513000C00FAA420DD0AB4210D0002A27D13C4369
:10514000002B11D14D462E430ED10020002C15D03E
:105150000EE03D00254310D1934218D14D462E4319
:105160000BD1002A02D13C43002C0BD0814214D039
:10517000022001390840013800E00220C0BCB946D5
:10518000B046F0BD0028F9D101204042F6E7002BDF
:10519000ECD14C462643E9D1EAE79A4204DD43428A
:1051A000584140000138E9E79A42EBDB4F45DFD830
:1051B00006D000204F45E1D20029E5D00800DDE708
:1051C000C445D5D80020C445D8D2F5E7FF07000074
:1051D00000B51C4A430083B05B08934219DDFF22EF
:1051E000D205934204DB011CFDF792FE03B000BD23
:1051F000694600F0D5F903230199184001280CD025
:10520000022817D0002811D00122009800F0FCFFDE
:10521000ECE7002100F096FBE8E70122009800F09F
:10522000F3FF80231B069C466044DFE7009800F0F4
:1052300089FBDBE7009800F085FB80231B069C467A
:105240006044D3E7D80F493F00B51D4A430083B0FF
:105250005B0893421CDDFF22D205934204DB011C54
:10526000FDF756FE03B000BD694600F099F903232F
:1052700001991840012810D0022817D0002810D01A
:10528000009800F05FFB80231B069C466044E9E722
:105290000022002100F0B8FFE4E7009800F052FB84
:1052A000E0E70122009800F0AFFFDBE70122009861
:1052B00000F0AAFF80231B069C466044D2E7C0464C
:1052C000D80F493F10B500F029F810BD10B500F017
:1052D000DFF810BD70B5041C00F0DCFA0E4B051CA5
:1052E0001B785BB201330BD0211C201C01F090FE17
:1052F000002805D10021201CFDF734F8002801D139
:10530000281C70BD01F076FB212300210360081CDE
:10531000FDF710FB051CF3E78E200020F8B547468B
:10532000CE4680B517000C005A0019007B420500DC
:105330003B434B485208DB0F1343834237D863008B
:105340005B089C4666466B422B43DB0FA14633430A
:1053500083422CD8434BCB183B433AD002268B17C1
:105360001E40E30F1E4363462B4329D013003B43EB
:1053700034D0824240D0844530D063469A1A121508
:105380003C2A36DC002942DA3C3240DA0020002197
:10539000012E52D0022E45D0002E0DD0324A334B72
:1053A000FFF7B4F8324A334BFFF7B0F804E02A00B5
:1053B00023003800FEF70AF8C0BCB946B046F8BD75
:1053C000022E11D028002100032EF5D128482A49A9
:1053D000F2E72800210000F08FFFEDE74B4624485C
:1053E000002B04DB2549E7E721482249E4E724496B
:1053F000E2E71F482149CBE7013E944522D0022E27
:1054000028D8204BF6009E1930687168D4E70B004D
:105410003A0028002100FEF715FB01F007F900F023
:105420006BFFB5E7104A114BFFF770F802000B0055
:105430000F481049FFF76AF8BEE7802424060B19CD
:105440001900B9E7022E08D80F4BF6009E193068F4
:105450007168B1E700200021AEE705480B49ABE7D2
:105460000000F07F000010C0075C143326A6A13CAA
:10547000182D4454FB210940FB2109C0FB21F93FB1
:10548000FB21F9BFB8B20200A0B20200FB21E93F44
:10549000F8B5FF254A00031C5208081CED05AA4276
:1054A0002BDC59009C464908A94226DCFE24A405B1
:1054B000A04234D0022487173C40DF0F3C43002930
:1054C0001FD0002A24D0AA4231D0A94220D08A1A63
:1054D000D2153C2A29DC002833DA3C3231DA0020AC
:1054E000012C3FD0022C35D0002C09D02449FDF7E7
:1054F00083F82449FDF70CFD02E0191CFDF77CF848
:10550000F8BD022C09D0181C032CF9D11E48F7E76E
:105510006346002B07DB1D48F2E71A48F0E7181C2A
:1055200001F088F8ECE71A48EAE71848D8E7013CA8
:1055300091421CD00020022CE2D8164BA400E05867
:10554000DEE7011C181CFDF7F5F901F097F901F0F1
:1055500071F8C5E70A49FDF74FF8011C0948FDF746
:10556000D7FCCDE780231B069C466044C8E7022C8D
:1055700003D8094BA400E058C2E70848C0E7C0467A
:105580002EBDBB33DB0F4940DB0F49C0DB0FC93FEA
:10559000DB0FC9BF48BF02003CBF0200DB0F493F21
:1055A000F0B54E46DE4657464546E0B5AC4B89B0B1
:1055B00046000C00039076089E4200DC71E0A94B87
:1055C0009E4220DCA849002800DC1FE1FDF7A0FC7A
:1055D0000F239E43A54B051C9E426ED0A449FDF7A8
:1055E00097FC011C2060281CFDF792FCA049FDF7E8
:1055F0008FFC01256060280009B0F0BCBB46B246B4
:10560000A946A046F0BD9B4B9E4268DDFF23DB050B
:105610009E424BDAF715863FFD05751B281CFDF7EA
:1056200025FEFDF743FE011C0590281CFDF770FCCC
:105630008721C905FDF746FB8046FDF717FEFDF7FC
:1056400035FE011C0690051C4046FDF761FC8721D4
:10565000C905FDF737FB00210790FCF77DFE002808
:1056600000D1B6E00021281CFCF776FE43424341FE
:105670000133814A21000192022205A800923A00DA
:1056800000F028FA039B0500002BB4DA80221206F2
:1056900094462368454263442360636863446360BF
:1056A000A9E70023002508604B60A4E7011CFDF773
:1056B0002FFC0025606020609DE77049FDF728FC05
:1056C0006F49051CFDF724FC011C2060281CFDF718
:1056D0001FFC6B49FDF71CFC012560608BE701F0A6
:1056E000CDF86849071CFDF7EDFAFC218905FCF7A8
:1056F00083FFFDF7BBFD0500FDF7D8FD5A49824643
:10570000FDF7E0FA011C381CFDF702FC5849814600
:105710005046FDF7D7FA80461F2D23DCFF233200C9
:1057200059499A436B1E9B005B589A421AD04146D6
:105730004846FDF7EDFB071C2760391C4846FDF77E
:10574000E7FB4146FDF7E4FB039B6060002B00DBB9
:1057500051E780231B069C466744604427606060D5
:105760006D4248E741464846FDF7D2FBF3159B469C
:10577000FF22C30D13405A46071CD31A082BDBDD4A
:105780003E495046FDF79EFA071C011C4846FDF7AE
:10579000BFFB011C061C4846FDF7BAFB391CFDF790
:1057A000B7FB3749071C5046FDF78CFA391CFDF74B
:1057B000AFFB011C8046301CFDF7AAFBFF22C30D86
:1057C00013405A46071CD31A192B04DCB14620603B
:1057D000B3E703234DE72D495046FDF773FA071C45
:1057E000011C301CFDF794FB011C8146301CFDF7A9
:1057F0008FFB391CFDF78CFB2549071C5046FDF734
:1058000061FA391CFDF784FB804690E7FCF7F4FE53
:105810000F239E43154B051C9E420ED01449FCF7E6
:10582000EBFE011C2060281CFDF772FB1049FCF701
:10583000E3FE012560606D42DDE61049FCF7DCFE09
:105840000F49051CFCF7D8FE011C2060281CFDF741
:105850005FFB0B49FCF7D0FE012560606D42CAE694
:10586000D80F493FE3CB1640800FC93FD00FC93F47
:1058700043443537800F4943D4BF020000443537D5
:1058800008A3852E84F9223F54BF020000A3852E71
:1058900032318D24FF21420070B50300041C5208F0
:1058A000C9058A423AD2002A37D000283FDBC51505
:1058B00001420BD1802109040A00024001423DD17E
:1058C0005B00100001320B42FAD02D1A5B025A0A1B
:1058D00080232E001B047F3E1343EA0725D5802238
:1058E00019210025002476105B005204A01898426C
:1058F00002DC84181B1AAD1801395B00520800291C
:10590000F4D1002B02D0012301359D43FC239B05DC
:105910009C4668106044F605301870BD011CFDF708
:10592000D1F9211CFCF768FEF7E75B00D7E7011C03
:10593000FDF7EEFA011CFCF7FDFFEEE70120404207
:105940002D1AC3E7F8B54746CE46C823460080B5B2
:10595000051C0F1C76089B059E4248DAFDF786FC65
:10596000002800D19FE0291C281CFDF7ABF94F4906
:10597000041CFDF7A7F94E49FCF73EFE211CFDF77C
:10598000A1F94C49FDF7C4FA211CFDF79BF94A49DE
:10599000FCF732FE211CFDF795F94849FDF7B8FAEE
:1059A000211CFDF78FF94649FCF726FE211CFDF767
:1059B00089F98046FC21201C8905FDF783F94146C1
:1059C000061C201CFDF77EF9391C041C281CFDF761
:1059D00079F9011C201CFDF79BFA011C301CFDF716
:1059E00097FA011CFE208005FDF792FA53E0011C96
:1059F000FDF768F92D49041CFDF764F92C49FCF703
:105A0000FBFD211CFDF75EF92A49FDF781FA211CF7
:105A1000FDF758F92849FCF7EFFD211CFDF752F975
:105A20002649FDF775FA211CFDF74CF92449FCF7CE
:105A3000E3FD211CFDF746F9224B80469E42B9DD6D
:105A4000214B9E422BDCFF231B069C46FE20664416
:105A5000311C8005FDF75CFA8146FC21201C89057C
:105A6000FDF730F9311CFDF753FA4146061C201CA6
:105A7000FDF728F9391C041C281CFDF723F9011C2B
:105A8000201CFDF745FA011C301CFDF741FA011CF2
:105A90004846FDF73DFAC0BCB946B046F8BD0B4BD1
:105AA0000B4E9946D9E7FE208005F4E74ED747AD67
:105AB000F6740F317CF29334010DD037610BB63A96
:105AC000ABAA2A3D9999993E0000483F0000383F13
:105AD0000000903EF0B5DE4657464E464546E0B5DE
:105AE000DFB0039018000B9168990893BE4B140027
:105AF0000D928A00D1580691010001390191221DB1
:105B000000DAFAE20723E21ED1170B409B18DB10E4
:105B1000591C0093CB000C930C9A0D9B9B1A059378
:105B2000009A019BD41A069AD6180ED40136699FA2
:105B300022AD36190020002C03DBA300F858FDF736
:105B4000B5FB013401C5B442F4D1069B002B00DA49
:105B500039E3089A4AAB94469A460793019B9F0003
:105B6000994622AB9846069BB84463449B46039BE8
:105B700004379C466744019B0024002B0EDB4646FD
:105B80000024039D316801CDFDF79CF8011C201C09
:105B9000FCF732FD043E041CBD42F3D1534610C352
:105BA0009A4604239C46033BE0449C46E144D94585
:105BB000E1D10EAB04219A46494251448C46069AE3
:105BC00093009C4461460A916999083B8C46534472
:105BD0000993009B08999B0063440293039B8F00E9
:105BE000043BDF190492049B9A0093465946079A96
:105BF0005458002B27DD7D49B9468C4663449446B2
:105C0000904657469E006644EE21201C8905FDF70C
:105C100059F8FDF72BFBFDF749FB8721C905051C4A
:105C2000FDF750F8011C201CFDF772F9FDF71EFB73
:105C3000316801C7281CFCF7DFFC3300041C043E5C
:105C40009845E1D14F46059E201C310000F066FECC
:105C5000F8218905041CFDF735F800F013FE8221B8
:105C6000C905FDF72FF8011C201CFDF751F9041C94
:105C7000FDF7FCFA8146FDF719FB011C201CFDF71E
:105C800047F9051C002E7BDD049B08205A1E534655
:105C900092009B58801B19000141894481405B1A86
:105CA00051468B500722921B134198464346002BC6
:105CB00074DC0021281CFCF74FFB002800D1CCE04D
:105CC000049B069A591E8A420EDC484A0A9894465A
:105CD000002263449B0053441C68043B22438342DC
:105CE000FAD1002A00D00AE15246069B013B9B00F4
:105CF000D358002B00D0FDE00122099B1968043B1A
:105D000001320029FAD0049B9C46591C8946624402
:105D10000092089A049B944663449E0022AB9846E6
:105D2000079BB0449C46E3444B46029A9B00D058E4
:105D3000FDF7BCFA43461860019B002B1EDB46466C
:105D40000024039D01E0306804352968FCF7BAFFA0
:105D5000011C201CFCF750FC043E041CBD42F2D187
:105D60005B465C6001239C460333E1449C46009BF8
:105D7000E044E3449945D7DD049334E70024EFE79A
:105D8000059B002B00D0ABE05246049B013B9B00DF
:105D9000D3581B1298464346002B8ADD01239C46AC
:105DA000049BE144002B00DCBCE153461C68002C42
:105DB00000D08BE0049B012B20D001220FAB1C688C
:105DC000002C00D185E0531C802149000C1B51465A
:105DD00092008C50049A9A420FDD50469B00CA589C
:105DE0005844FF21534404E018C30200FFFFFF3F63
:105DF0001A688A1A04C38342FAD10124059B002B36
:105E00000DDD012B00D173E1022B08D13F22049B51
:105E1000013B9B005146C9580A405146CA5043466F
:105E2000022B00D045E7FE20291C8005FDF770F805
:105E3000051C002C00D13CE7FE200599800500F0F0
:105E40006DFD011C281CFDF763F8051C0021281CB2
:105E5000FCF782FA002800D032E7434601934B4614
:105E60000D9A03930C9B281C991A00F057FD87216B
:105E7000C905051CFCF794FA002800D17FE1EE214A
:105E8000281C8905FCF71EFFFDF7F0F9FDF70EFA57
:105E90008721C905041CFCF715FF011C281CFDF710
:105EA00037F8FDF7E3F953465A46985001229446D5
:105EB000049B201C63449846059B08330593434686
:105EC0009D00FDF7D3F95346585135E001230022D8
:105ED0007AE70499013204338A4200D06FE78DE7F4
:105EE000FC218905FCF75CFA002800D00AE10023B8
:105EF0009846DEE6049B01339946009309E7434642
:105F0000884601934B4603934346524605999B00AE
:105F1000D35808390591002B0ED1B74A049B9446FB
:105F2000424663449B0053441868043B013A0839D5
:105F30000028F9D090460591FE200599800500F0D3
:105F4000EDFC4346041C002B00DA3FE19B009C461D
:105F5000079A1D0062449146160002935544286832
:105F6000FDF7A4F9211CFCF7ADFEEE213060890598
:105F7000201CFCF7A7FE043E2B00041C043D9A45A0
:105F8000EDD136AB9B469D4B00279A464346009386
:105F9000069B984643460024002B1ADB3B00002654
:105FA0004F46002400259946954804E00436A9454B
:105FB0000CDB5346F058B959FCF784FE011C201C39
:105FC000FCF71AFB0135041CA845EFDA4B46B9462D
:105FD0001F005A46BB00D450042252429446009AF5
:105FE0007B1CE144974201D01F00D3E7009B9846F9
:105FF000689B022B22DC002B00DD95E014D1029B74
:1060000000205B441C005D462168FCF7F5FA230084
:10601000043C9D42F8D1019B002B03D080231B063A
:106020009C4660440B9B18600720039B18405FB0A0
:10603000F0BCBB46B246A946A046F0BD689B032B08
:10604000F2D14346002B00D1D4E05B46029A9E5821
:106050006C4B434499469D005D442B68301C191CD1
:106060009A46FCF7C9FA341C011C061C5046FCF782
:106070004FFF211CFCF7C0FA2F0068602E60043D22
:10608000BB45EAD14346012B00DCB3E05B46029AF4
:106090005D469E584B469B00984645442F68301CF1
:1060A000391CFCF7A9FA341C011C061C381CFCF72F
:1060B0002FFF211CFCF7A0FA2F0068602E60043D22
:1060C000AB45EBD14446002004345C442168043CD9
:1060D000FCF792FAA742F9D1019B002B58D10B9BF8
:1060E000369A98601A605A46526800925A609BE746
:1060F000049B7F22013B9B008CE608230C9300232A
:10610000009309E501239C4601339846049BE14432
:10611000002B00DD49E6FE20291C8005FCF7F8FE77
:10612000051CC6E5002469E6029B00205B441C00B8
:106130005D462168FCF760FA2300043C9D42F8D1DB
:10614000019B002B32D10B9B011C18603698FCF789
:10615000DFFE4346002B0FDD0124464637AD02CD5E
:106160000134FCF749FAA642F9DA019B002B03D06F
:1061700080231B069C4660440B9B586054E7281CF8
:10618000FDF774F853465A469850049B9846D3E658
:10619000802212069446369B0B9A634413605B463A
:1061A0005B6860446344536090603DE780230B9AD2
:1061B0001B06C3181360011C3698FCF7A9FE434662
:1061C000002BC9DCD4E74AAB0793F2E4689B022BAF
:1061D00006DC002B0CDC0020002B00D11BE723E7A2
:1061E000689B032B00D01FE736AB00209B4673E76C
:1061F0000020A5E700206FE7FEFFFF3FECC2020092
:106200000000C93FFFFFFF3FF8B54746CE4680B5C7
:106210001700C8224300041C0E1C5B089205934221
:1062200005DAFDF723F80300201C002B32D0211CD7
:10623000201CFCF747FD051C011C201CFCF742FD3F
:1062400027498046281CFCF73DFD2649FCF760FEE7
:10625000291CFCF737FD2449FCF7CEF9291CFCF773
:1062600031FD2249FCF754FE291CFCF72BFD204987
:10627000FCF7C2F98146002F10D1011C281CFCF745
:1062800021FD1C49FCF744FE4146FCF71BFD211C87
:10629000FCF7B2F9C0BCB946B046F8BDFC21301CD1
:1062A0008905FCF70FFD4946071C4046FCF70AFD2F
:1062B000011C381CFCF72CFE291CFCF703FD311CCB
:1062C000FCF726FE0B49051C4046FCF7FBFC011CB5
:1062D000281CFCF791F9011C201CFCF719FED9E7DA
:1062E000D3C92E2F342FD7321BEF3836010D50393A
:1062F0008988083CABAA2A3EF8B54E465746454623
:10630000DE46A34BE0B54E00804689468A467608B5
:106310009E421CDD9F4B9E4209DC06D05346002B5B
:1063200000DCBAE09C4B9D4A09E00028F6D04246CA
:106330004B4640464946FDF749F803000A0018005D
:106340001100F0BCBB46B246A946A046F8BD944B2E
:106350009E4200DDA4E0934B9E4200DC8FE00123CF
:106360005B429B4642464B4640464946FDF760FE2F
:1063700002000B0006000F00FDF75AFE04000D009E
:10638000894A8A4BFDF754FE894A8A4BFDF71EF86D
:1063900022002B00FDF74CFE874A884BFDF716F8CC
:1063A00022002B00FDF744FE854A864BFDF70EF8D0
:1063B00022002B00FDF73CFE834A844BFDF706F8D4
:1063C00022002B00FDF734FE814A824BFCF7FEFFD2
:1063D00032003B00FDF72CFE7F4A804B06000F0089
:1063E00020002900FDF724FE7D4A7E4BFEF78EF843
:1063F00022002B00FDF71CFE7B4A7C4BFEF786F843
:1064000022002B00FDF714FE794A7A4BFEF77EF846
:1064100022002B00FDF70CFE774A784BFEF776F84A
:1064200022002B00FDF704FE0B005946020001314B
:106430005CD059463000CC003900FCF7C7FF42461B
:106440004B46FDF7F5FD6E4D6E4B2D191C1922685C
:106450006368FEF75BF842464B46FEF757F80200CA
:106460000B0028686968FEF751F8030050460A00DF
:10647000002800DB63E7802212068A185FE7624A81
:10648000624BFCF7A3FF0022614BFEF757FD00288B
:1064900000D164E743464A4651E73F4B5D4A4EE729
:1064A00000F0C4F85C4B04000D009E422FDC5B4BF7
:1064B0009E4255DC02000B00FCF788FF0022544B83
:1064C000FEF724F8802306000F000022DB052000E1
:1064D0002900FCF77BFF0B00020039003000FDF7BC
:1064E000B1FA0023804689469B463BE730003900DD
:1064F000FCF76CFF42464B46FDF79AFD02000B008D
:1065000040464946FEF702F803000A0017E7444BED
:106510009E421ADC0022434BFDF7F8FF00220600E2
:106520000F00404B20002900FDF782FD0022384B70
:10653000FCF74CFF0B00020039003000FDF782FA37
:106540000223804689469B460CE70B000200364931
:106550000020FDF777FA0323804689469B4601E732
:1065600000222B4BFDF7D2FF002206000F00284B24
:1065700020002900FCF72AFF0B0002003900300040
:10658000FDF760FA0123804689469B46EAE6C0464D
:10659000FFFF0F440000F07F182D4454FB21F93F0A
:1065A000FFFFDB3FFFFF1F3E11DA22E33AAD903FD2
:1065B000EB0D76244B7BA93F513DD0A0660DB13F3A
:1065C0006E204CC5CD45B73FFF8300922449C23FA2
:1065D0000D5555555555D53F2F6C6A2C44B4A2BF67
:1065E0009AFDDE522DDEAD3F6D9A74AFF2B0B33F2F
:1065F000711623FEC671BC3FC4EB98999999C93FA7
:10660000D0B20200F0B202009C7500883CE4377EF4
:106610000000F03FFB21F9BFFFFFF23FFFFFE53F26
:10662000FF7F03400000F83F0000F0BF4B00590817
:106630007047C046F0B5A123C6464500060000B528
:10664000041C6D08DB059D420BDBFF23DB059D422F
:1066500000DD78E0002800DC88E0734880BCB846A4
:10666000F0BD724B9D4200DD82E0C4239B059D423C
:106670006DDB01235B429846211C201CFCF722FBAA
:10668000011C071CFCF71EFB6949051CFCF71AFBE3
:106690006849FBF7B1FF291CFCF714FB6649FBF7BF
:1066A000ABFF291CFCF70EFB6449FBF7A5FF291C77
:1066B000FCF708FB6249FBF79FFF291CFCF702FB74
:1066C0006049FBF799FF391CFCF7FCFA5E49071C8F
:1066D000281CFCF7F7FA5D49FCF71AFC291CFCF7AB
:1066E000F1FA5B49FCF714FC291CFCF7EBFA594959
:1066F000FCF70EFC291CFCF7E5FA5749FCF708FCEF
:10670000291CFCF7DFFA4346011C01334ED04346F7
:10671000381C9D00FBF770FF211CFCF7D3FA4F4B90
:10672000E958FCF7F5FB211CFCF7F2FB4C4B011C74
:10673000E858FCF7EDFB002E00DB8FE780231B06FB
:106740009C4660448AE7011CFBF756FF86E74549F3
:10675000FBF752FFFE218905FBF718FE0300201C02
:10676000002B00D07AE7013B984685E73E4875E765
:1067700000F084F83D4B041C9D4222DC3C4B9D42C2
:1067800040DC011CFBF738FFFE218905FCF7C0FB4C
:106790008021051CC905201CFBF72EFF011C281CAD
:1067A000FCF7C8F80023041C984665E7381CFBF783
:1067B00023FF211CFCF786FA011C201CFCF7A8FB18
:1067C0004CE72C4B9D4215DCFF218905FCF7A0FB13
:1067D000FF21051C8905201CFCF774FAFE218905A0
:1067E000FBF70AFF011C281CFCF7A4F80223041C79
:1067F000984641E7011C2048FCF79CF80323041C41
:10680000984639E7FE218905FCF782FBFE21051C2D
:106810008905201CFBF7F0FE011C281CFCF78AF8F8
:106820000123041C984627E7DB0FC93FFFFFDF3E2B
:10683000D769853C59DA4B3D356B883D6E2EBA3DA4
:106840002549123EABAAAA3E21A215BD6BF16E3DB1
:1068500095879D3D388EE33DCDCC4C3E34C3020040
:1068600024C30200CAF24971DB0FC9BFFFFF973F83
:10687000FFFF2F3FFFFF1B40000080BF400040088C
:106880007047C046F0B5C64644006308240E7F3CFE
:106890000700984600B5051C162C2EDC002C1ADBD0
:1068A0001B4B061C23419846034210D01949FBF7A5
:1068B000A3FE0021FBF76AFD002808D0002D03DAB3
:1068C00080273F0427417F1943469F433E00301CE9
:1068D00080BCB846F0BD0F49FBF78EFE0021FBF7E8
:1068E00055FD2E1C0028F2D00026002DEFDA43467D
:1068F0002E1C002BEBD0084EE9E7FF23061CDB051E
:106900009845E4D3011CFBF777FE061CDFE7C04681
:10691000FFFF7F00CAF24971000080BF420070B5DE
:10692000031C0C0056080100002A1BD0FF25ED05B2
:10693000AE4218D2284219D19821C905FCF7C2F9F4
:106940001E4A031C94422ADB4200120E193A121905
:106950000100FE2A0EDD1A48002B00DA19481849FA
:10696000FCF7B0F970BDFBF747FEFBE7120E1219FA
:10697000FE2AF0DC002A0DDC1000163013DA124A71
:106980009442E8DC1148002B00DA11480F49FCF76B
:1069900099F9E7E70F480140D0050843E2E70B49C2
:1069A000FCF790F9DEE71932D0050A4A1140084396
:1069B000CC218905FCF786F9D4E7C046B03CFFFF3F
:1069C000CAF24971CAF249F150C300006042A20DF7
:1069D0006042A28DFFFF7F8010B5040004481300C1
:1069E000002804D00A000220210000E000BF10BDF2
:1069F00000000000014B18687047C04618200020B6
:106A0000084B10B50400002B02D0002100E000BFAD
:106A1000054B1868836A002B00D09847200004F0CB
:106A20006BF9C04600000000A4C3020070B5002648
:106A30000C4D0D4C641BA410A64209D1002604F095
:106A400021FC0A4D0A4C641BA410A64205D170BD5E
:106A5000B300EB5898470136EEE7B300EB58984780
:106A60000136F2E7902000209020002090200020A6
:106A7000AC20002010B5034B0100186804F03FFB68
:106A800010BDC04618200020002370B5064D04003C
:106A9000080011002B6000F0D9FA431C03D12B68C9
:106AA000002B00D0236070BD0C2900200CB430B541
:106AB000174B0C001D689DB0002908DA8B230120BC
:106AC0002B6040421DB030BC08BC02B01847822386
:106AD0006A469B009382002302900690994200D060
:106AE0004B1E0493079301236A465B42D38228001E
:106AF00021AB209A02A9019300F06EF8431C01DA41
:106B00008B232B60002CDDD00023029A1370D9E771
:106B100018200020F0B58E6885B007000C000392A5
:106B200001939E423CD890238A89DB001A4234D0DC
:106B30000969236860695B1A029303234343DD0FED
:106B4000ED18019B029801331B186D10AB4200D960
:106B50001D00530532D52900380000F0DAFF061E6B
:106B600009D10C233B6040230120A28940421343FA
:106B7000A38105B0F0BD029A216904F09CFAA389B3
:106B8000144A1A4080231343A381029B2661F618FE
:106B900026606561019EED1AA560019B9E4200D9A9
:106BA000019E32000399206804F08EFAA368002049
:106BB0009B1BA36023689E192660DAE72A00380031
:106BC00000F0B1FF061EE0D13800216900F0A6FFF9
:106BD000C7E7C0467FFBFFFFF0B5A1B003901D00E3
:106BE0008B890F0016001B0611D50B69002B0ED1E7
:106BF000402100F08EFF38603861002805D10C2359
:106C0000039A0138136021B0F0BD40237B6100235B
:106C100008AC6361203363761033A37607953500A3
:106C20002B78002B01D0252B47D1AB1B0593B54208
:106C30000CD0320039000398FFF76CFF431C00D1E1
:106C4000AEE06269059B9446634463612B78002B38
:106C500000D1A5E0012200235242626004A954320F
:106C600052186E1C2360E360A3601370A3650522B5
:106C70003178544804F006FA751C00281FD12268A8
:106C8000D30604D5532304A95B18202119701307D8
:106C900004D5532304A95B182B21197033782A2BB0
:106CA00016D0350000210A20E3682A786E1C303A9D
:106CB000092A4ED9002911D117E00135B0E7414B1F
:106CC0002268C01A0123834013432E002360CEE7BD
:106CD000079B191D1B680791002B01DB0B9304E038
:106CE0005B42E3600223134323602B782E2B0AD1EF
:106CF0006B782A2B35D1079B02351A1D1B6807922A
:106D0000002B2BDB0993304E03223000297804F04E
:106D1000B9F9002806D04023801B83402268013542
:106D2000134323602978062228486E1C217604F03C
:106D3000A9F900283CD0264B002B25D10722079B20
:106D400007339343083307936369049A9B1863617D
:106D500065E74343350001219B18A6E701235B4209
:106D6000D0E700230A201A000135636029786E1CE1
:106D70003039092903D9002BC5D00992C3E7424312
:106D8000350001235218F1E707AB00933A002100C8
:106D9000104B039800E000BF0490049B0133D3D153
:106DA000BB890D985B0600D42DE7012040422AE7FD
:106DB00007AB00933A002100064B039800F00CF853
:106DC000EAE7C0462DC8020033C8020037C80200F7
:106DD00000000000156B0200F0B58BB006920A00AF
:106DE00043320793059004920A7E0C00109B782A88
:106DF00007D8622A09D8002A00D1C1E0582A00D158
:106E00008CE026004236327022E0100063381528EC
:106E1000F7D800F0F3F816001F00F6FFF6FFF6FFB4
:106E2000F6FF1F00F6FFF6FFF6FFF6FFA80036009C
:106E30009A00F6FFF6FFB900F6FF3600F6FFF6FF00
:106E40009E0026001A684236111D196013683370BF
:106E50000123A7E0086819680A1D05060BD50D680F
:106E60001A60002D03DA2D23049A6D421370614BD2
:106E70000A2703931BE00D681A604106F1D52DB275
:106E8000EFE70D681968081D18602E0601D50D681A
:106E900003E06D06FBD50D68ADB2564B0827039392
:106EA0006F2A00D002372300002243331A70636830
:106EB000A360002B03DB0422216891432160002D95
:106EC00002D1049E002B0CD0049E28003900FBF751
:106ED00047F9039B013E5B5C33702B0005009F422A
:106EE000F3D9082F09D12368DB0706D56368226927
:106EF000934202DC3023013E3370049B9B1B2361D1
:106F0000079B210000930598069B09AA04F04AF903
:106F1000431C4CD1012040420BB0F0BD45310A70FA
:106F2000344A03921A68216820CA1A60080616D5E6
:106F3000CB0702D52023194321601027002DB2D1A1
:106F4000202322689A432260ADE7202209680A4381
:106F500022602200782145321170274AE1E7480675
:106F6000E6D5ADB2E4E71A680D68101D49691860EE
:106F700013682E0601D5196002E06D06FBD5198055
:106F80000023049E2361BBE71A68111D196016686F
:106F900000213000626804F075F8002801D0801BE1
:106FA0006060636823610023049A1370A8E7236973
:106FB000320006990598079DA847431CAAD023686C
:106FC0009B0715D4099BE0689842A5DA1800A3E74F
:106FD0002200012306990598079E1932B047431CE9
:106FE00098D00135E368099A9B1AAB42F0DCE9E7D7
:106FF0000025F7E73EC802004FC8020003B47146FF
:10700000490840004900095E49008E4403BC7047AE
:1070100043024A02400049005B0A520A090E000E70
:10702000FF2806D00020FF2902D1531E9A411000EC
:107030007047FE38002BFBD1F4E7C04658220120F0
:10704000014B40421A6070470C2900205822012051
:10705000014B40421A6070470C29002010B50368AC
:10706000002B01D00800984710BD10B50368002B15
:1070700001D00800984710BD37B504680D00002CFA
:107080000ED00822011D684604F015F8019A009BF5
:1070900050102018D20701D50268D358290098470C
:1070A00037BD82B030B5040085B0089202A808222E
:1070B000099304F000F8039B029D58102418DB0785
:1070C00001D523685D590AA90822684603F0F3FF39
:1070D0002000089A099BA84705B030BC08BC02B044
:1070E000184737B504680D00002C0ED00822011D8A
:1070F000684603F0E0FF019A009B50102018D20769
:1071000001D50268D3582900984737BD82B037B5FA
:107110000400806F0692079300F089F9D123626F13
:107120009B00D058F7F776FA0022E36FD98B0368FB
:107130000092DD6822001423A84737BC08BC02B0C7
:107140001847030070B58C331B684A88DB8B0C0032
:107150009A4214D1060005006936713531002A784B
:10716000806F00F0DCFA2B780133DBB2032B07D8F9
:107170002B7080231B0363600023A660A38170BD76
:107180000023F5E770B5C36F4A88DB8B05000C0060
:107190009A4208D1806F00F04AF9A0235B03636034
:1071A0000023A560A38170BD10B5C36F4A88DB8B37
:1071B0009A4206D10A89002A03D0C968806FF1F784
:1071C000DDFC10BDF8B5451C04000E0017000021C1
:1071D0001022280003F08BFF002363820133237009
:1071E000002F08D1330010339E4209D0013B1A789A
:1071F0002A700135F8E710223100280003F064FFFF
:10720000A37B627B1B02134320006382F8BDD12362
:10721000426F9B0010B5D058F7F7ECF9806D8007EE
:10722000C00F10BD10B50400FFF7F1FF00280ED00D
:10723000D123626F9B00D058F7F7ECF92200883415
:1072400023684132D98B03685C691423A04710BDC1
:1072500010B50400FFF7DBFF00280ED0D123626FCA
:107260009B00D058F7F7D6F92200883423682D32D6
:10727000D98B03685C691423A04710BD7047704721
:10728000704782B030B5040085B0089202A8082289
:10729000099303F010FF039B029D58102418DB078D
:1072A00001D523685D590AA90822684603F003FF47
:1072B0002000089A099BA84705B030BC08BC02B062
:1072C000184710B5040003F0C0FE200010BD82B0C6
:1072D00073B594B22600643E050006920793172EFC
:1072E00009D8F2F75BFE463CA4006359C01A962306
:1072F0005B00984214D3AC6806AA230020002D330B
:107300001E7052882F305A70089B042201A90193E5
:1073100003F0D1FE112340342370A868FFF798FFD3
:1073200073BC08BC02B0184782B037B584680793B5
:10733000230002210500200006924133120C19702F
:107340005A70089B042201A94330019303F0B3FE55
:10735000122354342370A868FFF764FF37BC08BCBD
:1073600002B0184700230200180070B54D1E9D4260
:1073700004DD9C00145901330019F8E7FAF7F4FE14
:1073800070BD0B005A1EF0B50021040094468C45D8
:107390000EDD01310A009A4201DB0434F7E7950063
:1073A00047592668B74201DA276046510132F2E7B1
:1073B000D90FC918491089000858F0BD8023F0B5CD
:1073C00005005B0500685B6E85B0A0300193F4F7A3
:1073D0005FF828680424A03001F007FB012305268C
:1073E000029331000198FAF7BBFE08000299FAF700
:1073F00031FE019B00271B1A01930523029A5E436D
:107400005A4303900292039B0133BB420BDD0423DA
:107410002868DA1B153012B221B2FF30FB33F2F7C5
:107420006FFE0137EFE7013CDBD205B0F0BD022370
:10743000816830B54B70CB700124030000250C70BF
:1074400048335A785D57531E9A41530002004A321E
:1074500012782B43551EAA419200134302004B326F
:1074600012786030551EAA41D200134300220B71DE
:1074700013008556002D02D0250095402B43013284
:10748000182AF6D11A0A4B711B0C8A71CB7130BDC8
:1074900005234B43DC33C0180023D15CC1540133B6
:1074A000052BFAD17047F8B5040000682700A0301A
:1074B000F3F7EEFF0026DC37002520687B5D1530F2
:1074C00029B232B2FF300135F2F71AFE052DF4D1A0
:1074D00001360537052EEFD1F8BD37B504006846F3
:1074E0001500F2F79FFD009B02229B5E002B10DD32
:1074F0002068A030F3F7CCFF2468A034002D0CDC0A
:107500000021684600F0FDFB2A0001002000F3F78F
:10751000DBFF684600F073FB37BD694601A800F049
:10752000C3FB2A00200001A9F4F71EF801A800F00F
:1075300066FBEEE770B50500FC356B6904005A1C6C
:10754000042B0ED06A6120686E69A03001F052FAF7
:107550003E36B600A419606005212800FFF702FF3F
:1075600070BD00236B61EEE70023F0B587B0059393
:107570000300060004000D0038331036029337680C
:10758000032F04D8E31948331B78002B1DD1380191
:107590002368A930FF300190181801F09DFD0028E4
:1075A00013D0059B019A03932368981801F08EFD70
:1075B00000280AD02268019B944663441800F4F71F
:1075C000D3FBB840039B18430590029B0436B3429B
:1075D000D5D1230048331B78002B08D02068059EA6
:1075E000A930FF30F4F73EFC00063043059023003D
:1075F00049331B78002B08D02068059EB930FF3036
:10760000F4F730FC40063043059023004A331B78E2
:10761000002B08D02068059EC930FF30F4F722FC0B
:1076200080063043059023004B331B78002B08D095
:107630002068059ED930FF30F4F714FCC0063043B3
:10764000059020681930FF3000F089FD06002068A1
:10765000059F4130FF3000F082FD360740070643AA
:10766000042205A928003743059703F024FD2000D4
:10767000FFF760FF287120689130FF3001F08DFE28
:107680008038687107B0F0BD036810B5FC33D86F5F
:107690000C0000F037FD002805DDB423B42C01DD1B
:1076A00087239B001C1B200010BD0B001100C2187B
:1076B0006932FF3210B51170012903D0022907D0B9
:1076C00000290DD11B010068A933FF33C01805E064
:1076D00003211B010068A933FF33C018F4F74EFCE7
:1076E00010BDF8B506000700050038364837346885
:1076F000032C04D82B1948331B78002B0BD12800FE
:1077000001222100FFF7D1FF20012B68A930FF30B3
:107710001818F4F729FB0436BE42E8D1F8BDF0B5DD
:107720001301A93387B0FF33019315000368019A51
:1077300004009818039101F0C9FC00282ED023689A
:10774000019A00219818F4F719FC14236B431E00CA
:107750001536FF36A61937002933FF33E318029395
:107760002368019A9818F4F75DFB029B01C79F42BA
:10777000F6D105213000FFF704FE04AB991D039BF1
:10778000088068000222181803F095FC6319693319
:10779000FF33290020001A78FFF787FF07B0F0BDFC
:1077A0000300383010331A688A4204D0043383420D
:1077B000F9D1002070470120FCE7F0B591B004003A
:1077C0001698002802D11798C00710D510200290F3
:1077D000684616ADC0CDC0C004A8F1F753F82368C1
:1077E00020009B6804A9984704A800F0BCF911B0D8
:1077F000F0BD82B010B502920393F1F77BF810BC94
:1078000008BC02B0184782B010B502920393F1F79A
:1078100071F810BC08BC02B01847F0B587B01E0064
:107820000EAB1B880500170004910593002E22D093
:107830000C9B002B02D10D9BDB071CD5302003F0E5
:1078400008FC059B040002936B460CAA03CA03C301
:10785000330004993A002000F1F714F82B68210056
:1078600028005B689847002805D0200000F07BF9CD
:10787000200003F0EAFB07B0F0BD10B50400F1F7FB
:1078800081FC200003F0E1FB200010BD82B030B588
:10789000040085B0089202A80822099303F00BFCAB
:1078A000039B029D58102418DB0701D523685D59FE
:1078B0000AA90822684603F0FEFB2000089A099BEB
:1078C000A84705B030BC08BC02B0184782B01FB54D
:1078D0000400100C0338069207930A2819D8FAF707
:1078E000A5FB0618231C18291818181823002000B7
:1078F00019300021FF3000F02FFC20004130002122
:10790000FF3000F029FC200069300121FF3001F038
:10791000B1FB1FBC08BC02B01847BE235B00E15896
:1079200001A800F0B2FCF4E7FC34E16F01A800F01C
:10793000CEFBEEE720009130FF30F4F797FDE8E74B
:107940003ADF704712DF704707B56A460023D01D43
:10795000D371FFF7F7FF6B46D8790138434258419E
:10796000C0B20EBD80235B05586E704710B58368AA
:10797000984710BD704710B5040003F066FB200067
:1079800010BDF0B585B01F000AAB1B8806001500BE
:1079900002910393002F18D0302003F05AFB6B465E
:1079A00004001989039BAAB200933B0000F0C1F8C0
:1079B0003368210030005B689847002805D020001C
:1079C00000F0D1F8200003F040FB05B0F0BD72B626
:1079D0000B680165002B03D14365086062B67047F0
:1079E0001A005B6D002BFBD150654365F6E7036D14
:1079F000002B0AD072B6026D1368834206D1436D24
:107A0000136000234365036562B670471A005B6D1F
:107A10008342FBD1436D5365F3E710B50C008047FB
:107A2000A047F2F705F910BD70B51400030010006F
:107A30000D0098472000A8472000F2F739F970BDE3
:107A400010B5F2F755F8F2F76BF8FAE70023436048
:107A5000037070470300F0B58208980702D1181E22
:107A600001D1F0BD0132541C72B6802503C92D0628
:107A700081421BD90368002B02DB9B00C018F7E78B
:107A80005B005E085B00C3181F68002F09DA99428B
:107A900007D92B007F007F08F61933430360B3003A
:107AA000F1E7A64205D2B6008019E1E762B60020F0
:107AB000D7E70232B24203D292008218914206D82E
:107AC00003685B005B08036062B60430C9E780238B
:107AD000361B1B06043A1E4316600460F4E770B5BB
:107AE000040008000E00F2F777F90500002C0ED014
:107AF00000280CD0231F1A689200B24200DD320029
:107B00002100280003F0D7FA2000F2F799F92800A5
:107B100070BD10B50800F2F75FF910BD10B5080090
:107B2000F2F78EF910BD10B508001100FFF7D7FF6E
:107B300010BDF7B504001D0008AB1B8810301600FF
:107B40000F00019300F0EAF820002430FFF77EFFD9
:107B50000023019A200027806680A560E360A28050
:107B6000E3622362FEBD10B5838804009B0704D541
:107B70008068002801D003F068FA200010BD82B0B0
:107B800030B5046A87B00B93050001230A92002CDC
:107B900018D110220AA902A803F08DFA182003F0C8
:107BA00058FA0400082204A9684603F084FA200069
:107BB000029A039B00F0CCF82C6207B030BC08BCE2
:107BC00002B018472269002A02D014000133F9E7F5
:107BD000092BF2DC10220AA902A803F06CFA182083
:107BE00003F037FA0500082204A9684603F063FA97
:107BF0002800029A039B00F0ABF82561DDE710B581
:107C00000400006800F09FF9200010BD70B5060068
:107C100008000D0003F0ABFA04000530F2F7DCF8C1
:107C2000306000F082F9306829004480621C043022
:107C300003F041FA70BD1FB50400080001A9F6F772
:107C400033FC200001A9FFF7E1FF200004B010BDC4
:107C5000F8B50B68170002255D5F13680400022267
:107C60009B5E0E00ED18681DF2F7B6F8206000F07C
:107C70005CF92068316845800223CA5E0430043113
:107C800003F019FA23683968181D336802229B5ED5
:107C9000C0180223CA5E043103F00DFA23682000E5
:107CA0005D1900232B71F8BD10B504000868206031
:107CB00000F03EF9200010BD70B50B6804000068AC
:107CC0000D00984205D000F03EF92868206000F0D1
:107CD0002FF9200070BD70B5136804005D88086836
:107CE000002D04D1206000F023F9200070BD4088F1
:107CF000002802D118002360F5E72000FFF7A8FF55
:107D0000F3E70300002010B5814206DB1B68022464
:107D10001A5F8A4201DD5918087910BD002310B599
:107D200003600400F2F748F9A060E160200010BD94
:107D300070B50180428004001D00F2F73DF9A0609B
:107D4000E160002D02D02000F2F7C0F9200070BDE4
:107D500082B010B5040003930292FFF7DFFF1022F8
:107D6000200002A903F0A7F900232000236110BC22
:107D700008BC02B0184710B50400006800F0E3F832
:107D8000200010BD10B50A00002103F0B0F910BDAD
:107D900010B504000868206000F0CAF8200010BD8B
:107DA00010B500684388818806305943FFF7EAFF21
:107DB00010BD10B504000023F2F7E8F9200010BD53
:107DC000F0B587B004910CA909780390059101687A
:107DD0000020029149888C468A4268DA0299898893
:107DE0008B4264DA049806687788D01901900020E5
:107DF000D41984425BDDB5885C19844257DD824228
:107E000034DAD019604501DD60460190002B34DA88
:107E10008C4200DD0C00B01D0026D11755422940D0
:107E2000B34201DA5F437E42029D76188619063519
:107E3000111C002A00DA0021002209B2934201DD60
:107E400062465A43059B51186D18002B26D000221C
:107E50001000A2422BDA002301998B4212DAF15C66
:107E6000002901D0E95401300133F5E76046801A5A
:107E70000190B842CADD0197C8E7CC1AAC42CADD0E
:107E80002C00C8E7049B01321B6802935B88F6183C
:107E9000039B1B6802935B88ED18DAE7059FA742F6
:107EA00007DBE043019BC01720404343180007B0A5
:107EB000F0BD31002800019A03F0FDF8049B013762
:107EC0001B6802935B88F618039B1B6802935B8810
:107ED000ED18E4E710B50400006800F034F8200065
:107EE00010BDF8B51400D243D2171440050020008D
:107EF0000C301F000E00F1F76FFF286000F015F83E
:107F00002B681C7228684760002E04D022003100C4
:107F1000093003F0D0F8F8BD002310B504000A00C2
:107F20001900FFF7DEFF200010BD03230380704718
:107F300010B504000088F2F733FA002802D1238834
:107F40000233238010BD10B504000088F2F728FA30
:107F5000002805D12388023B9BB2012B01D023804E
:107F600010BD2000F1F76CFFFAE7036870B504005C
:107F700001811B6A9847236805005B6920009847C8
:107F80002081280070BD00897047036870B5040027
:107F900081721B6A984723680500DB6920009847B7
:107FA000A072280070BD807A7047704710B5040039
:107FB00003F04BF8200010BD0200C368006952694D
:107FC0005B43404352431818801870477FB5040044
:107FD000FFF7F2FF2600902305001B04313698427C
:107FE0002AD9638F002B07D1013308220D2168465F
:107FF000FFF79EFE0123638790239B049D420AD9CD
:10800000A38F002B07D1013309220D216846FFF70A
:108010008FFE0123A3878023DB049D420AD9E38FCF
:10802000002B07D101330A220D216846FFF780FE9D
:108030000123E387002333703378042B0ED80133F8
:1080400033702000F2F7CCFA02000B280AD101238A
:108050000D2168466286FFF76BFE14E000236387FC
:10806000E363EEE72300A18E303381420CD11A780E
:10807000042A01D801321A70A28E618E914202D078
:108080001B78042BE3D87FBD0022A086F3E730B530
:108090000400036A8BB0009302AD416A8269C36930
:1080A000280001F011FC23000C3307CD07C3022286
:1080B000A37920009343A371FFF788FF0123A188D0
:1080C0001A0006A8FFF734FE00200BB030BD70B5D3
:1080D00005000B680C0008005B6A98472B000C3405
:1080E00007CC07C3280070BD10B5040003685B6AA5
:1080F0009847E06810BD10B5040003685B6A9847B4
:10810000206910BD10B5040003685B6A9847606978
:1081100010BD10B5040003685B6A9847A3799B07FC
:1081200002D42000F2F72AFBA06A10BD10B50400AB
:1081300003685B6A9847A3799B0702D42000F2F793
:108140001DFBE06A10BD10B50400F2F7F3FB200040
:1081500002F07BFF200010BD0630C177704701237D
:10816000807918407047036870B5040001811B696D
:108170009847236805009B692000984720812800C4
:1081800070BD00897047704710B5040002F05DFFB4
:10819000200010BD30B50400436BC26801699A1A13
:1081A00083698BB05A43836B92125B1AC169426335
:1081B0004B439B12C16B8363406902AD091A206A6D
:1081C000414389122800E1630091216C01F07CFB9E
:1081D0002300283307CD07C30123A1881A0006A86E
:1081E000FFF7A6FD00200BB030BD002310B5837152
:1081F00064330381036804001B698180984702226D
:10820000A37993431A0001231343A37110BD84B0D3
:1082100030B5069303000491059204AC0C3326CCD0
:1082200026C326CC26C322681A6002238279134310
:10823000837130BC08BC04B0184702238079184011
:10824000704780220023D2008261C2610262022252
:10825000C3600361436143628379934383717047D1
:108260004164704773B50C00050016000B680800E8
:10827000DB699847E36B280001960093626BA36B60
:10828000216C01F0E2FA280076BD70B505000B689C
:108290000C000800DB6998472B00283407CC07C383
:1082A000280070BD10B504000368DB699847A06A18
:1082B00010BD10B504000368DB699847E06A10BD83
:1082C00010B504000368DB699847206B10BD82B0CD
:1082D00030B5040085B0089202A80822099302F084
:1082E000EAFE039B029D58102418DB0701D5236882
:1082F0005D590AA90822684602F0DDFE2000089AAE
:10830000099BA84705B030BC08BC02B01847F8B5B7
:108310000A6803680C000500981AFAF7C7FF62683C
:108320006B68071C981AFAF7C1FFA368061CA868B7
:10833000C01AFAF7BBFF391C041C381CFAF7C2FC40
:10834000311C051C301CFAF7BDFC011C281CFAF777
:1083500053F9211C051C201CFAF7B4FC011C281C35
:10836000FAF74AF9F8BDF0B585B001900291039291
:10837000FFF7CDFF0126041C071C039B9E4217DA62
:108380000C217143029B01985918FFF7C0FF051C8F
:10839000011C201CF9F7FAFF002800D02C1C291C16
:1083A000381CF9F7DFFF002800D02F1C0136E4E766
:1083B000211C381CFAF7ACFD05B0F0BDF0B58BB050
:1083C00009938023DB000024C36003614361002321
:1083D00006000C2707910892046044608460846161
:1083E0000293119B9C4266DB00270023109C05939F
:1083F000019700973D1C059B119A934271DA210069
:1084000007A8FFF784FFFCF765FF011C03900298A3
:10841000FAF790FAFE218905FAF77AFD0490281CF4
:10842000FAF724FF05000498FAF720FF030028005C
:108430009D4200DA1800FAF739FF2368079A051CF5
:10844000981AFAF733FF0399FAF774FA400004997F
:108450004008FAF737FC011C0098FAF7CDF8089BA2
:1084600000900693069A6368981AFAF71FFF03991B
:10847000FAF760FA400004994008FAF723FC011C5F
:108480000198FAF7B9F8A368019009980C34181A02
:10849000FAF70CFF0399FAF74DFA400004994008E7
:1084A000FAF710FC011C381CFAF7A6F8059B071C0C
:1084B000013305939FE739006143109B07A85918C2
:1084C000FFF725FFFCF706FFFAF7D0FEFAF7EEFEFE
:1084D0000299051CF9F75AFF002800D002950134D3
:1084E0007FE70099081CFAF7EDFB0199041C081CB2
:1084F000FAF7E8FB011C201CFAF77EF8391C041C73
:10850000381CFAF7DFFB011C201CFAF775F8FCF7A2
:10851000E1FE041C011C0098FAF70CFA291CFAF77A
:10852000D1FBFE218905FAF767F88921C905FAF719
:10853000C9FBFAF79BFE211CF0600198FAF7FAF9E3
:10854000291CFAF7BFFBFE218905FAF755F88921A6
:10855000C905FAF7B7FBFAF789FE211C3061381C10
:10856000FAF7E8F9291CFAF7ADFBFE218905FAF7BD
:1085700043F88921C905FAF7A5FBFAF777FE079BAF
:1085800070613360089B029800937360099BB3602D
:10859000FAF76CFEB06130000BB0F0BDF0B500250D
:1085A000040016000B002F0028002A0091B007914C
:1085B000B24208DA19680132401859687F18996880
:1085C0000C336D18F4E73100F9F7CEFD310020606F
:1085D0003800F9F7C9FD310060602800F9F7C4FDE3
:1085E0003200A06007992000FFF7BDFE00230A902B
:1085F0000693059304930DADC8235B420393C823F0
:108600005B420293C8235B4201932B00220083CA82
:1086100083C32A68039B94466A68634494462B602C
:10862000AA681F00029B07996344944608936B60F5
:10863000019B3200634428000993AB60FFF793FE6F
:108640000A990B90F9F78EFE002806D0099B049733
:108650000693089B05930B9B0A93019BC8331A0052
:108660000193C8235B009A42CFD1029BC833029387
:108670009342C7D1039B029AC83303939342BED15E
:108680002368049A934207D16368059A934203D101
:10869000A368069A934206D0049B2360059B6360FF
:1086A000069BA360A8E7200011B0F0BD70B50400E0
:1086B0000D00160086B003A8FFF770FF2000039995
:1086C000049A059B01960095FFF778FE200006B0FE
:1086D00070BD4A6810B55310C0180B68D20701D599
:1086E0000268D358984710BD10B50021406C02F0C5
:1086F0003DFC10BD10B50400F2F7A8FD200002F00B
:10870000A4FC200010BD70B50500040074350121E3
:108710002800F1F7F7FD2200563213780133DBB25F
:108720001370E17901318B4222D1002326001370AE
:10873000226D54360221525E33882021934205DA9D
:10874000200019B25030FFF7DCFA01000023E27973
:108750002800F1F791FD226D33880221525E934289
:1087600007DD23000022483320001A70F2F77EFE56
:1087700070BD01333380FBE770B505000600826DE4
:108780005C350221525E2B8804002021743693420E
:1087900004DA19B25830FFF7B4FA010000233000B0
:1087A0001A00F1F769FDA26D2B880221525E9342F7
:1087B00007DB23000022483320001A70F2F756FE30
:1087C00070BD01332B80FBE773B504000600250064
:1087D000743630006435FFF7E3FA0023EA5E2100C7
:1087E0000023300060310093FFF7EAFA002804D13B
:1087F00023006C331B78002B0AD16622A256002A74
:1088000006D02B886C349B182B800123237073BDFA
:1088100023000022483320001A70F2F727FEF6E703
:10882000F0B506000021050004006636006E7156A2
:10883000408864350023EA5E4B1D1B1A200085B07A
:108840006C3003909A4211DC0378002B0ED01C3D53
:108850002B78062B03D120007430FFF7A1FA0023F8
:1088600020002B70F2F702FE05B0F0BD2700743730
:10887000002A04DD4942380009B2F1F743FD002324
:10888000EA5E21000023380000936031FFF798FA78
:108890000023F356002B05D122004832200013702C
:1088A000F2F7E4FD0123039A137000232A88F3569C
:1088B0009B182B80D8E770B5050048352B7804004D
:1088C000002B31D0F1F730FB22004C3213881818FE
:1088D000230080B210804A331B88834224D80023AF
:1088E00013802B78022B02D12000FFF70CFF2B788E
:1088F000032B02D12000FFF73FFF2B78042B02D17E
:108900002000FFF761FF2B78052B02D02B78062B78
:1089100002D12000FFF784FF2B78072B04D100231E
:1089200020002B70F2F7A2FD70BD1FB5036F827A95
:108930009B68040001339A4208D1012381880222F6
:108940006846FFF7F5F90023A3721FBDF2F712FD89
:108950002000FFF7B0FFA37A0133F5E710B5837964
:108960000400DB0704D5027B022A02D1FFF7DDFFFA
:1089700010BD837A016F0133DBB2837289688B4249
:1089800001D100238372002A02D12000F2F7F2FC09
:10899000237B012B05D1637300232000A373F2F71F
:1089A000D7FB2000FFF787FFE2E770B504000D005A
:1089B000022906D1F1F7B8FA052802D00520F1F70F
:1089C00067FA237B022B0CD1022D0AD0A66E002E53
:1089D00005D03000F2F7F2FE300002F036FB002343
:1089E000A366257370BD407A704710B57430FFF7E9
:1089F000D7F910BD70B5037B0400022B0AD0022109
:108A0000FFF7D3FF482002F024FB0500216FF2F7A7
:108A100007FFA566A06E00F0F5F870BD10B5040064
:108A2000F8F7E2FA00232000237510BD1FB56C464D
:108A3000A273E3730E2200236A4400930233F2F719
:108A4000D7FD04B010BD1FB50F2401236C44009363
:108A50002300F2F7DDFD002800D1207804B010BD1E
:108A600070B5040016001D0000220F23F3F7F2F882
:108A7000200031000F2301221030F3F7EBF8200023
:108A800029000F2302222030F3F7E4F82000049994
:108A90000F2316223030F3F7DDF8200005990F235D
:108AA00004224030F3F7D6F8200006990B23052264
:108AB0005030F3F7CFF8200007990B2306226030DF
:108AC000F3F7C8F8200008990B2307227030F3F75A
:108AD000C1F8200009990B2308228030F3F7BAF877
:108AE00020000A990B2309229030F3F7B3F82000F5
:108AF0000B990F230A22A030F3F7ACF80B232000C8
:108B00001A000C99B030F3F7A5F820000D990B234B
:108B10000C22C030F3F79EF820000E990B230D2293
:108B2000D030F3F797F820000F990B230E22E03096
:108B3000F3F790F8200010990B230F22F030F3F791
:108B400089F8601C11990B231322FF30F3F782F888
:108B50002000113012990B231422FF30F3F77AF81A
:108B60002000213013990F231A22FF30F3F772F8F7
:108B70002000313014990F231B22FF30F3F76AF8DD
:108B800020004130042303221599FF30F3F762F8E7
:108B9000200070BD4A6810B55310C0180B68D2078A
:108BA00001D50268D358984710BD82B030B5040093
:108BB00085B0089202A80822099302F07CFA039B70
:108BC000029D58102418DB0701D523685D590AA9B6
:108BD0000822684602F06FFA2000089A099BA8470D
:108BE00005B030BC08BC02B0184770B504000D00D9
:108BF0001822002102F07BFA2900200002F069F817
:108C0000200070BD0300026841689B685018C018BE
:108C1000032110B5F9F7A8FAA9235B00984208DDF3
:108C20001800181A0821FF23FF315843F9F79CFA5E
:108C300010BD4B28F5DA4B20F3E70069002904DD6D
:108C4000002802D0C06A0139F8E7704710B5040067
:108C5000F2F7DCFE200002F0F8F9200010BDF7B5B5
:108C6000838804005A070FD59A060CD4DA060BD570
:108C7000010008226846183102F01DFA200022691E
:108C80006369FEF77CFFF7BD042202260127134328
:108C9000A380A388A56833421DD02100082268461E
:108CA000183102F008FA28002269636900F099FD82
:108CB0001022A38813421ED0256A002D1BD0290044
:108CC000A01802F0F8F92B692800236202F0BDF920
:108CD000F0F726FFDDE73B4207D0E3682069009309
:108CE0006169A269E369A847E2E720696169A2694D
:108CF000E369A847DCE704229343A380C3E70300AA
:108D000072B64069002807D002695A61002A00D172
:108D10009A619A8B013A9A8362B67047F7B500253B
:108D200007002E000469002C1CD0E26AA38801927F
:108D30000421625E002A10DA042213420DD1019B45
:108D4000002E0DD13B61E36A20000193FEF70BFF7B
:108D5000200002F07AF9340001352600019CE2E798
:108D6000F362F0E72800FEBD70B501230D0004009A
:108D700088B08669082268460831029302F09BF9A0
:108D800020002A686B68F2F77FFE002823D1A38BAE
:108D9000092B20D82900102204A802F08CF91820F1
:108DA00002F057F9050006A90822684602F083F987
:108DB0002800049A059BFEF7CBFF72B6002E0CD15B
:108DC000636965612B612B69002B00D1A561A38BC1
:108DD0000133A38362B608B070BD33692B6135617E
:108DE000F1E782B010B502A902920393FFF7BCFF2E
:108DF000002010BC08BC02B0184730B585B0050093
:108E0000FFF78CFF2800FFF77AFF041E13D0010044
:108E10000023083108226846029302F04CF92268C8
:108E200063682800F2F730FE200002F00EF9F0F738
:108E30003BFE0028E6D105B030BD704710B50400F8
:108E400002F003F9200010BD82B030B5040085B0F7
:108E5000089202A80822099302F02DF9039B029DB3
:108E600058102418DB0701D523685D590AA9082288
:108E7000684602F020F92000089A099BA84705B02F
:108E800030BC08BC02B01847028903008A4203D1F3
:108E90000123807918407047428900208A42FAD124
:108EA00098790223F6E7028903008A4203D104235A
:108EB000807918407047428900208A42FAD1987917
:108EC0000823F6E7028903008A4203D11023807940
:108ED00018407047428900208A42FAD198792023AD
:108EE000F6E7038910B58B4205D101248379002A66
:108EF0000BD02343837143898B4205D102218379AF
:108F0000002A04D00B43837110BDA343F2E78B43C7
:108F1000F9E7038910B58B4205D104248379002A2F
:108F20000BD02343837143898B4205D10821837978
:108F3000002A04D00B43837110BDA343F2E78B4397
:108F4000F9E7038910B58B4205D110248379002AF3
:108F50000BD02343837143898B4205D12021837930
:108F6000002A04D00B43837110BDA343F2E78B4367
:108F7000F9E782B0F0B589B00E920F93078995B2E8
:108F80000400BD4200D147890EAB5E88022E23D07B
:108F9000052E17D0012E10D1290020003200FFF736
:108FA000A0FF39002000FFF76FFF002805D0012344
:108FB0003200A18804A8FEF7BBFE09B0F0BC08BCD3
:108FC00002B01847290020000122FFF7A2FF390054
:108FD0002000FFF768FFE8E739002000FFF754FFA3
:108FE000002830D032000123A1886846FEF7A0FE99
:108FF00029002000FFF757FFA688002820D039005D
:109000002000FFF750FF00281AD00123042231006E
:1090100004A8FEF78DFE012239002000FFF791FF22
:10902000290020000022FFF75CFF29002000002219
:10903000FFF76FFF002229002000FFF782FFBCE747
:1090400001230322E3E729002000FFF73BFF00286C
:10905000E6D1267B012EE3D129002000FFF723FF74
:1090600033000422002800D10322290004A8FEF7BF
:109070005FFED5E7017370474A6810B55310C018FA
:109080000B68D20701D50268D358984710BD70B558
:10909000837904001B0711D42000F2F7E9FD0820B2
:1090A00001F0D7FF0E216156050000F020FC0823D7
:1090B000A279A5601343A371002070BD806800F001
:1090C00022FC0E23E3568342E6D1F5E7052380799F
:1090D0001840431E98417047032380791840431E6F
:1090E00098417047D0B5040086B08AB200238188C9
:1090F00002A8FEF71DFE049E059FA06800F067F918
:109100000B000100020019430CD00498059900904F
:109110000191801A994102000B0002A80492059364
:10912000F0F7D4FF32003B00A06800F04DF906B024
:10913000D0BD1FB5837904005B0602D50521FFF77A
:10914000D1FFA3799B0605D5012302226846A18899
:10915000FEF7EEFD1FBD1FB5837904005B0602D547
:109160000421FFF7BFFFA3799B0605D50123032246
:109170006846A188FEF7DCFD1FBD702310B582791B
:109180001A4201D0F2F774FD002010BD704710B5EF
:10919000040001F05AFF200010BD30B5040085B076
:1091A0002569002D1ED0EA78012A08D0022A14D0A1
:1091B00001230A21684692B2FEF7BAFD03E02000BF
:1091C000183000F015F823699D42E9D12000F2F72C
:1091D000DDFF280001F039FFE2E72000203000F039
:1091E0002CF8F0E705B030BD002301604360704704
:1091F0001FB504000068F2F7C9FF002343626268EC
:109200009A4203D1606001231A000BE0516A0029E1
:1092100002D00A000133F9E7032B08DD01F015FF46
:109220000123022209216846FEF782FD1FBD50621C
:10923000E9E7002341600370704770B5050040689E
:10924000F2F7A4FF012304002B700430F0F73EFF77
:1092500000232B709C4202D0200001F0F6FE70BD6E
:1092600013B56B46D81D0C00F3F766F96B46210069
:10927000D81DF3F773F913BD73B51E006B46D81DE7
:109280000D001400F3F758F9684633002A00210056
:109290000730F3F797F973BD802307B55B0500919D
:1092A00001921A695B696946133B5A430223FFF72F
:1092B000E3FF07BD84B010B50492802203910593AB
:1092C00052051369516952691139133A5A434B4394
:1092D0000F99CB1AD21803A90C23FFF7CDFF10BCAE
:1092E00008BC04B0184710B50400F2F795FF200041
:1092F00010BD8023F7B55B051F6901915D69F2F729
:109300008BFF0600041E21D0302001F0A2FE113D8B
:10931000302200217D430400002701F0E8FE0835DB
:10932000B7420DDA29003022200001F0C4FE2100EE
:10933000019801F012FF002808D030350137EFE71F
:10934000B74203D1200001F080FE00242000FEBDC2
:1093500010B509680431FFF7CCFF10BD10B50968DE
:109360000431F2F789FF10BD52DF704712DF7047FA
:10937000704710B5040001F068FE200010BD10B564
:109380000400F0F70BFE00220300A46801208A42CB
:1093900002D19C4200D9100010BD10B50400F3F7B3
:1093A00065F81023E05E1222A35EC01A10BD10B54E
:1093B000F3F75CF810BD10B50400F3F79DF820003A
:1093C00001F043FE200010BD026543657047416D0A
:1093D000006D704729DF704728DF704710B50368BC
:1093E0005B6A984710BD10B50400F3F7ADF9200093
:1093F00001F02BFE200010BD10B50D22C9B2FFF701
:1094000022FBC7384342584110BD10B503685B6A60
:10941000984710BD10B50400F3F7D6FA200001F00C
:1094200014FE200010BD10B50D22C9B2FFF70BFBD2
:109430005A384342584110BD10B50368DB6998475C
:1094400010BD10B50400F3F735FB200001F0FDFD61
:10945000200010BD10B50722C9B2FFF7F4FAC438D6
:109460004342584110BD10B503685B6A984710BD70
:1094700010B50400F3F73CFC200001F0E6FD2000ED
:1094800010BD10B50F22C9B2FFF7DDFA33384342E1
:10949000584110BD10B50368DB69984710BD10B581
:1094A0000400F3F7D9FC200001F0CFFD200010BD2F
:1094B00010B54F22C9B2FFF7C6FA403843425841AF
:1094C00010BD10B503685B6A984710BD10B5040065
:1094D000F3F7B4FD200001F0B8FD200010BD70B519
:1094E0000400CDB2B62329001422FFF79FFA6420AE
:1094F000F0F780FB290000222000FFF7A4FAFA38D9
:109500004342584170BD10B50368DB69984710BDF0
:1095100010B50400F3F7ACFF200001F096FD200029
:1095200010BD704710B50400F4F718F8200001F0E2
:109530008CFD200010BD704710B50400F4F734FA1C
:10954000200001F082FD200010BDF8B500230400CA
:10955000477B057CC6894373C3810374F4F730FAF3
:109560006773E6812574F8BDA7DF7047A9DF7047F0
:10957000AADF704768DF704710B50368002B01D081
:109580000800984710BD10B50368002B01D00800F3
:10959000984710BD10B50368002B01D0080098470C
:1095A00010BD10B50368002B01D00800984710BD0E
:1095B00010B50400F4F7E0FA200001F046FD2000A9
:1095C00010BD1FB50123FA211A0068468900FEF775
:1095D000AFFB05B000BD0200010010B503683432D6
:1095E0009B6F0A31984710BD10B50400FFF7F3FFD9
:1095F000210008C92000DB6F984710BD70B50E0030
:109600001100C27F1D0002339B18040001201F2B94
:1096100012DC2B18A354E37F2A001B18DBB2E3777C
:10962000E654E07F0130C0B2E077201801F043FD3E
:109630000020E37FED18E57770BDF8B50027C47F03
:10964000BC424FD9C61975788D4220D1B44607293E
:109650000DD801290DD9E11801251F292CDC041989
:109660007519AC4218D92178E154013CF9E7152964
:10967000F1D0C75D013FFFB2BB421FD100230236CC
:10968000D9B28F4217D9D15CF1540133F8E7C55DE7
:109690007F190137FFB2D3E700210236CCB2A342D3
:1096A00003D9545C74540131F8E7C25D9A18C2556D
:1096B000C27F9B18C37700252800F8BDE418012558
:1096C000E41B1F2CF8DCBC1C3619C47F0519AE4204
:1096D00005D2654634782C700124A444F4E7E41BD9
:1096E000023CC477FFF78AFF0500E5E737B50D00B8
:1096F000F4F780FF6B46DA1D0123040019000A30DD
:109700001570FFF79AFF002802D12000FFF763FFD2
:1097100037BDF8B50D0016001F00F4F76BFF04000D
:10972000092D03D1036831005B6B984720003B0093
:10973000320029000A30FFF780FF002802D1200004
:10974000FFF749FFF8BD70B50D000021040001705E
:109750001022013001F0CBFC2000658270BD8068D2
:1097600010B5002803D0F4F745FFFFF73DFF10BD0B
:10977000F0B58BB003AC050026000AAF0021601CD9
:1097800021700622073401F0B2FCA742F6D16A46E6
:109790000423A86853720196F4F74CFF036801A9EB
:1097A0001B6998476B46987A0BB0F0BD10B5040062
:1097B0001830FEF781FA0123636110BD022370B5F2
:1097C000436104000D00F0F7E9FB2061002D07D094
:1097D00008236269134363610423A2791343A371CD
:1097E00070BD82B073B50400061D069208A9082258
:1097F0006846079301F05FFC31006569069A079B94
:109800002068A84773BC08BC02B0184703001A6858
:10981000002094460A6810B5944507D1181D1022FF
:10982000043101F03AFC43425841C0B210BD10B5BA
:10983000F4F76EFE406810BD10B5F4F769FE0068DD
:1098400010BD017042704360704782B0F0B5059260
:109850000200069308AB1B7805ACE0CCE0C2002BFD
:109860001ED04A78002A05D042685242426082687F
:10987000524282604A68022A16D0032A1AD0012A6C
:1098800004D102684168524201604260012B17D046
:10989000022B05D143685B42436083685B4283606F
:1098A000F0BC08BC02B0184702685242026042682D
:1098B0005242EAE742680168524202604160E5E7CD
:1098C000426803680260E7E782B037B50400180019
:1098D00007930B7806920193089B009303002000E6
:1098E000FFF7B3FF20003EBC08BC02B0184710B51C
:1098F0000400F8F743F8200010BD10B5040001F093
:109900003FFB200010BD407840B2704702000B00C2
:10991000F0B5126889B0019203AA15001E004068D4
:10992000016809688C4692CE92C5DB680199D360C4
:1099300000231361E04709B0F0BD002310B5040017
:1099400001604360994201D1F4F720FE200010BD70
:1099500002207047022070470020704700207047A7
:109960000220704702207047022070470220704793
:109970000220704702207047022070470220704783
:109980000220704702207047022070470220704773
:1099900002207047002313607047002070470220A8
:1099A0007047022070470220704702207047022053
:1099B0007047002070470020704700207047022049
:1099C0007047022070474160704781607047C160F6
:1099D0007047016170474161704702207047022063
:1099E0007047022070470220704702207047022013
:1099F0007047022070470220704700207047022005
:109A0000704702207047002070477047022070475F
:109A1000022070477047022070470020704770474F
:109A200066DF704748DF7047007970470C30704739
:109A30000C30704710B5FFF7F5FF10BD10B5036887
:109A4000002B01D00800984710BD10B50368002B0B
:109A500001D00800984710BD10B50368002B01D055
:109A60000800984710BD10B50368002B01D008000E
:109A7000984710BD10B50400F4F75EFE200001F019
:109A8000E4FA200010BD10B50400F4F765FE2000D4
:109A900001F0DBFA200010BD10B50400F4F76CFEF5
:109AA000200001F0D2FA200010BD10B50400F4F738
:109AB00073FE200001F0C9FA200010BD10B50400AB
:109AC000F4F77AFE200001F0C0FA200010BD10B5B6
:109AD0000400F4F781FE200001F0B7FA200010BD69
:109AE00010B50400F4F788FE200001F0AEFA200063
:109AF00010BD10B50400F4F78FFE200001F0A5FAA8
:109B0000200010BD10B50400F4F796FE200001F00F
:109B10009CFA200010BD10B50400F4F79DFE200053
:109B200001F093FA200010BD0823F0B597B002AA07
:109B3000137106AA029202AA137310000EAB0493CB
:109B40000C00F5F7ABFD00230600984204D023710A
:109B5000A371300017B0F0BD0500072702AB1B7BD7
:109B6000A37102AB1B79AB4213D96379AB4201D825
:109B70002571EEE73800684323681818029B0193AB
:109B8000019AAB0099580135072201F094FAEDB221
:109B9000E7E725710727002502AB21791B7B6918B0
:109BA000AB4202D96379994201DB2171D1E7794354
:109BB00023685918049B0193019AAB00985801350A
:109BC00000F071FDEDB2E7E710B5F5F705FD10BD4A
:109BD00010B508001100F5F739FD10BD10B50800EB
:109BE0001100F5F709FD10BD10B5080011001A00AD
:109BF000029BF5F78DFC10BD70B5037904000920B8
:109C0000002B1AD0F6F708FC03000520002B14D116
:109C10002500FC35A86B00280AD1286C00280DD13E
:109C200020000C3000F0B8FA002806D1207104E0C2
:109C300003685B6A98470028EFD070BD03689B6A91
:109C400098470028ECD0F8E7F7B5037907000E0035
:109C50001400002B11D008220021684601F047FAB9
:109C60000A256B461D713000F4F7A0FC6946009090
:109C7000E368200098472800FEBDF5F7DFFB0500EC
:109C80000C20002DF8D101230822290068463B71E1
:109C900001F02DFAE7E770B50400E3692362206A5A
:109CA000002807D0C36821009847236A002BF4D00E
:109CB0001B69F3E7E069002804D0056901F0C5F9E4
:109CC0002800F8E7E0616060A060E060206160610A
:109CD00070BD10B5FFF7DFFF002800D0062010BDD3
:109CE00010B50400F4F71CFE200001F0AEF92000CE
:109CF00010BD10B51F220021040001F0F8F9002367
:109D0000E37710BD10B50020F4F73CFF10BDFC3028
:109D1000836B70B50400002B07D19920800001F0FF
:109D200098F90500F4F750FFA563A06B70BDFC30F7
:109D3000836B70B50400002B07D19920800001F0DF
:109D400088F90500F4F740FFA563A06B70BD70B5FE
:109D500004004068002804D0056901F076F9280065
:109D6000F8E7606070BD10B50400F4F781FF2000D3
:109D700001F06BF9200010BD70B5040040680028A8
:109D800004D0056901F061F92800F8E7606070BD52
:109D900010B50400F4F776FF200001F056F920001A
:109DA00010BDF0B5040087B0E36B2364206C00287D
:109DB00007D0C36821009847236C002BF4D01B699F
:109DC000F3E7E06B002804D0056901F03EF92800B4
:109DD000F8E7E063A080E068002804D0056901F09E
:109DE00034F92800F8E7E06020001430FFF7AFFFF7
:109DF00020002030FFF7C0FF266B002E05D035690C
:109E0000300001F022F92E00F7E701AD3100280003
:109E10002663F4F7C9FE23002A00443383CA83C3B0
:109E2000049B3100236528006665F4F7BDFE23001E
:109E30002A00583383CA83C3049B31006366280019
:109E4000A666F4F7B1FE23002A006C3383CA83C3ED
:109E50003000049BE667A36707B0F0BD70B504004F
:109E6000E36A2363206B002807D0C368210098476A
:109E7000236B002BF4D01B69F3E7E06A002804D0C1
:109E8000056901F0E2F82800F8E7E062201DFFF71D
:109E900073FF20001030FFF75AFF206A002804D01B
:109EA000056901F0D2F82800F8E7206270BD70DF84
:109EB000704771DF704772DF704773DF704774DF80
:109EC000704775DF704776DF704777DF704778DF60
:109ED000704779DF70477ADF70477BDF70477CDF40
:109EE00070477DDF704788DF70471420704764201B
:109EF0007047A0208001704710B50400FFF7DFFF16
:109F000002000320002A05D1583421780238814309
:109F10001000217010BD030010B503245833080051
:109F200011001A78A2431A703B2900D01321FFF7C1
:109F3000CAFF0023984200D00333180010BD03006D
:109F400010B5FE330A00D98C03681B6A984710BD10
:109F5000080010B5FFF7C1FF0023984200D003337B
:109F6000180010BD080010B5FFF7B5FF0023984298
:109F700000D00333180010BD080010B51100FFF722
:109F8000A0FF0023984200D00333180010BD13B582
:109F90000C001100012C10D86B460622981C01F011
:109FA0008AF800206B46591C0C70FFF780FF0023D5
:109FB000984200D00323180016BDA31E012BF9D828
:109FC0000120EFE773B56B465E1C30000D001400F6
:109FD000FFF76FFF032300280CD1002D01D0337849
:109FE0002B70231E06D06B460622991C200001F020
:109FF00062F80023180076BD080010B51100FFF7C5
:10A0000070FF0023984200D00333180010BD0800F1
:10A0100010B5FFF75CFF0023984200D0033318000F
:10A0200010BD080010B5FFF754FF0023984200D080
:10A030000333180010BD080010B5FFF746FF0300FA
:10A040000020834203D00530112B00D0023810BD10
:10A0500008207047B830017000207047B930017097
:10A060000020704702207047B83000787047B93040
:10A0700000787047002070470200030010B5F332EB
:10A0800011789B6F6C30984710BD4A6810B553101B
:10A09000C0180B68D20701D50268D358984710BD85
:10A0A00037B56B46DD1D112308002B700C0001F045
:10A0B0005EF8210082B22800FFF711FF00239842CA
:10A0C00000D0033318003EBDF8B506000D00002493
:10A0D00007273300BA331B78A3420ED96B79A3420A
:10A0E0000BD9390061432B6807225818BB3171180E
:10A0F000013400F0E0FFE4B2EBE700202C71F8BD82
:10A10000F8B503680600DB6C0D000C799847032353
:10A1100084420DD8002307212879DAB2824209D27D
:10A120000A005A432C680133125D032AF5D1042337
:10A130001800F8BD37000024BA373C702B79A342D1
:10A1400011D9072319003878614358432B68BB3075
:10A1500059180722301800F0AEFF3B780134013364
:10A160003B70E4B2EAE70023E2E770B50D00C97F77
:10A1700001201F290FD800290CD02800D37FFFF71A
:10A180009AFE041E06D1288CFFF7A1FE03002000D2
:10A19000002B00D0032070BD10B50400F4F7F0FBD5
:10A1A000002809D123000122FE335242DA84BA3456
:10A1B000463B1880207010BD0620FCE7FE30C184AD
:10A1C0007047FE30C08C7047F0B59BB00AAB00936F
:10A1D00012AB6A46029307000023B837137113735A
:10A1E0003B7804000E00002B18D104AD182200218A
:10A1F000280000F07CFF337828002B703B782B720E
:10A200006B46079373882B82B3886B82FFF755FEEA
:10A2100003000320002B07D01BB0F0BD6946F4F704
:10A2200073FD0028E1D0F7E70122583421781800A7
:10A230000A432270F0E7A0DF7047A4DF7047A5DF74
:10A240007047A6DF7047A8DF704737B508000025C4
:10A2500011006A4655806D46069C019322882A802B
:10A260006A46FFF7ECFF03000320002B02D1180021
:10A270002A8822803EBD70B586B015006A4600204F
:10A280000C00961DD380F4F77DFC03681B6998478A
:10A29000FFF797FF02A901230C8000248B708C80AC
:10A2A000CD608E60FFF7CDFF83B22000A34200D0C7
:10A2B000053006B070BDF8B5040000200D00160092
:10A2C000F4F760FC03681B6998472368DF69FFF7B0
:10A2D00078FF330001002A002000B847F8BDF0B530
:10A2E00006001C00D38B0022457985B0F8369542D4
:10A2F00020D9D700F75B9F4211D10E2502231F32D0
:10A300006D44D2002B8082180368928803AE0095BA
:10A310009F683300B847002803D005B0F0BD013274
:10A32000E5E72B88022B07D133889B07F5D0012363
:10A330002370F2E70420F0E70620EEE710B502787C
:10A340000300002A0AD10C781000002C05D1588A8D
:10A350004B8AC01A43425841C0B210BD0020012AA6
:10A36000FBD10A78012AF8D10131581C0F3200F0D4
:10A3700094FEEFE770B504000D006368A360A06869
:10A38000002807D0C36829009847A368002BF4D0A1
:10A390001B69F3E770BD10B5C368984710BD030093
:10A3A00010B50800110004280BD005280DD0032893
:10A3B00006D118005B6C4430002B01D0FFF7EBFF97
:10A3C00010BD18009B6D5830F6E71800DB6E6C303E
:10A3D000F2E7F0B5050008880C008FB0532806D8C6
:10A3E0004F2806D801285BD0182800D166E00FB0AE
:10A3F000F0BD5138022803D8F7F718FE71602B0022
:10A40000CE88290000236A79FC319A420BD9D80002
:10A41000085AB04209D120339B005859431CDA7FB7
:10A4200030231A4203D1022115E00133EDE7238CDA
:10A43000910602D503219C0706D40421D20603D538
:10A4400001221340C91AC9B2C28B2800FFF7A7FF27
:10A45000CDE7CE880521002200922A006B79F832E0
:10A4600000988342C3D9C000105AB04243D1062994
:10A4700000D181E0072942D032000229E5D1A3882A
:10A480000AA90B804E80237A0B71A38BCB80E38BC0
:10A4900020340B81CC6028001430FFF76BFFA6E757
:10A4A0000C7AEB682B6128690028A0D0C3682100D2
:10A4B00098472B69002BF4D01B69F3E7A3880AAEF9
:10A4C00033802B6B6B63686B002800D18FE7C36808
:10A4D000310098476B6B002BF3D01B69F2E78B7947
:10A4E000012B05D0022B00D081E70E890721B2E7AE
:10A4F0000E890621AFE7009801300090B0E70023F5
:10A500000593A38802AA13805680E38B06AF93803D
:10A51000238C0021D38023001022223338000193A2
:10A52000049300F0E4FD02233B70009B20339B006A
:10A530005A5913002A3319780023994206D0100083
:10A54000D36C403002A9984702AB9B893900A088A0
:10A55000BB80FFF778FEBB88002B00D047E7A388BD
:10A560000AA90B804E80A37A0B71E38BCB80238CDE
:10A570000B81019BCB608EE70C22002107A800F025
:10A58000B6FDA38806AF7E803B80A38B0AAE102267
:10A5900000213000BB8000F0AAFD01233370009B36
:10A5A00020339B005B591A00293211780022914216
:10A5B00005D0180039009B6B2C309847BA89B280BF
:10A5C000BB89002B09D1BA68002A06D0B1790133C2
:10A5D0000B43B371079B0C93F2603100A088FFF727
:10A5E00032FE04E770DF704771DF704760DF70474D
:10A5F00010B5F5F79DFE002010BD70477EDF704757
:10A6000068DF704770B500200C00F4F7BBFA0368F0
:10A610005B6A98472378152B25D005D8132B0CD0CF
:10A62000142B18D0002070BD222BFBD10369002B06
:10A63000F8D0626810889847F4E74568002DF1D09B
:10A640006068012481780088CB064A085B0F2240AD
:10A650002140A847E6E78368002BE3D06268917841
:10A6600010889847DEE76468A3781A07120F1B0961
:10A67000012A03D0022A0AD0002103E01900013B7D
:10A68000022BF9D8C368002BCCD02088E9E704213D
:10A69000012BF7D00021022BF4D10531F2E710B5E0
:10A6A00000F071F910BD022310B50B708C330B71E3
:10A6B0003F3B4B712D338B714A1C043100F038F94C
:10A6C00010BDA2DF7047A3DF704763DF704710B58E
:10A6D00086B06B4600240100102202A8DC7100F055
:10A6E000EAFC6B4602A8D91DFFF7EFFFA04201D19B
:10A6F0006B46DC79200006B010BDF0B5160099B0AD
:10A700001C001EAB04CB02901B880492059320AB67
:10A710001B883200069321AB1B780391079323AB70
:10A720001F8824AB1B78089325AB1B780993302333
:10A730001A4001921E4213D00AAB9D1C0322002135
:10A74000280000F0D4FC0223A01EAB700F332B7046
:10A75000032804D8F7F76AFC02393B3D21236B70CC
:10A7600011AD1C220021280000F0C1FC0AAB9A1C8C
:10A77000019B2E70591E8B415B421A401692002F8E
:10A7800005D0229B002B02D012932F816F810AAB40
:10A790005D1D03220021280000F0A9FC0222089B75
:10A7A0000799DB000A431343099A120113431F223E
:10A7B0001340AB7032231E420FD0601E04280CD809
:10A7C000F7F734FC0916181A1C003123C7E71223C7
:10A7D000C5E72223C3E711232B700C231E4211D09F
:10A7E000601E04280ED8F7F721FC0B2527292B0023
:10A7F0002123F1E73123EFE71223EDE72223EBE7F3
:10A8000011236B70082200210EA800F070FC039B3E
:10A81000059A0C930AAB1A82069A02989A82049BB4
:10A820000CAA109311A9269B0D95FFF74AFF80B241
:10A8300019B0F0BD2123E4E73123E2E71223E0E77A
:10A840002223DEE7F0B58BB0029310AB1B88050026
:10A85000039311AB1F7804AB5C1C0E000192002126
:10A860000322200000F043FC1123237063700F3B90
:10A870001F4305331F4008220021A77007A800F0DE
:10A8800036FC029A04AB9A81039A28001A82019B33
:10A89000129A05A9059606940993FFF714FF80B252
:10A8A0000BB0F0BD77DF704778DF70477ADF704715
:10A8B0007CDF70477FDF704782DF7047A7DF70471C
:10A8C000A9DF7047AADF704700207047002070475B
:10A8D0000020704710B5F4F7A3FF10BD00207047AB
:10A8E00010B5F5F755F810BD10B5F5F76BF810BDBC
:10A8F0000020704700207047002070472EDF70470F
:10A9000051DF704710DF704711DF704761DF70471C
:10A9100010B508001100FFF770FE10BD2EDF704764
:10A9200032DF704733DF70474CDF70474DDF7047D1
:10A9300070B58CB06B46140002000D001E000F3283
:10A940001178197011000133013A8842F8D10D22B3
:10A95000002104A800F0CBFB2B783000F3776B7854
:10A96000B377AB787377FFF7E1FF2F236B441B7846
:10A9700023702E236B441B7863702D236B441B784C
:10A98000A3700CB070BD30B5037804000D0000203A
:10A9900085B0022B20D16B460322611CD81D00F02C
:10A9A0008AFB0D236B4403221800211D00F083FB5A
:10A9B0000A236B441A000D236B4419002800FFF78B
:10A9C000B7FF0A236B4419006B460322D81D00F021
:10A9D00064FB43425841C0B205B030BD29DF704727
:10A9E00028DF704710B5FFF7F9FFF5F713FE10BD2C
:10A9F00010B5F5F76FFD8022520513691169421EEB
:10AA000098B2504389B2F7F725FBFFF7E9FFF5F756
:10AA100001FE10BDF0B585B01C000AAB05001600A4
:10AA20001F780391F6F7F8FA01235F403200230004
:10AA300028000399009700F036FA201A431E984127
:10AA400005B0F0BDF0B585B01C000AAB05001600DE
:10AA50001F780391F6F7E0FA01235F4032002300EC
:10AA600028000399009700F0DCF9201A431E984152
:10AA700005B0F0BD10B50400F6F7DCFA200000F0D8
:10AA8000E4FA200010BD8269806812681040431EFD
:10AA90009841704710B5043000F0AFF910BD43691C
:10AAA000010010B50068002B03D1002800D08047BA
:10AAB00010BD0028FCD004319847F9E710B50129F2
:10AAC00002D0022904D010BD2030FFF7E8FFFAE7DA
:10AAD0003830FAE7704710B5040000F0B6FA2000ED
:10AAE00010BD704703004A1C080018214A43414327
:10AAF0009A189268581810B5C068002A03D1002827
:10AB000000D0804710BD0028FCD010315918904764
:10AB1000F8E710B5040000F098FA200010BD70B5F9
:10AB20000D0004000430F7F76DF8E56370BD10B553
:10AB3000040043684269991800F07FF8E36A002B2B
:10AB400004D1A369002B00D0984710BDA06900284C
:10AB5000FBD021001C319847F7E710B5040000F046
:10AB600074F80023A361E36210BD10B50400F6F78A
:10AB7000B9FA200000F069FA200010BD70B50D0090
:10AB8000040000F062F86561206900F01FF94119C6
:10AB9000200000F052F870BDC36A010010B5806952
:10ABA000002B03D1002800D0804710BD0028FCD026
:10ABB0001C319847F9E710B50400F6F7A1FA200018
:10ABC00000F043FA200010BD036810B50400002B0C
:10ABD00005D1C06800F0FAF801236060236010BD61
:10ABE00010B504000068002804D0E06800F0EEF81A
:10ABF0006368C01A10BD10B58468FFF7F1FF201814
:10AC000010BD10B50400C06800F0E0F800236060DB
:10AC1000A36010BD002310B503604360836004008F
:10AC2000F6F79EFAE0602000FFF7EBFF200010BD72
:10AC300010B503689B68984710BD10B503000A0063
:10AC4000011D006900F089F810BD10B5011D0069F3
:10AC500000F0A0F810BD0FB4012010B5FBF7D0FE36
:10AC600070B50D0004001600F6F7EEFA6B1C07D065
:10AC70000021200000F0C7F83100200000F0BDF8EE
:10AC800070BDF8B50D001F0004001600F6F7DCFAE1
:10AC90006B1C0CD06368002F0AD0E26801212000F1
:10ACA000136000F0B0F83100200000F0A6F8F8BD05
:10ACB0002269F3E710B50322FFF7D2FF10BD10B5EC
:10ACC000FFF7CEFF10BD10B513000022FFF7D9FF2C
:10ACD00010BD10B50022FFF7F6FF10BD012010B522
:10ACE000FBF78EFE7047704710B5FFF7FCFFFFF7CC
:10ACF000F9FFEEF78DFA10BD10B5002801D000F075
:10AD00005EF9FEE770B504000D0003681B68984704
:10AD100063681D6070BD036870B5DB680400984708
:10AD200063685A682368002A02D19B68984770BDFF
:10AD30005B681568984763682D1A5A68002D07DC10
:10AD4000916859601B68002BEAD050689847E7E784
:10AD5000236810681B699847E9E770B506000C0086
:10AD6000100072B64B6000230A6071684D68002DB8
:10AD700008D1002B0CD133684C601B699847A56043
:10AD800062B670BD2A68821AF3D42B00AD68EEE774
:10AD90009C60F4E710B572B6426853688B420DD1DF
:10ADA0009B6853600268002B03D19368984762B692
:10ADB00010BD126918689047F9E71300002BF6D010
:10ADC0009A688A42F9D18A689A60F0E710B50368F8
:10ADD0005B68984710BD70B50400F7F785F805006B
:10ADE000F7F782F8401BA042FAD370BDFA2310B5E2
:10ADF0009B005843FFF7EFFF10BD10B5007840B23D
:10AE000000F081F810BD002902D0012900D0704760
:10AE10000023A022C356D205C133FF339B009950B3
:10AE2000F5E7F7B50192B1221C0003684910D20082
:10AE300099508021012289005A50190000260500EE
:10AE4000FC31CE601A60671E019BB7420BDC012209
:10AE50002800D919F6F724FB002819D02800F6F7A6
:10AE6000E7FB3C0010E0002228009919F6F718FBD8
:10AE700000280BD02800F6F70DFC04002800F6F798
:10AE8000D7FB002C00DB34002000FEBD0136DAE7E2
:10AE9000089B002BF8D02B68FC339A68002AFCD062
:10AEA00000229A60F0E7F8B51700B1221C00036891
:10AEB000D200491099508022002592009D50012215
:10AEC00006009A60A54204DB069B002B13D12000EC
:10AED0000EE03000795DF6F7CFFA002809D0300097
:10AEE000F6F7A6FB3000F6F7D5FB002800DB2800BC
:10AEF000F8BD0135E6E73000F6F7B2FB0028E6D0F2
:10AF000001204042F4E7A0238000DB05C018E023C5
:10AF100010B50C24DB00C2588900A243C250C258AD
:10AF20001143C15010BD30B5002902D001290FD006
:10AF300030BD01220C0013008B4005691D4203D077
:10AF400005688B00EB181C6001311F29F3D1EFE776
:10AF500000230A009A400469144203D004689A004E
:10AF6000A218116001331F2BF3D1E1E70B004268F7
:10AF700010B514680169634019406140116010BD4B
:10AF800010B5407840B2F6F7CBFB10BD82B001900F
:10AF9000C046C046C046C046C046C046C046C04681
:10AFA000C046C046C046C046C046C046019B013BA5
:10AFB0000193002BECD102B070477047704710B579
:10AFC0009AB0002102A8FFF784FE012108A8FFF72C
:10AFD00080FE02210EA8FFF77CFE162114A8FFF7C1
:10AFE00078FE9624059B039A20001A60099A0C9B10
:10AFF0001A600F9A129B1A60159A179B01921A6099
:10B00000FFF7F4FE069B039A20001A60099A0B9B37
:10B010001A600F9A119B01921A60159A189B1A6078
:10B02000FFF7E4FEDEE7030000200856421C02D0D2
:10B03000984201D1486870470C31F5E7030010B51C
:10B0400008001900FBF7C8FC10BD10B5EEF7F8FEBC
:10B0500010BD10B5041E00D101342000EEF7BCFE77
:10B06000002807D1F6F7DCFF002801D100F003F833
:10B070008047F2E710BD062010B5FBF7FBFC01206E
:10B08000FFF73AFEC9B28218904201D10020704702
:10B0900003788B42FBD00130F6E730B5002401394C
:10B0A000A24201D1002005E0035D01340D5DAB42F9
:10B0B000F6D0581B30BD002310B59A4200D110BD08
:10B0C000CC5CC4540133F8E710B5884202D98B1820
:10B0D000984203D3002307E08B5C8354013AFBD2F0
:10B0E00010BDCC5CC45401339A42FAD1F8E7030096
:10B0F0008218934200D1704719700133F9E770B597
:10B1000004000D001F2904D91623036001204042CA
:10B1100070BD436C002B04D08A009B181A68002A6B
:10B1200008D1200000F015F82A0001002000FBF7EC
:10B13000ABFCEDE70020012AEAD0511C03D1162315
:10B1400001302360E4E7002428001C6090472000C1
:10B15000DEE710B5FBF772FF10BD02780B78002A0E
:10B1600003D0013001319A42F7D0D01A7047002342
:10B17000C25C0133002AFBD1581E7047030030B572
:10B180001D00002A06D00C78013A01332C700131E1
:10B19000002CF5D100219A18934200D130BD1970CE
:10B1A0000133F9E7F7B5150001938A680B690C00C4
:10B1B0000090934200DA130022002B604332127891
:10B1C000002A01D001332B6023689B0602D52B682F
:10B1D00002332B602268062317001F401A4227D033
:10B1E000230043331B785A1E93412268920630D4C1
:10B1F000220001990098089E4332B047431C25D095
:10B20000062320682A68E16800250340042B03D147
:10B210008D1AEB43DB171D40A3682269934201DDC1
:10B220009B1AED180027BD4220D1002010E0013705
:10B23000E3682A689B1ABB42D2DD220001230199F0
:10B240000098089E1932B047431CF0D101204042BB
:10B25000FEBD3020E1184331087021005A1C4531F1
:10B260000978A218433202331170C1E7220001238A
:10B2700001990098089E1A32B047431CE6D0013766
:10B28000D1E70000F8B5C046F8BC08BC9E46704740
:10B29000F8B5C046F8BC08BC9E46704700000000E8
:10B2A000182D4454FB21E9BFD221337F7CD90240C1
:10B2B000D221337F7CD902C0000000000000008052
:10B2C000182D4454FB210940182D4454FB2109C07A
:10B2D0004FBB610567ACDD3F182D4454FB21E93FAE
:10B2E0009BF681D20B73EF3F182D4454FB21F93F9D
:10B2F000E2652F227F2B7A3C075C143326A6813C23
:10B30000BDCBF07A8807703C075C143326A6913CCD
:10B3100000000000000000007D7202007F72020049
:10B3200081720200C37202000000000001000000F0
:10B330000200000003000000080000000C000000F4
:10B340000D0000000E0000000F00000010000000C3
:10B3500000000000010000000200000003000000E7
:10B360000000000000000000859101007B780200D1
:10B3700005000000050000000300000009000000B7
:10B380000D04000008C402000000000000000000DE
:10B390006D7902007F7202007579020077790200F0
:10B3A000FFFF000000000000FFFF0100010000009F
:10B3B00000000000000000007D7202007F720200A9
:10B3C000AB7F0200AD7F02006B7F0200877F02002F
:10B3D0008B7F0200A77F0200C5A30100CDA301005F
:10B3E0008F80020000000000000000005DA8010046
:10B3F0007F72020035A901004781020000000000B1
:10B40000000000007D7202007F720200878102004E
:10B4100089810200A5A901006781020083810200E1
:10B42000ADA9010095810200010000001700000095
:10B4300046000000A30000005F010000D6020000EB
:10B44000C4050000A00B0000000000000000000088
:10B450005D8902007F7202004DB20100F586020094
:10B460000000000000000000E38D020035B901007B
:10B47000A1B801003B8C02000DBA01004D8C020006
:10B48000FB8D0200F8FFFFFF000000007D7202004C
:10B4900021BB01002DBA01003DBA010000000000EF
:10B4A000000000007D7202007F7202003B8E0200ED
:10B4B0003D8E020000000000000000007D720200CE
:10B4C0009B9102008D9102008F910200000000000C
:10B4D000000000007D720200AF9302007193020031
:10B4E000739302000000000000000000F9C4010096
:10B4F000B793020004B50200030000001CB502006F
:10B50000080000000200000000000000040000002D
:10B51000010000000800000002000000C409000053
:10B520000000000088130000080000001027000041
:10B5300010000000204E00001800000080380100BC
:10B5400020000000007102002800000000E204005A
:10B5500030000000008813003800000000000000E8
:10B56000000000007D720200DD93020049C7010067
:10B57000E79302006B7F0200877F02008B7F02004F
:10B58000A77F020055C601008DC701008F80020011
:10B59000BCFFFFFF000000007D72020045C60100F5
:10B5A0006DC701007DC7010039C701006781020036
:10B5B0008381020089C8010095810200CCB5020098
:10B5C00003000000E4B502000800000002000000D3
:10B5D000000000000400000001000000080000005E
:10B5E00002000000E204000000000000C4090000A6
:10B5F0000800000088130000100000001027000061
:10B6000018000000204E00002000000080380100DB
:10B6100028000000007102003000000000C4090092
:10B620003800000000000000000000007D720200F1
:10B630000B940200C9C90100159402006B7F02003F
:10B64000877F02008B7F0200A77F020019C90100DB
:10B65000E1C901008F80020060B602000B0000000B
:10B66000D430000000000000A861000020000000AD
:10B6700050C3000040000000A086010060000000F0
:10B68000400D030080000000801A060088000000C2
:10B6900000350C0090000000006A1800B0000000A7
:10B6A00000D43000D000000000A86100F0000000CD
:10B6B0000050C300F800000000000000000000007F
:10B6C0007D72020039940200B5CA01004394020061
:10B6D000CDCA0100678102008381020071CB0100A5
:10B6E00095810200F4B602000400000014B70200C5
:10B6F000090000000200000000000000040000003B
:10B7000010000000080000002000000010000000F1
:10B71000300000006902000080000000E802000024
:10B7200090000000C40900007000000088130000B1
:10B73000600000001027000050000000204E0000B4
:10B7400040000000409C000030000000A086010086
:10B750002000000040420F00100000000000000028
:10B76000000000007D72020067940200F1CC01002D
:10B77000719402006B7F0200877F02008B7F0200C2
:10B78000A77F020051CC010009CD01008F8002008B
:10B7900098B7020004000000102700000C00000011
:10B7A000204E00000800000050C30000040000000C
:10B7B000A086010000000000000000000000000062
:10B7C0007D7202009594020059CE01009F94020000
:10B7D000F9CD0100678102008381020071CE010072
:10B7E00095810200F4B702000400000014B80200C2
:10B7F0000800000002000000030000000400000038
:10B800000500000008000000080000001000000013
:10B810000C000000F401000007000000E803000035
:10B8200006000000D007000005000000A00F000087
:10B8300004000000401F000003000000803E0000E4
:10B8400002000000007D00000100000000FA00007E
:10B850000000000000000000000000007D720200F7
:10B86000C39402003DD00100CD9402006B7F020022
:10B87000877F02008B7F0200A77F020039CF010083
:10B8800055D001008F80020090B80200080000002F
:10B890003582000007000000409C00000600000008
:10B8A00050C30000050000006A040100040000000D
:10B8B000A08601000000000048E80100030000002D
:10B8C0000A8B02000200000020A107000100000016
:10B8D00000000000000000007D72020007950200D9
:10B8E00071D401001195020045D101006781020069
:10B8F000838102002DD30100958102000000000029
:10B9000000000000239502007F7202005DD5010057
:10B91000259502000000000000000000379502009D
:10B920007F720200A9D901003995020000000000D1
:10B93000000000007D72020061DC010079DB010083
:10B94000B1950200000000000000000059E701006E
:10B95000879A0200000000000000000079E7010063
:10B96000999A0200000000000000000099E7010021
:10B97000AB9A0200000000000000000039E701005F
:10B98000759A0200000000000000000051990200BA
:10B9900055990200599902005D99020055E601008F
:10B9A0006199020065990200699902006D9902008F
:10B9B0007199020075990200799902007D9902003F
:10B9C0008199020085990200899902008D990200EF
:10B9D00091990200959902009B9902009F9902009B
:10B9E000A3990200A7990200AB990200AF99020047
:10B9F000B3990200B7990200BB990200BF990200F7
:10BA0000C3990200DDAC0200DDAC020081E9010057
:10BA10000000000000000000B9E70100BD9A02002C
:10BA20000000000000000000F9E70100E19A0200B8
:10BA3000000000000000000071EC0100679D0200A2
:10BA4000000000000000000085EC0100919D020054
:10BA5000000000000000000019E80100F39A020055
:10BA60000000000000000000D9E70100CF9A0200AA
:10BA70000000000000000000DB990200DF990200D6
:10BA8000E3990200E7990200EB990200EF990200A6
:10BA9000F3990200F7990200FB990200A39D0200AE
:10BAA000000000000000000059E80100179B0200A0
:10BAB000000000000000000039E80100059B0200C2
:10BAC0000000000000000000FF9902005DE6010098
:10BAD000039A0200079A02000B9A02000D9A0200D4
:10BAE000119A0200159A0200179A02001B9A02008E
:10BAF0001F9A02005D9E020000000000000000008E
:10BB0000E99B0200DD9B0200D19B0200C99B020061
:10BB1000299B0200C7990200CB990200CF9902002D
:10BB2000D3990200D7990200D39C020000000000C4
:10BB300000000000499C0200299A0200F99B0200C3
:10BB400079E801002D9A0200319A02002F9D02002F
:10BB50000F9D0200F1E60100EDE80100BDE60100E5
:10BB6000359A020021E90100E19C0200000000007A
:10BB7000000000008F9F0200C59F0200EB9E0200A4
:10BB8000EF9E0200F39E0200F99E020065990200FA
:10BB900029EE0100179F02003F9F0200519F020003
:10BBA000659F0200799F0200A1A00200F99F020098
:10BBB0000FA0020023A0020037A0020099EC0100B0
:10BBC00051A00200C9A0020001A1020055A002007C
:10BBD0005DA0020065A0020069A002006FA0020043
:10BBE00075A00200BF990200E9EC01006BA1020000
:10BBF000E5ED010099A10200000000000000000036
:10BC000059F0010035EF01004BA202004DEF010099
:10BC100069EF010077A20200B7A20200DFA20200D2
:10BC2000FB99020039F20100D1A80200C5F9010018
:10BC3000F9A80200E9A80200DDA8020091F90100BC
:10BC4000F1A80200E1A80200CDA8020021F801003D
:10BC5000F5A80200D5A80200F1050200C105020006
:10BC6000F10A0200D50A0200390A0200F1A9020015
:10BC70002507020051070200DD060200A9060200A6
:10BC800000000000000000003510020075AA02004C
:10BC90000000000000000000D5AA0200D7AA0200A0
:10BCA0000000000000000000E3AA020013AB020045
:10BCB0000000000000000000E51002006BAB020075
:10BCC0002FAB020000000000000000000111020084
:10BCD000B7AB020099AB02000000000000000000BA
:10BCE0000000000000000000DDAC0200F4BC020017
:10BCF000542800205D1E0200E91E0200BBAF0200B6
:10BD0000BDAF0200011F02001A00000000700040D9
:10BD1000010000001B000000007000400200000055
:10BD2000010000000070004004000000020000005C
:10BD30000070004008000000030000000070004098
:10BD4000100000000400000000700040200000000F
:10BD500005000000007000404000000006000000E8
:10BD60000070004080000000FF000000FFFFFFFFA8
:10BD700000000000B004000000F0040060090000B2
:10BD800000D00900C012000000B0130080250000A0
:10BD9000005027004038000000003B00004B00002E
:10BDA00000A04E008070000000F07500127A0000C4
:10BDB000000080000096000000509D0000E100009F
:10BDC00000F0EB00002C010000903A0100C20100DD
:10BDD00000E0D7010084030000B0AF0390D003005F
:10BDE000000000040008070000705F0700100E004C
:10BDF000A4DFBE0E40420F0000000010082B02001E
:10BE0000942A0200F0290200A8290200F029020069
:10BE1000D02A0200F0290200A8290200942A020078
:10BE2000942A0200D02A0200A8290200AE290200AA
:10BE3000AE290200AE290200DE2A0200942A020086
:10BE4000942A0200F0290200A4290200F02902002D
:10BE5000D02A0200F0290200A4290200942A02003C
:10BE6000942A0200D02A0200A4290200AE2902006E
:10BE7000AE290200AE290200DA2A0200682D020073
:10BE8000382D0200382D0200362D02003C2D020014
:10BE90003C2D0200842E0200362D02003C2D0200B3
:10BEA000842E02003C2D0200362D0200302E0200AE
:10BEB000302E0200302E0200C02E0200203B020075
:10BEC0000E3B0200EC3A0200163B0200EC3A020084
:10BED000EE3D0200EC3A0200163B02000E3B02006F
:10BEE0000E3B0200EE3D0200163B0200D83A020073
:10BEF000D83A0200D83A0200643E0200164102001D
:10BF0000D4400200D4400200D0400200DA400200D7
:10BF1000DA400200EA430200D0400200DA400200A8
:10BF2000EA430200DA400200D04002007E430200F1
:10BF30007E4302007E43020054440200DB0F49BFEF
:10BF4000E4CB1640E4CB16C000000080DB0F494074
:10BF5000DB0F49C0000FC93F000F494000CB96409E
:10BF6000000FC9400053FB4000CB164100ED2F41AC
:10BF7000000F49410031624100537B41003A8A4140
:10BF800000CB9641005CA34100EDAF41007EBC4177
:10BF9000000FC94100A0D5410031E24100C2EE418D
:10BFA0000053FB4100F20342003A0A420083104270
:10BFB00000CB164200141D42005C234200A529421A
:10BFC00000ED2F4200363642007E3C4200C742421E
:10BFD000000F4942A2000000F900000083000000A9
:10BFE0006E0000004E00000044000000150000003C
:10BFF00029000000FC00000027000000570000009E
:10C00000D1000000F500000034000000DD00000059
:10C01000C0000000DB00000062000000950000008E
:10C02000990000003C000000430000009000000068
:10C0300041000000FE00000051000000630000000D
:10C04000AB000000DE000000BB000000C5000000E7
:10C0500061000000B7000000240000006E00000036
:10C060003A000000420000004D000000D200000035
:10C07000E000000006000000490000002E00000063
:10C08000EA00000009000000D1000000920000005A
:10C090001C000000FE0000001D000000EB0000007E
:10C0A0001C000000B100000029000000A7000000F3
:10C0B0003E000000E80000008200000035000000A3
:10C0C000F50000002E000000BB000000440000004E
:10C0D00084000000E90000009C00000070000000E7
:10C0E00026000000B40000005F0000007E00000099
:10C0F000410000003900000091000000D60000005F
:10C1000039000000830000005300000039000000E7
:10C11000F40000009C000000840000005F000000AC
:10C120008B000000BD000000F900000028000000A6
:10C130003B0000001F000000F80000009700000016
:10C14000FF000000DE000000050000009800000075
:10C150000F000000EF0000002F00000011000000A1
:10C160008B0000005A0000000A0000006D00000073
:10C170001F0000006D000000360000007E0000007F
:10C18000CF00000027000000CB00000009000000E5
:10C19000B70000004F000000460000003F00000014
:10C1A000660000009E0000005F000000EA00000042
:10C1B0002D0000007500000027000000BA000000FC
:10C1C000C7000000EB000000E5000000F1000000E7
:10C1D0007B0000003D000000070000003900000067
:10C1E000F70000008A0000005200000092000000EA
:10C1F000EA0000006B000000FB0000005F00000090
:10C20000B10000001F0000008D0000005D00000074
:10C21000080000005600000003000000300000008D
:10C2200046000000FC0000007B0000006B000000E6
:10C23000AB000000F0000000CF000000BC000000D8
:10C24000200000009A000000F4000000360000000A
:10C250001D000000A9000000E300000091000000A4
:10C26000610000005E000000E60000001B0000000E
:10C270000800000065000000990000008500000033
:10C280005F00000014000000A00000006800000033
:10C29000400000008D000000FF000000D8000000FA
:10C2A000800000004D000000730000002700000027
:10C2B000310000000600000006000000150000002C
:10C2C00056000000CA00000073000000A800000033
:10C2D000C900000060000000E20000007B000000D8
:10C2E000C00000008C0000006B0000000000C93F8F
:10C2F0000000F0390000DA370000A2330000842E7D
:10C300000000502B0000C2270000D0220000C41FF4
:10C310000000C61B000044170400000007000000D6
:10C32000090000003863ED3EDA0F493F5E987B3F1D
:10C33000DA0FC93F6937AC3168212233B40F1433A7
:10C340006821A2330000000000000000000000008F
:10C3500000000000000000000000000000000000DD
:10C3600000000000000000000000000000000000CD
:10C3700000000000000000000000000000000000BD
:10C3800000000000000000000000000000000000AD
:10C39000000000000000000000000000000000009D
:10C3A000000000001C2000200B50F3E4607F41518E
:10C3B00090917D008D6FFC5C0B500101607F4151BD
:10C3C00090917D008D6FFC5C0B500102607F4151AC
:10C3D00090917D008D6FFC5C0B500100607F41519E
:10C3E00090917D008D6FFC5C0B500120607F41516E
:10C3F00090917D008D6FFC5C0B500110607F41516E
:10C4000090917D008D6FFC5C00000402020402002C
:10C4100000020404040002020004040301000001FD
:10C4200003030300010102030304020101030104E9
:10C4300003010003000004010102000003027A76F8
:10C44000677074756F6965617A76677074756F6906
:10C4500065617A76677074000004020204020000CD
:10C4600002040404000202000404030100000103AA
:10C470000303000101020303040201010301040399
:10C48000010003000004010102000003021B1B0065
:10C490000E11000000000008080800080A4A4000C9
:10C4A000000A5FEA5FEA0ED92ED36E19324489334F
:10C4B0000C924C924D0808000000048808080408FB
:10C4C00004848488000A448A4000048EC4800000EA
:10C4D00000048800000EC000000000080001224493
:10C4E00088100C9252524C048C84848E1C824C9086
:10C4F0001E1EC244924C06CA525FE21FF01EC13E8D
:10C5000002448ED12E1FE24488100ED12ED12E0E61
:10C51000D12EC4880008000800000480048802446A
:10C52000880482000EC00EC008048244880ED12602
:10C53000C0040ED135B36C0C925ED2521C925C9248
:10C540005C0ED010100E1C9252525C1ED01C901E1D
:10C550001ED01C90100ED013712E12525ED2521C9F
:10C560008808081C1FE242524C1254981492101072
:10C5700010101E113B75B131113935B3710C925247
:10C58000524C1C925C90100C92524C861C925C9205
:10C59000510ED00C825C1FE4848484125252524C9F
:10C5A0001131312A44113135BB7112524C92521162
:10C5B0002A4484841EC488101E0EC808080E100861
:10C5C0000482410EC242424E048A40000000000034
:10C5D000001F0804800000000ED2524F10101C9261
:10C5E0005C000ED0100E02424ED24E0C925C900EA9
:10C5F00006C81C88080ED24EC24C10101C9252085D
:10C6000000080808024002424C10149814920808CE
:10C61000080806001B75B131001C925252000C92A2
:10C62000524C001C925C90000ED24EC2000ED010F4
:10C63000100006C8049808080EC807001252524F8E
:10C640000011312A4400113135BB00124C8C92008C
:10C65000112A4498001EC4881E06C48C84860808CB
:10C6600008080818080C881800000C8360636F6DB8
:10C670007061737343616C00302C3235352C302C73
:10C680003235352C300A302C3235352C302C3235C1
:10C69000352C300A302C302C302C302C300A3235EE
:10C6A000352C302C302C302C3235350A302C3235AC
:10C6B000352C3235352C3235352C300A0054494C66
:10C6C0005420544F2046494C4C2053435245454E2C
:10C6D000200000000000000000000000000000003A
:10C6E0000000000000000000000000000001000247
:10C6F0000003000400000101010201030104010024
:10C700000201020202030204020003010302030306
:10C710000304030004010402040304040474656DAB
:10C720007043616C00626C65537973417474727309
:10C7300000205B005D00322E322E302D7263362DCC
:10C7400063616C6C696F70652E7263342D2D6700A8
:10C7500043616C6C696F7065206D696E6900E2EC15
:10C76000F0F4F8FC00046261642068616E646C653A
:10C7700020746F20756E6465726C79696E672074C1
:10C7800072616E73706F727400494E495449414C26
:10C79000495A4154494F4E5F494E434F4D504C45C5
:10C7A000544500756E6B6E6F776E004E6F726469E4
:10C7B0006320424C45342E31207665723A2575202F
:10C7C00066773A25303478004E6F726469632028AA
:10C7D0007370656320756E6B6E6F776E292076655A
:10C7E000723A25752066773A2530347800D8E2EC25
:10C7F000F0F4F8FC00046E52463578004E6F20616C
:10C800007661696C61626C65204932430070696EC3
:10C810006D6170206E6F7420666F756E6420666F38
:10C8200072207065726970686572616C00232D30CA
:10C830002B2000686C4C0065666745464700303128
:10C840003233343536373839414243444546003077
:10C8500031323334353637383961626364656600A6
:10C8600000000000A4B8FE7F0100000000000000EE
:10C8700092C4020036C7020050C70200204E0000DA
:10C88000204E00001C2000200000000064C30200B5
:10C8900084C3020044C30200000000000000000046
:10C8A0000000000000000000000000000000000088
:10C8B0000000000000000000000000000000000078
:10C8C0000000000000000000000000000000000068
:10C8D0000000000000000000000000000000000058
:10C8E0000000000000000000204EFFFF00000000DC
:10C8F000FF0F10100700FF000004FF00E980010097
:10C9000035920100659D0100A5A0010055A301001D
:0CC910007DA3010031BB0100C1800100CB
:020000040003F7
:10C00000803F002099F60300E1F60300E3F6030009
:10C010000000000000000000000000000000000020
:10C0200000000000000000000000000005E6030022
:10C030000000000000000000E7F60300E9F603003E
:10C04000EBF60300EBF60300EBF60300EBF6030060
:10C05000EBF6030000000000EBF60300EBF6030034
:10C06000EBF6030005E50300EBF60300EBF6030037
:10C07000EBF60300EBF60300EBF60300EBF6030030
:10C08000EBF60300E1C40300EBF60300EBF603005C
:10C09000A1C50300EBF6030049F60300EBF603002D
:10C0A000EBF60300EBF603000000000000000000C8
:10C0B0000000000000000000000000000000000080
:10C0C000402292029A1A92467047C046174B002BA4
:10C0D00000D1134B9D46FFF7F3FF00218B460F461F
:10C0E0001348144A121A00F065F80E4B002B00D0CA
:10C0F00098470D4B002B00D09847002000210400EA
:10C100000D000D48002802D00C4800E000BF00F0F0
:10C110002DF82000290002F013FB00F011F8C046B2
:10C12000000008000000000000000000803F002028
:10C13000682C002080340020000000000000000077
:10C14000084B10B50400002B02D0002100E000BF16
:10C15000054B1868836A002B00D09847200000F038
:10C1600031F8C0460000000094F8030070B50026C6
:10C170000C4D0D4C641BA410A64209D1002603F0FF
:10C180007DFB0A4D0A4C641BA410A64205D170BD6C
:10C19000B300EB5898470136EEE7B300EB589847E9
:10C1A0000136F2E7682C0020682C0020682C002063
:10C1B000682C002003008218934200D17047197048
:10C1C0000133F9E7FEE7C046BFF34F8F024B034A46
:10C1D000DA60BFF34F8FFEE700ED00E00400FA05E0
:10C1E00036DF704737DF704730B504000325100095
:10C1F0004B1CDB009BB228402A420DD1074D2A6020
:10C20000D218074B1A60074B1870074B1870074B72
:10C210001C80074B198030BD0720FCE7702C0020E4
:10C220006C2C0020682C0020782C0020742C00201E
:10C23000762C0020F0B5484B85B01B8800900D008F
:10C24000092001928B426CD3002302AAD371434B85
:10C2500004265B68DB05DC0D002B16D0103C0322A6
:10C2600021001140914060B2E3B224065BD50F205B
:10C270000340083B3A489B089B001B185B68CB4077
:10C280009B091A40D6B2012A5AD002ABD81DFFF73B
:10C29000A7FF02284DD172B6324B33491F78334B7A
:10C2A00009881C780020FFB2E2B28C4201D2013230
:10C2B000D0B287424BD01C7818780022C3B281429A
:10C2C00001D90133DAB2294B1A70012E10D062B6AF
:10C2D00002ABD879FFF786FF022302009A4303D00E
:10C2E00000221100FFF770FF214B04209C4218D060
:10C2F000204F019A3B68E6009B191A60009A002AB9
:10C3000022D0002D20D0144B2A0018881A4B444309
:10C3100018680099001903F0A1FA00203B689E19E3
:10C32000B58005B0F0BD8308C03314489B001B588E
:10C33000A5E70028B0D000221100FFF745FFABE7CA
:10C340001600A9E70A4CC2E700209880E9E7012E11
:10C35000F8D10420E5E7C046742C002000ED00E091
:10C3600018ED00E0782C0020762C0020682C0020AE
:10C37000FFFF0000702C00206C2C002000E100E08A
:10C3800070B5104B104A19781278914219D00F49A4
:10C3900018780D881C780021C0B2E2B2A54201D9FC
:10C3A0000132D1B219700A4BC2001B689B18094AAE
:10C3B000998812881B685043074A126810189847DA
:10C3C000DFE770BD782C0020682C0020762C002040
:10C3D000702C0020742C00206C2C00208022194B23
:10C3E0009202DA67D2218022174B520289005A50FA
:10C3F00040395A5001212F22596010000138C0469F
:10C40000C046C046C046C046C046C046C046C046FC
:10C41000C046C046C046F1D1996000230B491000C8
:10C420000B600138C046C046C046C046C046C04644
:10C43000C046C046C046C046C046C046F1D1044AC8
:10C440001370704704E100E000100140902C0020C0
:10C45000822C002010B5427803008078013290428F
:10C4600000D100221C780020944205D00A605A783E
:10C47000183042435868801810BD000010B5154BA5
:10C4800002205B68DB05DC0D002B1BD0103C032277
:10C4900021001140914060B2E3B2240613D50F2071
:10C4A0000340083B0C489B089B001B185B68CB4073
:10C4B0009B0913400020DAB2012B03D0033A531E2C
:10C4C0009A41501C10BD8308C03304489B001B5880
:10C4D000EDE7C04600ED00E018ED00E000E100E00F
:10C4E000F8B50024234B5C649C64DC641C655C60D0
:10C4F0009C60214B1E68731C35D024271F4B204A9B
:10C50000D558204B1B68ED1A2D022D0A1E4B7E4379
:10C51000196889194B68AB4212D8ED1AE4181B4B05
:10C520000E6A1A688B69C969002A1DD018009047E5
:10C53000002803D000221100FFF746FE731CE5D14E
:10C54000134A144B11781B788B4204D10133DBB2B0
:10C55000022B0CD0137013780F4A9B009C50802242
:10C560000E4B52035A60F8BD08009847E6E70023D7
:10C57000F0E7C046FC100140942C002004050000A8
:10C5800000100140902C00209C2C00207C2C0020CE
:10C590008D2C00208C2C0020842C0020FCE100E05D
:10C5A000F0B5C548C549047800200B688FB00893E2
:10C5B000C34BC44A1B6801900993137802909C42B4
:10C5C00012D00133DBB2022B00D1B5E01370137827
:10C5D000BD4A9B009B580193019A089B9B181B0224
:10C5E0001B0A0B600123029300242426B74B0C94F2
:10C5F0001B780393B64B039A1B6800920493B54BC8
:10C600001B689C46AD4B1B680A93B34B1B780D937C
:10C61000099B009A013AD2B20092FF2A00D08DE025
:10C620000C9A002A05D0AC4A0D991170A34A0A99B8
:10C630001160A34A002C00D013601368029A002AEC
:10C6400000D001E1099AD31A5A1E9341DBB202933A
:10C6500001235B4200939A4B1B6807939E4B0799FB
:10C660001B780893954B1B68019300230593039B4C
:10C67000013BDBB20393FF2B00D0EDE0059A904B1A
:10C68000002A00D019601A68079B934202D1029BCE
:10C69000002B4CD0531C00D17BE124235343634433
:10C6A0005B688E498E4D00934C59019A8D4EA21AAB
:10C6B00012023078120A033200281FD18020D127BD
:10C6C0004002BF00C851403FC851C0238027864860
:10C6D000BF025B00C750076001272F200F600138A1
:10C6E000C046C046C046C046C046C046C046C0461A
:10C6F000C046C046C046C046F1D13770009B934249
:10C7000000D21300019A9B18A8221B021B0AD20018
:10C710008B504A591B1B121B1202120A1B020332B6
:10C720001B0A9A4203D98022704B92025A6000225F
:10C73000694B1A700FB0F0BD107048E7009A049969
:10C74000D2008F188A5C7978914200D161E7182174
:10C750005143786801324118B878D2B2904200D182
:10C760000022087802280AD000210328EBD1581CA7
:10C77000E9D073436344197501241B6AF7E74968DC
:10C780000591714361440B91087D0028DBD01900AD
:10C7900006930AE035004D4365440795059D8D429B
:10C7A00000D1F9E006910799096A4D1CF2D12000E9
:10C7B00000210B9C21750400C5E7734363441B6A89
:10C7C000591C06D10121454CA16000210C900D900F
:10C7D0000A9107990D6A4C680699714361440D628C
:10C7E000691CE5D07543654469680C196C60DFE726
:10C7F00032005A4362445568019FBD4207D900295F
:10C8000001D02F490B60019BED1A556023E7019978
:10C810004019491B1569176A019154601475002D60
:10C8200008D00899D56009180902090A9160009991
:10C83000009311623B0002995A1CD9D1002900D102
:10C8400009E71F4A136006E701220021524208004F
:10C8500024260C000092EFE7039BDA00049B9A1851
:10C86000009B013344D1002756781378B34200D19E
:10C87000FDE6182058435468013320189478DBB241
:10C8800013709C4200D117700378012BEDD14468DE
:10C890002333634363441D7D002DE6D186689E608B
:10C8A000C668DE6006691E614069D8610898002884
:10C8B00025D09D6023E0C0468D2C0020902C0020C8
:10C8C000942C00208C2C0020842C0020982C0020FC
:10C8D000A02C00209C2C0020812C00200010014066
:10C8E00004050000822C002000E100E0FCE100E0F3
:10C8F00024230098434363440400186A0090986816
:10C90000019D294F451B2D02DE682D0ABD4219D815
:10C91000AD195D60002001269860D86001381E7551
:10C9200018624B1C0CD02425242365434B436544DB
:10C93000634468685F68B84228D8381A586029622A
:10C94000059621E0019D281A0002000AB04202D299
:10C95000301A5860DEE70020FBE7366AC01B0693FA
:10C96000771C0AD0330024265E43664477688742EA
:10C97000F3D33F1A77601E00069B68602420434370
:10C9800063442E621C620C00210069E70B000691D3
:10C99000E9E7FFF723FDCAE60599069DA94200D104
:10C9A0000BE7200015E7C046FEFF7F00F7B51C002F
:10C9B000032325000F00160001901D401C4253D197
:10C9C000002C51D0FFF70AFD284B089A24211A6049
:10C9D000274B1F70274B4F431C602B00E719BC42AD
:10C9E0003ED10322244B18211A702200234B183207
:10C9F0001C60100000237143626023706370A67096
:10CA000008345218A042F7D101211D4A4942116051
:10CA10001C4A802013701C4AC5241370C0221B4B73
:10CA2000400352009850A4001A590131FF318A4343
:10CA30001100C0220A431A51A1221860019914481A
:10CA4000D2008150043C1A5912491140C0221202EE
:10CA50000A431A51104BC258104B1A602800FEBDF1
:10CA6000237023752434BAE70725F7E77C2C0020D0
:10CA7000802C00209C2C0020982C0020A02C002032
:10CA8000942C00208C2C00208D2C002000E100E054
:10CA900000100140FF00FFFF04050000902C002063
:10CAA000F0B5104B05001B680820002B17D001388B
:10CAB000002A14D0002D12D000240B480778A7427A
:10CAC00001DC04200BE01E00243318002438007819
:10CAD000002805D1012371703370B2612C60F0BD64
:10CAE0000134ECE79C2C0020802C0020F0B51F4B7B
:10CAF00085B001921A6805000C000820002A32D087
:10CB00001B4B01381B78AB422DD904292BD9242388
:10CB10006B43D118D35C0130012B24D14B78270013
:10CB2000012B00D00027FFF7A9FC124BC0001E68A4
:10CB300003A936183000FFF78DFC03000420002BFA
:10CB400011D001220C491A700C4A5D608A580020ED
:10CB50009A60019ADC605A6180221F61039B520334
:10CB60007370074B5A6005B0F0BDC0469C2C002086
:10CB7000802C0020A02C00200010014004050000A3
:10CB8000FCE100E037B5154B04001A680820002AC4
:10CB900022D0134B01381B78A3421DD924236343B1
:10CBA0009B5C0130012B17D1FFF768FC0D4BC000D7
:10CBB0001D6801A92D182800FFF74CFC0300042074
:10CBC000002B09D002221A70802200205C60019B99
:10CBD00052036B70044B5A603EBDC0469C2C002033
:10CBE000802C0020A02C0020FCE100E010B5040007
:10CBF000082904D0002211001000FFF7E5FA23688D
:10CC00006068984710BD000007B5044A0090019184
:10CC100068460821FFF70EFB0EBDC046EDCB0300B2
:10CC200048DF704711DF704713DF704710B5FFF71B
:10CC3000F7FF002803D000221100FFF7C5FAFFF725
:10CC40009FFB034B1B78023B022BF0D810BDC04664
:10CC5000AC2C002010B5074B10001A78012A02D125
:10CC6000022900D11970002803D000221100FFF71B
:10CC7000ABFA10BDAC2C002010B50C4C1C212000D0
:10CC800001F069FB002803D000221100FFF79CFA95
:10CC900000231C222000064901F04EFB002803D08F
:10CCA00000221100FFF790FA10BDC046A42C00200E
:10CCB000B02C002007B50368013301D100200EBD60
:10CCC00001A800F051F9019B1A78012AF6D1588881
:10CCD000002806D09968C0239B010022986800F0C4
:10CCE00067F9019B5B88181A43425841C0B2E6E7D6
:10CCF00084B0F0B585B0C4B21D000A900D93030C4A
:10CD000003A80F0016000B910C92019300F02CF970
:10CD1000002C0AD1384B019AFF215A8001229D60D4
:10CD20001A701971354B1A7012E0012C17D1324B61
:10CD3000019ADF605A80BA1952199A60A5221A70B6
:10CD40005A321A710E9A1E615D619A612B4B1C70EA
:10CD5000FFF792FF05B0F0BC08BC04B01847032CE5
:10CD60000FD1039A244B1178197051889268598019
:10CD70009A60AA22DF601A711E615D61A93A1F4B99
:10CD8000D1E7022C18D1039A1B4B1178A5290DD19C
:10CD900000225A809A60FF321A70FF221A71002214
:10CDA000DA601A615A61154B0132BCE7197051887B
:10CDB000926859809A60F0E7052C0BD100F044FF8F
:10CDC000002803D000221100FFF7FEF903220B4BCD
:10CDD0001A70BFE7042C09D10022074B5A809A60D1
:10CDE000FF321A70039A12791A71B1E7062CB1D189
:10CDF0000422024BECE7C046B02C0020AC2C0020F3
:10CE00001FB50822002102A8FFF7D4F9074B0193B0
:10CE100001F062FA002806D1FF2305499B0201A810
:10CE20004B6001F075FA05B000BDC04655CC03005B
:10CE3000A42C002010B500F0F7F9041E04D100F076
:10CE400065FE0400FFF7F2FE200010BD10B5FFF7ED
:10CE5000E9FE002803D000221100FFF7B5F90E4BC0
:10CE60000120196800230D4C02009A400A4200D0AC
:10CE7000E2670133202BF7D1C024A401A068FFF79B
:10CE8000D3FE002803D000221100FFF79DF9A0680F
:10CE900000F070F810BDC04600E100E004E100E0E1
:10CEA00007B501A800F060F8019B01201A78A52AB7
:10CEB00004D01879AA3843425841C0B20EBD10B50B
:10CEC00000F0C4FB00281BD0642001F013F900F02F
:10CED00037FB002803D000221100FFF775F900F09E
:10CEE000B5FB002803D000221100FFF76DF900F018
:10CEF00073FB041E08D000221100FFF765F903E060
:10CF000000F085FB041EDFD1200010BD10B588B0F5
:10CF100003AC142200212000FFF74CF902232370F8
:10CF2000002303980499059A0093069BFFF7E0FEFF
:10CF3000FFF77CFE002008B010BD13B5040001A867
:10CF400000F012F8019B1A7822705A8862809A6861
:10CF5000A2601A792271DA68E2601A6922615A695C
:10CF600062619B69A36113BD014B03607047C046BA
:10CF700000FC0300F0B50300186880F308885868C7
:10CF8000FF2464B2EFF30585002D01D1A6460047CA
:10CF9000251C061C21273FBAF0B4002400250026DA
:10CFA0000027F0B4F92040B20047C046F0BDC046AB
:10CFB000030030B5002A07D01088FF241A00591842
:10CFC00064018A4202D130BD0848F6E7137840BABE
:10CFD00080B25840C3B21B095840030343405D016F
:10CFE000254098B268400132EBE7C046FFFF0000E1
:10CFF00018DF704770B514001D00022909D00429FC
:10D0000014D0002C04D0002220001100FFF7DCF81F
:10D0100070BD0E4B1B78052BF3D10D4B1B68002BFD
:10D02000EFD02A00210004209847EAE7074E337822
:10D03000022BE6D1074B5B6898470320044B307006
:10D040001B68002BDDD02A002100EDE7D42C002046
:10D05000CC2C0020DC2C0020012200B5074B89B02D
:10D060001A7003AB04321A70079A0398009204995D
:10D07000059A069BFFF73CFE09B000BDD52C0020A9
:10D08000032300B589B003A80370074B1B884380B6
:10D09000064B079804330ECB00900398FFF728FE49
:10D0A000002009B000BDC046E82C0020342D00202F
:10D0B000012200B589B003AB1A70084A12885A8061
:10D0C000C0239B019868064B04330ECB0090039855
:10D0D000FFF70EFE002009B000BDC046E82C00207E
:10D0E000342D002010B588B003AC1422002120009C
:10D0F000FFF760F80423237000230398009304993A
:10D10000059A069BFFF7F4FD08B010BD10B500248A
:10D110008AB01422002105A8FFF74CF802AB1C735B
:10D12000084B02AA1B880699D381074B099ADB6832
:10D13000059803920092079A0893FFF7D9FD200003
:10D140000AB010BDE82C0020342D00200222084B2C
:10D15000084810B51860084B1A70084B196801F0A0
:10D16000FAF8002803D000221100FFF72DF810BDB7
:10D170004C2D0020442D0020D42C0020EC2C00202D
:10D1800070B50E4B08241D78002D15D10C4C20686D
:10D19000FFF7F8FC002803D02A002900FFF714F855
:10D1A000F021206800228903FFF7A0FC041E03D0B1
:10D1B00000221100FFF708F8200070BDD52C0020D8
:10D1C000D82C0020F0B51E00032385B00500019087
:10D1D000970868460C00009302910397FFF708FF39
:10D1E00000281ED080235B019C4212D80123684690
:10D1F0000093019502940397FFF7FAFE002810D1DF
:10D20000032368460093019502940397FFF7F0FE0D
:10D2100007E033003200A11BA81BFFF7D3FF002853
:10D22000E4D005B0F0BD0000F0B5002685B00822BE
:10D23000002102A8FEF7BEFF1A4B1B4F01931B4BA8
:10D2400039001E701A4B01A81E8001F061F8194DBB
:10D250000400B04203D02E70200005B0F0BDC02302
:10D26000154E9B019B680100144A30007B60FFF75C
:10D2700017FC002803D022002100FEF7A5FFF021B3
:10D28000002230688903FFF731FC002803D0002218
:10D290001100FEF799FF0022094B1A6001232B7041
:10D2A000DAE7C046F5CF0300442D0020302D0020E2
:10D2B000E82C0020D42C0020D82C002059D00300CA
:10D2C000D02C0020014B18607047C046CC2C0020A9
:10D2D000234B70B51900426831CA31C112680A6027
:10D2E00019784A0702D506248A0730D103255A68DF
:10D2F00006242A422BD19868284228D1DE682E4283
:10D3000025D11318F0229B19164E9201336024196F
:10D3100090421CD8C02292019068F0229202121A08
:10D32000934214D8104D114B2B60114B6B60CB07FF
:10D330000FD5104BAB60104B08241B78012B06D186
:10D34000FFF71EFF041E02D12B68306898472000AB
:10D3500070BD8B0701D5094BECE7094BEAE7C046E6
:10D36000342D0020EC2C0020DC2C00204DD10300BB
:10D37000E5D00300B1D00300D42C002081D00300FD
:10D380000DD10300F8B505000E20002D17D0AB68B5
:10D3900002309B0713D1164B1A78032A10D0083895
:10D3A000052A0CD16B68134E134F9C0033683A6802
:10D3B000E318934207D901230C205B423360F8BD88
:10D3C00005221A70EEE7FFF7DBFE0028F7D10B48C5
:10D3D00022003368A968006800F0AEFF0028EED193
:10D3E0003368E4183B6834609C42E8D00930E6E7D3
:10D3F000D42C0020D02C0020EC2C00204C2D002020
:10D4000070B50A4B08201D68002D0CD1084E3378EA
:10D41000042B08D1074C0848217800F047F9002870
:10D4200002D10523337070BD2570FCE7D02C00209D
:10D43000D42C0020302D0020F02C0020F8B5144B07
:10D4400006001A78032A1DD00824042A18D1114B8B
:10D4500008241B68002B13D1FFF792FE041E0FD186
:10D4600073680D4F9D003B785A19402A0DD80B4820
:10D470002A00C018B16802F0F1F93B785D193D70DF
:10D480002000F8BD04221A70E1E70924F8E7C0463D
:10D49000D42C0020D02C0020302D0020F02C002097
:10D4A00070B50E4C08202378052B15D10C4D0D4B73
:10D4B0002A681B6893420FD106232370FFF760FE92
:10D4C000002809D1084B29681B68586800F0F0F85B
:10D4D000002801D10723237070BDC046D42C002042
:10D4E000EC2C0020D02C00204C2D002010B5094B36
:10D4F00008201B78072B0CD1074B1868FFF742FB5D
:10D50000002803D000221100FEF75EFE034B9B684B
:10D51000984710BDD42C0020D82C0020DC2C0020F3
:10D52000062200B589B003AB1A70079A03980092DF
:10D530000499059A069BFFF7DBFB09B000BD0000CC
:10D54000F0B58FB007A8FFF7F8FC0A9C201E19D091
:10D5500080230D9D5B01E318AB422ED91D4BEB18C8
:10D5600001935F08C0239B019B689C420CD8012358
:10D570000198984380235B01C118221A3B002818A8
:10D58000FFF720FE0FB0F0BD802301265B01FB18E2
:10D5900003A80396049305930696FFF729FD002838
:10D5A000F0D1802303A85B010396049305930696AC
:10D5B000FFF71EFD0028E5D1D9E70123039380235F
:10D5C000A4085B0103A8049505930694FFF710FDDA
:10D5D000D8E7C04600F0FFFF00B58DB005A8FFF703
:10D5E000ACFC099800280DD0089B002B0CD1C0235F
:10D5F0009B019B6800228008039001A8019202937E
:10D60000FFF7F6FC0DB000BD0B9A9B18F2E700B5D2
:10D610008DB005A8FFF791FC0998002810D0089B51
:10D62000002B0FD1C0239B019B6803220192F022A3
:10D6300080089202049001A802920393FFF7D8FC9D
:10D640000DB000BD0B9A9B18EFE7000030B58DB010
:10D6500005A8FFF772FC0898002815D080210B9DC3
:10D6600049014318AB4211D9C0239B019B689842E2
:10D6700018D80D4B0122EB181C009443D3406118BD
:10D68000021B2819FFF79EFD0DB030BD0323019347
:10D69000802380085B01049001A802930395FFF7A3
:10D6A000A7FCF1E70E20EFE700F0FFFF0020704736
:10D6B000002070474278017883781202C0781143C5
:10D6C0001B040B4300061843704773DF704774DF79
:10D6D000704776DF70477ADF70477CDF70477FDF07
:10D6E000704782DF7047A7DF7047A8DF7047A9DF68
:10D6F0007047AADF704767DF704700B50C2813D862
:10D7000001F0F4FF14121212121209120712120D74
:10D710000B00022000BD0320FCE70420FAE7081FED
:10D72000431E98410530F5E70620F3E70120F1E7B5
:10D73000002210B51100FEF747FD10BD10B5FFF730
:10D74000F7FF10BD70B50C001500032825D0042884
:10D750000FD100290ED0144B1888144B984208D0D2
:10D760001321FFF7B6FF002803D000221100FEF7B7
:10D770002BFD70BD100000F04BFC002803D02200F0
:10D780002100FEF721FD0A4B1B68AB42F1D10122BB
:10D790000321084801F09CFDE5E701212000FFF787
:10D7A000ACFF01210200F4E7602C0020FFFF000025
:10D7B000F42D0020A82D002010B50400080003213E
:10D7C000FFF79BFF03210200200001F081FD0028EC
:10D7D00003D000221100FEF7F7FC10BDF0B5114B8D
:10D7E0008FB09B7901AE02ACB3700F4B07000021E4
:10D7F0003022200000253380FEF7DCFC02232900C4
:10D8000023702000013BA570E7702381059601F08D
:10D81000A7FAA84203D02A002900FEF7D5FC0FB0D2
:10D82000F0BDC046A82D002030150000F0B5284BF3
:10D830008BB01E78002E2DD1264C182231002000EE
:10D84000FEF7B8FC244B1D78002D3AD01022234956
:10D8500002A802F003F81022214802A9214F01F08A
:10D86000EFFF051E18D10520FFF7B8FF0123676001
:10D870002370257225612000FFF727FF002803D0C1
:10D8800000221100FEF7A0FC174801F091F80123D7
:10D890000F4A13700BB0F0BD114B0122009301AB86
:10D8A00006936B4606AD0420089301972A712A73EC
:10D8B000FFF794FF022326702372E560282323617B
:10D8C000D9E70620FFF78AFF257065602572F5E726
:10D8D000D82D0020502D0020A42D0020A0F80300FA
:10D8E0006F2D0020682D0020847C420070B504005C
:10D8F000AEB001F021FB7B48210001F01BFD208828
:10D90000192815D80F2804D8022800D1A6E02EB077
:10D9100070BD10380928FAD801F0F2FE2900320053
:10D92000F9FF4E00A600F9FFF9FFF9FFB4008100EE
:10D93000522800D1A6E0552860D05128E7D1A3791C
:10D94000002BE4D0A27A043A022AE0D8022B00D0BD
:10D9500001236A46382152181370C1236A465B00BE
:10D960009387614B0EA91888FFF7BFFE40E00020A7
:10D97000A2885D4B1A805D4B187001F019F8C6E75C
:10D980008023322108AA584C1380594B20881960F3
:10D9900001230EA9FFF7ADFE002803D000221100DD
:10D9A000FEF712FC534B1B78002B01D1FFF73EFF13
:10D9B00001235B422380AAE74F4C0722210002AEDD
:10D9C00006A801F04BFF1022E11D300001F046FFD8
:10D9D00021000EAD1C221831280001F03FFF424B00
:10D9E00085211888454A08AB0C960B95FFF777FE02
:10D9F000002800D18BE7002211000DE0A479002C53
:10DA000000D084E7384B13211888FFF762FE002806
:10DA100000D17CE722002100FEF7D6FB77E7A3794F
:10DA2000002B00D073E7314A1370314B1A68511E36
:10DA3000196000290FD10EAC14222000FEF7BAFBAA
:10DA400005232370129B0E9800930F99109A119B37
:10DA5000FFF74EF95BE7FFF7E9FE58E7224B00219D
:10DA60001888FFF748FEC3E7234AE089538D002159
:10DA7000984201D1110018310023A0880732FFF726
:10DA800030FEB5E7184B1E4D1C88AC4228D01D4B0C
:10DA9000197800291ED018490123082220003431AA
:10DAA000FFF725FE0028A6D1020001000223200076
:10DAB000FFF71DFE00289ED12A000C212000FFF751
:10DAC00012FE0222104BC318934300D11FE708280F
:10DAD0008ED11CE70B000A002000FFF708FE87E745
:10DAE000082088E7A82D0020602C0020D82D0020D9
:10DAF000642C0020EB2D0020682D0020E62D002056
:10DB0000FFFF0000A42D0020FECFFFFF002370B513
:10DB1000404A41481370414A88B0137001F080FDBB
:10DB2000051E74D13E48FFF7CDFB00F035FA051E07
:10DB30006DD13C4800F076FD3B4B6A461D701123C9
:10DB40003A4C1370200001F092FE210082B2684628
:10DB5000FFF7C3FD002803D02A002900FEF734FB9D
:10DB600001AC082200212000FEF724FB0C23002634
:10DB70002380DB1863807933FF332000A680E380A5
:10DB8000FFF7A9FDB04203D032003100FEF71CFBC5
:10DB900000210C222000FEF70DFB04232380244BE0
:10DBA00021006360234B2448A36001F027FA00287A
:10DBB00003D000221100FEF707FB00261C220021E3
:10DBC0002000FEF7F7FA1D4B019663608023DB010E
:10DBD000A360032323731A4B2000E6812674666139
:10DBE000A36101F069F9B04203D032003100FEF7C1
:10DBF000EBFA3F21134B1A788A4311000C220A4397
:10DC00001A7007225A7009329A70FFF70FFE280027
:10DC100008B070BDEB2D0020EDD80300E52D0020ED
:10DC200045D70300682D0020A42D002098F803009C
:10DC3000B1DC03003DD70300A82D0020CD0C00006F
:10DC400031D70300E62D0020012210B5144B1A70C5
:10DC5000144B1888144B984212D01321FFF739FD4A
:10DC6000002803D000221100FEF7AEFA01F05CF9A3
:10DC7000002803D000221100FEF7A6FA002010BDF4
:10DC80000A4C2378002BF1D0FFF721FD002803D0A8
:10DC900000221100FEF798FA00232370E6E7C04641
:10DCA000EB2D0020602C0020FFFF0000D82D00206D
:10DCB000F0B5050008780C008BB0092828D801F0D1
:10DCC00029FD32003A0049000A00190029004301E9
:10DCD0004C014C005101FFF7E3FB0421FFF70DFD60
:10DCE00004210200280001F0F3FA002810D00022DD
:10DCF000110054E0FFF7A8FF002803D00022110014
:10DD0000FEF762FAFFF7F2FB002801D0FFF708FCEC
:10DD10000BB0F0BDFFF798FF0028F7D000221100EC
:10DD2000FEF752FAF2E70122914B1A708B681A78CB
:10DD3000904B1A70ECE702268D4B1E708B681B7897
:10DD4000012BE5D1FFF75CFB3100FFF7D6FC0200A9
:10DD50003100C7E70322864BEBE7854B1E78022E86
:10DD600050D0032E77D0012ED2D11022002106A848
:10DD7000FEF720FA7F4B02AA1B78002713740322B8
:10DD800006AB05970392049323790C2B0AD031003C
:10DD9000280001F09DFAB842BAD03A003900FEF7E7
:10DDA00013FAB5E7A4682000FFF784FC0790201D54
:10DDB000FFF780FC089020000830FFF77BFC0990FB
:10DDC00003A8FFF785FA00280AD03100FFF795FC79
:10DDD00031000200280001F07BFA0028DDD197E72E
:10DDE000654B1860079B30000093089B0193019AD4
:10DDF000009B9446099A63449B18604A136000F0A4
:10DE0000D7FD85E70B7903221800104013420FD08D
:10DE10001A1A0432D2B29446190000270E00A268E2
:10DE20000131C9B297556145F8D11B1A04332371EA
:10DE300001230693A36806A8089323799B080793F8
:10DE4000FFF7FCFA002800D162E70221FFF755FC3A
:10DE50000221020046E708793200304200D077E71D
:10DE6000474E0390310000F0ABF8011E03D02800AC
:10DE7000FFF7A2FC4CE7A168039A306801F0EEFCC2
:10DE8000039800F007F9011EF1D103A9300000F05A
:10DE90000FF9011EEBD104230693039B06A89B08F0
:10DEA000079333680893FFF76DFA071E08D1324ACB
:10DEB000237911685B1813603268324B1A6027E7C8
:10DEC000092837D12C4E22793368D2182E4B326074
:10DED0001B78002B00D11BE72C4C2388013B9BB205
:10DEE0002380002B00D013E7244B196800290FD0A2
:10DEF000192050434B1EC018814217D801F014FC62
:10DF00000300182814D801209840013800F050FD73
:10DF10002800316801F0A4F9002803D00022110084
:10DF2000FEF752F91A4B1B882380F1E60123EAE73A
:10DF30001848EBE7306800F06BF8011E02D02800AB
:10DF4000FFF73AFC390092E701220F4B1A708B88D9
:10DF50000F4A13800D4A1380DAE600230A4A137031
:10DF60000B4AF8E7044B2800196801F03FF9BCE6BA
:10DF7000E52D0020F02D0020DC2D0020EC2D0020D0
:10DF8000F82D0020F42D0020E42D0020E22D0020AB
:10DF9000E02D0020FFFFFF010020064B064A18700D
:10DFA000064B1A60082298605A60D8601861586160
:10DFB00098617047FC2D0020002E0020202F0020AB
:10DFC00030B505000E2000291ED000240F4B0C6038
:10DFD0005A680A38A24217D00830202D14D8013AC6
:10DFE0005A60DA6818300132DA601A691D685043E5
:10DFF0002818086001219140986901320143996114
:10E00000072120000A401A6130BDC046202F0020A1
:10E01000F0B51F4A0400936804209C4685B0002B8D
:10E0200034D0072655691768E91A31400B002420BF
:10E0300058433818844211D10120984094696040B7
:10E04000906100200126072794699B190194546868
:10E050003B4002940025644603930AE001333340B9
:10E060009D42E4D11020EDE7002C0BD03500039940
:10E07000013C33008B401900029F019B67443F1B0A
:10E080000B42F1D0002D01D09460576005B0F0BD77
:10E09000202F00200721054A13691268013B0B401D
:10E0A0001D314B43D318186200207047202F0020E9
:10E0B00030B505000E20002D18D0002916D00C4BCD
:10E0C0000A38DA68002A11D02424013ADA609A6802
:10E0D000186801329A605A69544304192C60206A06
:10E0E00001320860072100200A405A6130BDC04655
:10E0F000202F002082B00190019B002B01D102B0A3
:10E100007047019B0848013B01930138C046C04657
:10E11000C046C046C046C046C046C046C046C046CF
:10E12000C046C046F1D1E7E7E703000029DF7047AA
:10E1300028DF70471823434305480222C0180023F4
:10E1400002610371836043618361C3607047C046AD
:10E15000442F00200B0037B5020018005D68DC6812
:10E1600009780095034DA40064595B690C30A04701
:10E1700037BDC0463C2F0020182370B5184C2278BC
:10E180005343E3181A795869022A03D0042A1AD093
:10E190000F2070BD134A996915689A68DB68AD0253
:10E1A000C0188023521B49192818DB009A4207D255
:10E1B0009208FFF7BBFF0028EBD10123A370E8E72B
:10E1C00080225200F5E780235B05196989B201F0CE
:10E1D000ABFA044B1B68C018FFF7AAFFEBE7C04679
:10E1E000442F00203C30002070B5134D06006C78A1
:10E1F00004200A2C19D028782418E4B2092C01D95B
:10E200000A3CE4B2182044432C19A2612200267172
:10E21000103241C941C2A360049BE360AB78002B7C
:10E2200004D000206B7801336B7070BDFFF7A4FF42
:10E230001128F7D1F5E7C046442F002070B5244CD3
:10E24000A378002B05D00021A170022802D003285A
:10E2500034D070BD182225781E486A430368A2187E
:10E260009268013303609B02934212D3637801608A
:10E27000013B63706B1CDBB2092B1CD8182169436E
:10E280000431002061182370FFF764FF2800FFF7B6
:10E2900051FF6378002BDCD0A378002BD9D1FFF796
:10E2A0006BFF0028D5D01128D3D0182123785943EB
:10E2B0000431611808E02B00093BDFE718210D202D
:10E2C0002378594304310919FFF744FFC1E7C046D9
:10E2D000442F00203C30002010B50024084B1C6067
:10E2E000084B1C809C7020000134FFF723FF0A2C90
:10E2F000F9D10020044B1860044B1860586010BD21
:10E300003C300020442F0020383000203C2F0020DB
:10E3100010B5074C020023680420022B07D0002010
:10E320000B60591C21601168024A9B00995010BD76
:10E33000383000203C2F002037B5CD180D430400A5
:10E340001020AD0706D100930E3813000A002100FB
:10E35000FFF74AFF3EBD07B500220B000092010007
:10E360000420FFF741FF0EBDF8B50C00214E4179A6
:10E370000500735C17000820002B09D1002C02D186
:10E380001D4CC90064181D4B2A689A4201D1072010
:10E39000F8BD0420E178285600F0DEF86B79184AC1
:10E3A00061689B009950002FF1D0164A16489F5083
:10E3B0000122296863780F58134097433B43A127F4
:10E3C0000B5003202B68FF00D959A37881430340E9
:10E3D0000B43A2202968C000CB5123780F24296861
:10E3E00023400F58A7433B430B506B790020F25456
:10E3F000CEE7C04640300020B0F803000080004067
:10E400004830002044300020040500000122022191
:10E4100003681A604379014AD154704740300020A4
:10E42000012302680249136142798B547047C04648
:10E43000403000201F2370B5027900251A401E3B92
:10E440009340134A0400D3674379124A9B009D50BE
:10E45000FFF7E6FF8022216892008B580E480340A8
:10E460008B50C223802221689B005202CA50802216
:10E4700021689202CA5080222168D202CA508022AA
:10E4800021681203CA506379044AD55470BDC0464E
:10E4900004E100E044300020F0F0FFFF40300020B5
:10E4A00030B5802464028C400568002B08D0C1235D
:10E4B0009B00EC5051310368FF318900CA5030BDD8
:10E4C000C223F5E7F8B502278024FF378F401D00EF
:10E4D0000668A400365906ABBE4307681B783E5158
:10E4E000066837593D433551FFF7DAFFF8BDA223DF
:10E4F00002688020DB00D3588000DBB2D84048435C
:10E500004009704770B5C12580260024AD00760211
:10E51000A30018000C4A41309B181A68FF3080B2E3
:10E52000002A0CD0094A51593200A240114206D0AB
:10E5300000221A60064B074A1B681168984701348D
:10E54000042CE5D170BDC0464091004000900040D1
:10E55000443000204830002030B5FF2503232C0034
:10E560000340DB009C4089012940E4439940C2B24A
:10E57000002814DA0F231340083B0E489B089B0029
:10E580001B18D86904402143D9611F231A40C021B8
:10E590001E3B9340084A49005350136030BDC025CC
:10E5A000054B80088000C018AD0043591C40214332
:10E5B0004151EAE700ED00E000E100E070B5012321
:10E5C0000D0000281AD109680E23002916D00C4C22
:10E5D000A1420CD0621A2F333B2A06D93C222000DC
:10E5E00001F03CF903E0CA5CE254013BFBD200229B
:10E5F0003C212000FEF7DCFC0023A0872B6070BDCF
:10E60000803F00200323064A5B429E4502D1EFF380
:10E61000098101E0EFF3088188690238007810472A
:10E62000BDE5030070B50E23061E11D0094C002273
:10E630003C212000FEF7BCFCA58F0B23854207D1AF
:10E640003C222100300001F009F900230135A587A3
:10E65000180070BD803F002060DF704713DF7047F7
:10E6600018DF704710B586B00C22002103A8FDF713
:10E67000A1FD022302A80293FFF7F2FF002803D0B6
:10E6800000221100FDF7A0FDF0208002FFF7E6FF59
:10E69000002803D000221100FDF796FD48220D202E
:10E6A000154B164900F098FF002803D000221100F6
:10E6B000FDF78AFD082200216846FDF77BFD6B46C9
:10E6C0001A780123002413436A46684601941370A4
:10E6D000FFF7C2FFA04203D022002100FDF774FD26
:10E6E000074800F0A7FF002803D000221100FDF723
:10E6F0006BFD06B010BDC04685F60300DC3300207C
:10E7000005E7030010B5FFF799FD10BD10B5142102
:10E710000820054AFDF768FD002803D000221100FB
:10E72000FDF752FD10BDC0464C30002010B50A0068
:10E7300001000248FDF748FD10BDC046EFBEADDE4A
:10E74000802273B5404BD205D158404C404DB12981
:10E7500007D10131D150BFF34F8FE560BFF34F8F29
:10E76000FEE7D658B22E01D10021D150F023394A0C
:10E770009B0212689A4204D0002211001000FDF79B
:10E7800023FD80235B051A698023DB009A4204D0B5
:10E79000002211001000FDF717FD2F4B05220093FA
:10E7A000032100202D4BFEF701F9002803D00022A1
:10E7B0001100FDF709FD00F0ADF8FEF721FBFEF7B3
:10E7C0006FFB00281ED0FEF77AFB002803D0002242
:10E7D0001100FDF7F9FCFFF745FFFFF797FFFEF784
:10E7E00095FB002803D000221100FDF7EDFCB22EAE
:10E7F0000DD1FEF71FFB002810D000221100FDF7FD
:10E80000E3FC0BE0FFF72EFFFFF780FFEFE7C023ED
:10E810009B019868FEF74EFA0028EAD0C026B601A0
:10E82000B068FEF747FA002808D0FEF739FB002849
:10E8300004D100F0B5F8B068FEF708FBBFF34F8FC6
:10E84000E560BFF34F8FFEE71C05000000ED00E020
:10E850000400FA051410001009CC03009C310020BC
:10E86000A02370B55B00984243D12549A0250B78C1
:10E8700024481A000478C532ED05FF32012C01D17D
:10E88000062B01D0092B35D126000023CE36FF36CA
:10E89000B6009200AB51AB50022C01D00134E3B270
:10E8A000037000230B700B7809210278164851433E
:10E8B0005918C9B2405C01210C0084402000134C5F
:10E8C0002468044215D0A02003251400CE32FF3264
:10E8D000C005920015501A1DC533FF339B001D5013
:10E8E0000B0093400D341A00A140094BC250043B69
:10E8F000C15070BD00249200AC500133D2E7C04635
:10E900002834002029340020B8F8030024340020E3
:10E910000C050000A02337B50024184ADB059C50E5
:10E9200004329C50164A174D9C502C3A9C50164B62
:10E9300021009C50154A28009C5004329C50144AD7
:10E940009C5004329C50134A9C5004329C50124AF2
:10E950009C50124AFFF708FDA04203D0220021007C
:10E96000FDF732FC28001421FFF7C1FD012302004E
:10E97000002128000093FFF7A5FD37BD34070000F4
:10E980003C070000D4F80300040000501407000006
:10E990001C070000240700002C07000061E80300AA
:10E9A00010B50248FFF746FD10BDC046D4F803007D
:10E9B00070B5074D04002B68002B02D10548FFF706
:10E9C00025FD2C60002C02D10248FFF729FD70BD07
:10E9D00024340020D4F8030072DF704779DF7047D9
:10E9E0007DDF704765DF7047F0B500240600250025
:10E9F00087B00C9F00933B78039102920193338878
:10EA0000AB420ADC002084423FD03B78019A013BB4
:10EA10009B1A0199009A535437E07368A90059185A
:10EA2000042205A800F01AFF04AB0022D91C05A897
:10EA3000FFF7D8FF002828D104ABDB78029A934275
:10EA400020D1614261413B7849009A1852181F2A2F
:10EA50001ADC002C06D19A1C3A700399009A0133F3
:10EA6000DBB2D154009B3A7805A89A1804ABDC1CA1
:10EA70002100FFF7B7FF002807D1227801243B7857
:10EA80009B183B700135BAE70C2007B0F0BDF7B515
:10EA9000089F16000097022204001D00FFF7A4FF44
:10EAA000002806D12B001022310020000097FFF72C
:10EAB0009BFFFEBD0023F0B51370037806000D0028
:10EAC000140087B0002B26D043780C201D2B00D9D2
:10EAD000CBE00E2702ABFF181D23881C3B803900BA
:10EAE000FFF77EFF002800D0BFE03378022B03D170
:10EAF0003B8809221D2B06D973785A1E9BB21C2A0B
:10EB000000D93B880822DBB2591C29706A70227830
:10EB100002329B182370B378002B20D023780C206E
:10EB20001B2B00D9A1E00E2702ABFF183800FFF71E
:10EB300055FF002800D098E023785A1C2270032249
:10EB4000EA5423785A1C22701922EA5423783A880E
:10EB5000EB181A70120A5A70237802332370F37874
:10EB6000002B0ED023785A1C22700222EA542378FC
:10EB70005A1C22700122EA5423789A182270F278E3
:10EB8000EA547268002A12D023781C2B00D9DEE0E8
:10EB9000591C127821700221E954237852B2591C71
:10EBA00021700A21E9542378591C2170EA543389D1
:10EBB000002B50D1338A002B09D030002B000722C4
:10EBC000032100941030FFF762FF00284DD1338BF2
:10EBD000002B09D030002B0015221421009418308E
:10EBE000FFF755FF002840D1326A002A3FD1776AEB
:10EBF000002F28D03B792278981C911CC0B20918AC
:10EC00001F2900DDA3E0511C03332170AB5423788E
:10EC10005A1C2270FF22EA5423783A88EB181A70A3
:10EC2000120A5A7020780230C0B22070BA88002AC6
:10EC300009D0B968002921D0281800F00FFEBB8840
:10EC400022789B18237033002C3303931B78002BFE
:10EC500047D1002009E030002B0006220221009459
:10EC60000830FFF714FF0028A4D007B0F0BD2178CA
:10EC70008B1D1F2B6BD81388052B01D80720F4E7B9
:10EC8000344FD81980B202903348844602986045C8
:10EC9000F4D950880528F1D9C719BFB26745EDD915
:10ECA0002E4FBB4201D08342E8D84B1C2370052372
:10ECB0006B542378591C21701221E9542378118850
:10ECC000EB181970090A597023780233DBB22370EC
:10ECD0005288EB181A70120A5A7023780233237084
:10ECE00085E7B36A002BC9D0002302930C27029B4F
:10ECF00022785F43B36A511CDF193B7921700333DB
:10ED0000AB5423785A1C22701622EA5423783A888E
:10ED1000EB181A70120A5A7020780230C0B22070B4
:10ED2000BA88002A09D0B9680029A7D0281800F0AD
:10ED300095FDBB8822789B182370029B0133DBB2C0
:10ED40000293039B029A1B789342CFD881E70C2051
:10ED50008BE7C0467FF3FFFF7DF30000FFFF00005D
:10ED600030B593B000236A4604000D009371D3714F
:10ED700098420CD0C3785B0702D4072013B030BD93
:10ED8000063202A9FFF796FE0028F7D102AC002D4B
:10ED90000BD0EB78002BF0D16B462800DA1D0AA9C6
:10EDA000FFF788FE0028E9D10AAD6A466B469179E3
:10EDB00020002A00DB79FFF70FFEDFE775DF7047E1
:10EDC00076DF70477ADF70477BDF704713B5164BED
:10EDD0001888164B984211D0154A164C13780133F7
:10EDE000DBB21370217B994209D31349FFF7E6FF89
:10EDF000002803D0A369002B00D0984713BD00233F
:10EE00001370237C002B08D03B21FFF7D9FF00288B
:10EE100003D0A369002B00D098476369002BEDD085
:10EE2000002201A80270E8E72C340020FFFF000058
:10EE300060340020303400205834002037B5184B9F
:10EE4000184A5B881188184C184D994208D8528886
:10EE50009A4205D36369002B1FD100232B7037BD65
:10EE60002B78002B06D06369002BF6D0002201A876
:10EE700002700EE00E4B1B78002B0CD161680D4B1D
:10EE800000221868FDF732FE0028E6D0A369002BA7
:10EE9000E3D09847E1E7A168F1E7012201A8E7E79D
:10EEA0005034002058340020303400202A34002010
:10EEB000603400204C340020144902000B0070B56F
:10EEC00032CA32C332CA32C31268114C1A600022ED
:10EED000104B01681A70914214D02000083200F0E3
:10EEE000BDFC2000FFF76EFF00280AD1012200219F
:10EEF000094B52421A80094B094A0A481970FDF71A
:10EF0000CFFD70BD2000FFF75FFFEDE7303400203C
:10EF1000583400202A3400202C3400206034002093
:10EF2000CDED03004C34002010B5024B1868FDF7FE
:10EF300029FE10BD4C34002010B503880100122BAF
:10EF400040D004D8102B18D0112B28D010BD502B36
:10EF5000FCD11F4CC088E2899042F7D1CB8B022BA9
:10EF6000F4D10131CB7FDB0716D41A4B1868FDF7BB
:10EF700009FE0028EAD0A36920E08288164B1748D2
:10EF80001A801631082200F069FC0022144B1A7016
:10EF90000F4BDB899342D9D1FFF750FFD6E701220F
:10EFA0000D4B52421A8000220D4B1A70094B186803
:10EFB000FDF7E8FD0028C9D0054B9B69002BC5D0A3
:10EFC0009847C3E708220631044800F047FCE3E70E
:10EFD000303400204C3400202C34002050340020E9
:10EFE00060340020A0DF7047A2DF7047A5DF7047C4
:10EFF000A6DF7047A8DF704763DF7047F0B597B0B2
:10F0000007000E240091002800D1DFE0002900D184
:10F01000DCE04B680193002B00D1D7E001235B4279
:10F02000038010226B4906A800F018FC0A2102AAEE
:10F03000694B891806A81381FFF7DEFF041E00D074
:10F04000C4E001203A1D04A9FFF7CCFF041E00D044
:10F05000BCE002AB9B7A0FAD01001C22BB71280003
:10F06000FDF7A8F804232A7803AE13432B70BB796D
:10F0700002AA9373594B21009381300003226C60E4
:10F08000EC602C616C61AC61FDF794F811231F22D8
:10F0900003207370B3782100934303430B3A0AA80B
:10F0A0003470B370FDF786F8142005A90A9102A9FF
:10F0B0000C940B9688850E943C00083423000AAC0F
:10F0C00022002900B888FFF78FFF041E00D07DE0E2
:10F0D00001001C222800FDF76DF818232A7802A9E8
:10F0E0009A4313432B70BB7903228B733C4B300044
:10F0F0008B8121006C60EC602C616C61AC61FDF770
:10F1000059F811231F21B27873708A4302331343D5
:10F11000210014220AA83470B370FDF74BF81723AE
:10F1200005A80A9002A80C940B9683850E943C00C7
:10F13000103423000AAC22002900B888FFF754FFDE
:10F14000041E43D101001C222800FDF733F80220E1
:10F150002B7802AA03432B70BB7921009373214BB8
:10F160003000938103226C60EC602C616C61AC61B7
:10F17000FDF720F811231F2103223370B3780AA86A
:10F180008B431343210011327470B370FDF712F8F2
:10F19000022305AA0A9202AA0C930B969385009B60
:10F1A00029000E933B00B88820330AAAFFF71CFF02
:10F1B000041E0BD1009B5B68BB620193009B9B68A4
:10F1C000002B00D0FB620122074B1A70200017B001
:10F1D000F0BDC046DCF80300301500003215000019
:10F1E000311500003415000061340020F0B5060030
:10F1F00087B00E20002E2AD03288164B06389A424D
:10F2000025D0154B1B78002B21D0144C080AE17037
:10F210002071080C090E072310220127A1716946ED
:10F2200002ADCB8063700021607122702800A7704E
:10F23000FCF7C0FF338A29002B800023AB806B468C
:10F2400030880633AF7004930594FFF7D1FE07B002
:10F25000F0BDC046FFFF0000613400206234002092
:10F26000F0B5040087B00E20002C28D02288154B62
:10F2700006389A4223D0144B1B78002B1FD0112341
:10F28000124D02AE2B700B0AAB700B0CEB706B4681
:10F290009F1D05236970090E29711022002130007D
:10F2A0003B80FCF787FF238A310033800123B37052
:10F2B00000232088B38004970595FFF799FE07B0D7
:10F2C000F0BDC046FFFF0000613400206234002022
:10F2D000F0B51300050087B00E20002D22D02C8839
:10F2E000114A063894421DD0104A1278002A19D0CB
:10F2F0000F4E1022717069468F1D032102AC3980B8
:10F30000B370002120003270FCF754FF2B8A2100DB
:10F3100023800123A37000232888A38004970596E7
:10F32000FFF766FE07B0F0BDFFFF0000613400206C
:10F3300062340020F0B504000D008BB000280CD022
:10F3400000290AD0826A002A07D00B88502B3DD0B2
:10F3500005D8102B37D0112B46D00BB0F0BD512B58
:10F36000FBD18A790192022AF7D10A89038A9A424B
:10F37000F3D18B7A043B022BEFD9019B03AE082219
:10F380000021300006AF3B70FCF714FF019B3200F8
:10F390000393A18A02AB20887360FFF727FE002841
:10F3A00025D0E36A002B00D09847FE233900FF33B5
:10F3B0002088BB80FFF71EFE0028CED0E36A002B1A
:10F3C000CBD09847C9E78B882380C6E7C9880389D3
:10F3D0009942C2D1082302A90B74EB8B20350B751F
:10F3E000089506A99047B8E701235B42ECE702AB1A
:10F3F0001B882088DB07D8D500233900BB80FFF7A6
:10F40000F9FD0028DAD1EB1CD97F481E07283CD82B
:10F4100000F06CF9041820232527392900233370C4
:10F420002B8C012B05D8062201212000FFF750FF6D
:10F43000C2E7012323353371B56031002000A36A90
:10F4400098478AE7012333702A8C9A42F2D8062221
:10F450000221EAE702233370EFE70323FBE70423EB
:10F46000F9E70523F7E72B8C022B02D803220821AA
:10F47000DBE723356B782A781B021343B3805A42AB
:10F4800053410633E7E70923E5E70322CDE7000010
:10F4900070B51B490B68DBB2012B03D11948036817
:10F4A0001B0700D070BD184AF0231468E026250021
:10F4B0001D40344221D1154C24681C420DD1144BFF
:10F4C000144C1C608024144B24021C600B68DBB2BB
:10F4D000012BE7D103681B07E4D11368F022134026
:10F4E000402BDFD1094B1B681342DBD18022C123A3
:10F4F0000121D205DB00D150D4E7302DDBD0ECE781
:10F50000E00F00F0E40F00F0E80F00F0EC0F00F067
:10F5100004050040DFFF07C0186C00402EDF704775
:10F5200051DF704710DF704761DF704710B508008A
:10F530001100FFF7FBF810BDF0B5224B85B01B782A
:10F54000DAB20192002B3BD01F4D204E2B685C425B
:10F550005C413268E4B2002A2CD003A8FFF7E0FF38
:10F5600005282BD0002819D000221100FCF72CFE12
:10F57000002CF2D1164B03A91B880B80154B1F687A
:10F580003800FFF7D1FF052810D000280AD000224C
:10F590001100FCF719FE002CECD1DEE7039833686C
:10F5A0009847E5E738002B689847F4E7002C07D127
:10F5B000019CD2E7002B03D0019CDBE7002CFBD0A1
:10F5C00005B0F0BD743400206C3400207834002085
:10F5D0006A3400207C34002070B504000720002924
:10F5E00013D08D0711D109480160094920000A8014
:10F5F000084A09491360FFF795FF002805D1012249
:10F60000064B16301A70FFF789FF70BD7C3400205E
:10F610006A340020703400202DF50300743400207B
:10F6200003000E20002B02D00020014A1360704717
:10F630006C34002003000E20002B02D00020014A71
:10F64000136070477834002010B5074B1B68002BFF
:10F6500007D09847002803D000221100FCF7B4FD22
:10F6600010BDFFF769FFFBE77034002010B50029DB
:10F6700004D0002211001000FCF7A6FDFFF75CFF8C
:10F6800010BD0000002110B50800024AFCF7D2FDB1
:10F6900010BDC0466DF6030003210A4802680A4304
:10F6A0000260094802680A4302600849084A094B97
:10F6B0009B1A03DD043BC858D050FBDC064880474A
:10F6C000064800472405004054050040F4F80300B4
:10F6D000002C0020682C002091F40300CDC0030012
:10F6E000FEE7FEE7FEE7FEE7FEE7FEE702B471464F
:10F6F00049084900095C49008E4402BC7047C04675
:10F7000003B47146490840004900095E49008E442F
:10F7100003BC704703B47146490840004900095AC8
:10F7200049008E4403BC7047002243088B4274D3C7
:10F7300003098B425FD3030A8B4244D3030B8B42F2
:10F7400028D3030C8B420DD3FF22090212BA030CFB
:10F750008B4202D31212090265D0030B8B4219D3DC
:10F7600000E0090AC30B8B4201D3CB03C01A5241FC
:10F77000830B8B4201D38B03C01A5241430B8B4244
:10F7800001D34B03C01A5241030B8B4201D30B032D
:10F79000C01A5241C30A8B4201D3CB02C01A524154
:10F7A000830A8B4201D38B02C01A5241430A8B4217
:10F7B00001D34B02C01A5241030A8B4201D30B0200
:10F7C000C01A5241CDD2C3098B4201D3CB01C01A1A
:10F7D000524183098B4201D38B01C01A5241430924
:10F7E0008B4201D34B01C01A524103098B4201D312
:10F7F0000B01C01A5241C3088B4201D3CB00C01A7F
:10F80000524183088B4201D38B00C01A52414308F6
:10F810008B4201D34B00C01A5241411A00D201461B
:10F82000524110467047FFE701B5002000F006F88E
:10F8300002BDC0460029F7D076E770477047C04642
:10F8400030B500240139A24201D1002005E0035D5A
:10F8500001340D5DAB42F6D0581B30BD002310B50E
:10F860009A4200D110BDCC5CC4540133F8E70023A8
:10F87000C25C0133002AFBD1581E7047F8B5C04660
:10F88000F8BC08BC9E467047F8B5C046F8BC08BC3A
:10F890009E467047002C00204466755461726700D4
:10F8A0000000000000000000000000000000000058
:10F8B0000000000300000000000204131211100FEA
:10F8C0000B0E0A0C01031715000016181405060785
:10F8D00008090D000090004009000000A8A9DF22DF
:10F8E00019FA62A00A471D2500005DE9D4C7FF7F11
:10F8F0000100000000000000000000000000000007
:10F9000000000000000000000000000000000000F7
:10F9100000000000000000000000000000000000E7
:10F9200000000000000000000000000000000000D7
:10F9300000000000000000000000000000000000C7
:10F9400000000000000000000000000000000000B7
:0CF9500000000000FFFF0000320000007B
:10FC00000100000000000000FE00000000000000F5
:10FC100000000000000000000000000000000000E4
:10FC200000000000000000000000000000000000D4
:10FC300000000000000000000000000000000000C4
:10FC400000000000000000000000000000000000B4
:10FC500000000000000000000000000000000000A4
:10FC60000000000000000000000000000000000094
:10FC70000000000000000000000000000000000084
:10FC80000000000000000000000000000000000074
:10FC90000000000000000000000000000000000064
:10FCA0000000000000000000000000000000000054
:10FCB0000000000000000000000000000000000044
:10FCC0000000000000000000000000000000000034
:10FCD0000000000000000000000000000000000024
:10FCE0000000000000000000000000000000000014
:10FCF0000000000000000000000000000000000004
:10FD000000000000000000000000000000000000F3
:10FD100000000000000000000000000000000000E3
:10FD200000000000000000000000000000000000D3
:10FD300000000000000000000000000000000000C3
:10FD400000000000000000000000000000000000B3
:10FD500000000000000000000000000000000000A3
:10FD60000000000000000000000000000000000093
:10FD70000000000000000000000000000000000083
:10FD80000000000000000000000000000000000073
:10FD90000000000000000000000000000000000063
:10FDA0000000000000000000000000000000000053
:10FDB0000000000000000000000000000000000043
:10FDC0000000000000000000000000000000000033
:10FDD0000000000000000000000000000000000023
:10FDE0000000000000000000000000000000000013
:10FDF0000000000000000000000000000000000003
:10FE000000000000000000000000000000000000F2
:10FE100000000000000000000000000000000000E2
:10FE200000000000000000000000000000000000D2
:10FE300000000000000000000000000000000000C2
:10FE400000000000000000000000000000000000B2
:10FE500000000000000000000000000000000000A2
:10FE60000000000000000000000000000000000092
:10FE70000000000000000000000000000000000082
:10FE80000000000000000000000000000000000072
:10FE90000000000000000000000000000000000062
:10FEA0000000000000000000000000000000000052
:10FEB0000000000000000000000000000000000042
:10FEC0000000000000000000000000000000000032
:10FED0000000000000000000000000000000000022
:10FEE0000000000000000000000000000000000012
:10FEF0000000000000000000000000000000000002
:10FF000000000000000000000000000000000000F1
:10FF100000000000000000000000000000000000E1
:10FF200000000000000000000000000000000000D1
:10FF300000000000000000000000000000000000C1
:10FF400000000000000000000000000000000000B1
:10FF500000000000000000000000000000000000A1
:10FF60000000000000000000000000000000000091
:10FF70000000000000000000000000000000000081
:10FF80000000000000000000000000000000000071
:10FF90000000000000000000000000000000000061
:10FFA0000000000000000000000000000000000051
:10FFB0000000000000000000000000000000000041
:10FFC0000000000000000000000000000000000031
:10FFD0000000000000000000000000000000000021
:10FFE0000000000000000000000000000000000011
:10FFF0000000000000000000000000000000000001
:020000041000EA
:0410140000C0030015
:040000050003F69965
:00000001FF
