:1000000000040020810A000015070000610A0000BA
:100010001F07000029070000330700000000000050
:10002000000000000000000000000000A50A000021
:100030003D070000000000004707000051070000D6
:100040005B070000650700006F07000079070000EC
:10005000830700008D07000097070000A10700003C
:10006000AB070000B5070000BF070000C90700008C
:10007000D3070000DD070000E7070000F1070000DC
:10008000FB070000050800000F0800001908000029
:10009000230800002D080000370800004108000078
:1000A0004B080000550800005F08000069080000C8
:1000B000730800007D080000870800009108000018
:1000C0009B080000A5080000AF080000B908000068
:1000D000C3080000CD080000D7080000E1080000B8
:1000E000EB080000F5080000FF0800000909000007
:1000F000130900001D090000270900003109000054
:100100003B0900001FB500F003F88DE80F001FBD8C
:1001100000F0ACBC40F6FC7108684FF01022401CA7
:1001200008D00868401C09D00868401C04D0086842
:1001300000F037BA9069F5E79069F9E7704770B554
:100140000B46010B184400F6FF70040B4FF0805073
:100150000022090303692403406943431D1B104621
:1001600000F048FA29462046BDE8704000F042BA47
:10017000F0B54FF6FF734FF4B4751A466E1E11E0DA
:10018000A94201D3344600E00C46091B30F8027B3B
:10019000641E3B441A44F9D19CB204EB134394B25D
:1001A00004EB12420029EBD198B200EB134002EBB2
:1001B000124140EA0140F0BDF34992B00446D1E952
:1001C0000001CDE91001FF224021684600F0F4FB58
:1001D00094E80F008DE80F00684610A902E004C8FB
:1001E00041F8042D8842FAD110216846FFF7C0FF7C
:1001F0001090AA208DF8440000F099F9FFF78AFFCB
:1002000040F6FC7420684FF01025401C0FD0206889
:1002100010226946803000F078F92068401C08D030
:100220002068082210A900F070F900F061F9A869AF
:10023000EEE7A869F5E74FF080500369406940F6A2
:10024000FC71434308684FF01022401C06D0086838
:1002500000F58050834203D2092070479069F7E788
:100260000868401C04D00868401C03D00020704778
:100270009069F9E70420704770B504460068C34DE3
:10028000072876D2DFE800F033041929631E250021
:10029000D4E9026564682946304600F062F92A46CE
:1002A0002146304600F031F9AA002146304600F0E0
:1002B00057FB002800D0032070BD00F009FC4FF46C
:1002C000805007E0201D00F040F90028F4D100F034
:1002D000FFFB60682860002070BD241D94E80700C3
:1002E000920000F03DFB0028F6D00E2070BDFFF715
:1002F000A2FF0028FAD1D4E901034FF0805100EBAE
:10030000830208694D69684382420ED840F6F8704E
:1003100005684FF010226D1C09D0056805EB8305B8
:100320000B6949694B439D4203D9092070BD55694A
:10033000F4E70168491C03D00068401C02D003E0C8
:100340005069FAE70F2070BD2046FFF735FFFFF731
:1003500072FF0028F7D1201D00F0F7F80028F2D135
:1003600060680028F0D100F0E2F8FFF7D3FE00F05B
:10037000BFF8072070BD10B50C46182802D0012028
:10038000086010BD2068FFF777FF206010BD41684E
:10039000054609B1012700E0002740F6F8742068FF
:1003A0004FF01026401C2BD02068AA68920000F065
:1003B000D7FA38B3A86881002068401C27D020688D
:1003C000FFF7BDFED7B12068401C22D026684FF051
:1003D0008050AC686D68016942695143A9420DD9EA
:1003E000016940694143A14208D92146304600F0E5
:1003F000B8F822462946304600F087F800F078F831
:100400007069D2E700F093F8FFF784FEF6E77069B1
:10041000D6E77669DBE740F6FC7420684FF01026DB
:10042000401C23D02068401C0CD02068401C1FD0EA
:100430002568206805F18005401C1BD027683879A5
:10044000AA2819D040F6F8700168491C42D001680A
:10045000491C45D00168491C3ED001680968491C07
:100460003ED00168491C39D000683EE0B069DAE747
:10047000B569DEE7B769E2E710212846FFF778FEA5
:100480003968814222D12068401C05D0D4F8001080
:1004900001F18002C03107E0B169F9E730B108CA63
:1004A00051F8040D984201D1012000E000208A4259
:1004B000F4D158B1286810B1042803D0FEE72846CB
:1004C000FFF765FF3149686808600EE0FFF722FE1C
:1004D00000F00EF87169BBE77169BFE7706904E06D
:1004E0004FF480500168491C01D000F0CBFAFEE7C0
:1004F000BFF34F8F26480168264A01F4E06111439B
:100500000160BFF34F8F00BFFDE72DE9F0411746B3
:100510000D460646002406E03046296800F054F8EF
:10052000641C2D1D361DBC42F6D3BDE8F08140F69B
:10053000FC700168491C04D0D0F800004FF48051D1
:10054000FDE54FF010208069F8E74FF080510A690F
:10055000496900684A43824201D810207047002050
:10056000704770B50C4605464FF4806608E0284693
:1005700000F017F8B44205D3A4F5806405F5805562
:10058000002CF4D170BD0000F40A0000000000202F
:100590000CED00E00400FA05144801680029FCD0C5
:1005A0007047134A0221116010490B68002BFCD0E0
:1005B0000F4B1B1D186008680028FCD0002010603D
:1005C00008680028FCD07047094B10B501221A605A
:1005D000064A1468002CFCD0016010680028FCD08A
:1005E0000020186010680028FCD010BD00E4014015
:1005F00004E5014070B50C46054600F073F810B9EB
:1006000000F07EF828B121462846BDE8704000F091
:1006100007B821462846BDE8704000F037B8000012
:100620007FB5002200920192029203920A0B000B06
:100630006946012302440AE0440900F01F0651F80C
:10064000245003FA06F6354341F82450401C8242F8
:10065000F2D80D490868009A10430860081D016827
:10066000019A1143016000F03DF800280AD00649C4
:1006700010310868029A10430860091D0868039A3F
:10068000104308607FBD00000006004030B50F4CED
:10069000002200BF04EB0213D3F800582DB9D3F8A1
:1006A000045815B9D3F808581DB1521C082AF1D3C3
:1006B00030BD082AFCD204EB0212C2F80008C3F8CD
:1006C00004180220C3F8080830BD000000E0014013
:1006D0004FF08050D0F83001082801D0002070473A
:1006E000012070474FF08050D0F83011062905D016
:1006F000D0F83001401C01D0002070470120704725
:100700004FF08050D0F830010A2801D00020704707
:100710000120704708208F490968095808471020B0
:100720008C4909680958084714208A4909680958FA
:100730000847182087490968095808473020854923
:100740000968095808473820824909680958084744
:100750003C20804909680958084740207D490968BC
:100760000958084744207B49096809580847482028
:1007700078490968095808474C207649096809589A
:10078000084750207349096809580847542071499F
:1007900009680958084758206E49096809580847E8
:1007A0005C206C4909680958084760206949096854
:1007B00009580847642067490968095808476820AC
:1007C00064490968095808476C2062490968095852
:1007D000084770205F4909680958084774205D4937
:1007E00009680958084778205A490968095808478C
:1007F0007C205849096809580847802055490968EC
:10080000095808478420534909680958084788202F
:1008100050490968095808478C204E490968095809
:10082000084790204B4909680958084794204949CE
:10083000096809580847982046490968095808472F
:100840009C204449096809580847A0204149096883
:1008500009580847A4203F49096809580847A820B3
:100860003C49096809580847AC203A4909680958C1
:100870000847B0203749096809580847B420354966
:10088000096809580847B8203249096809580847D3
:10089000BC203049096809580847C0202D4909681B
:1008A00009580847C4202B49096809580847C82037
:1008B0002849096809580847CC2026490968095879
:1008C0000847D0202349096809580847D4202149FE
:1008D000096809580847D8201E4909680958084777
:1008E000DC201C49096809580847E02019490968B3
:1008F00009580847E4201749096809580847E820BB
:100900001449096809580847EC2012490968095830
:100910000847F0200F49096809580847F4200D4995
:10092000096809580847F8200A490968095808471A
:10093000FC2008490968095808475FF48070054998
:10094000096809580847000003480449024A034B54
:100950007047000000000020000B0000000B0000AA
:1009600040EA010310B59B070FD1042A0DD310C82C
:1009700008C9121F9C42F8D020BA19BA884201D97E
:10098000012010BD4FF0FF3010BD1AB1D30703D0C6
:10099000521C07E0002010BD10F8013B11F8014B7C
:1009A0001B1B07D110F8013B11F8014B1B1B01D198
:1009B000921EF1D1184610BD02F0FF0343EA032254
:1009C00042EA024200F005B87047704770474FF0A6
:1009D00000020429C0F0128010F0030C00F01B800C
:1009E000CCF1040CBCF1020F18BF00F8012BA8BF1A
:1009F00020F8022BA1EB0C0100F00DB85FEAC17CDE
:100A000024BF00F8012B00F8012B48BF00F8012B90
:100A100070474FF0000200B51346944696462039C1
:100A200022BFA0E80C50A0E80C50B1F12001BFF4A7
:100A3000F7AF090728BFA0E80C5048BF0CC05DF80D
:100A400004EB890028BF40F8042B08BF704748BF5B
:100A500020F8022B11F0804F18BF00F8012B7047CF
:100A6000014B1B68DB6818470000002009480A4951
:100A70007047FFF7FBFFFFF745FB00BD20BFFDE719
:100A8000064B1847064A1060016881F308884068E1
:100A900000470000000B0000000B000017040000DE
:100AA000000000201EF0040F0CBFEFF30881EFF3ED
:100AB0000981886902380078182803D100E0000015
:100AC000074A1047074A12682C3212681047000084
:100AD00000B5054B1B68054A9B58984700BD0000B0
:100AE0007703000000000020F00A0000040000006E
:100AF000001000000000000000FFFFFF0090D00386
:10100000B00F002021AE010065B0000087AD0100E7
:1010100065B0000065B0000065B000000000000091
:10102000000000000000000000000000ADAE010064
:1010300065B000000000000065B0000065B0000071
:1010400015AF01001BAF010065B0000065B00000E6
:1010500065B0000065B0000065B0000065B000003C
:1010600021AF010065B0000065B0000027AF0100AE
:1010700065B000002DAF010033AF010039AF0100B2
:1010800065B0000065B0000065B0000065B000000C
:1010900065B0000065B0000065B0000065B00000FC
:1010A00065B000003FAF010065B0000065B0000012
:1010B00065B0000065B0000065B0000065B00000DC
:1010C00045AF010065B0000065B0000065B00000EC
:1010D00065B0000065B0000065B0000065B00000BC
:1010E00065B0000065B0000065B0000065B00000AC
:1010F00065B0000065B0000065B0000065B000009C
:1011000065B0000065B0000000F002F819F077FE4D
:101110000AA090E8000C82448344AAF10107DA4552
:1011200001D119F06CFEAFF2090EBAE80F0013F00E
:10113000010F18BFFB1A43F00103184770A201000A
:1011400090A201000A4410F8014B14F00F0508BFEB
:1011500010F8015B240908BF10F8014B6D1E05D083
:1011600010F8013B6D1E01F8013BF9D1641E03D05C
:10117000641E01F8015BFBD19142E4D3704700008B
:101180000023002400250026103A28BF78C1FBD890
:10119000520728BF30C148BF0B6070471FB500F031
:1011A00003F88DE80F001FBD19F026BE70B51B4C6B
:1011B00005460A202070A01C00F0D7F85920A08016
:1011C00029462046BDE8704006F0FEBE06F00CBF82
:1011D00070B50C461249097829B1A0F160015E2969
:1011E00008D3012013E0602804D0692802D043F21C
:1011F00001000CE020CC0B4E94E80E0006EB8000C2
:10120000A0F58050241FD0F8806E2846B04720609B
:1012100070BD0120704706207047000008000020C4
:101220001800002074AF01003249884201D2012029
:1012300070470020704770B50446A0F500002E4EA0
:10124000B0F1786F02D23444A4F5000429488442F6
:1012500001D2012500E0002500F043F848B125B98E
:10126000B44204D32548006808E0012070BD002086
:1012700070BD002DF9D1B442F9D321488442F6D291
:10128000F3E710B50446A0F50000B0F1786F03D283
:1012900019480444A4F5000400F023F84FF08041FD
:1012A00030B11648006804E08C4204D2012003E00B
:1012B00013488442F8D2002080F0010010BD10B520
:1012C00020B1FFF7DEFF08B1012010BD002010BDE6
:1012D00010B520B1FFF7AFFF08B1012010BD00200D
:1012E00010BD084808490068884201D101207047B4
:1012F0000020704700C00100000000201C000020FA
:101300000800002058000020BEBAFECA10B50446EE
:101310000021012000F041F800210B2000F03DF8F1
:101320000021082000F039F80421192000F035F8D8
:1013300004210D2000F031F804210E2000F02DF8DA
:1013400004210F2000F029F80421C84300F025F8FB
:101350000621162000F021F80621152000F01DF8C6
:101360002046FFF723FF002010BDCC2101807047ED
:10137000FFF72CBF1148704710487047104A10B54E
:1013800014680F4B0F4A08331A60FFF721FF0C480F
:10139000001D046010BD704770474907090E002802
:1013A00004DB00F1E02080F80014704700F00F002B
:1013B00000F1E02080F8141D7047000003F900429E
:1013C000100502400100000130B5FF4D0446062C17
:1013D000A9780ED2DFE804F0030E0E0E0509FFDF38
:1013E00008E0022906D0FFDF04E0032902D0FFDF76
:1013F00000E0FFDFAC7030BDF34810B5407E41081F
:10140000F14800F11A0005D00DF043FBBDE8104093
:1014100006F07ABC0DF024FBF8E730B50446A1F1E4
:1014200020000D460A2847D2DFE800F005070C1916
:10143000202532373C41FFDF3FE0207820283CD197
:10144000FFDF3AE0E0488078052836D0207824286D
:1014500033D0252831D023282FD0FFDF2DE020786E
:1014600022282AD0232828D8FFDF26E02078222827
:1014700023D0FFDF21E0207822281ED024281CD092
:1014800026281AD0272818D0292816D0FFDF14E0E4
:101490002078252811D0FFDF0FE0207825280CD0F8
:1014A000FFDF0AE02078252807D0FFDF05E020785D
:1014B000282802D0FFDF00E0FFDF257030BD1FB518
:1014C0000022ADF800200C88ADF802404B88ADF842
:1014D0000430CA88ADF808208988ADF806100021CC
:1014E000ADF80A10ADF80C1080B14FF6FF70062170
:1014F000844201D1ADF80210834201D1ADF804104D
:10150000824203D14FF44860ADF8080068460DF000
:10151000BEFB06F0F9FB04B010BD70B514460D46D5
:101520000646FFF788FE60B90DB1A54201D90C202F
:1015300070BD002409E000BF56F82400FFF77BFED1
:1015400008B1102070BD641CE4B2AC42F4D300209A
:1015500070BD2DE9F04105461F4690460E46002419
:101560000068FFF7B5FE30B9A98828680844401E16
:10157000FFF7AEFE10B11020BDE8F081286800280A
:10158000A88802D0B84202D850E00028F4D0092040
:10159000F2E72968085DB8B1671CCA5D152A2ED02C
:1015A0003CDC152A3AD2DFE802F039122222282840
:1015B0002A2A313139393939393939393939220019
:1015C000085D30BB641CA4B2A242F9D833E0022803
:1015D000DDD1A01C085C88F80000072801D2400774
:1015E00001D40A20C8E7307840F0010015E0C1437B
:1015F000C90707E0012807D010E00620BCE7010773
:10160000A1F180510029F5D01846B5E7307881075F
:1016100001D50B20B0E740F0020030702868005D73
:10162000384484B2A888A04202D2B0E74FF44853AD
:1016300082B2A242ADD800209EE710B502785408CD
:1016400009D0012243F20223012C07D0022C0DD035
:10165000032C13D10FE00020087005E080790324EB
:10166000B4EB901F0AD10A70002010BD8079B2EB54
:10167000901F03D1F7E780798009F4D0184610BD98
:1016800008B500208DF800004F4890F8221051B1A5
:1016900090F8230002280FD003280FD0FFDF00BFEF
:1016A0009DF8000008BD48486946193001F0C6F9A8
:1016B0000028F5D0FFDFF3E7032000E001208DF8DC
:1016C0000000EDE738B50C460546694601F0B6F96D
:1016D00000280DD19DF80010207861F3470020709C
:1016E00055F8010FC4F80100A888A4F805000020EF
:1016F00038BD38B51378C0B1022816D033A46D4672
:10170000246800944C7905EB9414247864F347031F
:10171000137003280ED003F0FE0010700868C2F8A2
:1017200001008888A2F8050038BD23F0FE0313707D
:101730000228EED1D8B240F00100EEE702210EF00F
:10174000BDBC38B50C460978222901D2082038BD25
:10175000ADF800008DF8022068460DF0D9F906F0CA
:10176000D3FA050003D121212046FFF756FE284673
:1017700038BD1CB500208DF80000CDF80100ADF893
:101780000500114890F82200022801D0012000E055
:1017900000208DF8070068460DF024FA002800D0DC
:1017A000FFDF1CBD2DE9FF478CB00025BDF834607C
:1017B00082461C4690468DF81C50700703D5606821
:1017C000FFF739FD90B903E0A00100200302FF01FB
:1017D000FE4F4FF0010997F8220058B197F8230007
:1017E000022807D16068FFF773FD18B1102010B010
:1017F000BDE8F087300702D5A089802815D870078A
:1018000004D4B8F1000F01D0387E70B1E07DC0F390
:1018100000108DF81B00617D072041B1012906D021
:101820000229E4D00429E2D117E00720DFE78DF890
:1018300017908DF819908DF81580606878B107A918
:10184000FFF7FBFE0028D2D1606850F8011FCDF8E9
:101850000F108088ADF8130005E00620C7E7CDF82B
:101860000F50ADF81350E07B0028F6D1207C002803
:10187000F3D1607C0028F0D1A07C0028EDD1E07C81
:10188000C006EAD18DF800A0BDF83400ADF8020022
:10189000A0680190A0680290CDA0D0E90010CDE929
:1018A0000A10E07C0AA901EB501000788DF80C00BA
:1018B000FFF7E6FE8DF80D009DF81C008DF80E0078
:1018C0008DF818508DF816508DF81A5009A96846F1
:1018D0000DF02CFA06F018FA89E7F0B58FB0002465
:1018E0008DF830408DF814408DF8344006468DF860
:1018F0002840019402940394049419B10FC901ADD6
:1019000085E80F00B14DA878052801D004280CD136
:1019100001986968884200D120B90398E968884233
:1019200003D110B108200FB0F0BD1F273B460DAA10
:1019300005A903A8FFF70DFE0028F4D13B460AAA2B
:101940000CA901A8FFF705FE0028ECD19DF81400B2
:10195000C00701D00A20E6E7A88A410708D4A97D7C
:1019600031B19DF82810890702D043F20120DAE74F
:101970009DF82810C90709D0400707D4288818B156
:1019800044F25061884201D90720CCE78DF8184015
:101990008DF81960BDF80800ADF81A00019807909D
:1019A00006A80DF0CEF906F0AFF90028BBD18DF8EE
:1019B00020408DF82160BDF81000ADF8220003989A
:1019C000099008A80DF0DFF906F09EF90028AAD1C9
:1019D00001AC2D1D94E80F0085E80F000020A2E760
:1019E00070B50646FFF7AAFE054606F06FFB040039
:1019F00000D1FFDF6680207820F00F00801C20F0EF
:101A0000F000203020700320207295F83E006072B4
:101A1000BDE8704006F05EBB2DE9F04385B00400E0
:101A200000D1FFDF2078694E20F00F00801C20F0ED
:101A3000F0007030207060680178C91F14292AD224
:101A4000DFE801F04DF3290AF3F33AF2292966F2AF
:101A5000F2F129F2F2F0EFF286883046FFF76EFEDF
:101A60000546304608F0BDF8C0B16068807985F859
:101A70003E0021212846FFF7D0FC304603F0FAF95A
:101A8000304604F0ADFB3146012012F047F9A87F43
:101A900020F01000A87705B0BDE8F083207820F092
:101AA000F00020302070032020726680606880790A
:101AB000607206F00FFBDCE785882846FFF73EFEE4
:101AC00000B9FFDF60688078012800D0FFDF606820
:101AD000817905B02846BDE8F04308F04ABA868807
:101AE0003046FFF72BFE050000D1FFDF06F0F2FACB
:101AF00060683146C08828816068008968816068B4
:101B00004089A881012012F009F90020A875C2E7D8
:101B1000807828B10228BED03C28BCD0FFDFBAE7CD
:101B200006F0D8FA6568A879AD1C00B9FFDFF77830
:101B3000B5F80290B046384606F05FF8060000D1CE
:101B4000FFDF0022022148460EF0AFFA040000D168
:101B5000FFDF22212046FFF760FCA17F012060F318
:101B60000101A177298B2181698B6181A98BA181D9
:101B700084F822708DF80800B0680090F068019039
:101B80006A46032148460EF090FA00B9FFDFB0889C
:101B9000ADF81000B0788DF8120004AA052148466F
:101BA0000EF083FA00B9FFDFB088ADF80C00F078D2
:101BB0008DF80E0003AA042148460EF076FA00B90B
:101BC000FFDF062105F1120006E00000A001002061
:101BD000070605040302010000F04DFF30B36879E9
:101BE000800700D5FFDF6979E07D61F34700E0758C
:101BF000D5F80600A0616889A083062105F10C00D4
:101C000000F039FFE0B198F819104A08617862F3E2
:101C100047016170D8F81A10C4F80210B8F81E0015
:101C200017E028E020E033E02DE017E0E07D20F031
:101C3000FE00801CE075D5F81200A061E88ADBE7A1
:101C4000607820F0FE00801C6070E868C4F8020034
:101C5000288AE0800320FFF7B7FB1CE705B0204689
:101C6000BDE8F04301F092BC06F034FA16F8240FF8
:101C700040F0020005E006F02DFA16F8240F40F0BF
:101C80000400307007E705B0BDE8F04306F022BA63
:101C9000B178052909D00429DFD106F01BFA02200A
:101CA00005B0BDE8F043FFF78FBB80780028D4D0A3
:101CB000F07800F0AAFE06F00DFA0320F0E72DE917
:101CC000F047054600780027000991460C463E463D
:101CD000012871D0022870D007280AD00A286DD0B8
:101CE000FFDF00BFA9F800600CB1278066800020EC
:101CF0007EE5D5F804C0DFF8448804F108009CF8BC
:101D000000204FF0010AD21F4FF6FF71142A76D23D
:101D1000DFE802F00AF9F9F9F9F9F91DF9F926C035
:101D2000889DF91061D476EE12271026BCF80400C5
:101D30002146F3E01C270A26ECB3BCF80200A08081
:101D4000686800792072686840796072CAE71B276A
:101D5000092684B30320207268684088A080C1E708
:101D60009CF802103C29BDD010272C260CF1020C47
:101D70000CB3BCF80210A180BCF818106182BCF84A
:101D800018102182BCF81A10A182BCF81C10E18244
:101D90009CF8053002460CF106011846FFF7A9FC35
:101DA0009CF8040001289DD184F80FA00020207623
:101DB00008F1040003E00BE0A8E0B2E0EAE090E8FC
:101DC0000E00D8F81000C4E90930C4E9071289E709
:101DD000A9F800608BE720271126002CF8D0A180FD
:101DE000686804F10A02807820726868807A6072FC
:101DF00069680B1DC8781946FFF77BFC72E782E023
:101E000021270A26002CE3D0BCF80200A0806868D5
:101E10000079207268684079607298F8241021F087
:101E2000040162E022270B26002CD1D0BCF804006C
:101E3000A0806868807820726868807900F02AFE47
:101E400060726868C07900F025FEA0724AE7262714
:101E50001C26002CBCD0A1806868C07860726868BD
:101E60008079A07208F1040090E80E00D8F8100004
:101E7000C4E90530C4E90312686880783C2803D0BF
:101E8000432804D0FFDF2DE784F808A02AE70220CA
:101E9000207227E724271026002C99D0BCF80200D6
:101EA000A0806868007920816868007A608168682D
:101EB000C088A08168684089E08113E72327102645
:101EC000002C85D0BCF80200A08068688088208142
:101ED0006868C088608168680089A08168684089F6
:101EE000E08198F8241021F0020188F82410F9E626
:101EF0002F272A26002C86D0A18069682222891CDF
:101F00000BF017FAEEE64A46214644E0287A02280A
:101F100001D0FFDFE6E612271026688800F098FD62
:101F2000E0E6287AB0B3012835D0022833D0032860
:101F300001D0FFDFD6E611270926002C8AD0B5F89C
:101F400002804046FFF7FAFB90F822A0A4F8048034
:101F5000687A2072042140460EF0C2F805214046FE
:101F60000EF0BEF8002140460EF0BAF801214046BE
:101F70000EF0B6F8032140460EF0B2F802214046BA
:101F80000EF0AEF8062140460EF0AAF8504600F0DA
:101F90003CFDA7E6FFE72846BDE8F04701F02CBC72
:101FA00070B5012801D0FFDF70BD8DB22846FFF764
:101FB000C5FB040000D1FFDF20782128F4D006F013
:101FC00085F880B1017821F00F01891C21F0F00122
:101FD000103101700221017245800020A075BDE81A
:101FE000704006F077B821462846BDE870401322BD
:101FF000FFF7A7BB2DE9F04116460C00804600D143
:10200000FFDF307820F00F00801C20F0F00010304F
:1020100030702078022802D0FFDFBDE8F081404612
:10202000FFF78CFB050000D1FFDFA1884FF6FF70A2
:102030000027814202D1E288824203D0814201D14D
:10204000E08840B106F046F894E80F00083686E8CC
:102050000F00AF75E1E7A87D0128DED178230022CB
:10206000414611F0B1FD0220A875D6E738B5054606
:102070000C460846FFF7DFF8A8B9242D31D006DC5E
:10208000202D0AD0212D0AD0222D04D124E0252D87
:102090001BD03F2D2DD0072038BD062038BD6068ED
:1020A000FFF70DF908B1102038BD618820886A4615
:1020B0000CF0E1FF05F028FE0028F5D16168002949
:1020C000F2D0BDF800200A8038BDA07800F00101F0
:1020D00020880DF001F808E02068BDE8384001F0E4
:1020E000C0BD618820880CF05FFFBDE8384005F076
:1020F0000BBE207800F001008DF8000068460CF05F
:10210000BDFD05F001FE38BD70B505460C4608461C
:10211000FFF7B7F808B1102070BD202D07D0212D92
:102120000DD0222D0BD0252D09D0072070BD208881
:10213000A11C0CF03CFDBDE8704005F0E5BD06209B
:1021400070BDFE481930704708B528220021FB48B1
:102150000BF019F90120FFF737F9F84968461A31F1
:1021600005F04AFFF5489DF80020417E62F34701E3
:1021700021F001014176002180F822104FF46171B5
:102180000184022180F82310FFF736F900B1FFDF48
:1021900000F0AEFC01F0CCF908BD10B50C464022B1
:1021A000002120460BF0EFF8A07F20F00300A0777D
:1021B000202020700020A07584F8230010BD7047F7
:1021C0002DE9FC410746FFF736F810B11020BDE8B5
:1021D000FC81DA4E06F11901D6F819000090B6F824
:1021E0001D50ADF80450F47F8DF806403846FFF7D7
:1021F00069FA0028EBD1FFF7FFF80028E7D0009933
:1022000046F8191FB580B471E1E710B50446FFF731
:1022100038F808B1102010BDC848C8492246407E91
:102220001A314008FFF765FA002010BD3EB504469C
:102230000D460846FFF725F808B110203EBD14B141
:1022400043F204003EBDBD488078052803D0042831
:1022500001D008203EBD694602A80BF01AFB2A46B1
:1022600069469DF80800FFF744FA00203EBDFEB520
:102270000D4604004FF0000711D00822FFF74DF97A
:10228000002811D1002608E054F826006946FFF71F
:10229000D4F9002808D1761CF6B2AE42F4D30CF083
:1022A00037FB10B143F20320FEBDA44E3776FCB1DC
:1022B00000271AE054F8270002A9FFF7BEF900B181
:1022C000FFDF9DF808008DF8000054F8270050F853
:1022D000011FCDF801108088ADF8050068460CF0AC
:1022E0003CFB00B1FFDF7F1CFFB2AF42E2D335768B
:1022F0000020FEBD2DE9F0478AB01546894604004E
:102300001DD00F4608222946FFF707F9002810D1F3
:10231000002612E054F826006946103000F08EFBCB
:10232000002806D13FB157F82600FEF784FF10B110
:1023300010200AB0DCE4761CF6B2AE42EAD30026E6
:10234000A5F101081CE000BF06F1010A0AF0FF0731
:1023500012E000BF54F82600017C4A0854F8271008
:102360000B7CB2EB530F05D10622113011310AF06C
:10237000B3FF58B17F1CFFB2AF42EBD30AF0FF06A8
:102380004645E1DB4E4624B1012003E043F205203F
:10239000CFE700200CF000FB10B90CF009FB10B1E6
:1023A00043F20420C5E75CB300270DF1170825E0D0
:1023B00054F827006946103000F040FB00B1FFDF01
:1023C00054F82700102250F8111FCDF80110808812
:1023D000ADF8050054F827100DF107000AF0A9FF29
:1023E00096B156F82710102240460AF0A2FF684620
:1023F0000CF098FA00B1FFDF7F1CFFB2AF42D7D3D9
:10240000FFF7B7F9002094E7404601F01EFCEEE725
:1024100030B585B00446FEF70EFF18B96068FEF7C8
:1024200057FF10B1102005B030BD60884AF2B811D6
:10243000884206D82078414D28B1012806D00228CC
:1024400004D00720EFE7FEF7D7FF18E060780228F6
:1024500004D0032802D043F20220E4E785F82300E9
:10246000C1B200200090ADF8040002292CD003294D
:1024700027D0FFDF68460CF00CFB05F045FC002878
:10248000D1D1606801F0D4FB207858B101208DF8DB
:1024900000000DF1010001F0D8FB68460CF075FE5C
:1024A00000B1FFDF207885F82200FFF762F960882D
:1024B00060B1288480B20CF067FA00B1FFDF002021
:1024C000B1E78DF80500D5E74020FAE74FF46170D9
:1024D000EFE710B50446FEF7D4FE20B9606838B1C6
:1024E000FEF7EDFE08B1102010BD606801F0ADFBF5
:1024F000124830F8201F6180C178617080782070A8
:10250000002010BD2DE9F843144689460646FEF723
:10251000B8FEB8B94846FEF7DBFE98B92046FEF78C
:10252000D7FE78B9054DA878012800D154B131788B
:10253000FF2909D061B143F2040001E0A0010020AD
:10254000BDE8F8831020F8E7012801D00420F4E763
:10255000CCB3052811D004280FD06946204600F0DE
:10256000A4FA0028E9D1217D49B1012909D0022925
:1025700009D0032909D00720DFE70820DDE702465C
:1025800004E0012202E0022200E00322804623460A
:10259000174600200099FFF705F90028CDD1A08942
:1025A0002880A07BE875BDF80000A882AF75BDF853
:1025B0000010090701D5A18931B1A1892980C0077F
:1025C00004D0032003E006E08021F7E70220FEF7B5
:1025D000FBFE86F800804946BDE8F8430020FFF77F
:1025E0007CB92DE9FC41FF4C06460D46A078022837
:1025F00003D0032801D00820E9E516B143F2040016
:10260000E5E506200DF00EFD10B9A078032849D0AD
:102610000FF07CFC074610F0DBFE381A00F0FF08D4
:1026200006200DF0F7FC074606200DF0FBFC391ADA
:10263000A078042809D000221144A8EB010111F070
:10264000FF0F04D0032804D00DE00122F4E713208B
:10265000BDE5284605F0D1FA10B3407810B32846FE
:1026600005F0D6FDE570FFF70BF80BF054F80120EC
:102670008DF800008DF801008DF802602088ADF81B
:102680000400E07D8DF8060068460CF050FC05F073
:102690003BFB0028B0D1A078032805D0042010E02F
:1026A000052094E5122092E5E07805F0A6FA0400F2
:1026B00000D1FFDF607800B9FFDF6078401E6070F6
:1026C0000520FEF781FE002081E51CB510B143F224
:1026D00004001CBDC34CA078042803D0052801D0F9
:1026E00008201CBD00208DF8000001218DF801108C
:1026F0008DF8020068460CF01AFC05F005FB002876
:10270000EFD1A078052805D05FF00200FEF75CFE4F
:1027100000201CBDE07800F078F90320F6E72DE9F1
:10272000FC4180460D4603260846FEF7D1FD08B160
:1027300010204CE54046FFF701F8040004D0207853
:10274000222804D2082042E543F202003FE5A07FA0
:1027500000F003073DB1012F0AD000202946FEF703
:10276000AEFE0600E5D1012F04D0FFDF30462EE596
:102770000120F3E7A07D2946022801D011B107E02E
:10278000112024E5684600F0E7FA0028D1D1694617
:10279000404607F0CEFB0600E8D10120A075E5E732
:1027A00070B50C460546FEF7C9FF010005D022466C
:1027B0002846BDE87040FEF7C4BF43F2020070BD7A
:1027C00010B5012807D1874B9B78012B00D011B1A0
:1027D00043F2040010BD0CF009F9BDE8104005F00B
:1027E00093BA012300F01BB900231A46194600F0E2
:1027F00016B970B5064615460C460846FEF741FD6B
:1028000018B92846FEF73DFD08B1102070BD2A46D4
:10281000214630460CF017FC05F076FA0028F5D179
:1028200021787F29F2D1052070BD7CB505460C4684
:102830000846FEF700FD08B110207CBD2846FEF7D3
:102840007DFF20B10078222804D208207CBD43F20D
:1028500002007CBD634890F82400400701D5112098
:102860007CBD2178C80802D16078C20801D0072059
:102870007CBD890801D1800801D006207CBDADF85F
:10288000005020788DF8020060788DF80300022057
:10289000ADF8040068460BF00FFF05F035FA7CBD7B
:1028A00070B586B014460D460646FEF747FF28B1C0
:1028B0000078222805D2082006B070BD43F202003D
:1028C000FAE72846FEF704FD20B944B12046FEF79A
:1028D000F6FC08B11020EFE700202060A0804148FE
:1028E00090F82400800701D51120E5E703A93046C0
:1028F0000BF01FFF18B100BF05F006FADCE7ADF8DA
:102900000060BDF81400ADF80200BDF81600ADF887
:102910000400BDF81000BDF81210ADF80600ADF8C7
:1029200008107DB1298809B1ADF80610698809B190
:10293000ADF80210A98809B1ADF80810E98809B10D
:10294000ADF80410DCB1BDF80610814201D9081AB7
:102950002080BDF80210BDF81400814201D9081A88
:102960006080BDF80800BDF80410BDF816200144D1
:10297000BDF812001044814201D9081AA0806846AF
:102980000BF074FFB8E770B505460C460846FEF735
:1029900078FC08B1102070BD214628460CF04AF999
:1029A000BDE8704005F0B0B93EB505460C46084696
:1029B000FEF767FC08B110203EBD0020009001909A
:1029C0000290ADF800502089ADF8080020788DF80D
:1029D0000200606801902089ADF808006089ADF8B8
:1029E0000A0001E0A001002068460CF031F905F072
:1029F0008BF93EBD0EB5ADF8000000200190684691
:102A00000CF026F905F080F90EBD10B505F0F5F8CB
:102A1000040000D1FFDF6078401C607010BD1CB561
:102A2000ADF800008DF802308DF803108DF8042009
:102A300068460CF0D7FA05F067F91CBD0278520819
:102A400004D0012A02D043F202207047FEF7F5BD00
:102A500070B50C0006460DD0FEF770FE050000D1E3
:102A6000FFDFA68028892081288960816889A0816C
:102A7000A889E08170BD10B500231A4603E0845C8C
:102A80002343521CD2B28A42F9D30BB1002010BDAD
:102A9000012010BD00B530B1012803D0022801D0BB
:102AA000FFDF002000BDFF2000BD00220A8092B29F
:102AB00022F060020A800078062817D2DFE800F0D2
:102AC000160306090C1142F0110007E042F01D0048
:102AD00009E042F0150006E042F0100040F002006C
:102AE00001E042F010000880002070470720704786
:102AF000FD48002101604160018170472DE9FF4FD1
:102B000093B09B46209F160004460DD01046FEF75A
:102B100092FB18B1102017B0BDE8F08F31460120AC
:102B2000FEF7CDFC0028F6D101258DF842504FF478
:102B3000C050ADF84000002210A9284603F016FE50
:102B40000028E8D18DF84250A8464FF428500025BF
:102B5000ADF840001C222946684607950AF013FC90
:102B60009DF81C000DF11C0A20F00F00401C20F005
:102B7000F00010308DF81C0020788DF81D00617871
:102B80009DF81E000DF1400961F3420040F0010084
:102B90008DF81E009DF8000008AA40F002008DF894
:102BA00000002089ADF83000ADF832506089ADF8F2
:102BB0003400CDF82CA060680E900AA9CDF82890BA
:102BC000684603F0C8FB0028A5D16068FEF777FBD4
:102BD00040B16068FEF77CFB20B9607800F003002C
:102BE000022801D0012000E00020BF4C08AA0AA959
:102BF0002072BDF8200020808DF8428042F601202E
:102C0000ADF840009DF81E0020F00600801C20F06A
:102C100001008DF81E000220ADF83000ADF8340040
:102C200014A80E90684603F096FB002889D1BDF8E1
:102C30002000608036B1211D304600F059F900288F
:102C4000C2D109E0BBF1000F05D00AF017F9E8BBCB
:102C50000AF014F9D0BBA58017B1012F43D04AE088
:102C60008DF8428042F6A620ADF8400046461C2270
:102C70000021684607950AF086FB9DF81C00ADF818
:102C8000346020F00F00401C20F0F00010308DF870
:102C90001C009DF81D0020F0FF008DF81D009DF820
:102CA0001E0020F0060040F00100801C8DF81E0080
:102CB0009DF800008DF8446040F002008DF800009F
:102CC000CDE90A9AADF8306011A800E011E00E904D
:102CD00008AA0AA9684603F03EFB0028A6D1BDF861
:102CE0002000E08008E00AF0C9F810B90AF0C6F840
:102CF00008B103200FE7E58000200CE73EB504464D
:102D0000794D0820ADF80000A88828B12046FEF7CC
:102D100092FA18B110203EBD06203EBD214601208A
:102D2000FEF7CDFB0028F8D12088ADF804006088BC
:102D3000ADF80600A088ADF80800E088ADF80A00FC
:102D4000A88801AB6A46002103F00CFFBDF8001013
:102D50000829E2D003203EBD7FB5634D0446A88814
:102D600068B1002002900820ADF80800CDF80CD022
:102D70002046FEF760FA20B1102004B070BD062096
:102D8000FBE7A98802AA4FF6FF7004F02DF900288E
:102D9000F3D1BDF80810082901D00320EDE7BDF8F4
:102DA00000102180BDF802106180BDF80410A180E0
:102DB000BDF80610E180E0E701B582B00220ADF871
:102DC0000000494802AB6A464088002103F0CAFE71
:102DD000BDF80010022900D003200EBD1CB5002153
:102DE00000910221ADF800100190FEF74AFA08B1F7
:102DF00010201CBD3C486A4641884FF6FF7004F025
:102E0000F3F8BDF800100229F3D003201CBDFEB575
:102E1000354C06461546207A0F46C00705D00846B1
:102E2000FEF709FA18B11020FEBD0F20FEBDF82DE7
:102E300001D90C20FEBD3046FEF7FDF918BB2088F5
:102E400001A902F08AFF0028F4D130788DF805003E
:102E5000208801A903F064FE0028EBD100909DF8C2
:102E600000009DF8051040F002008DF800000907F1
:102E700003D040F008008DF800002088694603F078
:102E8000ECFD0028D6D1ADF8085020883B4602AAB8
:102E9000002103F067FEBDF80810A942CAD0032044
:102EA000FEBD7CB505460020009001900888ADF875
:102EB00000000C4628460195FEF701FA18B9204695
:102EC000FEF7DFF908B110207CBD15B1BDF8000098
:102ED00060B105486A4601884FF6FF7004F084F837
:102EE000BDF8001021807CBDC80100200C20FAE74D
:102EF00030B5044693B000200D46014600901422E0
:102F000001A80AF040FA1C22002108A80AF03BFAA6
:102F10009DF80000CDF808D020F00F00401C20F0F4
:102F2000F00010308DF800009DF8010006AA20F096
:102F3000FF008DF801009DF8200001A940F002007B
:102F40008DF8200001208DF8460042F60420ADF8EF
:102F5000440011A801902088ADF83C006088ADF8CD
:102F60003E00A088ADF84000E088ADF842009DF832
:102F7000020020F00600801C20F001008DF8020005
:102F80000820ADF80C00ADF810000FA8059008A8B7
:102F900003F0E1F9002803D1BDF8180028800020D3
:102FA00013B030BD0A4810B5046809490948083112
:102FB00008600FF0BEFE0648001D046010BD064903
:102FC000002008604FF0E0210220C1F88002704725
:102FD0001005024001000001FC1F00400548064AA0
:102FE0000168914201D1002101600449012008607B
:102FF0007047000058000020BEBAFECA40E50140FC
:103000002CFFFFFFDBE5B15100C00100CC00FFFF4A
:1030100071000000C1CF6A00FEA0D9111C1006C3C8
:1030200089CCFC7A7B3B49141906A8C010B504462C
:10303000FEF701F908B1102010BD2078C0F302108E
:10304000042807D86078072804D3A178102901D86C
:10305000814201D2072010BDE078410706D42179D2
:103060004A0703D4000701D4080701D5062010BD84
:10307000002010BD70B514460D46064605F026F832
:1030800080B10178182221F00F01891C21F0F00194
:10309000A03100F8081B21460AF04BF9BDE870404A
:1030A00005F018B829463046BDE870401322FEF7F7
:1030B00048BB2DE9F047064608A8904690E8300442
:1030C00089461F461422002128460AF05CF9002197
:1030D000CAF80010B8F1000F03D0B9F1000F03D106
:1030E00014E03878C00711D02068FEF7CAF8C0BBDA
:1030F000B8F1000F07D12068123028602068143022
:1031000068602068A8602168CAF8001038788007D5
:1031100024D56068FEF7D3F818BBB9F1000F21D0B1
:10312000FFF70FF80168C6F868118188A6F86C11DE
:10313000807986F86E0101F034FAF84FEF6062682A
:1031400062B196F8680106F2691140081032FEF784
:10315000D0FA1022394660680AF0EBF80020BDE88A
:10316000F08706E0606820B1E8606068C6F8640136
:10317000F4E71020F3E730B5054608780C4620F058
:103180000F00401C20F0F001103121700020607011
:1031900095F8230030B104280FD0052811D0062857
:1031A00014D0FFDF20780121B1EB101F04D295F875
:1031B000200000F01F00607030BD21F0F0002030D2
:1031C00002E021F0F00030302070EBE721F0F00059
:1031D0004030F9E7F0B591B0022715460C46064697
:1031E0003A46ADF80870092103AB05F070FD049074
:1031F000002810D004208DF804008DF80170E03410
:10320000099605948DF818500AA968460EF051FCED
:1032100000B1FFDF012011B0F0BD2DE9F84F0646E7
:10322000808A0C4680B28246FEF788FA0546BB4F7C
:103230003078203F4FF002094FF000080F287CD271
:10324000DFE800F07BA39D082C5B6A7CBADAFD976F
:1032500048979700012150460CF030FF040000D140
:10326000FFDF97F85C00C00701D0386E0BE0032148
:1032700004F11D0010F06BFAD4F81D00A849B0FB52
:10328000F1F201FB1200C4F81D0070686067B068BD
:10329000A0672878252872D0FFDF70E00121504612
:1032A0000CF00CFF060000D1FFDF3078810702D55B
:1032B0002978252904D040F001003070BDE8F88F4E
:1032C00084F80090307F207106F11D002D36C4E98E
:1032D0000206F3E7012150460CF0F0FE050000D194
:1032E000FFDF2878C10604D5072020703D356560D2
:1032F000E4E740F008002870E0E7E87F000700D529
:10330000FFDF307CB28800F0010301B05046BDE819
:10331000F04F092106F06FBD05B9FFDF716821B1DB
:10332000102205F124000AF004F828212846FEF7AF
:1033300074F8307A85F82000C0E7F7E001215046A4
:103340000CF0BCFE050000D1FFDF022105F1850075
:1033500010F0FDF90420207005F5B4706060B5F838
:10336000850020826D4810387C356561C4E90270A3
:10337000A4E7012150460CF0A1FE00B9FFDF324660
:1033800029465046BDE8F84F74E605B9FFDF2878B6
:10339000212893D93079012803D1E87F40F0080033
:1033A000E877324629465046FFF764FE2846BDE8D6
:1033B000F84F2321FEF731B83279A28004F10803D7
:1033C0000921504605F083FCE06010B10520207013
:1033D00074E74546012150460CF070FE040000D110
:1033E000FFDF04F1620102231022081F0CF0FFFC32
:1033F00005703179417061E7012150460CF05EFEA5
:10340000040000D1FFDF94F8840000F003000128DD
:1034100059D1E87F10F0010003D194F8A010C9073A
:103420002AD0D4F8602132B394F88330117C63F34E
:1034300087011174AA7FD30963F3410100E071E0B1
:10344000D4F860211174D4F8602160F30001117484
:1034500090B1D4F86001102205F12401883409F0FC
:1034600068FF207E40F001002076207820F00100E7
:1034700004F8880919E0C0B994F88810C90714D075
:10348000D4F85C218AB194F88330117C63F387010E
:103490001174AA7FD309D4F85C2163F3410111743C
:1034A000D4F85C2160F30001117494F8880080075F
:1034B00009D594F87C00D4F86421400804F17D011A
:1034C0001032FEF716F98DF8009094F884006A46E1
:1034D00000F003008DF8010094F888108DF80210B8
:1034E00094F8A0008DF803002946504601F042F8F8
:1034F0002878252805D0212807D0FFDF2878222822
:1035000003D922212846FDF788FF012150460CF0FF
:10351000E7FD00283FF4DDAEFFDFCFE6F401002039
:1035200040420F00716881F80180C7E6FFDFC5E601
:1035300070B5FE4C002584F85C5025660EF085FAC7
:1035400004F11001204604F07DFD84F8305070BD78
:1035500070B50D46FEF7F2F8040000D1FFDF4FF41E
:10356000B8720021284609F00EFF2434012105F12C
:10357000E0002C610EF06AFA002800D0FFDF70BD79
:103580000A46014602F1E0000EF081BA70B5054628
:10359000406886B00178082906D00B2933D00C2961
:1035A0002FD0FFDF06B070BD46883046FEF7C6F864
:1035B000040000D1FFDF20782128F3D028281BD178
:1035C000686802210C3000F0A0FFA8B168680821EB
:1035D000001D00F09AFF78B104F1240130460BF091
:1035E000A8FC04F091FB00B1FFDF06B02046BDE867
:1035F00070402921FDF711BF06B0BDE8704004F00E
:1036000069BD01218171686886883046FEF796F8A9
:10361000040000D1FFDF20782128C3D068688179B9
:1036200009B1807808B1FFDFBCE704F053FDA07F4B
:10363000000622D5E07FC00705D094F8200000F0F6
:103640001F00102817D0052084F82300207829288F
:1036500015D02428A6D13146042010F05FFB22218A
:103660002046FDF7DAFE012130460CF039FD002836
:1036700098D0FFDF96E70620E6E70420E4E7012183
:1036800030460CF01BFD050000D1FFDF2521204650
:10369000FDF7C3FE03208DF80000694605F1E00048
:1036A0000EF0ECF90228BFD00028BDD0FFDF79E78B
:1036B0002DE9F04788B09A46164688468146FEF7BF
:1036C0003DF805003AD02878222837D3232835D072
:1036D000E87F000732D40027012148460CF0EEFCB9
:1036E000040005D10121002248460CF0DEFC04460E
:1036F000694600F066FF009800B9FFDF00983CB112
:10370000E03404612878222804D0242802D005E07F
:10371000076103E025212846FDF77FFE009801217F
:103720004170C0F824908680C0E9028A01A90EF099
:10373000C0F9022802D0002800D0FFDF08B00EE553
:1037400070B586B00546FDF7F9FF0078222814D938
:10375000012128460CF0B2FC04002CD1FFDF2AE046
:10376000B4F85E0004F1620630440178427829B171
:1037700021462846FFF72EFDB0B913E7ADF8042027
:103780000921284602AB05F0A2FA03900028F4D0E4
:1037900005208DF80000694604F1E0000EF06EF996
:1037A000022801D000B1FFDF02231022314604F1CC
:1037B0005E000CF052FBB4F860000028D0D1F1E6B6
:1037C00010B586B00446FDF7B9FF0078222811D95C
:1037D000012120460CF072FC040000D1FFDF06201E
:1037E0008DF80000694604F1E0000EF047F900286A
:1037F00000D0FFDF06B010BD2DE9F84F0546007878
:103800000C460027010904F1080090463E46BA46DE
:10381000009002297ED0072902D00A2909D142E06E
:1038200068680178082905D00B292CD00C292AD0EA
:10383000FFDF72E114271C26002C6CD04088A0808A
:10384000FDF77CFF5FEA000900D1FFDF99F8170060
:1038500009F118014008009AFDF74BFF686880895C
:10386000208268684168C4F812108068C4F81600A5
:10387000A07E20F0060040F00100A07699F81E001E
:1038800040F020014FE01A270A26002CD5D080886E
:10389000A080FDF753FF050000D1FFDF2846009907
:1038A000FFF769FC39E10CB1A88BA080287A4FF0B2
:1038B000010B0B287ED006DC01287CD0022808D022
:1038C000032804D137E00D2876D00E2875D0FFDF0D
:1038D00023E11E270926002CAFD0A088FDF72EFF7C
:1038E0005FEA000900D1FFDF287B00F00300012818
:1038F000207A1DD020F001002072297B890861F315
:1039000041002072297BC90861F382002072297B63
:10391000090901E0F7E0AEE061F3C300207299F815
:103920001E0040F0400189F81E10F6E0D40100208E
:1039300040F00100E0E713270D26002CA6D0A08858
:10394000FDF7FCFE81460121A0880CF0B7FB0500C5
:1039500000D1FFDF686F817801F003010129217A2E
:1039600050D021F00101217283789B0863F341015B
:1039700021728378DB0863F38201217283781B094B
:1039800063F3C3012172037863F306112172437854
:1039900063F3C711217284F809A0C178A17202797A
:1039A000E17A62F30001E1720279520862F34101A7
:1039B000E17203E029E067E04EE05FE002799208FF
:1039C00062F38201E1720279D20862F3C301E1720B
:1039D0004279217B62F3000121734279520862F33C
:1039E000410121734279920862F382012173407987
:1039F000C00860F3C301217399F8000023282AD975
:103A0000262139E041F00101ADE71827102694B3D3
:103A1000A088FDF793FE00900121A0880CF04EFBDA
:103A20005FEA000900D1FFDFE868A06099F80000B4
:103A300040F0040189F8001099F80100800708D5CA
:103A400084F80CB000980078232866D927210098C4
:103A500052E084F80CA060E015270F265CB1A08826
:103A6000FDF76CFE81460622E868009909F0E9FC42
:103A700084F80EB085E042E048463DE0162709266E
:103A8000ECB3287B207248E0287B19270E26B4B3BC
:103A9000C4F808A0A4F80CA0012807D0022808D078
:103AA00003280CD004280AD0FFDF15E084F808B002
:103AB00001E002202072607A20F003000BE0697BB5
:103AC000042801F00F0141F080012172F3D1607AE6
:103AD00020F00300401C6072A088FDF72FFE054611
:103AE0000078212819D0232800D0FFDF0121A088E9
:103AF0000CF0F6FA22212846FDF78FFC0DE0FFE7D7
:103B0000A8F800600EE00CB16888A080287A10B395
:103B1000012809D002283AD0FFDFA8F800600CB1D4
:103B200027806680002007E415270F26002CE7D0A9
:103B3000A088FDF703FE0121A0880CF0BFFA050064
:103B400000D1FFDFD5F81D000622009909F079FCAD
:103B500084F80EA0E1E717270926002CD0D0A08812
:103B6000FDF7ECFD81460121A0880CF0A7FA0500C5
:103B700000D1FFDF6878800701D5022000E0012036
:103B8000207299F800002328C7D9272174E7192744
:103B90000E26002CB4D0A088FDF7D0FD5FEA000906
:103BA00000D1FFDFC4F808A0A4F80CA084F808A096
:103BB000A07A40F00300A07299F81E10C90961F3C1
:103BC0008200A07299F81F2099F81E1012EAD11FE6
:103BD00005D099F8201001F01F01102925D020F000
:103BE0000800A07299F81F10607A61F3C300607238
:103BF000697A01F0030101298FD140F0040060725D
:103C0000E87A217B60F300012173AA7A607B62F37A
:103C100000006073EA7A520862F341012173A97AC5
:103C2000490861F34100607377E740F00800D8E786
:103C300010B5F84C30B10146102204F1200009F013
:103C400078FB012084F8300010BD10B5044600F068
:103C5000A8FCF04920461022BDE81040203109F0B0
:103C600068BB70B5EB4D06004FF0000412D0FDF7B5
:103C7000E2FA08B110240BE00621304609F0C8FB37
:103C8000411C04D02866012085F85C0000E0072470
:103C9000204670BD0020F7E7007810F00F0204D036
:103CA000012A05D0022A0CD110E0000909D10AE04E
:103CB0000009012807D0022805D0032803D00428D2
:103CC00001D0072070470870002070470620704719
:103CD00005282AD2DFE800F003070F171F00087835
:103CE00020F0FF001EE0087820F00F00401C20F0BC
:103CF000F000103016E0087820F00F00401C20F093
:103D0000F00020300EE0087820F00F00401C20F07A
:103D1000F000303006E0087820F00F00401C20F062
:103D2000F0004030087000207047072070472DE9F0
:103D3000F043804687B00D464FF000090846FDF776
:103D4000C7FAA8B94046FDF7F9FC060003D0307861
:103D500022280BD104E043F2020007B0BDE8F08353
:103D600035B1B07FC10601D4000703D50820F4E7C0
:103D70001020F2E7F07F000701D50D20EDE70027C6
:103D8000012140460CF09AF9040006D101210022DD
:103D900040460CF08AF9040005D0694600F011FC99
:103DA000009818B901E00420D7E7FFDF009802214E
:103DB000E0344170C0F82480446107810121017121
:103DC000297801F00102017E62F3010101762A786F
:103DD000520862F3820101762A78920862F3C301E5
:103DE00001762A78D20862F3041101762421304644
:103DF000FDF713FB01A900980DF05BFE022801D02E
:103E000000B1FFDF4846A8E72DE9FF4F0E46824983
:103E1000904697B09A4607C914AB4FF0000983E863
:103E200007001798FDF78AFC050006D02878262899
:103E300006D008201BB0BDE8F08F43F20200F9E77E
:103E400026B94046FFF7F2F80028F3D10121179870
:103E50000CF034F9040000D1FFDF852E27D007DCF9
:103E6000EEB1812E1DD0822E1DD0832E08D11CE0F4
:103E7000862E1ED0882E1ED0892E1ED08A2E1ED0B1
:103E80000F2020710F281CD004F020F9D8B1012098
:103E90008DF83400201D0E902079B0B126E100206D
:103EA000EFE70120EDE70220EBE70320E9E705203B
:103EB000E7E70620E5E70820E3E70920E1E70A2035
:103EC000DFE70720B6E71120B4E798F80000D4E94F
:103ED0001D764208A87F002162F3C710A87798F8E2
:103EE00000008208E87F62F30000E87798F800009D
:103EF000C209607862F34100607098F8000002091E
:103F0000207862F34710207098F80000C2086078AB
:103F100062F30000607098F80100607198F800008A
:103F200000F00102B07862F30100B070AA7FD209FC
:103F300062F38200B070EA7F62F3C300B07062780F
:103F400062F30410B0702278C0F3C00052093270DE
:103F50006278C2F34002727098F80220F2707171B8
:103F60003171B978C1F3C00108405FEA000B2ED06F
:103F70005046FDF760F978BBDAF80C00FDF75BF905
:103F800050BBDAF81C00FDF756F928BBDAF80C0034
:103F9000A060DAF81C00E06060787A7842EA5001AC
:103FA00061F341006070B978C0B200EA111161F3A9
:103FB000000060700020207705F117006061681C28
:103FC000A061B07800F00300012806D046E06078D8
:103FD0007A7802EA5001E3E719E0B87800F00300CC
:103FE00001283BD1321D711D404600F099FA31790C
:103FF000387901408DF8281070797A7910408DF861
:10400000300001432AD05046FDF715F930B1102099
:1040100010E70000D4010020E8B001000AF1100010
:1040200004F5AE7304F18C028DE80D0000210AAB9B
:104030005A462046FFF73DF80028E9D104F5B07252
:1040400004F1A403CDF800A0CDE9013201210CABAD
:104050005A462046FFF72DF80028D9D1607880070E
:1040600022D4B078B978C0F38000C1F3800108434E
:104070001AD0307814AA397832F810204B00DA4080
:1040800002F00309B9F1030F01D14FF00209BBF1AE
:10409000000F09D0012801D0042805D1012901D041
:1040A000042901D14FF00409A87F40F08000A877CF
:1040B000E97F6BF30001E9776078800706D503207C
:1040C000A071BBF1000F11D100202CE00220B9F14A
:1040D000020F1AD0B9F1010F19D0B9F1040F2AD08B
:1040E0000020A071A87F20F08000A8772521284615
:1040F000FDF793F90DA904F1E0000DF0BFFC10B13C
:10410000022800D0FFDF002094E6A071DCE7A07158
:104110000D22002104F1200009F035F9207840F04B
:104120000200207001208DF84C0013AA2946179830
:1041300000F020FADAE70120A071D7E72DE9F0437B
:1041400087B09046894604460025FDF7F7FA070038
:1041500004D03878272804D00820FEE543F2020076
:10416000FBE5012120460BF0A9FF040000D1FFDF91
:10417000A6795FEA090005D0012821D0B9F1020F24
:1041800026D110E0B8F1000F22D1012E05D0022E69
:1041900005D0032E05D0FFDF2EE00C252CE00125F5
:1041A0002AE0022528E04046FDF745F8B0B9032E85
:1041B0000ED11022414604F11D0009F0BAF81BE0AF
:1041C000012E02D0022E03D104E0B8F1000F13D06B
:1041D0000720C2E54046FDF72EF808B11020BCE5E7
:1041E0001022002104F11D0009F0CDF806214046FF
:1041F00009F00EF9C4F81D002078252140F00200D6
:1042000020703846FDF709F92078C10713D020F057
:104210000100207002208DF8000004F11D000290C2
:104220008DF804506946C3300DF028FC022803D0F5
:1042300010B1FFDF00E0257700208EE530B587B0B4
:104240000D460446FDF77AFA60B1012120460BF0D5
:1042500035FF04000CD02846FCF7EDFF28B11020F4
:1042600007B030BD43F20200FAE72078400701D4DE
:104270000820F5E7294604F13D002022054609F013
:1042800058F8207840F01000207001070FD520F07A
:104290000800207007208DF80000694604F1E00056
:1042A00001950DF0EBFB022801D000B1FFDF0020EB
:1042B000D6E770B50D460646FDF740FA18B100780E
:1042C000272817D102E043F2020070BD01213046D9
:1042D0000BF0F4FE040000D1FFDFA079022809D121
:1042E0006078C00706D02A4621463046FEF772FFA6
:1042F00010B10FE0082070BDB4F860000E280BD29A
:1043000004F1620102231022081F0BF070FD01214D
:1043100001704570002070BD112070BD70B506465B
:1043200014460D460846FCF786FF18B92046FCF7F0
:10433000A8FF08B1102070BDA6F57F40FF380ED051
:104340003046FDF7FBF938B1417822464B08811C15
:104350001846FDF7CEF907E043F2020070BD204693
:10436000FDF753FF0028F9D11021E01D0FF0EFF900
:10437000E21D294604F1170000F033F9002070BD5A
:104380002DE9F04104468AB015460E46002708463E
:10439000FCF79EFF18B92846FCF79AFF18B11020C9
:1043A0000AB0BDE8F0812046FDF7C8F95FEA0008D1
:1043B00004D098F80000272810D102E043F2020050
:1043C000EEE7012120460BF079FE040000D1FFDF6B
:1043D0002078400702D56078800701D40820DFE705
:1043E000D4E91D01497801B18DB1407800B176B1B1
:1043F000ADB1EA1D06A8E16800F0F3F8102206A9A5
:1044000005F1170008F068FF18B1042707E007203E
:10441000C6E71022E91D04F12D0008F08AFF2EB135
:104420001022F11D04F11D0008F083FF20782521E2
:1044300040F0020020704046FCF7EFFF2078C107F3
:1044400015D020F00100207002208DF8000004F14A
:104450001D000290103003908DF804706946B3304F
:104460000DF00CFB022803D010B1FFDF00E027772E
:10447000002095E770B50D4606460BB1072070BDCC
:10448000FDF75CF9040007D02078222802D3A07F32
:10449000800604D4082070BD43F2020070BDADB1A7
:1044A000294630460AF045FD03F02EFC297C4A08D7
:1044B000A17F62F3C711A177297CE27F61F300023B
:1044C000E277297C890884F8201004E030460AF05D
:1044D00053FD03F019FCA17F21F02001A17770BDED
:1044E00070B50D46FDF72AF9040005D02846FCF703
:1044F000C8FE20B1102070BD43F2020070BD2946F5
:104500002046FEF738FE002070BD04E010F8012BB5
:104510000AB100207047491E89B2F7D201207047C6
:1045200010B5C4780B7864F300030B70C47864088A
:1045300064F341030B70C478A40864F382030B7026
:10454000C478E40864F3C3030B700379117863F350
:104550000001117003795B0863F341011170037965
:104560009B0863F3820111700079C00860F3C301F6
:10457000117010BD70B51546064603F0A7FD040086
:1045800000D1FFDF207820F00F00801C20F0F00029
:104590002030207066802868A060BDE8704003F07D
:1045A00099BD10B5134C94F83000002808D104F1DF
:1045B0002001A1F110000DF0A3FA012084F83000D1
:1045C00010BD10B190F8B9202AB10A4890F8350012
:1045D00018B1002003E0B83001E00648343008602C
:1045E000704708B50023009313460A460BF065FF99
:1045F00008BD0000D4010020F0B5007B059F1E46D9
:1046000014460D46012800D0FFDF0C2030803A20F0
:104610003880002C08D0287A032806D0287B01286F
:1046200000D0FFDF17206081F0BDA889FBE72DE9EE
:10463000F04786B0144691F80C900E9A0D46B9F1E9
:10464000010F0BD01021007B2E8A8846052807D049
:10465000062833D0FFDF06B0BDE8F0870221F2E77D
:10466000E8890C2100EB400001EB4000188033206A
:104670001080002CEFD0E889608100271AE00096B6
:10468000688808F1020301AA696900F086FF06EB59
:104690000800801C07EB470186B204EB4102BDF81D
:1046A000040090810DF1060140460E320DF09EFA95
:1046B0007F1CBFB26089B842E1D8CCE734201080BB
:1046C000E889B9F1010F11D0122148430E3018804A
:1046D000002CC0D0E88960814846B9F1010F00D0B4
:1046E0000220207300270DF1040A1FE00621ECE7E9
:1046F0000096688808F1020301AA696900F04DFF7D
:1047000006EB0800801C86B2B9F1010F12D007EB4E
:10471000C70004EB4000BDF80410C18110220AF16B
:104720000201103008F005FE7F1CBFB26089B8425C
:10473000DED890E707EB470104EB4102BDF8040027
:10474000D0810AF10201404610320DF04FFAEBE73A
:104750002DE9F0470E4688B090F80CC096F80C8012
:10476000378AF5890C20109902F10C044FF0000AE9
:10477000BCF1030F08D0BCF1040F3FD0BCF1070F10
:104780007ED0FFDF08B067E705EB850C00EB4C003F
:10479000188031200880002AF4D0A8F1060000F02B
:1047A000FF09558126E01622002101A808F0EBFD43
:1047B00000977088434601AA716900F0EEFEBDF8CB
:1047C00004002080BDF80600E080BDF808002081CC
:1047D000A21C0DF10A0148460DF008FAB9F1000FCC
:1047E00000D018B184F804A0A4F802A007EB0800D8
:1047F00087B20A346D1EADB2D5D2C3E705EB850C86
:1048000000EB4C00188032200880002ABAD0A8F1B2
:10481000050000F0FF09558137E000977088434696
:1048200001AA716900F0B9FE9DF80600BDF80410F8
:10483000E1802179420860F3000162F341018208BE
:1048400062F38201C20862F3C301020962F3041138
:10485000420962F34511820962F386112171C00990
:104860006071BDF80700208122460DF1090148461C
:104870000DF0BCF918B184F802A0A4F800A000E083
:1048800007E007EB080087B20A346D1EADB2C4D250
:1048900078E7A8F1020084B205FB08F000F10E0CE5
:1048A000A3F800C035230B80002AA6D0558194813F
:1048B000009783B270880E32716900F06EFE61E776
:1048C0002DE9F84F1E460A9D0C4681462AB1607AB2
:1048D00000F58070D080E089108199F80C000C27D9
:1048E0004FF000084FF00E0A0D2872D2DFE800F0FA
:1048F0009D070E1B272F374554697272720021469F
:1049000048460095FFF778FEBDE8F88F207B91467A
:10491000082802D0032800D0FFDF3780302009E0CC
:10492000A9F80A80F0E7207B9146042800D0FFDF39
:10493000378031202880B9F1000FF1D1E4E7207BE6
:104940009146042800D0FFDF37803220F2E7207B39
:104950009146022800D0FFDF37803320EAE7207B32
:104960001746022800D0FFDF3420A6F800A02880D8
:10497000002FC9D0A7F80A80C6E7207B1746042875
:1049800000D0FFDF3520A6F800A02880002FBBD084
:104990004046A7F80A8012E0207B1746052802D07F
:1049A000062800D0FFDF1020308036202880002F1E
:1049B000AAD0E0897881A7F80E80B9F80E00B881F6
:1049C000A2E7207B9146072800D0FFDF3780372001
:1049D000B0E72AE04FF0120018804FF038001700BF
:1049E000288091D0E0897881A7F80E80A7F8108000
:1049F00099F80C000A2805D00B2809D00C280DD0F6
:104A0000FFDF81E7207B0A2800D0FFDF01200AE0DA
:104A1000207B0B2800D0FFDF042004E0207B0C2843
:104A200000D0FFDF052038736EE7FFDF6CE770B55D
:104A30000C460546FCF782FE20B10078222804D2FD
:104A4000082070BD43F2020070BD052128460BF01E
:104A500035FB206008B1002070BD032070BD30B46C
:104A60004880087820F00F00C01C20F0F000903043
:104A700001F8080B1DCA81E81D0030BC03F02ABBF9
:104A80002DE9FF4784B00027824602970798904699
:104A90008946123006F043FB401D20F003060798BC
:104AA00028B907A95046FFF7C2FF002854D1B9F131
:104AB000000F05D00798017B19BB052504681BE092
:104AC00098F80000092803D00D2812D0FFDF46E037
:104AD000079903254868B0B3497B428871439142E6
:104AE00039D98AB2B3B2011D0BF06DF904460780C3
:104AF00002E0079C042508340CB1208810B1032D76
:104B000029D02CE007980121123006F03AFBADF8CD
:104B10000C00024602AB2946504604F0D8F80700C4
:104B200001D1A01C029007983A461230C8F8040040
:104B3000A8F802A003A94046029B06F02FFBD8B1BB
:104B40000A2817D200E006E0DFE800F00709141495
:104B5000100B0D141412132014E6002012E611207D
:104B600010E608200EE643F203000BE6072009E6F4
:104B70000D2007E6032005E6BDF80C002346CDE92D
:104B800000702A465046079900F017FD57B9032DCB
:104B900008D10798B3B2417B406871438AB2011DC6
:104BA0000BF025F9B9F1000FD7D0079981F80C90D7
:104BB000D3E72DE9FE4F91461A881C468A46804667
:104BC000FAB102AB494604F082F8050019D040461C
:104BD000A61C27880BF0B7FB3246072629463B4622
:104BE00000960AF0D6FF20882346CDE900504A46B9
:104BF0005146404600F0E1FC002020800120BDE845
:104C0000FE8F0020FBE710B586B01C46AAB1042336
:104C10008DF800301388ADF808305288ADF80A20BE
:104C20008A788DF80E200988ADF80C1000236A46AA
:104C30002146FFF725FF06B010BD1020FBE770B539
:104C40000D4605210BF03AFA040000D1FFDF29469A
:104C500004F11200BDE8704006F07CBA2DE9F8437B
:104C60000D468046002603F031FA044628781028C5
:104C700078D2DFE800F0773B3453313112313131F3
:104C80000831313131312879001FC0B2022801D0FA
:104C9000102810D114BBFFDF35E004B9FFDF052178
:104CA00040460BF00BFA007B032806D004280BD0FB
:104CB000072828D0FFDF072655E02879801FC0B2DB
:104CC000022820D050B1F6E72879401FC0B2022850
:104CD00019D0102817D0EEE704B9FFDF13E004B9AC
:104CE000FFDF287901280ED1172137E00521404642
:104CF0000BF0E4F9070000D1FFDF07F11201404695
:104D000006F005FA2CB12A4621464046FFF7A7FED9
:104D100029E013214046FDF743FD24E004B9FFDFFD
:104D2000052140460BF0CAF9060000D1FFDF6946B5
:104D300006F1120006F0F5F9060000D0FFDFA988A1
:104D4000172901D2172200E00A46BDF8000082426E
:104D500002D9014602E005E01729C5D3404600F01C
:104D60003CFCD0E7FFDF3046BDE8F883401D20F073
:104D7000030219B102FB01F0001D00E00020104405
:104D8000704713B5009848B1002468460AF0C5FF83
:104D9000002C02D1F74A009911601CBD01240020AB
:104DA000F4E72DE9F0470C46154624220021204661
:104DB00008F0E9FA05B9FFDFA87860732888DFF802
:104DC000B4A3401D20F00301AF788946DAF8000053
:104DD0000AF0C1FF060000D1FFDF4FF00008266097
:104DE000A6F8008077B109FB07F1091D0AD0DAF8AF
:104DF00000000AF0B0FF060000D1FFDF6660C6F8D1
:104E0000008001E0C4F80480298804F11200BDE8A4
:104E1000F04706F06DB92DE9F047804601F1120028
:104E20000D46814606F07BF9401DD24F20F003026B
:104E30006E7B1446296838680AF0B8FF3EB104FB5F
:104E400006F2121D03D0696838680AF0AFFF05202A
:104E50000BF0E0F8044605200BF0E4F8201A0128D6
:104E600002D138680AF06CFF49464046BDE8F04779
:104E700006F054B970B5054605210BF01FF9040082
:104E800000D1FFDF04F112012846BDE8704006F0B2
:104E90003EB92DE9F04F91B04FF0000BADF834B0B2
:104EA000ADF804B047880C460546924605213846C1
:104EB0000BF004F9060000D1FFDF24B1A780A4F8AD
:104EC00006B0A4F808B0297809220B20B2EB111F14
:104ED0007ED12A7A04F1100138274FF00C084FF0E8
:104EE00001090391102A74D2DFE802F073F3F2F1A2
:104EF0008008D3898EA03DDCF4EFB7B7307B022861
:104F000000D0FFDFA88908EBC001ADF80410302104
:104F1000ADF83410002C25D06081B5F80E90002734
:104F20001DE004EBC708317C88F80E10F189A8F861
:104F30000C10CDF800906888042304AA296900F0B9
:104F40002CFBBDF81010A8F8101009F10400BDF8F2
:104F500012107F1C1FFA80F9A8F81210BFB26089E6
:104F6000B842DED80EE1307B022800D0FFDFE989AD
:104F700008EBC100ADF804003020ADF83400287B08
:104F80000A90001FC0B20F90002CEBD06181B5F8E1
:104F90001090002726E000BFCDF80090688869696E
:104FA00003AA0A9B00F0F9FA0A9804EBC7084844E0
:104FB0001FFA80F908F10C0204A90F980CF016FEF4
:104FC00018B188F80EB0A8F80CB0BDF80C1001E0CC
:104FD000D4E0D1E0A8F81010BDF80E107F1CA8F89E
:104FE0001210BFB26089B842D6D8CBE00DA80090AD
:104FF00001AB224629463046FFF719FBC2E0307B61
:10500000082805D0FFDF03E0307B082800D0FFDF51
:10501000E8891030ADF804003620ADF83400002CDB
:105020003FD0A9896181F189A18127E0307B0928DE
:1050300000D0FFDFA88900F10C01ADF80410372182
:10504000ADF83410002C2CD06081E8890090AB8939
:10505000688804F10C02296956E0E889392110308A
:1050600080B2ADF80400ADF83410002C74D0A989DA
:105070006181287A0E280AD002212173E989E18111
:10508000288A0090EB8968886969039A3CE00121CD
:10509000F3E70DA8009001AB224629463046FFF702
:1050A00057FB6FE0307B0A2800D0FFDF1220ADF8FD
:1050B0000400ADF834704CB3A9896181A4F810B034
:1050C000A4F80EB084F80C905CE020E002E031E03F
:1050D00039E042E0307B0B2800D0FFDF288AADF8B2
:1050E00034701230ADF8040084B104212173A98911
:1050F0006181E989E181298A2182688A00902B8A6D
:10510000688804F11202696900F047FA3AE0307BDE
:105110000C2800D0FFDF1220ADF80400ADF8347089
:105120003CB305212173A4F80AB0A4F80EB0A4F88A
:1051300010B027E00DA8009001AB2246294630466A
:10514000FFF75AFA1EE00DA8009001AB224629464F
:105150003046FFF7B5FB15E034E03B21ADF8040025
:10516000ADF8341074B3A4F80690A4F808B084F82D
:105170000AB007E010000020FFDF03E0297A0129D0
:1051800017D0FFDFBDF80400AAF800006CB1BDF82D
:1051900034002080BDF804006080BDF83400392858
:1051A00003D03C2801D086F80CB011B00020BDE837
:1051B000F08F3C21ADF80400ADF8341014B1697AD9
:1051C000A172DFE7AAF80000EFE72DE9F84356885F
:1051D0000F4680461546052130460AF06FFF040051
:1051E00000D1FFDF123400943B46414630466A68E6
:1051F00006F008F9B8E570B50D4605210AF05EFF26
:10520000040000D1FFDF294604F11200BDE8704020
:1052100005F092BF70B50D4605210AF04FFF04005E
:1052200000D1FFDF294604F11200BDE8704005F00F
:10523000B0BF70B5054605210AF040FF040000D15B
:10524000FFDF04F1080321462846BDE87040042230
:10525000AFE470B5054605210AF030FF040000D127
:10526000FFDF214628462368BDE870400522A0E400
:1052700070B5064605210AF021FF040000D1FFDFCA
:1052800004F1120005F04BFF401D20F0030511E072
:10529000011D00880322431821463046FFF789FC90
:1052A00000280BD0607BABB2684382B26068011DFE
:1052B0000AF0D3FD606841880029E9D170BD70B55E
:1052C0000E46054602F002FF040000D1FFDF012078
:1052D000207266726580207820F00F00C01C20F0DC
:1052E000F00030302070BDE8704002F0F3BE2DE9D0
:1052F000F0438BB00D461446814606A9FFF797FB95
:10530000002814D14FF6FF7601274FF420588CB1B6
:1053100003208DF800001020ADF8100007A80590BC
:1053200007AA204604A90CF080FC78B107200BB036
:10533000BDE8F0830820ADF808508DF80E708DF8A8
:105340000000ADF80A60ADF80C800CE00698A1787A
:1053500001742188C1818DF80E70ADF80850ADF848
:105360000C80ADF80A606A4602214846069BFFF7AA
:1053700087FBDCE708B501228DF8022042F6020225
:10538000ADF800200A4603236946FFF73CFC08BD40
:1053900008B501228DF8022042F60302ADF8002084
:1053A0000A4604236946FFF72EFC08BD00B587B006
:1053B00079B102228DF800200A88ADF808204988CA
:1053C000ADF80A1000236A460521FFF759FB07B024
:1053D00000BD1020FBE709B1072314E40720704744
:1053E00070B588B00D461446064606A9FFF71FFBA8
:1053F00000280ED17CB10620ADF808508DF80000D1
:10540000ADF80A40069B6A460821DC813046FFF76A
:1054100037FB08B070BD05208DF80000ADF80850CE
:10542000F0E700B587B059B107238DF80030ADF82B
:105430000820039100236A460921FFF721FBC6E7F4
:105440001020C4E770B588B00C460646002506A9B2
:10545000FFF7EDFA0028DCD106980121123005F0A3
:1054600090FE9CB12178062921D2DFE801F02005C9
:1054700005160318801E80B2C01EE28880B20AB1F1
:10548000A3681BB1824203D90C20C2E71020C0E7F9
:10549000042904D0A08850B901E00620B9E7012909
:1054A00013D0022905D004291CD005292AD00720B1
:1054B000AFE709208DF800006088ADF80800E088AB
:1054C000ADF80A00A068039023E00A208DF80000E0
:1054D0006088ADF80800E088ADF80A00A0680A25E9
:1054E000039016E00B208DF800006088ADF80800EE
:1054F000A088ADF80A00E088ADF80C00A0680B2584
:10550000049006E00C208DF8000060788DF808000B
:105510000C256A4629463046069BFFF7B1FA78E724
:1055200000B587B00D228DF80020ADF808100023DB
:105530006A461946FFF7A4FA49E700B587B071B18A
:1055400002228DF800200A88ADF808204988ADF8BD
:105550000A1000236A460621FFF792FA37E7102067
:1055600035E770B586B0064601200D46ADF8081047
:105570008DF80000014600236A463046FFF780FAA6
:10558000040008D12946304601F006FB00213046D0
:1055900001F020FB204606B070BDF8B51C4615464C
:1055A0000E46069F0AF0BDFE2346FF1DBCB23146E3
:1055B0002A4600940AF0B9FAF8BD30B41146DDE984
:1055C00002423CB1032903D0002330BC04F013BCD9
:1055D0000123FAE71A8030BC704770B50C460546C7
:1055E000FFF72DFB2146284601F0E5FA2846BDE8E5
:1055F0007040012101F0EEBA18B18178012938D14B
:1056000001E010207047018842F60112881A914289
:1056100031D018DC42F60102A1EB020091422AD0FF
:105620000CDC41B3B1F5C05F25D06FF4C050081851
:1056300021D0A0F57060FF381BD11CE001281AD0E2
:1056400002280AD117E0B0F5807F14D008DC0128C9
:1056500011D002280FD003280DD0FF2809D10AE06D
:10566000B0F5817F07D0A0F58070033803D0012802
:1056700001D0002070470F2070470A281FD008DC97
:105680000A2818D2DFE800F0191B1F1F171F231D5F
:105690001F21102815D008DC0B2812D00C2810D0A0
:1056A0000D2816D00F2806D10DE011280BD0842824
:1056B0000BD087280FD003207047002070470520AB
:1056C0007047072070470F2070470420704706205E
:1056D00070470C20704743F20200704738B50C4603
:1056E000050041D06946FEF7D7FA002819D19DF888
:1056F0000010607861F3020060706946681CFEF774
:10570000CBFA00280DD19DF80010607861F3C50038
:105710006070A978C1F34101012903D0022905D0A5
:10572000072038BD217821F0200102E0217841F0E6
:1057300020012170410704D0A978C90861F38610BF
:105740006070607810F0380F07D0A978090961F30C
:10575000C710607010F0380F02D16078400603D592
:10576000207840F040002070002038BD70B504461D
:105770000020088015466068FFF7B0FF002816D1AA
:105780002089A189884211D860688078C0070AD032
:10579000B1F5007F0AD840F20120B1FBF0F200FB26
:1057A0001210288007E0B1F5FF7F01D90C2070BDF1
:1057B00001F201212980002070BD10B50478137812
:1057C00064F3000313700478640864F341031370F6
:1057D0000478A40864F3820313700478E40864F383
:1057E000C30313700478240964F30413137004785A
:1057F000640964F3451313700078800960F386131D
:10580000137031B10878C10701D1800701D501209B
:1058100000E0002060F3C713137010BD42785307F7
:1058200002D002F0070306E012F0380F02D0C2F3F4
:10583000C20300E001234A7863F302024A70407811
:1058400010F0380F02D0C0F3C20005E0430702D0C9
:1058500000F0070000E0012060F3C5024A707047C5
:105860002DE9F04F95B00D00824613D01222002191
:10587000284607F088FD4FF6FF7B05AA0121584610
:1058800007F049FB0024264637464FF420586FF4B2
:10589000205972E0102015B0BDE8F08F9DF81E0071
:1058A00001280AD1BDF81C1041450BD011EB0900AD
:1058B0000AD001280CD002280CD0042C0ED0052CC4
:1058C0000FD10DE0012400E00224BDF81A6008E0C9
:1058D000032406E00424BDF81A7002E0052400E069
:1058E0000624BDF81A10514547D12C74BEB34FF0B1
:1058F000000810AA4FF0070ACDE90282CDE900A8FE
:105900000DF13C091023CDF810904246314658461F
:1059100007F0D1FB08BBBDF83C002A46C0B210A975
:105920000CF064F9C8B9AE81CFB1CDE900A80DF192
:10593000080C0AAE40468CE8410213230022394687
:10594000584607F0B8FB40B9BDF83C00F11CC01E3A
:10595000C0B22A1D0CF04AF910B103209BE70AE0FF
:10596000BDF82900E881062C05D19DF81E00A8721B
:10597000BDF81C00288100208DE705A807F0D7FAA4
:1059800000288BD0FFF779FE85E72DE9F0471C460C
:10599000DDE90978DDF8209015460E00824600D139
:1059A000FFDF0CB1208818B1D5B11120BDE8F08718
:1059B000022D01D0012100E0002106F1140006F0C3
:1059C00073F9A8F8000002463B462946504603F00A
:1059D0007EF9C9F8000008B9A41C3C600020E5E786
:1059E0001320E3E7F0B41446DDE904528DB100233F
:1059F00014B1022C09D101E0012306E00D7CEE0771
:105A000003D025F0010501230D742146F0BC04F0FC
:105A1000F2B91A80F0BC70472DE9FE4F91461A8802
:105A20001C468A468046FAB102AB494603F04FF95C
:105A3000050019D04046A61C27880AF084FC32468F
:105A4000072629463B4600960AF0A3F820882346FD
:105A5000CDE900504A4651464046FFF7C3FF0020BB
:105A600020800120BDE8FE8F0020FBE72DE9F047F4
:105A700086B082460EA8904690E8B000894604AAF7
:105A800005A903A88DE807001E462A462146504670
:105A9000FFF77BFF039901B101213970002818D16C
:105AA000FA4904F1140204AB0860039805998DE8E3
:105AB000070042464946504606F0A9FCA8B109280D
:105AC00011D2DFE800F005080510100A0C0C0E00DA
:105AD000002006B06AE71120FBE70720F9E708205D
:105AE000F7E70D20F5E70320F3E7BDF81010039862
:105AF000CDE9000133462A4621465046FFF772FFA2
:105B0000E6E72DE9F04389B01646DDE910870D463A
:105B100081461C461422002103A807F034FC012012
:105B200002218DF810108DF80C008DF81170ADF871
:105B3000146064B1A278D20709D08DF81600E0880D
:105B4000ADF81A00A088ADF81800A068079008A862
:105B50000095CDE90110424603A948466B68FFF75E
:105B600085FF09B0BDE8F083F0B58BB00024064690
:105B7000069407940727089405A8099401940097B0
:105B80000294CDE903400D4610232246304607F02B
:105B900092FA78B90AA806A9019400970294CDE96F
:105BA0000310BDF8143000222946304607F021F8D2
:105BB000002801D0FFF761FD0BB0F0BD06F0B2BECA
:105BC0002DE9FC410C468046002602F07FFA05468E
:105BD00020780D287ED2DFE800F0BC0713B325BD86
:105BE00049496383AF959B00A848006820B141787C
:105BF00041F010014170ADE0404602F099FAA9E091
:105C0000042140460AF05AFA070000D1FFDF07F1ED
:105C10001401404605F0DDFFA5BB13214046FCF70B
:105C2000BFFD97E0042140460AF048FA070000D182
:105C3000FFDFE088ADF800000020B8819DF800008B
:105C4000010704D5C00602D5A088B88105E09DF8FB
:105C5000010040067ED5A088F88105B9FFDF224605
:105C60002946404601F0C0FC022673E0E188ADF809
:105C700000109DF8011009060FD5072803D006284B
:105C80000AD00AE024E0042140460AF017FA060090
:105C900000D1FFDFA088F0810226CDB9FFDF17E039
:105CA000042140460AF00AFA070000D1FFDF07F19D
:105CB000140006F06EFE90F0010F02D1E0790006AC
:105CC00048D5387C022640F00200387405B9FFDF61
:105CD000224600E03DE02946404601F085FC39E0DF
:105CE000042140460AF0EAF9017C002D01F0020689
:105CF000C1F340016171017C21F002010174E7D11F
:105D0000FFDFE5E702260121404602F043FA21E0E9
:105D1000042140460AF0D2F90546606800902089C7
:105D2000ADF8040001226946404602F054FA287C8E
:105D300020F0020028740DE0002DC9D1FFDFC7E775
:105D4000022600214046FFF765FA002DC0D1FFDF93
:105D5000BEE7FFDF3046BDE8FC813EB50C0009D050
:105D600001466B4601AA002007F02AFA20B1FFF78E
:105D700084FC3EBD10203EBD00202080A0709DF818
:105D8000050002A900F00700FDF7A2FF50B99DF839
:105D9000080020709DF8050002A9C0F3C200FDF7BD
:105DA00097FF08B103203EBD9DF8080060709DF884
:105DB0000500C109A07861F30410A0709DF80510DA
:105DC000890961F3C300A0709DF80410890601D50C
:105DD000022100E0012161F342009DF8001061F30F
:105DE0000000A07000203EBD70B5144606460D466A
:105DF00051EA040005D075B10846FBF760FA78B99E
:105E000001E0072070BD2946304607F040FA10B186
:105E1000BDE8704031E454B12046FBF750FA08B1B8
:105E2000102070BD21463046BDE8704095E7002047
:105E300070BD2DE9FC5F0C469046054600270178B1
:105E40000822007A3E46B2EB111F7DD104F10A010F
:105E500000910A31821E4FF0020A04F1080B0191F1
:105E6000092A72D2DFE802F0EDE005F528287BAAC6
:105E7000CE00688804210AF021F9060000D1FFDF76
:105E8000B08928B152270726C3E00000380200205D
:105E900051271026002C7DD06888A0800120A07199
:105EA000A88900220099FFF79FFF002873D1A889D5
:105EB0002081288AE081D1E0B5F81290072824D10A
:105EC000E87B000621D5512709F1140086B2002C89
:105ED000E1D0A88900220099FFF786FF00285AD157
:105EE0006888A08084F806A0A88920810120A0737A
:105EF000288A2082A4F81290A88A009068884B46CD
:105F0000A969019A01F04CFBA8E0502709F11200A1
:105F100086B2002C3ED0A88900225946FFF764FFC4
:105F2000002838D16888A080A889E080287A0728CE
:105F300013D002202073288AE081E87BC0096073B7
:105F4000A4F81090A88A01E085E082E000906888BB
:105F50004B4604F11202A969D4E70120EAE7B5F83B
:105F60001290512709F1140086B2002C66D068887F
:105F700004210AF0A3F883466888A080A88900223B
:105F80000099FFF731FF00286ED184F806A0A88998
:105F9000208101E052E067E00420A073288A20827B
:105FA000A4F81290A88A009068884B46A969019AC3
:105FB00001F0F6FAA989ABF80E104FE06888FBF7FC
:105FC000BDFB0746688804210AF078F8064607B941
:105FD000FFDF06B9FFDF687BC00702D05127142618
:105FE00001E0502712264CB36888A080502F06D0BD
:105FF00084F806A0287B594601F0E2FA2EE0287BBF
:10600000A11DF9E7FE49A8894989814205D1542794
:1060100006269CB16888A08020E053270BE06888A2
:10602000A080A889E08019E0688804210AF046F879
:1060300000B9FFDF55270826002CF0D1A8F8006032
:1060400011E056270726002CF8D06888A080002091
:1060500013E0FFDF02E0012808D0FFDFA8F80060AE
:106060000CB1278066800020BDE8FC9F57270726DB
:10607000002CE3D06888A080687AA071EEE7401D0C
:1060800020F0030009B14143091D01EB40007047B6
:1060900013B5DB4A00201071009848B1002468460F
:1060A00009F03BFE002C02D1D64A009911601CBDBC
:1060B00001240020F4E770B50D461446064686B06C
:1060C0005C220021284607F05EF904B9FFDFA078C2
:1060D0006874A2782188284601F09DFA0020A881E2
:1060E000E881228805F11401304605F056FD6A4624
:1060F0000121304606F00FFF1AE000BF9DF80300B3
:10610000000715D5BDF806103046FFF72DFD9DF8A8
:106110000300BDF8061040F010008DF80300BDF834
:106120000300ADF81400FF233046059A07F077F816
:10613000684606F0FCFE0028E0D006B070BD10B541
:106140000C4601F1140005F060FD0146627C20461A
:10615000BDE8104001F094BA30B50446A84891B0AB
:106160004FF6FF75C18905AA284606F0D4FE30E037
:106170009DF81E00A0422AD001282AD1BDF81C009B
:10618000B0F5205F03D042F60101884221D1002002
:1061900002AB0AAA0CA9019083E80700072000902F
:1061A000BDF81A1010230022284606F084FF38B9E3
:1061B000BDF828000BAAC0B20CA90BF017FD10B156
:1061C000032011B030BD9DF82E00A04201D1002067
:1061D000F7E705A806F0ABFE0028C9D00520F0E7D8
:1061E00070B50546042109F069FF040000D1FFDF06
:1061F00004F114010C46284605F0EBFC2146284624
:10620000BDE8704005F0ECBC70B58AB00C4606469F
:10621000FBF794FA050014D02878222827D30CB174
:10622000A08890B101208DF80C0003208DF810009B
:1062300000208DF8110054B1A088ADF81800206836
:1062400007E043F202000AB070BD0920FBE7ADF899
:10625000180005900421304609F030FF040000D1F9
:10626000FFDF04F1140005F0E6FC000701D408206C
:10627000E9E701F02BFF60B108A802210094CDE905
:10628000011095F8232003A930466368FFF7EEFB61
:10629000D9E71120D7E72DE9F04FB2F802A08346E5
:1062A00089B0154689465046FBF748FA074604214F
:1062B000504609F003FF0026044605964FF00208F9
:1062C0000696ADF81C6007B9FFDF04B9FFDF414651
:1062D000504603F0DAFE50B907AA06A905A88DE8D2
:1062E00007004246214650466368FFF74EFB44488C
:1062F00007AB0660DDE9051204F11400CDF800904B
:10630000CDE90320CDE9013197F8232059465046C5
:106310006B6805F0D9FC06000AD0022E04D0032ECB
:1063200014D0042E00D0FFDF09B03046BDE8F08F56
:10633000BDF81C000028F7D00599CDE900104246B1
:10634000214650466368FFF74DFBEDE7687840F063
:1063500008006870E8E72DE9F04F99B004464FF067
:1063600000082748ADF81C80ADF82080ADF82480E7
:10637000A0F80880ADF81480ADF81880ADF82C8036
:10638000ADF82880007916460D464746012808D00A
:10639000022806D0032804D0042802D0082019B00F
:1063A000C4E72046FAF747FF70BB2846FAF743FFD9
:1063B00050BB6068FAF78CFF30BB606848B16089F9
:1063C0002189884202D8B1F5007F01D90C20E6E787
:1063D00080460EAA06A92846FFF7C8F90028DED194
:1063E00068688078C0F34100022808D19DF8190040
:1063F00010F0380F03D02869FAF761FF20B904E0E4
:10640000380200201400002022E005A92069FFF7CF
:1064100065F90028C3D1206948B1607880079DF8EC
:10642000150000F0380001D5F0B300E0E0BB9DF8A6
:10643000140080060ED59DF8150010F0380F03D01B
:106440006068FAF73CFF18B96068FAF741FF08B1D5
:106450001020A4E70AA96069FFF740F900289ED13F
:10646000606940B19DF8290000F0070101293CD185
:1064700010F0380F39D00BA9A069FFF72FF90028C9
:106480008DD19DF8280080062FD49DF82C00800621
:106490002BD4A06950B19DF82D0000F0070101290F
:1064A00023D110F0380F00E01FE01ED0E06818B1D3
:1064B0000078D0B11C2818D20FAA611C2046FFF723
:1064C0007CF90121384661F30F2082468DF8521085
:1064D000B94642F603000F46ADF850000DF13F02F9
:1064E00018A928680BF0A1FB08B1072057E79DF811
:1064F000600015A9CDF80090C01CCDE9019100F015
:10650000FF0B00230BF20122514614A806F02EFCCB
:10651000F0BBBDF854000C90FE482A89296900920E
:10652000CDE901106B89BDF838202868069906F07E
:106530001DFC01007ED120784FF0020AC10601D473
:1065400080062BD5CDF80C90606950B90AA906A831
:10655000FFF764F99DF8290020F00700401C8DF832
:1065600029009DF8280008A940F0C8008DF82800EF
:106570008DF8527042F60210ADF8500003AACDF823
:1065800000A0CDE90121002340F2032214A800E07D
:106590001EE00A9906F0EAFB01004BD1DD484D46AA
:1065A00008385B460089ADF83D000FA8CDE90290A0
:1065B000CDF80490CDF810904FF007090022CDF8E7
:1065C0000090BDF854104FF6FF7006F012FB10B1AA
:1065D000FFF753F8E3E69DF83C00000624D5294672
:1065E000012060F30F218DF852704FF42450039571
:1065F000ADF8500062789DF80C00002362F30000B3
:106600008DF80C006278CDF800A0520862F34100CA
:106610008DF80C0003AACDE9012540F2032214A84D
:1066200006F0A4FB010005D1606888B32069A8B911
:1066300005A900E084E006A8FFF7F0F8607880077D
:1066400006D49DF8150020F038008DF8150005E0FF
:106650009DF8140040F040008DF814008DF8527041
:1066600042F60110ADF85000208940F20121B0FB44
:10667000F1F201FB1202606809ABCDF80080CDE9B0
:106680000103002314A8059906F070FB010057D1FF
:106690002078C00728D00395A06950B90BA906A897
:1066A000FFF7BCF89DF82D0020F00700401C8DF886
:1066B0002D009DF82C008DF8527040F040008DF8B0
:1066C0002C0042F60310ADF8500007A903AACDF83C
:1066D00000A0CDE90121002340F2032214A80B9968
:1066E00006F044FB01002BD1E06868B32946012085
:1066F00060F30F218DF8527042F60410ADF850008F
:10670000E068002302788DF8582040788DF8590011
:10671000E06816AA4088ADF85A00E06800798DF864
:106720005C00E068C088ADF85D00CDF80090CDE970
:1067300001254FF4027214A806F018FB010003D0E3
:106740000C9800F0C9FF2AE672480321083801714D
:1067500056B100893080BDF824007080BDF820005B
:10676000B080BDF81C00F080002018E670B501254F
:106770008AB016460B46012802D0022816D104E042
:106780008DF80E504FF4205003E08DF80E5042F675
:106790000100ADF80C005BB10024601C60F30F2415
:1067A00004AA08A918460BF040FA18B107204AE5D8
:1067B000102048E504A99DF820205648CDE9002185
:1067C000801E02900023214603A802F2012206F057
:1067D000CDFA10B1FEF751FF35E54E4808380EB13D
:1067E000C1883180057100202DE5F0B593B00746D2
:1067F00001268DF83E6041F60100ADF83C0012AA7A
:106800000FA93046FFF7B2FF002849D1414C0025BF
:10681000083CEFB31C22002102A806F0B4FD9DF84D
:1068200008008DF83E6040F020008DF8080042F628
:106830000520ADF83C000E959DF83A00119520F02A
:106840000600801C8DF83A009DF838006A4620F05A
:10685000FF008DF838009DF8390009A920F0FF00ED
:106860008DF839000420ADF82C00ADF830000EA8EA
:106870000A9011A80D900FA80990ADF82E5002A80B
:10688000FFF769FD00280BD1BDF80000608100E032
:1068900008E0BDF80400A081401CE08125710020C3
:1068A00013B0F0BD6581A581BDF84800F4E72DE97E
:1068B000F74F1849A0B00024083917940A79A14667
:1068C000012A04D0022A02D0082023B02EE5CA886B
:1068D000824201D00620F8E721988A46824201D1FF
:1068E0000720F2E70120214660F30F21ADF84800B0
:1068F0004FF6FF780691ADF84A808DF86E0042F6AB
:10690000020B8DF872401CA9ADF86CB0ADF8704068
:10691000139101E040020020ADF8508012A806F06B
:1069200035FB00252E462F460DAB072212A9404607
:1069300006F02FFB78B10A285DD195B38EB3ADF880
:106940006450ADF866609DF85E008DF8144019AC97
:10695000012864D06BE09DF83A001FB3012859D19B
:10696000BDF8381059451FD118A809A901940294FF
:10697000CDE9031007200090BDF836101023002247
:10698000404606F098FBB0BBBDF86000042801D07B
:1069900006284AD1BDF82410219881423AD10F200F
:1069A00093E73AE0012835D1BDF83800B0F5205F13
:1069B00003D042F6010188422CD1BAF80600BDF896
:1069C0003610884201D1012700E0002705B19EB1B1
:1069D000219881421ED118A809AA01940294CDE9F8
:1069E0000320072000900D4610230022404606F0A9
:1069F00062FB00B902E02DE04E460BE0BDF86000FE
:106A0000022801D0102810D1C0B217AA09A90BF092
:106A1000EDF850B9BDF8369086E7052055E705A991
:106A200017A8221D0BF001F908B103204DE79DF8CE
:106A300014000023001DC2B28DF814202298009289
:106A4000CDE901401BA8069906F090F910B9022281
:106A50008AF80420FEF711FE37E710B50B46401EFA
:106A600088B084B205AA00211846FEF7A6FE0020D1
:106A70000DF1080C06AA05A901908CE80700072073
:106A800000900123002221464FF6FF7006F0B1F876
:106A90000446BDF81800012800D0FFDF2046FEF7AD
:106AA000ECFD08B010BDF0B5F74F044687B038795B
:106AB0000E46032804D0042802D0082007B0F0BDF9
:106AC00004AA03A92046FEF751FE0500F6D160682E
:106AD0008078C0F3410002280AD19DF80D0010F023
:106AE000380F05D02069FAF7EAFB08B11020E5E776
:106AF000208905AA21698DE807006389BDF8102067
:106B00002068039906F032F910B1FEF7B6FDD5E71B
:106B100016B1BDF814003080042038712846CDE746
:106B2000F8B50C0006460CD001464FF6FF75002361
:106B30006A46284606F044FB28B100BFFEF79DFDDB
:106B4000F8BD1020F8BD69462046FEF7C7FD0028B5
:106B5000F8D1A078314600F001032846009A06F0EB
:106B60005EFBEBE730B587B0144600220DF1080C50
:106B700005AD01928CE82C00072200920A460146DE
:106B800023884FF6FF7006F034F8BDF8141021800A
:106B9000FEF773FD07B030BD70B50D46042109F056
:106BA0008DFA040000D1FFDF294604F11400BDE88E
:106BB000704005F039B870B50D46042109F07EFA31
:106BC000040000D1FFDF294604F11400BDE8704045
:106BD00005F04DB870B50D46042109F06FFA0400B8
:106BE00000D1FFDF294604F11400BDE8704005F034
:106BF00065B870B50546042109F060FA040000D1BB
:106C0000FFDF214628462368BDE870400122FEF7D9
:106C100003BF70B50646042109F050FA040000D104
:106C2000FFDF04F1140004F0F0FF401D20F0030525
:106C300011E0011D00880022431821463046FEF76E
:106C4000EBFE00280BD0607CABB2684382B2A06838
:106C5000011D09F002F9A06841880029E9D170BD41
:106C600070B50546042109F029FA040000D1FFDFC0
:106C7000214628466368BDE870400222FEF7CCBE7C
:106C800070B50E46054601F021FA040000D1FFDF81
:106C90000120207266726580207820F00F00001DB0
:106CA00020F0F00040302070BDE8704001F012BAD2
:106CB00010B50446012900D0FFDF2046BDE8104092
:106CC0000121FEF7A7BA2DE9F04F97B04FF0000A67
:106CD0000C008346ADF814A0D04619D0E06830B15E
:106CE000A068A8B10188ADF81410A0F800A058461B
:106CF000FAF724FD070043F2020961D03878222810
:106D00005CD30421584609F0D9F9050005D103E008
:106D1000102017B0BDE8F08FFFDF05F1140004F07C
:106D200074FF401D20F00306A078012803D002283C
:106D300001D00720EDE7218807AA584606F0EBF8B6
:106D400030BB07A806F0F3F810BB07A806F0EFF871
:106D500048B99DF82600012805D1BDF82400A0F50A
:106D60002451023902D04FF45050D2E7E068B0B15C
:106D7000CDE902A00720009005AACDF804A0049256
:106D8000A2882188BDF81430584605F032FF10B1B2
:106D9000FEF773FCBDE7A168BDF8140008809DF8FC
:106DA0001F00C00602D543F20140B2E70B9838B18C
:106DB000A1780078012905D080071AD40820A8E717
:106DC0004846A6E7C007F9D002208DF83C00A86825
:106DD0004FF00009A0B1697C4288714391420FD9FC
:106DE0008AB2B3B2011D08F0EEFF8046A0F800A001
:106DF00006E003208DF83C00D5F800804FF0010933
:106E00009DF8200010F0380F00D1FFDF9DF8200022
:106E10001E49C0F3C200084497F8231010F8010C73
:106E2000884201D90F2074E72088ADF8400014A9EA
:106E30000095CDE90191434607220FA95846FEF778
:106E400015FE002891D19DF8500050B9A078012876
:106E500007D1687CB3B2704382B2A868011D08F004
:106E6000C6FF002055E770B5064615460C46084695
:106E7000FEF7C2FB002805D12A4621463046BDE870
:106E8000704073E470BD12E538020020F2B00100DA
:106E900070B51E4614460D0009D044B1616831B189
:106EA00038B1FC49C988814203D0072070BD102049
:106EB00070BD2068FEF7A0FB0028F9D132462146BC
:106EC0002846BDE87040FFF746BA70B515460C007D
:106ED00006D038B1EF490989814203D0072070BD3F
:106EE000102070BD2068FEF787FB0028F9D12946E5
:106EF0002046BDE87040D6E570B5064686B00D4622
:106F000014461046FAF7BDF9D0BB6068FAF7E0F90D
:106F1000B0BBA6F57F40FF3803D03046FAF70EFC31
:106F200080B128466946FEF79BFC00280CD19DF8ED
:106F300010100F2008293DD2DFE801F008060606F0
:106F4000060A0A0843F2020006B070BD0320FBE700
:106F50009DF80210012908D1BDF80010B1F5C05FFD
:106F6000F2D06FF4C052D142EED09DF80610012944
:106F70000DD1BDF80410A1F52851062907D200E073
:106F800029E0DFE801F0030304030303DCE79DF8D5
:106F90000A1001290FD1BDF80810B1F5245FD3D034
:106FA000A1F60211B1F50051CED00129CCD00229B1
:106FB00001D1C9E7FFDF606878B9002305AA294637
:106FC000304606F0FDF810B1FEF757FBBCE79DF820
:106FD0001400800601D41020B6E7618822462846B6
:106FE0006368FFF7BFFDAFE72DE9F043814687B047
:106FF000884614461046FAF744F918B1102007B035
:10700000BDE8F083002306AA4146484606F0D8F8BA
:1070100018B100BFFEF731FBF1E79DF81800C0067C
:1070200002D543F20140EAE70025072705A80195AC
:1070300000970295CDE9035062884FF6FF734146F1
:10704000484606F038F8060013D16068FAF719F9D7
:1070500060B960680195CDE90250009704952388D6
:1070600062884146484606F026F80646BDF81400F8
:1070700020803046CEE739B1864B0A889B899A42F8
:1070800002D843F2030070471DE610B586B0814C6C
:107090000423ADF81430638943B1A4898C4201D232
:1070A000914205D943F2030006B010BD0620FBE76C
:1070B000ADF81010002100910191ADF800300221CF
:1070C0008DF8021005A9029104A90391ADF81220D0
:1070D0006946FFF7F8FDE7E72DE9FC4781460D46D5
:1070E0000846FAF7A8F888BB4846FAF727FB5FEA94
:1070F00000080AD098F80000222829D30421484625
:1071000008F0DCFF070005D103E043F20200BDE810
:10711000FC87FFDF07F1140004F08DFD0646287898
:10712000012803D0022804D00720F0E7B0070FD5CC
:1071300002E016F01C0F0BD0A8792C1DC00709D057
:10714000E08838B1A068FAF776F818B11020DEE7C9
:107150000820DCE721882A780720B1F5847F35D024
:107160001EDC40F20315A1F20313A94226D00EDC67
:10717000B1F5807FCBD003DCF9B1012926D1C6E778
:10718000A1F58073013BC2D0012B1FD113E0012B6D
:10719000BDD0022B1AD0032BB9D0042B16D112E08C
:1071A000A1F20912082A11D2DFE802F00B04041040
:1071B00010101004ABE7022AA9D007E0012AA6D0DC
:1071C00004E0320700E0F206002AA0DACDB200F0B7
:1071D0007DFF50B198F82300CDE90005FA892346D8
:1071E00039464846FEF78DFC91E711208FE72DE9DF
:1071F000F04F8BB01F4615460C4683460026FAF723
:107200009DFA28B10078222805D208200BB081E52C
:1072100043F20200FAE7B80801D00720F6E7032F8F
:1072200000D100274FF6FF79CCB1022D73D3204651
:10723000FAF74EF830B904EB0508A8F10100FAF7A7
:1072400047F808B11020E1E7AD1E38F8028CAAB269
:107250002146484606F007F940455CD1ADB20D49DC
:10726000B80702D58889401C00E001201FFA80F889
:10727000F80701D08F8900E04F4605AA41465846DD
:1072800005F049FE4FF0070A4FF00009DCB3204635
:107290000BE0000038020020408810283BD8361D43
:1072A000304486B2AE4236D2A01902884245F3D3AA
:1072B00051E000BF9DF8170002074CD594B304EBD2
:1072C0000608361DB8F80230B6B2102B23D89A192A
:1072D000AA4220D8B8F8002091421CD1C0061CD583
:1072E000CDE900A90DF1080C0AAAA11948468CE8BD
:1072F0000700B8F800100022584605F07AFC20B1CB
:10730000FEF7BBF982E726E005E0B8F80200BDF819
:107310002810884201D00B2078E7B8F802003044EA
:1073200086B207E0FFE7C00604D55846FEF71CFC0E
:10733000002888D19DF81700BDF81A1020F0100021
:107340008DF81700BDF81700ADF80000FF23584670
:10735000009A05F064FF05A805F0E9FD18B9BDF82D
:107360001A10B942A6D90421584608F0A7FE040015
:1073700000D1FFDFA2895AB1CDE900A94D46002313
:1073800021465846FEF7BDFB0028BBD1A5813DE74D
:1073900000203BE72DE9FF4F8BB01E4617000D463E
:1073A0004FF0000412D0B00802D007200FB0B1E4B3
:1073B000032E00D100265DB10846F9F780FF28B9F9
:1073C0003888691E0844F9F77AFF08B11020EDE704
:1073D000C74AB00701D5D18900E00121F0074FF677
:1073E000FF7802D0D089401E00E0404686B206AA4F
:1073F0000B9805F090FD4FF000094FF0070B0DF1D1
:10740000140A38E09DF81B00000734D5CDF804902D
:10741000CDF800B0CDF80890CDE9039A434600229C
:107420000B9805F048FE60BB05B3BDF814103A8810
:1074300021442819091D8A4230D3BDF81E2020F8A6
:10744000022BBDF8142020F8022BCDE900B9CDE9BC
:107450000290CDF810A0BDF81E10BDF81430002227
:107460000B9805F028FE08B103209FE7BDF8140033
:107470002044001D84B206A805F059FD20B10A2859
:1074800006D0FEF7FAF891E7BDF81E10B142B9D95F
:1074900034B17DB13888A11C884203D20C2085E725
:1074A000052083E722462946404605F0DCFF0146D9
:1074B00028190180A41C3C80002077E710B5044601
:1074C000F9F7DFFE08B1102010BD8948C08920807F
:1074D000002010BDF0B58BB00D46064614220021E9
:1074E00003A805F050FF01208DF80C008DF8100066
:1074F00000208DF81100ADF814503046FAF71EF94F
:1075000048B10078222812D30421304608F0D6FD75
:10751000040005D103E043F202000BB0F0BDFFDF31
:1075200004F11400074604F086FB800601D408200D
:10753000F3E7207C022140F00100207409A80094A8
:10754000CDE90110072203A930466368FEF78EFAE1
:1075500020B1217C21F001012174DEE7294630466B
:10756000FDF749FE08A9384604F054FB00B1FFDFDF
:10757000BDF82040172C01D2172000E02046A84279
:1075800001D92C4602E0172C00D2172421463046A0
:10759000FFF711FB21463046FDF751FB0020BCE709
:1075A000F8B51C4615460E46069F08F0BAFE23465F
:1075B000FF1DBCB231462A46009408F0B6FAF8BD69
:1075C00070B50C4605460E220021204605F0DBFE74
:1075D000002020802DB1012D01D0FFDF70BD0620DD
:1075E00000E00520A07170BD10B5488008781346F2
:1075F00020F00F00001D20F0F00080300C460870D5
:107600001422194604F1080005F093FE00F062FD13
:107610003748046010BD2DE9F047DFF8D890491DC8
:10762000064621F0030117460C46D9F8000008F081
:1076300092FB050000D1FFDF4FF000083560A5F890
:1076400000802146D9F8000008F085FB050000D134
:10765000FFDF7560A5F800807FB104FB07F1091D0D
:107660000BD0D9F8000008F076FB040000D1FFDF52
:10767000B460C4F80080BDE8F087C6F80880FAE777
:107680002DE9F0411746491D21F00302194D064628
:1076900001681446286808F089FB2246716828684A
:1076A00008F084FB3FB104FB07F2121D03D0B16860
:1076B000286808F07BFB042008F0ACFC044604209A
:1076C00008F0B0FC201A012804D12868BDE8F04178
:1076D00008F036BBBDE8F08110B50C4605F0EAFBBA
:1076E00000B1FFDF2046BDE81040FDF7C6BF000037
:1076F00038020020140000204FF0E0214FF4004039
:10770000C1F88001BFF34F8FBFF36F8F00F021B836
:1077100010B5044600F01DF8002C09D0124A12489A
:1077200012491432124B012C03D0022C07D0FFDF78
:1077300010BD0224046011604FF0407004E0032487
:10774000046011604FF40000186010BD00B5FFDF49
:1077500000BD054800210160016005494FF06070DF
:10776000091D08607047000000F500404802002035
:1077700004F501402DE9F05FDFF850A44FF0000858
:107780008B4606469AF80940474645469AF80190C6
:1077900008E0284601F00EF8817B407811FB007765
:1077A0006D1CEDB24D45F4D19AF8090020442044F7
:1077B00020440744FF2F01D94FF013083068C01C44
:1077C00020F0030232605BEA080021D1FF48FBB2DF
:1077D000062120300CF0C8F9002408E0062C0FD256
:1077E000DFE804F005030A0A0C05F94800E0F9484F
:1077F0000CF0DAF9054604E0F748F9E7F748F7E74F
:10780000FFDFA54200D0FFDF641CE4B2062CE5D305
:10781000306800EB071030604046BDE8F09F38B597
:107820000C468288817B19B14189914200D90A4670
:107830002280C188121D90B26A4607F081FCBDF813
:107840000000032800D30320C1B2208800F0D1FF3C
:1078500038BD38B50C468288817B19B101899142C7
:1078600000D90A462280C188121D90B26A4607F0EC
:1078700067FCBDF80000022800D30220C1B22088B6
:1078800000F0B7FF401CC0B238BD2DE9FF5F824653
:107890008B46D34814460BF10302D0E90110CDE921
:1078A000021022F0030201A84421019208F035FAE7
:1078B000C64E002C02D1CB49019A8A60019901443D
:1078C0000191B57E05F1010504D1E8B20AF026F96F
:1078D00000B1FFDF019800EB0510C01C20F0030190
:1078E000019144B9727A00200870B08B80B205F023
:1078F00040F900B1FFDF0198F16908440190214689
:1079000001A8FFF737FF80460198C01C20F0030054
:107910000190717A04B1002008F0F5FA0199084449
:107920000190214601A800F06FFFA84800273D46BE
:1079300090F801900CE0284600F03CFF0646817864
:107940008088FDF713FA71786D1C00FB0177EDB2AA
:107950004D45F0D10198C01C20F00300019004B106
:1079600000203946FDF70DFA0199002708440190DF
:1079700096483D4690F801900CE0284600F01AFF2A
:107980000646C1788088FEF77AFB71786D1C00FB93
:107990000177EDB24D45F0D10198C01C20F00300F5
:1079A000019004B100203946FEF772FB01994FF0B7
:1079B00000090844019085484D4647780EE0284666
:1079C00000F0F8FE0646807B30B106F1080002F0B8
:1079D0009DF8727800FB02996D1CEDB2BD42EED1AC
:1079E0000198C01C20F00300019004B100207D49E3
:1079F0004A78494602F08EF80199084401902146E0
:107A000001A800F0B3FE0198C01D20F0070001900E
:107A1000DAF80010814204D3A0EB0B01B1F5803FEE
:107A200004DB4FF00408CAF8000004E0CAF80000C4
:107A3000B8F1000F02D0404604B0EEE674BB6A49CC
:107A40000020019A0CF0FEF9FAF77EFB5F4C207ED5
:107A50000090607E012823D0002318B300225B48E9
:107A600000210C30FBF74AF800B1FFDFE07EFEF7A3
:107A7000BCFE00B1FFDF55484FF4F67200213830EC
:107A800005F081FC51480421383080F8E91180F874
:107A9000EA11062180F8EB11032101710020CBE7E8
:107AA0000123DAE702AADAE770B5484C0646383413
:107AB000207804EB4015E078083598B9A01990F8C3
:107AC000E80100280FD0A0780F2800D3FFDF202284
:107AD0000021284605F057FC687866F302006870BC
:107AE0000120E070284670BD2DE9F04105460C46A6
:107AF00000270078052190463E46B1EB101F00D0CC
:107B0000FFDF287A50B101280ED0FFDFA8F800600F
:107B10000CB1278066800020BDE8F081012709268E
:107B200074B16888A08008E00227142644B16888F0
:107B3000A0802869E060A88A2082287B2072E5E77F
:107B4000A8F80060E7E730B5204C01200021207044
:107B50006170207260726176217621730521A182A5
:107B60001F21E182607321A121610A21A176E076C3
:107B70001C4D4FF4B060E0616868C11C21F0030146
:107B8000814200D0FFDF6868606030BD30B5154CC1
:107B90001568636810339D4202D20420136030BD23
:107BA0000A4B5D785A6802EB051210705170032081
:107BB000D080172090800120D070907000209073AA
:107BC0005878401C58706068103013E0540300204F
:107BD000A11F0000359C0000A9B000000F19010092
:107BE000F8B0010018000020000000206E52463559
:107BF000780000006060002030BD70B50646F8488F
:107C00000024457807E0204600F0D4FD0178B14219
:107C100004D0641CE4B2AC42F5D1002070BDF7B5CD
:107C2000074608780C4610B3FFF7E7FF0546A7F1B3
:107C30002006202F06D0052E19D2DFE806F00F2BE4
:107C40002B151A0000F0C2FD0DB1697800E000218B
:107C5000401AA17880B20844FF2808D8A07830B133
:107C6000A088022824D202E06088172820D20720AA
:107C7000FEBD207AE0B161881729F8D3A1881729C1
:107C8000F5D3A1790029F2D0E1790029EFD040287D
:107C900004D9ECE7242F0BD1207A48B161884FF644
:107CA000FB70814202D8A188814201D90420FEBD27
:107CB00065B9207802AA0121FFF768FF0028F6D1F4
:107CC0002078FFF79AFF050000D1FFDF052E18D2BC
:107CD000DFE806F0030B0E081100A0786870A0889A
:107CE000E8800FE06088A8800CE0A078A87009E028
:107CF000A078E87006E054F8020FA8606068E860B9
:107D000000E0FFDF0020FEBD1A2835D00DDC13286F
:107D100032D2DFE800F01B31203131272723252D17
:107D2000313129313131312F0F00302802D003DCBD
:107D30001E2821D1072070473A3809281CD2DFE8D5
:107D400000F0151B0F1B1B1B1B1B0700002070479F
:107D500043F20400704743F202007047042070476A
:107D60000D2070470F207047082070471120704782
:107D700013207047062070470320704710B5007825
:107D800000F0010007F0D2F9BDE81040BCE710B5E3
:107D9000007800F0010007F0CEF9BDE81040B3E72D
:107DA0000EB5017801F001018DF80010417801F065
:107DB00001018DF801100178C1F340018DF8021026
:107DC0004178C1F340018DF80310017889088DF8DE
:107DD0000410417889088DF8051081788DF8061017
:107DE000C1788DF8071000798DF80800684606F014
:107DF0005DFEFFF789FF0EBD2DE9F84F784CDFF8E7
:107E0000E481383400261FE0012000F048FD012005
:107E1000FFF74AFE054644214746D8F8080007F018
:107E20009AFF686000B9FFDF686806F03BFDA8B103
:107E30002846F9F7F1FD284600F036FD20B9442226
:107E40006968B86807F0B2FF94F9E9010428DBDA41
:107E5000022008F0DFF807460025A6E04422696802
:107E6000D8F8080007F0A2FFF2E7B8F80210404681
:107E7000491C89B2A8F80210B94201D300214180FF
:107E80000221B8F8020008F019F9002865D0B8F806
:107E90000200694607F0C8F8FFF736FF00B1FFDFC0
:107EA0009DF8000078B1B8F8020008F04CFA5FEADB
:107EB000000900D1FFDF484607F0CBFC18B1B8F845
:107EC000020002F0D0F8B8F8020008F02AFA5FEADF
:107ED000000900D1FFDF484607F0B3FCE8BB0321EF
:107EE000B8F8020008F0EAF85FEA000B48D1FFDFBB
:107EF00046E000BFDBF8100010B10078FF2849D041
:107F0000022000F0CCFC0220FFF7CEFD824648465E
:107F100007F0A3FDCAF8040000B9FFDFDAF8040097
:107F200007F06BFE002100900170B8F80210504677
:107F3000AAF8021001F0BAFF484607F060FE00B947
:107F4000FFDF504600F0B0FC18B99AF801000007B6
:107F500004D50099CBF8101012E024E0DBF81000F3
:107F600038B10178491C11F0FF01017008D1FFDF21
:107F700006E000221146484600F0F6FB00B9FFDF9C
:107F800094F9EA01022805DBB8F8020001F055FF78
:107F90000028AFD194F9E901042804DB484607F032
:107FA00092FE00B101266D1CEDB2BD4204D294F9DF
:107FB000EA010228BFF659AF002E7FF423AFBDE8D7
:107FC000F84F032000F06BBC10B5064CE060086869
:107FD0002061AFF2DB1002F0C8FF607010BD00003E
:107FE0005403002018000020F74800210170F748D2
:107FF0000170F7494160704770B505464FF08050F9
:108000000C46D0F8A410491C05D1D0F8A810C943DB
:108010000904090C0BD050F8A01F01F001012970D0
:10802000416821608068A080287830B970BD062141
:1080300020460BF08CFB01202870607940F0C000D6
:10804000607170BD70B54FF080540D46D4F880104B
:10805000491C0BD1D4F88410491C07D1D4F88810DE
:10806000491C03D1D4F88C10491C0CD0D4F88010D2
:108070000160D4F884104160D4F888108160D4F88D
:108080008C10C16002E010210BF061FBD4F890006D
:10809000401C0BD1D4F89400401C07D1D4F89800B0
:1080A000401C03D1D4F89C00401C09D054F8900F18
:1080B000286060686860A068A860E068E86070BDDB
:1080C0002846BDE8704010210BF041BBBE48383057
:1080D0000079E9E470B5BC4C3834E07830B32078EE
:1080E00004EB4010407A00F00700204490F9E801CA
:1080F000002800DCFFDF2078002504EB4010407AE8
:1081000000F00700011991F8E801401E81F8E8012C
:108110002078401CC0B220700F2800D12570A078B4
:10812000401CA0700BF09CF9E57070BDFFDF70BDC6
:108130003EB50546032107F0C1FF0446284608F076
:10814000F0F8054604B9FFDF206918B10078FF2870
:1081500000D1FFDF01AA6946284600F005FB60B99F
:10816000FFDF0AE0002202A9284600F0FDFA00B96C
:10817000FFDF9DF8080000B1FFDF9DF80000411E01
:108180008DF80010EED220690199884201D10020BB
:1081900020613EBD70B50546A0F57F400C46FF3816
:1081A00000D1FFDF012C01D0FFDF70BDFFF78EFF94
:1081B000040000D1FFDF207820F00F00401D20F0E8
:1081C000F000503020706580002020720120207364
:1081D000BDE870407EE72DE9F04116460D460746A2
:1081E000FFF774FF040000D1FFDF207820F00F00BC
:1081F000401D20F0F0005030207067800120207278
:1082000028682061A888A0822673BDE8F04161E754
:108210007FB5FFF7F2FC040000D1FFDF02A9204682
:10822000FFF7FDFA054603A92046FFF712FB8DF87C
:1082300000508DF80100BDF80800001DADF80200E7
:10824000BDF80C00001DADF80400E088ADF8060094
:10825000684606F053FF002800D0FFDF7FBD2DE900
:10826000F05F5A4E8146307810B10820BDE8F09F8B
:108270004846F9F706F808B11020F7E7524C207885
:1082800008B9FFF760FC647A4D4600F09FFAA042FF
:1082900007D2201AC1B22A460020FFF777FC002837
:1082A000E4D171684848C91C002721F003017160BE
:1082B000B3463E463D46BA463C4690F801800AE049
:1082C000204600F077FA4178807B0E4410FB015580
:1082D000641CE4B27F1C4445F2D10AEB870000EB3A
:1082E000C600DBF8041000EB850045185C4601224F
:1082F00029464846FFF7C9FA060013D00020FFF7C9
:108300007CFC05000CD005F11300616820F003002F
:10831000884200D0FFDF2C484178491E41706560DB
:108320003046A3E7002229464846FFF7AEFA00B1DF
:10833000FFDFD9F8000060604FF6FF706080012019
:108340002070002092E72DE9F04104461F481746AF
:108350000E46007810B10820BDE8F0810846F8F715
:108360006AFF08B11020F7E7174D287808B9FFF722
:10837000EAFB601E1E2807D8012C22D13078FE2887
:108380001FD8A8760020E7E7A4F120001F2805D811
:10839000E0B23A463146BDE8F04140E4A4F1400085
:1083A0001F2805D831462046BDE8F04100F0A2BAAA
:1083B000A4F1A0001F2804D80020A02C0AD0A12CD2
:1083C0000DD00720C8E7000054030020180000204B
:1083D00048100020317801F00101E976BCE73168EE
:1083E0000922F82901D38B0701D01046B4E76B7B33
:1083F00003F00303012B04D1EB8AD7339CB28C42E8
:10840000F3D8E961A8E72DE9F04781460E46084612
:10841000F8F737FF48B94846F8F751FF28B909F18E
:10842000030020F00301494502D01020BDE8F08789
:10843000FC484FF0000A817869B14178804600EB32
:1084400041140834378832460021204600F039FABA
:10845000050004D027E0A6F800A00520E6E7B9F162
:10846000000F24D03088B84201D90C251FE0607875
:1084700000F00705284600F012FA08EB050732461F
:1084800097F8E8014946401C87F8E801204607F5BF
:10849000F47700F016FA05463878401E387003204D
:1084A00000F0FDF92DB10C2D01D0A6F800A0284652
:1084B000BCE76078DC4E00F00701012923D00229D7
:1084C0000CD0032933D0FFDF98F801104046491C37
:1084D000C9B288F801100F2934D035E0616821B1A4
:1084E000000702D46088FFF723FE98F8EA014746A8
:1084F000012802D1707802F057FD97F9EA010428AB
:10850000E2DBFFDFE0E7616819B14422B06807F001
:108510004DFC98F8E9014746032802D1707802F033
:1085200043FD97F9E9010428CEDBFFDFCCE7C00665
:1085300002D56088FFF7FCFD98F9EB010628C3DB44
:10854000FFDFC1E780F801A08178491E8170617862
:1085500001F0070101EB080090F8E811491C80F8D0
:10856000E811A4E770B50D460446F8F764FE18B9A3
:108570002846F8F786FE08B1102070BD294620462F
:10858000BDE8704009F002BB70B5054609F021FB5B
:10859000C4B22846F8F793FE08B1102070BD35B17B
:1085A00028782C7018B1A04201D0072070BD204659
:1085B000FDF7D2FD052805D109F00FFB012801D0F8
:1085C000002070BD0F2070BD70B5044615460E46E4
:1085D0000846F8F730FE18B92846F8F752FE08B1F9
:1085E000102070BD022C03D0102C01D0092070BDCA
:1085F0002A463146204609F0F9FA0028F7D005202E
:1086000070BD70B514460D460646F8F714FE38B92D
:108610002846F8F736FE18B92046F8F750FE08B19C
:10862000102070BD22462946304609F0FEFA002887
:10863000F7D0072070BD3EB50446F8F722FE08B11A
:1086400010203EBD684606F0C0F9FFF75DFB00282C
:10865000F7D19DF806002070BDF808006080BDF8D5
:108660000A00A08000203EBD70B505460C460846B5
:10867000F8F725FE20B93CB12068F8F702FE08B1F2
:10868000102070BDA08828B121462846BDE8704062
:10869000FDF7BABD092070BD70B505460C46084609
:1086A000F8F7C9FD30B9681E1E2814D82046F8F71F
:1086B000C2FD08B1102070BD032D01D9072070BD87
:1086C00005B9FFDF594800EB850050F8041C20462F
:1086D000BDE870400847A5F120001F2805D82146B5
:1086E0002846BDE87040F9F7C1BCF02D0AD0BF2D77
:1086F000E4D1A078218800F0010001F08DFA68B182
:10870000002070BDA068F8F796FD0028D2D1204661
:1087100006F04CFDBDE87040FFF7F6BA082070BDCA
:1087200070B504460D460846F8F7ABFD30B9601E3B
:108730001E280FD82846F8F77EFD08B1102070BD1E
:10874000012C03D0022C01D0032C01D1062070BDD6
:10875000072070BDA4F120001F28F9D82946204623
:10876000BDE87040F9F7D0BC07F03AB81CB5002955
:108770001FD104F02AFE2C4800224178C06805F081
:108780001DFF29481030C0788DF8000010B1012875
:1087900002D004E0012000E000208DF800006846CF
:1087A00006F06BF9214824380068019001A806F012
:1087B000BFFA1CBD30B51B4D0446383D6878A04259
:1087C00000D8FFDF686800EB041030BD70B51548B5
:1087D000002538382C46467807E02046FFF7EAFFA8
:1087E0004078641C2844C5B2E4B2B442F5D12846AE
:1087F00070BD021D5143452900D245210844C01CCB
:10880000B0FBF2F0C0B270472DE9FC5F06460548A8
:108810004FF0000838388B464746444690F80190A0
:1088200029E000008C030020180000201CB101008A
:108830002046FFF7BFFF050000D1FFDF68786946DB
:108840003844C7B22846FEF7EAFF824601A9284607
:10885000FEF7FFFF0346BDF804005246001D81B23B
:10886000BDF80000001D80B207F0A6FC6A78641C09
:1088700000FB0288E4B24C45DAD13068C01C20F01D
:1088800003003060BBF1000F00D0002042463946A3
:1088900007F0A0FC316808443060BDE8FC9F5649F1
:1088A00008710020C87070475349CA782AB10A7805
:1088B00001EB42110831814201D0012070470020B4
:1088C00070472DE9F04106460078154600F00F0488
:1088D00000201080601E0F46052800D3FFDF4748A8
:1088E0002A4600EB8400394650F8043C3046BDE887
:1088F000F04118472DE9F0413F4E0C46383E4028E4
:1089000006D041281AD0422822D0432826D11AE086
:1089100020786578012801D913201DE5FF2D08D89E
:1089200009F0F4FA07460AF053FD381A401EA8422F
:1089300001DA122010E5208830810DE0BDE8F04119
:10894000084600F00DB80878022807D8307603E012
:108950000878022802D870760020FDE40720FBE4A6
:1089600038B50446407800F00300012803D00228FF
:108970000BD0072038BD606858B1F8F7A9FCD0B912
:108980006068F8F79CFC20B915E06068F8F753FCC4
:1089900088B969462046FBF77FF90028EAD160785C
:1089A00000F00300022808D19DF8000028B160689B
:1089B000F8F785FC08B1102038BD6189F8290ED878
:1089C000208988420BD8607800F003020A483838C2
:1089D000012A06D1D731C26989B28A4201D209205F
:1089E00038BD94E80E0000F10C0585E80E000AB9C8
:1089F00000218182002038BD8C03002004B10100D9
:108A00002DE9F041074614468846084601F024FD4A
:108A1000064608EB88001C22796802EBC0000D189E
:108A2000688C58B14146384601F025FD014678680A
:108A30000078C200082305F120000CE0E88CA8B102
:108A40004146384601F01EFD01467868082340780B
:108A5000C20005F1240007F000FA38B106212172A6
:108A60006681D0E90010C4E9031009E028780928DC
:108A70000BD00520207266816868E06000202870B5
:108A80002046BDE8F04101F0C8BC07202072668195
:108A9000F4E72DE9F04116460D460746406801EB24
:108AA00085011C2202EBC1014418204601F00CFD97
:108AB00040B10021708865F30F2160F31F4105204C
:108AC0000BF02CF909202070324629463846BDE8C3
:108AD000F04195E72DE9F0410E46074600241C21A0
:108AE000F07816E004EB8403726801EBC303D25CF8
:108AF0006AB1FFF7EBFA050000D1FFDF6F802A466D
:108B000021463046FFF7C5FF0120BDE8F081641C17
:108B1000E4B2A042E6D80020F7E770B5064600248C
:108B20001C21C0780AE000BF04EB8403726801EBEB
:108B3000C303D5182A782AB1641CE4B2A042F3D842
:108B4000402070BD28220021284604F01CFC7068DB
:108B500080892881204670BD70B5034600201C2501
:108B6000DC780CE000EB80065A6805EBC606324460
:108B7000167816B1128A8A4204D0401CC0B28442D0
:108B8000F0D8402070BDF0B5044600201C26E578E2
:108B90000EE000BF00EB8007636806EBC7073B44AD
:108BA0001F788F4202D15B78934204D0401CC0B240
:108BB0008542EFD84020F0BD0078032801D0002086
:108BC0007047012070470078022801D000207047CC
:108BD000012070470078072801D00020704701204D
:108BE00070472DE9F041064688461078F178154621
:108BF000884200D3FFDF2C781C27641CF078E4B295
:108C0000A04201D8201AC4B204EB8401706807EBBB
:108C1000C1010844017821B14146884708B12C7050
:108C200073E72878A042E8D1402028706DE770B53E
:108C300014460B880122A240134207D113430B8034
:108C400001230A22011D07F0D2F8047070BD2DE93E
:108C5000FF4F81B00878DDE90E7B9A4691460E46BB
:108C600040072CD4019807F06EFB040000D1FFDF11
:108C700007F1040820461FFA88F106F0BDFC050044
:108C800000D1FFDF204629466A4606F008FF00981B
:108C9000A0F80370A0F805A0284606F0AEFF017802
:108CA00069F306016BF3C711017020461FFA88F1C2
:108CB00006F0E5FC00B9FFDF019805F027FC06EBA4
:108CC0000900017F491C017705B0BDE8F08F2DE94F
:108CD000F84F0E469A4691460746032107F0EEF9F3
:108CE0000446008DDFF87C85002518B198F8000057
:108CF000B0421ED1384607F026FB070000D1FFDF47
:108D000009F10401384689B206F076FC050010D05E
:108D1000384629466A4606F0C2FE009800210A46F7
:108D20000180817005F067FC0098C01DCAF8000042
:108D300021E098F80000B04216D104F1260734F87B
:108D4000341F012000FA06F911EA090F00D0FFDFF5
:108D50002088012340EA090020800A22391D384674
:108D600007F060F8067006E0324604F1340104F1C1
:108D70002600FFF75CFF0A2188F800102846BDE8AE
:108D8000F88FFEB515460C46064602AB0C220621AE
:108D9000FFF79DFF002827D00299607812220A7001
:108DA000801C487008224A80A070029829880523F8
:108DB00081806988C180A9880181E9884181002575
:108DC0000C20CDE90005062221463046FFF73FFF83
:108DD0002946002266F31F41F02310460AF0F4FEF4
:108DE0006078801C60700120FEBD2DE9FE430C46BA
:108DF000804644E002AB0E2207214046FFF767FFA2
:108E0000002841D060681C2267788678BF1C06EB7A
:108E1000860102EBC10145180298142101704770C8
:108E20000A214180698A0181E98A4181A98881807A
:108E3000A9898181304601F00FFB029905230722A1
:108E4000C8806F700420287000250E20CDE9000531
:108E500021464046FFF7FBFE294666F30F2168F3E3
:108E60001F41F023002205200AF0AEFE6078FE4983
:108E7000801C607062682046921CFFF7B2FE60683A
:108E800080784028B6D10120BDE8FE83FEB50D46AE
:108E9000064638E002AB0E2207213046FFF717FFE7
:108EA000002835D068681C23C17801EB810203EBF0
:108EB000C2028418029815220270627842700A2257
:108EC0004280A2894281A2888281084601F0C4FAC8
:108ED000014602988180618AC180E18A0181A0886F
:108EE000B8B10020207000210E20CDE9000105233B
:108EF000072229463046FFF7AAFE6A68DB49284662
:108F0000D21CFFF76EFE6868C0784028C2D10120ED
:108F1000FEBD0620E6E72DE9FE430C46814644E00F
:108F2000204601F0BBFAD0B302AB08220721484625
:108F3000FFF7CDFE0028A7D060681C22657806796F
:108F4000AD1C06EB860102EBC10147180298B7F889
:108F5000108006210170457004214180304601F0E7
:108F60007BFA0146029805230722C180A0F80480FD
:108F70007D70082038700025CDE90005214648465F
:108F8000FFF765FE294666F30F2169F31F41F023C1
:108F9000002205200AF018FE6078801C607062686C
:108FA000B3492046121DFFF71CFE60680179402975
:108FB000B6D1012068E72DE9F34F83B00D4691E06B
:108FC000284601F06BFA00287ED068681C2290F8D1
:108FD00006A00AEB8A0102EBC1014418514628465B
:108FE00001F050FAA178CB0069684978CA000146BF
:108FF00004F1240006F04DFF07468188E08B4FF016
:109000000009091A8EB208B1C84607E04FF00108FE
:10901000504601F00CFA08B9B61CB6B2208BB0422B
:1090200000D80646B34602AB324607210398FFF745
:109030004EFE060007D0B8F1000F0BD0504601F0ED
:10904000F6F910B106E000203EE60299B8884FF02C
:10905000020908800196E28B3968ABEB09001FFA20
:1090600080F80A4403984E46009207F06CF9DDE957
:109070000021F61D4346009606F08BFDE08B404430
:1090800080B2E083B988884201D1012600E0002641
:10909000CDE900B6238A072229460398FFF7D7FDBA
:1090A000504601F0C4F910B9E089401EE0815EB17C
:1090B000A078401CA0706868E978427811FB02F142
:1090C000CAB20123816900E006E00E3006F08FFE8F
:1090D00080F800A00020E0836A6866492846921D57
:1090E000FFF77FFD6868817940297FF469AF01202F
:1090F000EAE570B5064648680D4614468179402970
:1091000010D104EB84011C2202EBC101084401F0E0
:10911000FCF9002806D06868294684713046BDE80D
:10912000704048E770BDFEB50C460746002645E096
:10913000204601F0B3F9D8B360681C22417901EBF5
:10914000810102EBC1014518688900B9FFDF02AB5C
:10915000082207213846FFF7BAFD002833D00299CC
:10916000607816220A70801C48700420488060686D
:10917000407901F071F901460298052307228180A8
:109180006989C1800820CDE9000621463846FFF7ED
:109190005EFD6078801C6070A88969890844B0F51C
:1091A000803F00D3FFDFA88969890844A8816E81C8
:1091B000626831492046521DFFF713FD606841790E
:1091C0004029B5D10120FEBD30B5438C458BC3F39A
:1091D000C704002345B1838B641EED1AC38A6D1E3C
:1091E0001D4495FBF3F3E4B22CB1008918B1A04201
:1091F00000D8204603444FF6FF70834200D3034655
:1092000013800C7030BD2DE9FC41074616460D4613
:10921000486802EB86011C2202EBC10144186A4631
:1092200001A92046FFF7D0FFA089618901448AB2D5
:10923000BDF80010914212D0081A00D500206081BC
:109240006868407940280AD1204601F054F9002886
:1092500005D06868294646713846FFF764FFBDE8C7
:10926000FC8100002C000020B98B0000C78B00009F
:10927000D58B00000BA50000F7A400002DE9FE4FE0
:109280000F46814615465088032106F017FF0190CE
:10929000B9F8020001F0D3F882460146019801F0C6
:1092A000FDF8002824D001981C2241680AEB8A00AE
:1092B00002EBC0000C18204601F006F9002817D177
:1092C000B9F80000E18A88420ED8A18961B1B8429C
:1092D0000ED100265146019801F0CDF8218C01EB0A
:1092E0000008608B30B114E0504601F0A0F8A0B344
:1092F000BDE8FE8F504601F09AF808B1678308E098
:10930000022FF5D3B9F804006083618A884224D81B
:109310000226B81B87B2B8F80400A28B801A002876
:1093200014DD874200DA38461FFA80FB68886968D6
:109330000291D8F800100A44009206F0F2FFF61DE0
:10934000009A5B460299009606F0EFFBA08B38442A
:1093500080B2A083618B884207D96888019903B0E5
:109360005246BDE8F04F01F0EDB81FD14FF00900B3
:109370002872B9F802006881D8E90010C5E9041024
:10938000608BA881284601F048F85146019801F009
:1093900072F801460198082340680078C20004F181
:1093A000200006F05AFD0020A0836083504601F0A3
:1093B0003EF810B9A089401EA0816888019903B0C9
:1093C0000AF0FF02BDE8F04F1DE72DE9F041064627
:1093D00015460F461C461846F7F72DFF18B92068AA
:1093E000F7F74FFF08B110201AE47168688C09780C
:1093F000B0EBC10F01D3132012E43946304601F01F
:109400003AF80146706808230078C20005F1200090
:1094100006F0EDFCD4E90012C0E90012002005E4DA
:1094200010B50446032106F049FE014600F114027E
:109430002046BDE81040A4E470B50446032106F0C0
:109440003DFE054601462046FFF765FD002816D083
:1094500029462046FFF767FE002810D029462046FF
:10946000FFF714FD00280AD029462046FFF7BDFC6F
:10947000002804D029462046BDE870409BE570BD19
:109480002DE9F0410C4680461EE0E178427811FB60
:1094900002F1CAB2816901230E3006F0DEFC0778C2
:1094A00060681C22C179491EC17107EB87016068A1
:1094B00002EBC10146183946204600F0EFFF18B113
:1094C000304600F0FAFF20B16068C1790029DCD194
:1094D0008AE7FEF7FBFD050000D1FFDF0A202872B6
:1094E000384600F0B9FF68813946204600F0CAFFCF
:1094F0000146606808234078C20006F1240006F0A7
:10950000ACFCD0E90010C5E90310A5F8028028469C
:1095100000F083FFB07800B9FFDFB078401EB07074
:1095200062E770B50C460546032106F0C7FD01460B
:109530004068C2792244C2712846BDE870409FE766
:109540002DE9FE4F8246507814460F464FF0000832
:10955000002850D0012807D0022822D0FFDF206841
:10956000B8606068F860C3E602AB0E22082150467E
:10957000FFF7ADFB0028F2D00298152105230170FA
:10958000217841700A214180C0F80480C0F8088029
:10959000A0F80C80628882810E20CDE900080822A4
:1095A00021E0A678304600F057FF054606EB86011D
:1095B0002C22786802EBC1010822465A02AB114600
:1095C0005046FFF784FB0028C9D00298072101709C
:1095D000217841700421418008218580C680CDE931
:1095E000001805230A4639464FEA0A00FFF72FFB09
:1095F00087F808807CE6A678022516B1022E13D0E3
:10960000FFDF2A1D914602AB08215046FFF75FFBA2
:109610000028A4D002980121022E01702178417007
:109620004580868002D005E00625EAE7A188C18052
:10963000E1880181CDE9009805230822394650468A
:10964000D4E710B50446032106F038FD014600F1C9
:1096500008022046BDE8104072E72DE9F04F0F46A2
:10966000054687B014465088032106F027FD4FF0C9
:1096700000088DF808800646ADF80A80042F5CD3F8
:109680006A78002A59D028784FF6FF794FF01C0AE3
:10969000132815D006DC01286FD006282BD0072808
:1096A00006D16EE0142869D0152868D0162867D036
:1096B000CDF80080CDF8048068788DF8000037E0A0
:1096C000B078904239D13078010736D5062F34D1A1
:1096D00020F0080030706088414660F31F41002090
:1096E0000AF01CFB02208DF80800ADF80C90A88849
:1096F000ADF80E00F4E0082F1FD1A888EF8881464E
:1097000000F09DFE80460146304600F0C7FE18B1CD
:10971000404600F08CFE98B1FA48D0E90010CDE93F
:1097200000106878ADF804908DF80000ADF8067070
:1097300060886A463146FFF703FF07B0BDE8F08F47
:10974000716808EB88002C2202EBC000085AB8426E
:10975000F3D1EC486A46D0E90210CDE900106878F0
:109760008DF8000008F0FF058DF802506088314642
:10977000FFF7E6FE2246294623E097E025E0CEE00B
:1097800023E1082FD9D1B5F80480E88800F057FE0E
:1097900007460146304600F081FE0028CDD007EB99
:1097A000870271680AEBC2000844028A4245C4D1AC
:1097B00001780829C1D1407869788842BDD1F9B2D1
:1097C00022463046FFF765F9B7E70E2F7FF470AFFA
:1097D000E9886F898B46B5F808903046FFF7BCF9E9
:1097E000ABF14001402901D3092048E0B9F1170F3E
:1097F00001D3172F01D20B2041E040280ED000EBFF
:10980000800271680AEBC20008440178012903D183
:1098100040786978884290D00A2030E03046FFF7DF
:109820007CF940282AD000EB800372680AEBC30160
:1098300002EB0108012288F800206A7888F80120EC
:109840007168AA884989B94200D93946AD8903238C
:109850002372A282E7812182A4F80C90658200F035
:10986000FBFD6081A8F81490A8F81870A8F80E50B5
:10987000A8F810B0204600F0D0FD5EE704200521D6
:109880002172A4F80A80E081012121739D49D1E968
:109890000421CDE9002169788DF80010ADF80200AF
:1098A00060886A463146FFF74BFEE3E7062F8BD30D
:1098B000B07890421AD13078010717D520F008000F
:1098C00030706088414660F31F4100200AF026FA9C
:1098D00002208DF80800A888ADF80C00ADF80E90B5
:1098E0006088224602A9F8F785FB26E70421304666
:1098F000FFF749F905464028BFD0022083030090B6
:1099000022462946304600F0E6FD4146608865F370
:109910000F2160F31F4105200AF000FA0DE70E2F1A
:10992000ABD104213046FFF72EF981464028A4D060
:109930004146608869F30F2160F31F4105200AF05A
:10994000EDF9A88906906889009070682F89408990
:10995000B84200D938468346B5F80680A8880190F9
:10996000484600F079FD6081069818B10220009009
:10997000069B24E0B8F1170F1ED3172F1CD3042029
:10998000207200986082E781A4F810B0A4F80C80DF
:1099900009EB890271680AEBC2000D18DDE90002CB
:1099A000A5F81480A5F818B0E8812A82204600F0B6
:1099B00034FD06202870C0E601200B2300902246CB
:1099C0004946304600F087FDB7E6082F8DD1A988BB
:1099D0003046FFF7C1F80746402886D000F027FD43
:1099E00000289BD107EB870271680AEBC20008448C
:1099F000804600F069FD002890D1ED88B8F80E008F
:109A00002844B0F5803F05D360883A46314600F0DF
:109A100099FD92E6002DCED0A8F80E0060883A4657
:109A20003146FFF766FB08202072384600F014FD2F
:109A30006081A5811EE72DE9F05F0C4601281ED04C
:109A4000957992F80480567905EB85011F2202EB87
:109A5000C10121F0030B08EB060111FB05F14FF6E4
:109A6000FF7202EAC10909F1030115FB0611264F35
:109A700021F0031ABB6840B101283ED125E061689E
:109A8000E57891F800804E78DEE75946184606F0F2
:109A900062F9606000B9FFDF5A460021606803F098
:109AA00072FCE5705146B86806F055F96168486186
:109AB00000B9FFDF6068426902EB090181616068FB
:109AC00080F800806068467017E06068524641691F
:109AD000184606F06BF95A466168B86806F066F9F0
:109AE000032006F097FA0446032006F09BFA201A9A
:109AF000012802D1B86806F023F90BEB0A00BDE893
:109B0000F09F000028B101002C0000200246002137
:109B1000022090E7F7B5FF4C0A2016462070009807
:109B200060B100254FEA0D0006F0F7F80021A170A2
:109B30006670002D01D10099A160FEBD01250020B5
:109B4000F2E770B50C46154638220021204603F096
:109B50001AFC012666700A22002104F11C0003F0A1
:109B600012FC05B9FFDF297A207861F3010020702B
:109B7000A87900282DD02A4621460020FFF75BFF58
:109B800061684020E34A88706168C8706168087144
:109B900061684871616888716168288808816168B6
:109BA00068884881606886819078002811D0616853
:109BB0000620087761682888C885616828884886F3
:109BC0006068068560686988928801868186468516
:109BD000828570BDC878002802D0002201202AE7C3
:109BE000704770B50546002165F31F4100200AF05B
:109BF00095F80321284606F061FA040000D1FFDF42
:109C000021462846FEF766FF002804D0207840F061
:109C100010002070012070BD70B505460C46032071
:109C200006F0EAF908B1002070BDBA48857084805A
:109C3000012070BD2DE9FF4180460E460F0CFEF756
:109C400045FA050007D06F800321384606F036FA42
:109C5000040008D106E004B03846BDE8F041132105
:109C6000F8F79EBDFFDF5FEA080005D0B8F1050FE9
:109C700018D0FFDFBDE8FF8120782A4620F00800D9
:109C800020700020ADF8020002208DF800004FF691
:109C9000FF70ADF80400ADF8060069463846F8F7E5
:109CA000A9F9E7E7C6F3072101EB81021C236068ED
:109CB00003EBC202805C042803D008280AD0FFDF2F
:109CC000D8E7012000904FF440432A46204600F098
:109CD00002FCCFE704B02A462046BDE8F041FEF77B
:109CE000D8BE2DE9F05F05464089002790460C4616
:109CF0003E46824600F0A3FB8146287AC01E082813
:109D00006BD2DFE800F00D04192058363C4772276B
:109D10001026002C6CD0D5E90301C4E902015CE0F7
:109D200070271226002C63D00A2205F10C0104F1E1
:109D3000080003F0FEFA50E071270C26002C57D0E3
:109D4000E868A06049E0742710269CB3D5E90301B8
:109D5000C4E902016888032106F0B0F98346FEF7E2
:109D6000B5F902466888508049465846FEF748FED5
:109D700033E075270A26ECB1A88920812DE07627EB
:109D80001426BCB105F10C0004F1080307C883E8F0
:109D9000070022E07727102664B1D5E90301C4E962
:109DA00002016888032106F089F901466888FFF7F7
:109DB00067FB12E01CE073270826CCB168880321FA
:109DC00006F07CF901460078C00606D56888FEF7E3
:109DD00081FE10B96888F7F703FEA8F800602CB17F
:109DE0002780A4F806A066806888A080002086E608
:109DF000A8F80060FAE72DE9FC410C461E4617461C
:109E00008046032106F05AF905460A2C0AD2DFE8FB
:109E100004F005050505050509090907042303E004
:109E2000062301E0FFDF0023CDE900762246294624
:109E30004046FEF70CFFBDE8FC81F8B50546A0F5ED
:109E40007F40FF382BD0284606F06BFA040000D183
:109E5000FFDF204605F001FE002821D001466A46BA
:109E6000204605F01CFE00980321B0F80560284646
:109E700006F024F90446052E13D0304600F0DFFA30
:109E800005460146204600F009FB40B1606805EB3D
:109E900085013E2202EBC101405A002800D001207A
:109EA000F8BD007A0028FAD00020F8BDF8B50446C5
:109EB000408806F036FA050000D1FFDF6A462846E2
:109EC000616800F0A8FA01460098091F8BB230F8CB
:109ED000032F0280428842800188994205D1042ADA
:109EE00008D0052A20D0062A16D022461946FFF7A8
:109EF000C5F9F8BD001D0E4605460146224630460E
:109F0000FBF763F90828F4D1224629463046FCF7CE
:109F1000C2F9F8BD2C000020636864880A46011D60
:109F20002046F9F7C5FBF4E72246001DFFF795FB35
:109F3000EFE770B50D460646032106F0BFF80400B2
:109F400004D02078000704D5112070BD43F2020030
:109F500070BD2A4621463046FEF713FF18B928681F
:109F600060616868A061207840F0080020700020DF
:109F700070BD2DE9F04F0E4691B08046032106F0EA
:109F80009DF80446404606F0DEF90746002007909B
:109F900008900990ADF830000A9002900390049068
:109FA00004B9FFDF0DF10809FFB9FFDF1DE03846F6
:109FB0000BA9002205F014FC9DF82C0000F07F0591
:109FC0000A2D00D3FFDF6019017F491E01779DF83C
:109FD0002C00000609D52A460CA907A8FEF727FE83
:109FE00019F80510491C09F80510761EF6B2DED2E4
:109FF00004F13400F84D04F1260BDFF8E0A304F17E
:10A000002A07069010E05846069900F08DFA064699
:10A0100028700A2800D3FFDF5AF8261040468847E8
:10A02000E08CC05DB04202D0208D0028EBD10A2028
:10A030002870EA4D4E4628350EE00CA907A800F01E
:10A0400073FA0446375D55F8240000B9FFDF55F870
:10A050002420394640469047BDF81E000028ECD128
:10A0600011B0BDE8F08F10B5032106F027F8040009
:10A0700000D1FFDF0A22002104F11C0003F083F964
:10A08000207840F00400207010BD10B50C4603216C
:10A0900006F014F82044007F002800D0012010BDF5
:10A0A0002DE9F84F894615468246032106F006F849
:10A0B000070004D02846F7F7BEF840B903E043F2A2
:10A0C0000200BDE8F88F4846F7F7DBF808B110202A
:10A0D000F7E7786828B169880089814201D90920A9
:10A0E000EFE7B9F800001C2488B100F0A8F9804619
:10A0F0000146384600F0D2F988B108EB880079684B
:10A1000004EBC000085C01280BD00820D9E73846D2
:10A11000FEF703FD8046402807D11320D1E7052034
:10A12000CFE7FDF7D3FF06000BD008EB8800796876
:10A1300004EBC0000C18B9F8000020B1E88910B198
:10A1400013E01120BDE72888172802D36888172854
:10A1500001D20720B5E7686838B12B1D2246414679
:10A160003846FFF732F90028ABD104F10C026946FA
:10A170002046FFF729F8288860826888E082B9F8CD
:10A18000000030B102202070E889A080E889A0B1E9
:10A190002BE003202070A889A0807868817840296E
:10A1A00005D180F8028039465046FEF71EFE404633
:10A1B00000F052F9A9F8000021E07868218B40896D
:10A1C000884200D908462083A6F802A004203072F5
:10A1D000B9F800007081E0897082F181208B3082B3
:10A1E000A08AB081304600F018F97868C17840291B
:10A1F00005D180F8038039465046FEF747FE00201F
:10A200005FE770B50D460646032105F057FF0400D1
:10A210000ED0284600F013F905460146204600F00E
:10A220003DF918B1284600F002F920B1052070BDB3
:10A2300043F2020070BD05EB85011C22606802EB51
:10A24000C101084400F040F908B1082070BD2A4659
:10A250002146304600F076F9002070BD2DE9F0412E
:10A260000C4617468046032105F028FF0546204688
:10A2700000F0E5F8044695B10146284600F00EF9D5
:10A2800080B104EB84011C22686802EBC10146180E
:10A29000304600F019F938B10820BDE8F08143F2EA
:10A2A0000200FAE70520F8E73B46324621462846F9
:10A2B000FFF78BF80028F0D1E2B229464046FEF7BE
:10A2C000A2FF708C0838082803D24348407800F079
:10A2D0006BFE0020E1E72DE9F0410D461746804670
:10A2E000032105F0EBFE0446284600F0A8F80646D8
:10A2F00024B13846F6F79FFF38B902E043F2020076
:10A30000CBE73868F6F797FF08B11020C5E731466C
:10A31000204600F0C3F860B106EB86011C2260689D
:10A3200002EBC1014518284600F0CEF818B108200C
:10A33000B3E70520B1E7B888A98A884201D90C2083
:10A34000ABE76168E88C4978B0EBC10F01D313200B
:10A35000A3E73146204600F095F8014660680823DF
:10A360004078C20005F1240005F041FDD7E9001254
:10A37000C0E90012F2B221464046FEF7BAFE0020C4
:10A380008BE72DE9F0470D461F4690468146032195
:10A3900005F094FE0446284600F051F806463CB10C
:10A3A0004DB13846F6F78BFF50B11020BDE8F0876D
:10A3B00043F20200FAE7606858B1A0F80C8028E088
:10A3C0003146204600F06AF818B1304600F02FF808
:10A3D00030B10520EAE700002C00002040B1010068
:10A3E00006EB86011C22606802EBC1014518284675
:10A3F00000F06AF808B10820D8E7A5F80880F2B2A2
:10A4000021464846FEF7FFFE1FB1A8896989084426
:10A4100038800020CAE705F042BB017821F00F0127
:10A42000491C21F0F00110310170FDF753BE20B935
:10A430004E48807808B101207047002070474B4992
:10A440008988884201D100207047402801D24020ED
:10A4500000E0403880B2704710B50446402800D96B
:10A46000FFDF2046FFF7E3FF10B14048808810BDB2
:10A470004034A0B210BD406842690078484302EB06
:10A48000C0007047C2784068037812FB03F243783B
:10A49000406901FB032100EBC1007047C2788A428A
:10A4A00009D9406801EB81011C2202EBC101405C2B
:10A4B00008B101207047002070470078062801D9B4
:10A4C00001207047002070470078062801D0012045
:10A4D000704700207047F0B401EB81061C274468E8
:10A4E00007EBC6063444049D05262670E3802571DB
:10A4F000F0BCFEF785BA10B5418911B1FFF7DDFF59
:10A5000008B1002010BD012010BD10B5C18C8278AB
:10A51000B1EBC20F04D9C18911B1FFF7CEFF08B169
:10A52000002010BD012010BD10B50C4601230A22E9
:10A53000011D05F092FC00782188012282409143A0
:10A54000218010BDF0B402EB82051C264C6806EB9E
:10A55000C505072363554B681C79402C03D11A713C
:10A56000F0BCFEF7D8BCF0BC704700002C00002007
:10A5700070B50B2000F0BDF9082000F0BAF90021F9
:10A580000B2000F0D4F90021082000F0D0F9F44CA1
:10A5900001256560A5600020C4F84001C4F84401AD
:10A5A000C4F848010B2000F0B5F9082000F0B2F91A
:10A5B0000B2000F091F9256070BD10B50B2000F064
:10A5C00098F9082000F095F9E54801214160816083
:10A5D000E4490A68002AFCD10021C0F84011C0F803
:10A5E0004411C0F848110B2000F094F9BDE8104068
:10A5F000082000F08FB910B50B2000F08BF9BDE8F2
:10A600001040082000F086B900B530B1012806D00E
:10A61000022806D0FFDF002000BDD34800BDD3488C
:10A6200000BDD248001D00BD70B5D1494FF00040BB
:10A630000860D04DC00BC5F80803CF480024046063
:10A64000C5F840410820C43500F053F9C5F83C4135
:10A65000CA48047070BD08B5C14A002128B101285C
:10A6600011D002281CD0FFDF08BD4FF48030C2F8A3
:10A670000803C2F84803BB483C300160C2F84011EF
:10A68000BDE80840D0E74FF40030C2F80803C2F834
:10A690004803B44840300160C2F84411B3480CE0AC
:10A6A0004FF48020C2F80803C2F84803AD48443094
:10A6B0000160C2F84811AD48001D0068009008BD57
:10A6C00070B516460D460446022800D9FFDF002269
:10A6D000A348012304F110018B4000EB8401C1F871
:10A6E000405526B1C1F84021C0F8043303E0C0F85A
:10A6F0000833C1F84021C0F8443370BD2DE9F04162
:10A700001D46144630B1012833D0022838D0FFDF6F
:10A71000BDE8F081891E002221F07F411046FFF73D
:10A72000CFFF012D23D00020944D924F0126687059
:10A730003E61914900203C3908600220091D0860F3
:10A740008D490420303908608B483D34046008206E
:10A750006C6000F0DFF83004C7F80403082000F054
:10A76000BBF88349F007091F08602E70D0E701206D
:10A77000DAE7012B02D00022012005E00122FBE7ED
:10A78000012B04D000220220BDE8F04198E701220D
:10A79000F9E774480068704770B500F0D8F8704C5D
:10A7A0000546D4F840010026012809D1D4F8080351
:10A7B000C00305D54FF48030C4F80803C4F84061E5
:10A7C000D4F8440101280CD1D4F80803800308D53B
:10A7D0004FF40030C4F80803C4F84461012008F0C5
:10A7E00014FAD4F8480101280CD1D4F80803400326
:10A7F00008D54FF48020C4F80803C4F8486102204B
:10A8000008F003FA5E48056070BD70B500F09FF86F
:10A810005A4D0446287850B1FFF706FF687818B102
:10A820000020687008F0F1F95548046070BD0320FD
:10A83000F8E74FF0E0214FF40010C1F80002704734
:10A84000152000F067B84B4901200861082000F08E
:10A8500061B848494FF47C10C1F808030020024653
:10A8600001EB8003C3F84025C3F84021401CC0B26F
:10A870000628F5D37047410A43F609525143C0F305
:10A88000080010FB02F000F5807001EB50207047CB
:10A8900010B5430B48F2376463431B0C5C020C6039
:10A8A000384C03FB0400384B4CF2F72443435B0D58
:10A8B00013FB04F404EB402000F58070401210708C
:10A8C00008681844086010BD2C4840687047294942
:10A8D0000120C1F800027047002809DB00F01F02C8
:10A8E000012191404009800000F1E020C0F80011F2
:10A8F000704700280DDB00F01F0201219140400944
:10A90000800000F1E020C0F88011BFF34F8FBFF34B
:10A910006F8F7047002809DB00F01F020121914072
:10A920004009800000F1E020C0F88012704749071C
:10A93000090E002804DB00F1E02080F800147047C5
:10A9400000F00F0000F1E02080F8141D70470C4863
:10A95000001F00680A4A0D49121D1160704700006F
:10A9600000B0004004B500404081004044B10040C8
:10A9700008F501400080004040850040380000207C
:10A9800014050240F7C2FFFF6F0C01000100000137
:10A9900010B5EFF3108000F0010472B6FC48417866
:10A9A000491C41704078012801D108F081FD002C3C
:10A9B00000D162B610BD70B5F54CA07848B901253C
:10A9C000A570FFF7E5FF08F084FD20B1002008F036
:10A9D0004EFD002070BD4FF08040E570C0F804537C
:10A9E000F7E770B5EFF3108000F0010572B6E84CA0
:10A9F000607800B9FFDF6078401E6070607808B949
:10AA000008F05AFD002D00D162B670BDE04810B5C7
:10AA1000817821B10021C1708170FFF7E2FF002031
:10AA200010BD10B5044608F054FDD9498978084096
:10AA300000D001202060002010BD10B5FFF7A8FF56
:10AA400008F047FD02220123D149540728B1D1481B
:10AA5000026023610320087202E00A72C4F8043322
:10AA60000020887110BD2DE9F84FDFF8249342785B
:10AA7000817889F80420002689F80510074689F8AE
:10AA800006600078DFF810B3354620B1012811D0F8
:10AA9000022811D0FFDF08F02EFD4FF0804498B15E
:10AAA00008F030FDB0420FD1304608F02FFD0028ED
:10AAB000FAD042E00126EEE7FFF76AFF5846016848
:10AAC000C907FCD00226E6E70120E060C4F8045183
:10AAD000B2490E600107D1F84412B04AC1F34231C5
:10AAE00024321160AD49343108604FF0020AC4F8D5
:10AAF00004A3A060AA480168C94341F3001101F111
:10AB00000108016841F01001016001E010F030F926
:10AB1000D4F804010028F9D0304608F0F7FC0028EA
:10AB2000FAD0B8F1000F04D19D48016821F010015E
:10AB30000160C4F808A3C4F8045199F805004E4612
:10AB400080B1387870B908F0C4FC804608F0CAFEBD
:10AB50006FF00042B8F1000F02D0C6E9032001E017
:10AB6000C6E90302DBF80000C00701D008F0ADFC25
:10AB7000387810B13572BDE8F88F4FF01808C4F876
:10AB800008830127A7614FF42070ADF8000000BFD3
:10AB9000BDF80000411EADF80010F9D2C4F80C5108
:10ABA000C4F810517A48C01D08F030FD3570FFF729
:10ABB00044FF67617949307920310860C4F8048323
:10ABC000D9E770B5050000D1FFDF4FF080424FF0AC
:10ABD000FF30C2F808030021C2F80011C2F80411C6
:10ABE000C2F80C11C2F81011694C617008F07DFCBC
:10ABF00010B10120A070607067480068C00701D0E4
:10AC000008F063FC2846BDE870402CE76048007AF5
:10AC1000002800D0012070472DE9F04F61484FF027
:10AC2000000A85B0D0F800B0D14657465D4A5E496B
:10AC3000083211608406D4F8080110B14FF0010801
:10AC400001E04FF0000808F0B4FC78B1D4F824011A
:10AC500000B101208246D4F81C0100B101208146D8
:10AC6000D4F8200108B1012700E00027D4F8000142
:10AC700000B101200490D4F8040100B10120039038
:10AC8000D4F80C0100B101200290D4F8100100B1F9
:10AC900001203F4D0190287800260090B8F1000F68
:10ACA00004D0C4F80861012008F0E1FBBAF1000FFC
:10ACB00004D0C4F82461092008F0D9FBB9F1000FD1
:10ACC00004D0C4F81C610A2008F0D1FB27B1C4F8F5
:10ACD00020610B2008F0CBFB2D48C01D08F09EFC26
:10ACE00000B1FFDFDFF8AC800498012780B1C4F821
:10ACF0000873E87818B1EE70002008F0B8FB287AE5
:10AD0000022805D1032028720221C8F8001027610B
:10AD1000039808B1C4F80461029850B1C4F80C61FA
:10AD2000287A032800D0FFDFC8F800602F72FFF7F1
:10AD300058FE019838B1C4F81061287A012801D171
:10AD400000F05CF86761009838B12E70287A01280D
:10AD500001D1FFF772FEFFF744FE0D48C01D08F059
:10AD600073FC1049091DC1F800B005B0BDE8F08FB3
:10AD7000074810B5C01D08F051FC0549B0B10120CD
:10AD800008704FF0E021C1F80002BDE81040FFE577
:10AD900040000020340C00400C0400401805004026
:10ADA00010ED00E01005024001000001087A0128C2
:10ADB00001D1FFF742FEBDE81040244808F044BC32
:10ADC00070B5224CE41FA07808B908F075FB01208B
:10ADD0008507A861207A0026032809D1D5F80C013F
:10ADE00020B9002008F092FB0028F7D1C5F80C61CB
:10ADF00026724FF0FF30C5F8080370BD70B5134CD4
:10AE0000E41F6079F0B1012803D0A179401E81428E
:10AE100018DA08F05EFB054608F064FD6179012947
:10AE200002D9A179491CA1710DB1216900E0E16845
:10AE3000411A022902DA11F1020F06DC0DB120617C
:10AE400000E0E060BDE87040F7E570BD470000201D
:10AE5000374901200860704770B50D2000F049F8AF
:10AE6000344C0020C4F800010125C4F804530D201F
:10AE700000F050F825604FF0E0216014C1F80001A7
:10AE800070BD10B50D2000F034F82A480121416052
:10AE90000021C0F80011BDE810400D2000F03AB8C4
:10AEA000254810B504682449244808310860214920
:10AEB000D1F80001012804D0FFDF1F48001D046005
:10AEC00010BD1B48001D00680022C0B2C1F800215F
:10AED00008F05FFCF1E710B5164800BFD0F800118C
:10AEE0000029FBD0FFF7DCFFBDE810400D2000F08B
:10AEF00011B800280DDB00F01F020121914040092C
:10AF0000800000F1E020C0F88011BFF34F8FBFF345
:10AF10006F8F7047002809DB00F01F02012191406C
:10AF20004009800000F1E020C0F880127047000066
:10AF300004D5004000D0004010050240010000018F
:10AF40004FF0E0214FF00070C1F8800101F5C071B1
:10AF5000BFF34F8FBFF36F8FC1F80001394B8022D1
:10AF600083F8002441F8800C704700B502460420A5
:10AF7000354903E001EBC0031B792BB1401EC0B281
:10AF8000F8D2FFDFFF2000BD41F8302001EBC00107
:10AF900000224A718A7101220A7100BD2A4A0021E9
:10AFA00002EBC0000171704710B50446042800D3BD
:10AFB000FFDF254800EBC4042079012800D0FFDF23
:10AFC0006079A179401CC0B2814200D060714FF01D
:10AFD000E0214FF00070C1F8000210BD70B50425EB
:10AFE000194E1A4C16E0217806EBC1000279012AAD
:10AFF00008D1427983799A4204D04279827156F815
:10B00000310080472078401CC0B22070042801D352
:10B01000002020706D1EEDB2E5D270BD0C4810B559
:10B0200004680B490B4808310860064890F8000492
:10B030004009042800D0FFDFFFF7D0FF0448001DBF
:10B04000046010BD19E000E07805002054000020E5
:10B0500010050240010000010F4A12680D498A42A2
:10B060000CD118470C4A12680A4B9A4206D101B516
:10B0700008F00AFC08F0DDFEBDE801400749096858
:10B080000958084706480749054A064B704700001B
:10B0900000000000BEBAFECA5800002004000020D4
:10B0A000B00F0020B00F002070B50C46054600F030
:10B0B00045FB21462846BDE8704001F026BC000053
:10B0C000F8B51D46DDE906470E000AD005F03BF94C
:10B0D0002346FF1DBCB231462A46009404F059FDB8
:10B0E000F8BDD0192246194602F023F92046F8BDD2
:10B0F00070B50D4604461022002102F044F9258166
:10B1000017206081A07B40F00A00A07370BD4FF64D
:10B11000FF720A800146022008F000BE70470089D5
:10B120007047827BD30701D1920703D480890880BE
:10B130000020704705207047827B920700D58181EF
:10B14000704701460020098841F6FE52114200D0A6
:10B150000120704700B50346807BC00701D0052061
:10B1600000BD59811846FFF7ECFFC00703D0987B5C
:10B1700040F004009873987B40F001009873002021
:10B1800000BD827B520700D509B140897047172066
:10B190007047827B61F3C302827370472DE9FC5FC5
:10B1A0000E46044601789646012000FA01F14DF65C
:10B1B000FF5201EA020962684FF6FF7B1188594588
:10B1C00002D10920BDE8FC9FB9F1000F05D041F67E
:10B1D000FE55294201D00120F4E741EA090111801E
:10B1E0001D0014D000232B7094F800C00521032209
:10B1F0001F464FF0020ABCF10E0F76D2DFE80CF0CA
:10B20000F909252F47646B77479193B4D1D804206F
:10B21000D8E7616820898B7B9B0767D517284AD3BD
:10B220000B89834247D38989172901D3814242D1AF
:10B2300085F800A0A5F80100328061688881606807
:10B24000817B21F002018173C6E0042028702089EF
:10B25000A5F801006089A5F803003180BCE0208AD0
:10B260003188C01D1FFA80F8414524D3062028707C
:10B270002089A5F801006089A5F80300A089A5F838
:10B2800005000721208ACDE90001636941E00CF047
:10B29000FF00082810D0082028702089A5F8010098
:10B2A0006089A5F8030031806A1D694604F10C002D
:10B2B00006F0BBFC10B15EE01020EDE730889DF891
:10B2C00000100844308087E00A2028702089A5F803
:10B2D0000100328044E00C2028702089A5F801008C
:10B2E0006089A5F8030031803AE082E064E02189BA
:10B2F000338800EB41021FFA82F843453BD3B8F193
:10B30000050F38D30E222A700BEA4101CDE9001057
:10B31000E36860882A467146FFF7D2FEA6F80080EF
:10B320005AE04020287060893188C01C1FFA80F8DC
:10B33000414520D32878714620F03F001230287014
:10B340002089A5F801006089CDE9000260882A46BD
:10B35000E368FFF7B5FEA6F80080287840063BD4E6
:10B3600061682089888037E0A0893288401D1FFAF3
:10B3700080F8424501D204273DE01620287020893C
:10B38000A5F801006089A5F80300A089CDE90001B6
:10B3900060882A4671462369FFF792FEA6F800806E
:10B3A000DEE718202870207A6870A6F800A013E065
:10B3B00061680A88920401D405271CE0C9882289A3
:10B3C000914201D0062716E01E2129703080606866
:10B3D000018821F400510180B9F1000F0BD0618880
:10B3E00078230022022008F0EFFB61682078887043
:10B3F00006E0338003276068018821EA09010180A3
:10B400003846DFE62DE9FF4F85B01746129C0D0048
:10B410001E461CD03078C10703D000F03F00192829
:10B4200001D9012100E000212046FFF7AAFEA84231
:10B430000DD32088A0F57F41FF3908D03078410630
:10B4400001D4000605D5082009B0BDE8F08F07201B
:10B45000FAE700208DF800008DF8010030786B1EAF
:10B4600000F03F0C0121A81E4FF0050A4FF0020921
:10B470004FF0030B9AB2BCF1200F75D2DFE80CF04D
:10B480008B10745E7468748C749C74B574BA74C8D0
:10B4900074D474E1747474F174EF74EE74ED748B9D
:10B4A000052D78D18DF80090A0788DF80400708873
:10B4B000ADF8060030798DF80100707800F03F009B
:10B4C0000C2829D00ADCA0F10200092863D2DFE8A9
:10B4D00000F0126215621A621D622000122824D048
:10B4E00004DC0E281BD01028DBD11BE016281FD04F
:10B4F0001828D6D11FE02078800701E02078400787
:10B50000002848DAEEE020780007F9E72078C00646
:10B51000F6E720788006F3E720784006F0E7207809
:10B520000006EDE72088C005EAE720884005E7E748
:10B5300020880005E4E72088C004E1E72078800740
:10B5400029D5032D27D18DF800B0B6F8010081E090
:10B55000217849071FD5062D1DD381B270780128A7
:10B5600003D0022817D102E0C9E0022000E0102039
:10B5700004228DF8002072788DF80420801CB1FB25
:10B58000F0F2ADF8062092B242438A4203D103970B
:10B59000ADF80890A6E079E02078000776D598B25B
:10B5A00082088DF800A0ADF80420B0EB820F6DD1B9
:10B5B0000297ADF8061095E02178C90666D5022DF0
:10B5C00064D381B206208DF80000707802285DD324
:10B5D000B1FBF0F28DF80400ADF8062092B24243C0
:10B5E0008A4253D1ADF808907BE0207880064DD593
:10B5F000072003E0207840067FD508208DF8000062
:10B60000A088ADF80400ADF80620ADF8081068E099
:10B610002078000671D50920ADF804208DF80000CF
:10B62000ADF8061002975DE02188C90565D5022DA9
:10B6300063D381B20A208DF80000707804285CD3AF
:10B64000C6E72088400558D5012D56D10B208DF82E
:10B650000000A088ADF8040044E021E026E016E0F8
:10B66000FFE72088000548D5052D46D30C208DF82E
:10B670000000A088ADF80400B6F803006D1FADF817
:10B680000850ADF80600ADF80AA02AE035E02088A1
:10B69000C00432D5012D30D10D208DF8000021E0FD
:10B6A0002088800429D4B6F80100E080A07B000740
:10B6B00023D5032D21D3307800F03F001B2818D06C
:10B6C0000F208DF80000208840F40050A4F80000FE
:10B6D000B6F80100ADF80400ED1EADF80650ADF867
:10B6E00008B0039769460598F9F7B8FA050008D03D
:10B6F00016E00E208DF80000EAE7072510E0082587
:10B700000EE0307800F03F001B2809D01D2807D03C
:10B710000220059908F002FB208800F400502080E8
:10B72000A07B400708D52046FFF70BFDC00703D1DB
:10B73000A07B20F00400A073284685E61FB50228F0
:10B7400006D101208DF8000088B26946F9F786FA23
:10B750001FBD0000F8B51D46DDE906470E000AD002
:10B7600004F0F1FD2346FF1DBCB231462A46009489
:10B7700004F00FFAF8BDD0192246194601F0D9FDA0
:10B780002046F8BD2DE9FF4F8DB09B46DDE91B57E4
:10B79000DDF87CA00C46082B05D0E06901F0FEF82E
:10B7A00050B11020D2E02888092140F010002880F4
:10B7B0008AF80010022617E0E16901208871E26929
:10B7C0004FF420519180E1698872E06942F60101ED
:10B7D0000181E069002181732888112140F0200057
:10B7E00028808AF80010042638780A900A203870D9
:10B7F0004FF0020904F118004D460C9001F0C6FB11
:10B80000B04681E0BBF1100F0ED1022D0CD0A9EB98
:10B810000800801C80B20221CDE9001005AB524621
:10B820001E990D98FFF796FFBDF816101A988142E1
:10B8300003D9F74800790F9004E003D10A9808B1C2
:10B8400038702FE04FF00201CDE900190DF1160319
:10B8500052461E990D98FFF77DFF1D980088401BEA
:10B86000801B83B2C6F1FF00984200D203461E99A6
:10B870000BA8D9B15FF00002DDF878C0CDE9032054
:10B8800009EB060189B2CDE901C10F980090BDF81E
:10B89000161000220D9801F00EFC387070B1C0B285
:10B8A000832807D0BDF8160020833AE00AEB09018F
:10B8B0008A19E1E7022011B0BDE8F08FBDF82C0035
:10B8C000811901F0FF08022D0DD09AF801204245A0
:10B8D00006D1BDF82010814207D0B8F1FF0F04D087
:10B8E0009AF801801FE08AF80180C9480068017851
:10B8F000052902D1BDF81610818009EB08001FFA56
:10B9000080F905EB080085B2DDE90C1005AB0F9A54
:10B9100001F03FFB28B91D980088411B4145BFF647
:10B9200071AF022D13D0BBF1100F0CD1A9EB0800A1
:10B93000801C81B20220CDE9000105AB52461E9960
:10B940000D98FFF707FF1D98058000203870002034
:10B95000B1E72DE9F8439C46089E13460027B26BD9
:10B960009AB3491F8CB2F18FA1F57F45FF3D05D0F9
:10B970005518AD882944891D8DB200E0002529198C
:10B98000B6F83C800831414520D82A44BCF8011063
:10B9900022F8021BBCF8031022F8021B984622F87A
:10B9A000024B914604F0BDFC4FF00C0C41464A4658
:10B9B0002346CDF800C004F0B8F8F587B16B00203D
:10B9C0002944A41D2144088003E001E0092700E088
:10B9D00083273846BDE8F88310B50B88848F9C42D6
:10B9E0000CD9846BE018048844B1848824F40044A2
:10B9F000A41D23440B801060002010BD0A2010BD40
:10BA00002DE9F0478AB00025904689468246ADF878
:10BA1000185007274BE0059806888088000446D414
:10BA2000A8F8006007A8019500970295CDE903509A
:10BA30004FF4007300223146504601F03CFB0400F5
:10BA40003CD1BDF81800ADF8200005980488818825
:10BA5000B44216D10A0414D401950295039521F439
:10BA600000410097049541F48043428821465046A6
:10BA700001F0BFF804000BD10598818841F4004122
:10BA8000818005AA08A94846FFF7A6FF0400DCD07C
:10BA90000097059802950195039504950188BDF8D6
:10BAA0001C300022504601F0A4F80A2C06D105AA49
:10BAB00006A94846FFF790FF0400ACD0ADF8185037
:10BAC00004E00598818821F40041818005AA06A937
:10BAD0004846FFF781FF0028F3D00A2C03D0204608
:10BAE0000AB0BDE8F0870020FAE710B50C46896B74
:10BAF00086B051B10C218DF80010A18FADF808105F
:10BB0000A16B01916946FAF75BF800204FF6FF71CF
:10BB1000A063E187A08706B010BD2DE9F0410D4676
:10BB20000746896B0020069E1446002911D0012B80
:10BB30000FD1324629463846FFF762FF002808D168
:10BB4000002C06D0324629463846BDE8F04100F0C8
:10BB500034BFBDE8F0812DE9FC411446DDE9087CE5
:10BB60000E46DDE90A15521DBCF800E092B296457A
:10BB700002D20720BDE8FC81ACF8002017222A7011
:10BB8000A5F80160A5F803300522CDE900423B4647
:10BB90002A46FFF7DFFD0020ECE770B50C4615469E
:10BBA00048220021204601F0EEFB04F1080044F891
:10BBB0001C0F00204FF6FF71E06161842084A58492
:10BBC0001720E08494F82A0040F00A0084F82A0044
:10BBD00070BD4FF6FF720A800146032008F09EB840
:10BBE00030B585B00C460546FFF77FFFA18E28468D
:10BBF00029B101218DF800106946F9F7E1FF002015
:10BC0000E0622063606305B030BDB0F8400070476B
:10BC10005C00002090F84620920703D440880880FA
:10BC20000020F4E70620F2E790F846209207EED5D0
:10BC3000A0F84410EBE70146002009880A0700D568
:10BC4000012011F0F00F01D040F00200CA0501D52B
:10BC500040F004008A0501D540F008004A0501D5EE
:10BC600040F010000905D2D540F02000CFE700B524
:10BC7000034690F84600C00701D0062000BDA3F897
:10BC800042101846FFF7D7FF10F03E0F05D093F88B
:10BC9000460040F0040083F8460013F8460F40F0D9
:10BCA00001001870002000BD90F84620520700D512
:10BCB00011B1B0F84200AAE71720A8E710F8462F04
:10BCC00061F3C3020270A2E72DE9FF4F9BB00E00A3
:10BCD000DDE92B34DDE92978289D24D02878C107B7
:10BCE00003D000F03F00192801D9012100E0002114
:10BCF0002046FFF7D9FFB04215D32878410600F05F
:10BD00003F010CD41E290CD0218811F47F6F0AD179
:10BD10003A8842B1A1F57F42FF3A04D001E01229EE
:10BD200001D1000602D504201FB0C5E5FA491D98CF
:10BD30004FF0000A08718DF818A08DF83CA00FAAEA
:10BD40000A60ADF81CA0ADF850A02978994601F022
:10BD50003F02701F5B1C04F1180C4FF0060E4FF0F1
:10BD6000040BCDF858C01F2A7ED2DFE802F07D7D9B
:10BD7000107D267DAC7DF47DF37DF27DF17DF47D3B
:10BD8000F07D7D7DEF7DEE7D7D7D7D7DED0094F808
:10BD90004610B5F80100890701D5032E02D08DF8B1
:10BDA00018B01EE34FF40061ADF85010608003211D
:10BDB0008DF83C10ADF84000D4E2052EEFD1B5F877
:10BDC00001002083ADF81C00B5F80310618308B1B1
:10BDD000884201D9012079E10020A07220814FF62C
:10BDE000FF702084169801F0D1F8052089F8000032
:10BDF0000220029083460AAB1D9A16991B9801F007
:10BE0000C8F890BB9DF82E00012804D0022089F8C4
:10BE10000100102003E0012089F8010002200590B4
:10BE2000002203A90BA805F000FFE8BB9DF80C0059
:10BE3000059981423DD13988801CA1EB0B018142DB
:10BE400037DB02990220CDE900010DF12A034A46B1
:10BE500041461B98FFF77EFC02980BF1020B801CF9
:10BE600081B217AA029101E09CE228E003A90BA885
:10BE700005F0DBFE02999DF80C00CDE9000117AB3F
:10BE80004A4641461B98FFF765FC9DF80C000AAB3B
:10BE90000BEB00011FFA81FB02991D9A084480B246
:10BEA000029016991B9800E003E001F072F8002858
:10BEB000B6D0BBF1020F02D0A7F800B04FE20A20C3
:10BEC0008DF818004BE200210391072EFFF467AFB5
:10BED000B5F801002083ADF81C00B5F8032062839B
:10BEE00000283FF477AF90423FF674AF0120A07274
:10BEF000B5F8050020810020A073E06900F04EFD38
:10BF000078B9E16901208871E2694FF4205191808C
:10BF1000E1698872E16942F601000881E069002167
:10BF20008173F01F20841E98606207206084169839
:10BF300001F02CF8072089F80000012004900290FD
:10BF40000020ADF82A0028E019E29FE135E1E5E0A4
:10BF500012E2A8E080E043E00298012814D0E069F2
:10BF60008079012803D1BDF82800ADF80E000498AF
:10BF700003ABCDE900B04A4641461B98FFF7EAFB08
:10BF80000498001D80B20490BDF82A00ADF80C00A2
:10BF9000ADF80E00059880B202900AAB1D9A169972
:10BFA0001B9800F0F6FF28B902983988001D05900B
:10BFB0008142D1D20298012881D0E069807901289C
:10BFC00003D1BDF82800ADF80E00049803ABCDE90D
:10BFD00000B04A4641461B98FFF7BCFB0298BDE102
:10BFE000072E02D0152E7FF4DAAEB5F801102183AA
:10BFF000ADF81C10B5F80320628300293FF4EAAEC7
:10C0000091423FF6E7AE0121A1724FF0000BA4F878
:10C0100008B084F80EB0052E07D0C0B2691DE269E1
:10C0200005F0E4FD00287FF44AAF4FF6FF7020844E
:10C0300001A906AA14A8CDF800B081E885032878E4
:10C04000214600F03F031D9A1B98FFF79BFB824699
:10C05000208BADF81C0082E10120032EC3D14021CA
:10C06000ADF85010B5F801102183ADF81C100AAAE4
:10C07000B8F1000F00D00023CDE9020304921D980F
:10C08000CDF80480009038880022401E83B21B98AF
:10C0900001F011F88DF8180090BB0B2089F8000012
:10C0A000BDF8280035E04FF0010C052E9BD1802013
:10C0B000ADF85000B5F801102183B5F803002084D5
:10C0C000ADF81C10B0F5007F03D907208DF81800DB
:10C0D00087E140F47C4222840CA8B8F1000F00D024
:10C0E0000023CDE90330CDE9018C1D9800903888FC
:10C0F000401E83B21B9800F0DEFF8DF8180018B1C7
:10C100008328A8D10220BFE00D2189F80010BDF8D6
:10C110003000401C22E100005C000020032E04D20D
:10C1200048067FF53CAE002018E1B5F80110ADF8E7
:10C130001C102878400602D58DF83CE002E007206C
:10C140008DF83C004FF000080320CDE902081E9B4B
:10C15000CDF810801D980193A6F1030B00901FFAF3
:10C160008BF342461B9800F044FD8DF818008DF8C3
:10C170003C80297849060DD52088C00506D5208B3E
:10C18000BDF81C10884201D1C4F8248040468DF8C7
:10C190001880E3E0832801D14FF0020A4FF4807049
:10C1A000ADF85000BDF81C002083A4F820B01E9804
:10C1B0006062032060841321CDE0052EFFF4EFAD13
:10C1C000B5F80110ADF81C10A28F6AB3A2F57F4339
:10C1D000FE3B29D008228DF83C2000BF4FF0000B19
:10C1E0000523CDE9023BDDF878C0CDF810B01D9AEB
:10C1F00080B2CDF804C040F400430092B5F80320AB
:10C200001B9800F0F6FC8DF83CB04FF400718DF8EF
:10C210001800ADF85010832810D0F8B1A18FA1F507
:10C220007F40FE3807D0DCE00B228DF83C204FF633
:10C23000FE72A287D2E7A4F83CB0D2E000942B466D
:10C2400031461E9A1B98FFF784FB8DF8180008B141
:10C2500083284BD1BDF81C00208353E700942B4664
:10C2600031461E9A1B98FFF774FB8DF81800E8BB47
:10C27000E18FA06B0844831D8DE888034388828882
:10C2800001881B98FFF767FC824668E095F80180FB
:10C29000022E70D15FEA080002D0B8F1010F6AD116
:10C2A00009208DF83C0007A800908DF84080434697
:10C2B000002221461B98FFF730FC8DF842004FF01A
:10C2C000000B8DF843B050B9B8F1010F12D0B8F19E
:10C2D000000F04D1A18FA1F57F40FF380AD0A08FB5
:10C2E00040B18DF83CB04FF4806000E037E0ADF82D
:10C2F00050000DE00FA91B98F9F762FC82468DF8FB
:10C300003CB04FF48060ADF85000BAF1020F06D097
:10C31000FC480068C07928B18DF8180027E0A4F81F
:10C32000188044E0BAF1000F03D081208DF8180086
:10C330003DE007A800904346012221461B98FFF7E5
:10C34000ECFB8DF8180021461B98FFF7CEFB9DF8FB
:10C35000180020B9192189F80010012038809DF8B3
:10C360003C0020B10FA91B98F9F72AFC8246BAF1CC
:10C37000000F33D01BE018E08DF818E031E0207892
:10C38000000712D5012E10D10A208DF83C00E0885C
:10C39000ADF8400003201B9907F0C0FC0820ADF861
:10C3A0005000C0E648067FF5FAAC4FF0040A20883A
:10C3B000BDF8501008432080BDF8500080050BD513
:10C3C000A18FA1F57F40FE3806D11E98E062289823
:10C3D0002063A6864FF0030A5046A5E49DF8180096
:10C3E00078B1012089F80000297889F80110BDF89A
:10C3F0001C10A9F802109DF8181089F804100520E7
:10C4000038802088BDF8501088432080E4E72DE96B
:10C41000FF4F8846087895B0012181404FF209000E
:10C42000249C0140ADF820102088DDF88890A0F50C
:10C430007F424FF0000AFF3A06D039B1000705D518
:10C44000012019B0BDE8F08F0820FAE7239E4FF0D5
:10C45000000B0EA886F800B018995D460988ADF863
:10C460003410A8498DF81CB0179A0A718DF838B0AD
:10C47000086098F8000001283BD0022809D0032862
:10C480006FD1307820F03F001D303070B8F80400D4
:10C49000E08098F800100320022904D1317821F0BF
:10C4A0003F011B31317094F84610090759D505AB8F
:10C4B000B9F1000F13D0002102AA82E80B00072077
:10C4C000CDE90009BDF83400B8F80410C01E83B2ED
:10C4D0000022159800F0EFFD0028D1D101E0F11CF9
:10C4E000EAE7B8F80400A6F80100BDF81400C01C83
:10C4F00004E198F805108DF81C1098F80400012844
:10C5000006D04FF4007A02282CD00328B8D16CE171
:10C510002188B8F8080011F40061ADF8201020D08F
:10C5200017281CD3B4F84010814218D3B4F8441033
:10C53000172901D3814212D1317821F03F01C91C62
:10C540003170A6F801000321ADF83410A4F84400BE
:10C5500094F8460020F0020084F8460065E10525C5
:10C560007EE177E1208808F1080700F4FE60ADF86D
:10C57000200010F0F00F1BD010F0C00F03D038884F
:10C58000228B9042EBD199B9B878C00710D0B96826
:10C590000720CDE902B1CDF804B00090CDF810B07D
:10C5A000FB88BA883988159800F023FB0028D6D17B
:10C5B0002398BDF82010401C80294ED006DC10299D
:10C5C0000DD020290BD0402987D124E0B1F5807F00
:10C5D0006ED051457ED0B1F5806F97D1DEE0C806B0
:10C5E00001D5082000E0102082460DA907AA0520E9
:10C5F000CDE902218DF83800ADF83CB0CDE90496C4
:10C6000008A93888CDE9000153460722214615982C
:10C61000FFF7B8F8A8E09DF81C2001214FF00A0AA6
:10C62000002A9BD105ABB9F1000F00D00020CDE965
:10C6300002100720CDE90009BDF834000493401E24
:10C6400083B2218B0022159800F035FD8DF81C0077
:10C650000B203070BDF8140020E09DF81C20012153
:10C660004FF00C0A002A22D113ABB9F1000F00D011
:10C670000020CDE902100720CDE900090493BDF8A0
:10C680003400228C401E83B2218B159800F013FDDC
:10C690008DF81C000D203070BDF84C00401CADF82A
:10C6A000340005208DF83800208BADF83C00BCE04C
:10C6B0003888218B88427FF452AF9DF81C004FF0E0
:10C6C000120A00281CD1606AA8B1B878C0073FF4EC
:10C6D00046AF00E018E0BA680720CDE902B2CDF815
:10C6E00004B00090CDF810B0FB88BA88159800F01F
:10C6F00080FA8DF81C00132030700120ADF8340052
:10C7000093E000005C0000203988208B8142D2D168
:10C710009DF81C004FF0160A0028A06B08D0E0B36B
:10C720004FF6FF7000215F46ADF808B0019027E09A
:10C7300068B1B978C907BED1E18F0DAB0844821D3D
:10C7400003968DE80C0243888288018809E0B87856
:10C75000C007BCD0BA680DAB03968DE80C02BB884D
:10C76000FA881598FFF7F7F905005ED0072D72D00B
:10C7700076E0019005AA02A92046FFF72DF90146AF
:10C78000E28FBDF80800824201D00029F1D0E08F8D
:10C79000A16B084407800198E08746E09DF81C00E3
:10C7A0004FF0180A40B1208BC8B138882083214649
:10C7B0001598FFF79AF938E004F118000090237EED
:10C7C000012221461598FFF7A8F98DF81C000028D2
:10C7D000EDD1192030700120ADF83400E7E70525D0
:10C7E00021461598FFF781F93AE0208800F400709F
:10C7F000ADF8200050452DD1A08FA0F57F41FE3926
:10C8000001D006252CE0D8F808004FF0160A48B1F0
:10C81000A063B8F80C10A1874FF6FF71E187A0F86C
:10C8200000B002E04FF6FF70A087BDF8200030F4A2
:10C830007F611AD0782300220320159907F0C4F9EC
:10C8400098F8000020712088BDF82010084320804F
:10C850000EE000E007252088BDF8201088432080E6
:10C86000208810F47F6F1CD03AE02188814321801A
:10C870009DF8380020B10EA91598F9F7A1F90546E1
:10C880009DF81C000028EBD086F801A00120307034
:10C89000208B70809DF81C0030710520ADF83400AD
:10C8A000DEE7A18EE1B118980DAB0088ADF8340039
:10C8B0002398CDE90304CDE90139206B0090E36AA8
:10C8C000179A1598FFF700FA054601208DF83800F1
:10C8D0000EA91598F9F774F900B10546A4F834B01B
:10C8E00094F8460040070AD52046FFF7A4F910F057
:10C8F0003E0F04D114F8460F20F004002070189861
:10C90000BDF83410018028469BE500B585B00328AA
:10C9100006D102208DF8000088B26946F9F750F977
:10C9200005B000BD10B5384C0B782268012B02D041
:10C93000022B2AD111E013780BB1052B01D104236E
:10C94000137023688A889A802268CB88D3802268F3
:10C950000B891381498951810DE08B88938022686E
:10C96000CB88D38022680B8913814B8953818B89B3
:10C970009381096911612168F9F722F92268002180
:10C980000228117003D0002800D0812010BD832020
:10C9900010BD806B002800D00120704781780129EC
:10C9A00009D10088B0F5205F03D042F6010188422A
:10C9B00001D10020704707207047F0B587B00024F0
:10C9C00015460E460746ADF8184011E00598008858
:10C9D000288005980194811DCDE902410721049426
:10C9E0000091838842880188384600F002F930B906
:10C9F00005AA06A93046FEF7EFFF0028E6D00A2870
:10CA000000D1002007B0F0BD5C00002010B58B788D
:10CA100083B102789A4205D10B885BB102E08B7931
:10CA2000091D4BB18B789A42F9D1B0F801300C88CE
:10CA3000A342F4D1002010BD812010BD072826D0CC
:10CA400012B1012A27D103E0497801F0070102E081
:10CA50004978C1F3C20105291DD2DFE801F00318AE
:10CA6000080C12000AB10320704702207047042806
:10CA70000DD250B10DE0052809D2801E022808D33E
:10CA800003E0062803D0032803D0052070470020C8
:10CA900070470F20704781207047C0B282060BD4C8
:10CAA000000607D5FA48807A4143C01D01EBD0004B
:10CAB00080B27047084670470020704770B51388F1
:10CAC0000B800B781C0625D5F14CA47A844204D83F
:10CAD00043F010000870002070BD956800F0070654
:10CAE00005EBD0052D78F54065F304130B70137832
:10CAF000D17803F0030341EA032140F20123B1FBA3
:10CB0000F3F503FB15119268E41D00FB012000EB17
:10CB1000D40070BD906870BD37B51446BDF80410E0
:10CB20001180117841F0040111709DF804100A067B
:10CB30001ED5D74AA368C1F30011927A824208D861
:10CB4000FE2811D1D21DD2084942184600F01BFC24
:10CB50000AE003EBD00200F00703012510789D40A6
:10CB6000A843994008431070207820F010002070EE
:10CB70003EBD2DE9F0410746C81C0E4620F00300DB
:10CB8000B04202D08620BDE8F081C14D002034467D
:10CB90002E60AF802881AA72E8801AE0E988491CDB
:10CBA000E980810614D4E17800F0030041EA002016
:10CBB00040F20121B0FBF1F201FB12012068FFF706
:10CBC0006CFF2989084480B22881381A3044A0605B
:10CBD0000C3420784107E1D40020D4E7AC4801228E
:10CBE0000189C08800EB400002EB8000084480B25D
:10CBF00070472DE9FF4F89B01646DDE9168A0F46CA
:10CC0000994623F44045084600F054FB040002D046
:10CC10002078400703D401200DB0BDE8F08F0998BB
:10CC200003F016FA02902078000606D59848817A1B
:10CC30000298814201D88720EEE7224601A9029896
:10CC4000FFF73CFF834600208DF80C004046B8F10A
:10CC5000070F1AD001222146FFF7F0FE0028DBD192
:10CC60002078400611D502208DF80C00ADF8107028
:10CC7000BDF80400ADF81200ADF814601898ADF8D6
:10CC80001650CDF81CA0ADF818005FEA094004D595
:10CC900000252E46A84601270CE02178E07801F017
:10CCA000030140EA012040F20121B0FBF1F280468D
:10CCB00001FB12875FEA494009D5B84507D1A17841
:10CCC000207901F0030140EA0120B04201D3BE42C5
:10CCD00001D90720A0E7A8191FFA80F9B94501D9A1
:10CCE0000D2099E79DF80C0028B103A90998F8F7E1
:10CCF00065FF002890D1B84507D1A0784FEA1921E7
:10CD000061F30100A07084F804901A9800B10580C6
:10CD1000199850EA0A0027D0199830B10BEB060099
:10CD20002A46199900F005FB0EE00BEB0608574662
:10CD3000189E099803F0F5FA2B46F61DB5B2394650
:10CD40004246009502F0F1FE224601A90298FFF743
:10CD5000B5FE9DF80400224620F010008DF8040076
:10CD6000DDE90110FFF7D8FE002055E72DE9FF4F60
:10CD7000DFF81C91824685B0B9F80610D9F800009A
:10CD800001EB410100EB810440F20120B2FBF0F124
:10CD9000174600FB1175DDE9138B4E4629460698B0
:10CDA000FFF77BFE0346FFF719FF1844B1880C30EC
:10CDB000884202D9842009B02FE70698C6B230060F
:10CDC00003D5B00601D50620F5E7B9F80620521CB8
:10CDD00092B2A9F80620BBF1000F01D0ABF80020F9
:10CDE000B00602D5C4F808800AE0B9F808201A4451
:10CDF00092B2A9F80820D9F80000891A0844A06066
:10CE00002246FE200699FFF787FEE77025712078FD
:10CE1000390A61F301002A0AA17840F0040062F3A4
:10CE20000101A17020709AF802006071BAF8000048
:10CE3000E08000252573300602D599F80A7000E0DD
:10CE40000127B00601D54FF000084E4600244FF0F0
:10CE500007090FE0CDE902580195CDF8009004953F
:10CE6000F1882046129B089AFFF7C3FE0028A2D142
:10CE7000641CE4B2BC42EDD300209CE700B5FFF790
:10CE8000ADFE03490C308A88904203D9842000BD4E
:10CE900098050020CA88086802EB420300EB830073
:10CEA000521C037823F004030370CA80002101732D
:10CEB0000846ECE72DE9F047804600F0FBF9070053
:10CEC00005D000264446F74D40F2012916E0012026
:10CED000BDE8F087204600F0EDF90278C17802F055
:10CEE000030241EA0222B2FBF9F309FB13210068B5
:10CEF000FFF7D3FD3044641C86B2A4B2E988601EFB
:10CF00008142E7DCA8F10100E8802889801B2881A4
:10CF100000203870DCE710B5144631B1491E21807D
:10CF200003F096F8A070002010BD012010BD70B570
:10CF30000446DC48C188036801E0401C208020884A
:10CF4000884207D200EB400213EB820202D0157830
:10CF50006D07F2D580B2884216D2AAB15079A0727C
:10CF6000D08820819178107901F0030140EA0120F6
:10CF7000A081A078E11CFFF7A1FD20612088401C62
:10CF80002080E080002070BD0A2070BD0121018258
:10CF900070472DE9FF4F85B04FF6FF798246A3F821
:10CFA000009048681E460D4680788DF80600486857
:10CFB0000088ADF8040000208DF80A00088A0C886B
:10CFC000A04200D304462C8251E03878400708D4B0
:10CFD000641C288AA4B2401C288208F10100C0B257
:10CFE00046E0288A401C2882781D6968FFF70EFDFC
:10CFF000D8BB3188494501D1601E30803188A1EB12
:10D00000080030806888A04238D3B878397900F0B9
:10D01000030041EA002801A9781DFFF7F7FC20BBB7
:10D02000298949452ED0002239460798FFF706FD89
:10D03000D8B92989414518D1E9680391B5F80AC0E2
:10D04000D7F808B05046CDF800C003F06AF9DDF813
:10D0500000C05A460CF1070C1FFA8CFC434603999A
:10D06000CDF800C002F02BFD60B1641CA4B200201A
:10D070008046204600F01EF90700A6D1641E2C82CF
:10D080000A2098E674807879B071F888B080397891
:10D09000F87801F0030140EA01207081A6F80C80C5
:10D0A000504602F0D5FF3A4606F10801FFF706FDAB
:10D0B000306100207FE62DE9FF4F87B081461C4696
:10D0C0009246DDF860B0DDF85480089800F0F2F880
:10D0D000050002D02878400702D401200BB09CE55F
:10D0E000484602F0B5FF2978090605D56D49897AC9
:10D0F000814201D88720F1E7CAF309062A4601A92F
:10D10000FFF7DCFC0746149807281CD000222946AC
:10D11000FFF794FC0028E1D12878400613D50120C0
:10D120008DF808000898ADF80C00BDF80400ADF8C3
:10D130000E00ADF81060ADF8124002A94846F8F7AD
:10D140003DFD0028CAD12978E87801F0030140EAC2
:10D150000121AA78287902F0030240EA022056450C
:10D1600007D0B1F5007F04D9611E814201DD0B209B
:10D17000B4E7864201D90720B0E7801B85B2A542FB
:10D1800000D92546BBF1000F01D0ABF8005017982D
:10D1900018B1B9192A4600F0CCF8B8F1000F0DD03B
:10D1A0003E4448464446169F03F0CDF82146FF1DF5
:10D1B000BCB232462B46009402F0EBFC00208DE717
:10D1C0002DE9F04107461D461646084600F072F864
:10D1D000040002D02078400701D40120D3E438466F
:10D1E00002F036FF2178090605D52E49897A814259
:10D1F00001D88720C7E422463146FFF75FFC65B1BE
:10D200002178E07801F0030140EA0120B0F5007FC9
:10D2100001D8012000E0002028700020B3E42DE9AF
:10D22000F04107461D461646084600F043F8040044
:10D2300002D02078400701D40120A4E4384602F04F
:10D2400007FF2178090605D51649897A814201D858
:10D25000872098E422463146FFF75EFCFF2D14D06C
:10D260002178E07801F0030240EA022040F2012236
:10D27000B0FBF2F302FB130015B900F2012080B2FB
:10D28000E070000A60F30101217000207BE410B51A
:10D290000C4600F00FF810B10178490704D40120C2
:10D2A00010BD000098050020C18821804079A07041
:10D2B0000020F5E70749CA88824209D340B10968CE
:10D2C00000EB40006FF00B0202EB80000844704757
:10D2D000002070479805002070B504460D46214691
:10D2E0002B460AB9002070BD01E0491C5B1C501E92
:10D2F000021E03D008781E78B042F6D008781E7857
:10D30000801BF0E730B50C4601462346051B9542CD
:10D3100006D202E0521E9D5C8D54002AFAD107E02D
:10D3200004E01D780D70491C5B1C521E002AF8D1C8
:10D3300030BDF0B50E460146334680EA030404F0E2
:10D340000304B4B906E002B9F0BD13F8017B01F89B
:10D35000017B521E01F00307002FF4D10C461D463D
:10D3600002E080CD80C4121F042AFAD221462B4647
:10D3700000BF04E013F8014B01F8014B521E002AD4
:10D38000F8D100BFE0E7F0B50C460146E6B204E094
:10D3900002B9F0BD01F8016B521E01F00307002F26
:10D3A000F6D10B46E5B245EA052545EA054501E01B
:10D3B00020C3121F042AFBD2194602E001F8016BB8
:10D3C000521E002AFAD100BFE3E710B506F0F7FEBF
:10D3D000FAF792F906F09CFDBDE8104006F02EBE6B
:10D3E000202801D2012070470020704701224FF011
:10D3F000A043824011B1C3F80C257047C3F808253B
:10D4000070474FF0A04101228240C1F818257047B3
:10D4100070B50346002002466FF02F050EE09C5CBD
:10D42000A4F130060A2E02D34FF0FF3070BD00EB9E
:10D43000800005EB4000521C2044D2B28A42EED359
:10D4400070BD30B50A230BE0B0FBF3F403FB14040A
:10D45000B0FBF3F08D183034521E05F8014CD2B2F7
:10D46000002AF1D130BD30B500234FF6FF7510E032
:10D47000040A44EA002084B2C85C6040C0F303148C
:10D48000604005EA00344440E0B25B1C84EA40108E
:10D490009BB29342ECD330BDF94A137882F88B30BB
:10D4A000A2F88C0082F88A10012082F8880092F895
:10D4B000640008B192F8600082F88E00704710B5E1
:10D4C0000B46114658B11846FFF7E6FFED48806855
:10D4D000008802F026FFBDE8104002F0CDBBBDE899
:10D4E00010404FF6FF70D7E770B50026044646702F
:10D4F000E44D1120207029682022A01C6831FFF71C
:10D5000018FF0121A171286800F8666F8078002853
:10D5100011D1DB48B0F86A20A0F89220AA68537BAA
:10D5200080F8943080F89010108802F0FAFEBDE880
:10D53000704002F0B0BB70BD70B5D24D296891F853
:10D5400096200024012A11D091F89020012A1CD0A5
:10D5500091F86620012A22D091F88820012A21D052
:10D5600091F8A020012A2ED0002070BD447017220F
:10D57000027051F8972FC0F802204A68C0F80620C0
:10D580000A7A827201F8014C1BE044700522027095
:10D59000D1F89220C0F8022081F8904011E0FFF706
:10D5A000A3FF0EE091F86620012AF8D044701422FF
:10D5B000027051F88A2FC0F802208A88C28001F8D0
:10D5C000024C012070BD44701A2200F8022B222266
:10D5D000A131FFF7AEFE286880F8A040F1E7A94826
:10D5E000006890F8661011B1B0F86A0070474FF605
:10D5F000FF70704770B5A34C206800B9FFDF20684A
:10D60000417811B10C25284670BD0025C422294659
:10D61000FFF7B9FE2168FF2008707F2081F83700EE
:10D6200013204884282081F86500012081F85C00DF
:10D63000002081F85F0007F0AFF906F091FCE2E707
:10D6400070B5904C0546206800B9FFDF21680020C6
:10D6500048706560FFF7CEFF002800D0FFDF70BD87
:10D66000884909680978814201D10120704700206A
:10D670007047844800B5016891F82400498CC0F3D4
:10D680008002C0F340031A4400F001001044132943
:10D6900015D004DC102909D0122904D10FE0152976
:10D6A00008D01D2904D0FFDF002000BD764903E02B
:10D6B000764800BD7449083131F8100000BD724948
:10D6C0000839F9E76F4840F271210068806A4843E1
:10D6D00070476C48006890F83600002800D00120A0
:10D6E000704710B5664C207B00F074FD40B1207D82
:10D6F00004F115010BF034FB082801D0012010BD06
:10D70000207B30B1022804D00120BDE8104007F092
:10D71000A6BC0020F9E75A490873704759490968BF
:10D7200081F83000704770B50646554890F82D00D6
:10D730000BF0A4FA050018D010210BF076FD00289C
:10D7400013D1504C012032462168C87628461C313E
:10D7500007F092FCD4E900101C310BF0BFFF6068A9
:10D76000BDE8704001210BF0C8BF70BD2DE9F0414C
:10D77000434C074694F82D000BF0FDFA064694F84A
:10D780002F0004F10E0528B126B194F82D000BF0FE
:10D7900018FAA0B194F83000002824D094F82E0094
:10D7A000002820D0607B294600F025FDA8B10BF0B1
:10D7B0008AFB3A462946BDE8F04107F05DBC0120EE
:10D7C00060733A462946304607F056FC94F82D100F
:10D7D0002846BDE8F0410BF065BB39462846BDE858
:10D7E000F04107F07EBCBDE8F08170B5254C2168A2
:10D7F000087BB0B1022814D0012048730E3107F025
:10D8000018FC2068007B00F0E5FC216881F82F00FF
:10D81000082081F82D00487B0E3100F0E3FC40B970
:10D8200001E00020E9E72168487B0E3100F0E3FCCD
:10D8300000B10120216881F82E0091F82F0018B95D
:10D8400091F82200400706D5087D15310BF088FAC3
:10D85000216881F82D0020680025456004F0ADFDA9
:10D86000216888600020FFF781FF2068C57690F866
:10D87000220040070CD5BDE87040002053E70000AF
:10D88000A405002064000020A0B101008F891300CE
:10D8900070BDFB4A1268137B0370D2F80E0008605B
:10D8A000508A8880704778B5F6490446F44D407B2D
:10D8B00008732A68207810706088ADF8000080B284
:10D8C00000F00101C0F3400341EA4301C0F38003CB
:10D8D00041EA8301C0F3C00341EAC301C0F300136E
:10D8E00041EA0311C0F3401341EA4311C0F3801031
:10D8F00041EA80105084E07D012825D0022825D0FF
:10D90000FFDF286880F85E60217B80F82410418C5E
:10D910001D291DD061688162617D80F83610A17B70
:10D92000C1B1022916D00121017554F80F1FC0F8AA
:10D930001510A188A0F81910217B012900D0002121
:10D9400080F83410002078BD0126DAE70226D8E7F7
:10D950000021E0E70021E7E7C948006890F82200CD
:10D96000C0F38000704700B5FFF7F6FF08B1002054
:10D9700000BD1F2000BD00B5FFF7F5FF002800D057
:10D98000012000BDBE49002209680A664B8C1D2B90
:10D9900002D081F86400704781F864207047B84A6B
:10D9A0000023126882F85D3042F84C1F90800120FD
:10D9B00050747047B24A0023126882F85C30A2F8B3
:10D9C000580042F8541F012010727047AC49096892
:10D9D00081F835007047AA49096881F85F007047EF
:10D9E000A748006890F95F007047A548006890F864
:10D9F000220000F001007047A148006890F8220062
:10DA0000C0F340007047002070479D48006890F8C0
:10DA10002200C0F3C000704701207047012070470A
:10DA20000120704770B500F0FAFB954C2068016E3C
:10DA3000491C016690F83300002530B106F0ACFFB8
:10DA400006F08EFA206880F833502068457090F810
:10DA5000381009B102201AE090F86410B1B1006EDC
:10DA6000814213D8022007F095FF206890F8220029
:10DA7000C00704D0A06843220188012003E04322AC
:10DA80004FF6FF710020BDE8704018E50020BDE8AA
:10DA9000704007F07FBF10B501280DD002280DD0CF
:10DAA00004280FD0FFDF7648006890F85E10BDE8CC
:10DAB0001040252006F0FEBB252000E0262006F0C1
:10DAC000D3FCF0E72720FAE702460020D30701D075
:10DAD000CB0705D0930705D58B0703D402207047E9
:10DAE000012070475207FCD54907FAD4042070473B
:10DAF0002DE9F041624C86B0206800B9FFDF206854
:10DB00004178E9BB0178FF2942D0002580F83150E7
:10DB1000A0F85A50857080F83850284606F09EFECE
:10DB2000182259496846FFF704FC684606F08AFE49
:10DB300006F0CCFB206890F95F0006F085FC5248A7
:10DB40001D3806F087FC5048203806F06CFE6068EF
:10DB500006F087FE2068002190F82400FFF7B4FF4C
:10DB6000FFF799FF206880F82C5006F071FE2068BE
:10DB700090F85E10002006F030FD0F21052000E037
:10DB800006E006F038FC206890F82E1051B902E04B
:10DB90000C2006B027E690F82F1019B990F8220053
:10DBA00040072BD504F009FC804620684146806878
:10DBB00005F004F9354F064690FBF7F007FB1060BF
:10DBC0004142404604F0CDF82168886096FBF7F0AA
:10DBD0004A68104448600BF0BFF821684A689042D8
:10DBE0000CD8C1E901580120FFF7C0FD206890F86A
:10DBF0002200400702D50120FFF795FD2068417BF8
:10DC00000E3006F0EAFB206890F85C1039B1B0F8ED
:10DC10005810A0F84810416D416480F85C5090F8AD
:10DC20005D1041B1B0F85010A0F84010C16C40F840
:10DC30003C1F80F821500BF0FCF8032160680BF0CA
:10DC40002FF9216881F833000020A2E70C49886091
:10DC500070472DE9F0410A4C0746002620683146FE
:10DC6000C57E6068068000F0D1FA2068408C1328D9
:10DC700040D00DDC102861D012280DD15CE00000EE
:10DC800064000020A4050020B0B1010040420F0054
:10DC9000152838D01D2836D0FFDF00BF00F0CAFAA3
:10DCA0002068418C1D2907D0152905D0B0F84820DF
:10DCB000416C60680BF028FD206890F82C1090F8FB
:10DCC0002400FFF701FF05463FB1FFF7E4FE012204
:10DCD0004FF49671002006F01EFD206890F82C107D
:10DCE000294380F82C1090F824208A434FF001013A
:10DCF00029D02DE0002160680BF0C4FC0121606890
:10DD000000F084FACAE7012160680BF0BBFC012136
:10DD1000606800F07BFAD4E9001025B11C310BF0EB
:10DD2000DDFC012104E015310BF0D8FC2068017DF9
:10DD300060680BF0E2FCB1E7062100E002216068B8
:10DD40000BF0A0FCAAE7428C1D2A0BD080F8311002
:10DD50004170418C13290ED007DC10290AD01229FA
:10DD600007D108E080F82C60F2E7152903D01D29BF
:10DD700001D0FFDF37E590F85E20BDE8F0410121DA
:10DD8000084606F05ABEF84810B50068417841B917
:10DD90000078FF2805D00021084600F059FA00203D
:10DDA00010BD00F03CFA0C2010BD2DE9F041EE4D05
:10DDB0000446174628680E4690F8660000B1FFDF5B
:10DDC0002968002F81F868704ED12088A1F86A0078
:10DDD0006088A1F88000A088A1F88200E088A1F8FE
:10DDE000840094F88C0181F8860091F82F0020B10E
:10DDF000487B0E3100F0FFF940B9296891F83000F6
:10DE000060B1487B0E3100F0EDF938B12868D0F8E8
:10DE10000E104167418AA0F8781003E02868476730
:10DE2000A0F878706968FF2E0878C0F380106076DB
:10DE3000D1F80300C4F81A00B1F80710E18314D038
:10DE4000296801F16E02C1F87A00E08BA1F87E002A
:10DE500030466D310AF099FF00B9FFDF286810F8ED
:10DE60006D1F41F002010170BDE42868C0F87A70AE
:10DE7000A0F87E70617E80F86D10D4F81A1040F81A
:10DE80006E1FE18B8180AEE470B5FFF7BEFDB64C2E
:10DE9000012538B13C22FF21A068FFF786FF2068EA
:10DEA00080F86650206890F82200C00704D0A0686F
:10DEB0003C220188012003E03C224FF6FF71002044
:10DEC000FFF7FDFA206880F8385070BDA649096850
:10DED00081F83200704770B5002507F0BAFC50B1E8
:10DEE000A14C20684178012908D0022901D00329DA
:10DEF00036D0FFDF70BDBDE8704093E58178002922
:10DF0000F8D1418C102913D090F8330020B106F0DD
:10DF100019F8402006F02DFD206890F822104907DE
:10DF200010D490F83610012904D0032902D002E061
:10DF3000002119E0102590F85E2045F00E01002028
:10DF400006F07BFD206890F8340008B106F054FD1F
:10DF50000021962006F0B1FC21680220487070BDB7
:10DF600081780029FBD18178BDE87040012000F064
:10DF70006FB957E510B57C4C206890F8340008B1B3
:10DF800000F07AF9206890F8330018B106F004FD2B
:10DF900005F0E6FF07F05DFC88B1206840780228B4
:10DFA00000D0FFDF0021012000F052F92068417805
:10DFB000002903D04078012800D0FFDF10BDBDE864
:10DFC00010402FE510B50AF0CBFE04460AF07DFFA5
:10DFD00038B120460AF052FE18B110210BF025F995
:10DFE00008B1002010BD012010BD2DE9F047DFF879
:10DFF00078910E460746032809D0FFF7F6FC044641
:10E00000D9F8000090F8320020B1012003E0FFF7BA
:10E01000F3FC04460020804606F018FA0546032F5C
:10E020002BD0012734EA080453D0D9F800004C461D
:10E0300090F8330068B10AF0E2FE30700146FF2824
:10E0400007D06068C01C0AF0B7FE30780AF0E1FE25
:10E05000054360680178C1F3801221680B7D9A4204
:10E0600005D10622C01C1531FFF736F938B1002062
:10E070003178FF290BD0D8B903E00227D2E701207D
:10E08000F6E7206890F82D00884211D008E038B1FA
:10E09000616811F8030BC0F38010FFF793FF38B1EC
:10E0A0000020216891F82210490703D5A0B910E09B
:10E0B0000120F6E785B92D4890F8360008B1B8423E
:10E0C00007D1616811F8030BC0F38010FFF77AFFE6
:10E0D00010B10020BDE8F0870120FBE7F8B5224C25
:10E0E0000746002520684078022800D0FFDF20681E
:10E0F00090F8340008B100F0BFF860680BF0E4FA63
:10E1000006460FB306F073F9F0B1052E1DD1606815
:10E1100090F8240000F01F00102816D9206890F80D
:10E12000350090B1FF208DF80000012569460520DB
:10E13000FFF75BFF40B1206880F8A05061682222A1
:10E14000A130C91CFFF7F5F815E060680BF0FCFA88
:10E1500088B1062E0FD2DFE806F00E0E0E030E0B6E
:10E1600000F0CDF806E0000064000020A4050020C7
:10E1700000F091F800B90125206890F8330018B13B
:10E1800006F00AFC05F0ECFE1DB10021012000F0B4
:10E190005FF820684178002906D04178012903D032
:10E1A0004078032800D0FFDFF8BD70B59F4E0546CC
:10E1B0000C463068807800280BD106F02FF8034613
:10E1C0003068214690F85E202846BDE8704007F090
:10E1D000C1BD70BD022803D0032801D000207047C4
:10E1E00001207047012802D14879800901D0002020
:10E1F000704701207047012806D148790121B1EB11
:10E20000901F01D101207047002070470278202321
:10E2100022F0200203EA41110A430270704710B550
:10E2200006F09AFB06F079FB06F0C8FABDE810404C
:10E2300006F0FFBA10B57D4C7D4960680BF048FAD6
:10E240007B480E38417B6068BDE810400BF04CBA4B
:10E25000764A10B5126892F831303BB1508C1D28C7
:10E2600000D1FFDFBDE81040FFF7DCBB002902D181
:10E27000BDE81040EDE410BD10B56C4C206837309F
:10E2800006F0C5FB18B921687F2081F83700BDE88A
:10E29000104006F0A7BB38B5FF208DF8000001251F
:10E2A00069460520FFF7A1FE30B3604C20688078F6
:10E2B00008BB6268A0681278417BC2F3401211402B
:10E2C0004173012100F04AF800229DF80010A06877
:10E2D000FFF76BFD2068012100F8661F82788188B6
:10E2E0000120FFF7ECF8216800204870FFF797FF46
:10E2F000012007F04FFB00E00025284638BD38B567
:10E30000FF208DF80000012569460320FFF76DFE10
:10E31000464C002820681CD090F8341031B190F899
:10E32000960018B99DF8000000F04CF860680021D4
:10E33000018004210BF0A6F9FFF77CFF2068B0F8FC
:10E340004020C16B60680BF0EFF921680320487032
:10E3500002E0807800B90025284638BD70B5334DFD
:10E360000446686850F80F2FC4F80E208288628235
:10E3700082792275C27962750289E282428962805D
:10E380008289A280C289E2800269A260027D227332
:10E39000427D02F01F022276407D400984F88C0104
:10E3A00084F8641084F86510002104F130000BF04B
:10E3B0002AFB286890F8651004F8661F90F85F0043
:10E3C000607070BD70B5194C0122216881F89620EB
:10E3D0000A7881F89720FF280DD001F19902983131
:10E3E0000AF0D3FC00B9FFDF206810F8981F41F055
:10E3F000020101700CE060680278C2F3801281F8BB
:10E400009820D0F8032041F8992FB0F807008880B1
:10E41000256895F837009F357F2800D1FFDF2068F9
:10E4200010F8371F29707F21017070BD6400002033
:10E43000B20500202DE9FC470C460646694600F06F
:10E4400010FF002860D1FFF7CAF8B0425CD0214627
:10E45000304608F0DEFF28BB019D95F82C01703591
:10E4600018B9287F08B1012000E00020814695F806
:10E4700039004FF000084FF0010AA0B195F83A00BA
:10E48000800710D584F8018084F800A084F8028009
:10E49000A68095F83B10A171A98F2181E98F618138
:10E4A00085F839802DE0304601F04DFF070000D19E
:10E4B000FFDF384601F06DF940B184F801800D218D
:10E4C0002170A680E08084F802A01AE0304601F0B6
:10E4D00028FF070000D1FFDFB9F1000F14D0384644
:10E4E00001F0AFF980B1304606F01EFD84F80180DE
:10E4F0000A21217084F80280A680697FA17185F8C5
:10E500001C800120BDE8FC870020FBE71CB56946A4
:10E5100000F0A7FE00B1FFDF684600F0AFFEF9494A
:10E5200000208968A1F8F2001CBD2DE9FC410446D9
:10E530000E46062001F06EFD00250746A84606445B
:10E5400017E02088401C80B22080B04202D34046B1
:10E55000A4F8008080B2B84204D3B04202D20020B6
:10E56000BDE8FC81694600F07CFE0028F8D06D1CF7
:10E57000EDB2AE42E5D84FF6FF7020801220EFE7F3
:10E5800010B506F043FD0AF026FBDF484FF6FF7199
:10E5900000234182818203701B2141804FF4A472C9
:10E5A0008280C180028103228275C2758272042436
:10E5B000C4728181C1810282837610BD70B5D14C55
:10E5C0000D466060217006F0ADFC00F063FEFFF7C1
:10E5D000D7FF207809F09EFD284607F04DFACA487B
:10E5E0002838FFF72DF82178606808F0F6FFBDE8BD
:10E5F00070400AF0F0BA10B501240AB1002010BD35
:10E6000021B1012903D00024204610BD02210BF0C6
:10E61000CBF8F9E7887800B90320C97801B903215C
:10E62000107019700020704730B587B0044600881C
:10E63000694600F016FE002806D1A08830B10128F6
:10E6400004D0022802D0122007B030BD05AB04AAC6
:10E6500021466846FFF7DEFF0400F5D1019901204D
:10E6600081F8C501019991F81012002539B9019975
:10E6700091F8C41119B9019991F8971009B13A2488
:10E6800015E00199039581F8C40101989DF81020C7
:10E6900080F8C621019B9DF8140083F8C7018DF80E
:10E6A0000C208DF80D0003AA01200AF0F4FE019859
:10E6B00080F8C5512046C7E710B504460020A17870
:10E6C00001B90120E2780AB940F0020000F0F6FD3D
:10E6D000002803D12046BDE81040A5E710BD70B565
:10E6E0000D4604460189002380880AF0C9FE696A44
:10E6F00081421DD2401A401CA1884008091A8AB2E2
:10E70000A2802189081A2081668895F86410104635
:10E710000AF08DFE864200D230466080E68895F889
:10E72000651020890AF083FE864200D23046E080E0
:10E7300070BDF0B585B00D46064603A900F091FD09
:10E7400000282AD104990022FB20B1F84E30FB2B7F
:10E7500000D30346B1F85040FB20FB2C00D3044605
:10E76000DFF8A8C19CE8811000900197CDF808C09F
:10E77000ADF80230ADF806406846FFF7B0FF6E8096
:10E78000BDF80400E880BDF808006881BDF802000B
:10E79000A880BDF806002881002005B0F0BD2DE955
:10E7A000F04186B004460088694600F05AFD002812
:10E7B00059D12189E08800F09BFD002853D1A18820
:10E7C000608800F095FD00284DD12189E08800F097
:10E7D00085FD002847D1A188608800F07FFD0600F4
:10E7E00041D1208802A9FFF7A4FF00B1FFDFBDF8E7
:10E7F000101062880920914235D3BDF80C10E288D0
:10E80000914230D3BDF81210BDF80E202389114477
:10E81000A2881A44914226D3019D01274FF0000897
:10E8200085F8BB71019890F8FC0105F5DD7508B11C
:10E830003A2615E0E08868806088E880218940F603
:10E840004800814200D30146A980A188814200D2BC
:10E8500008462881002228460199FFF740FF2F70C3
:10E8600085F80180304606B0BDE8F08197E710B525
:10E870000446FEF761FE002813D0207814280FD13B
:10E88000A07868B1A088062101F018FC40B100888A
:10E8900006F04AFBA088062101F022FC00B1FFDF50
:10E8A000012010BD2DE9F041060000D1FFDF164820
:10E8B000022114308046FFF738FE00B1FFDF124C12
:10E8C0000620A78A01F0A6FB0546A08AA84203D12C
:10E8D0003046FFF7CCFF20B9A08A3146FFF7AAFDEA
:10E8E00030B1304600F012FD0028EED10120BBE728
:10E8F00002214046FFF719FE10B9A08AB842E4D1C0
:10E900000020B1E77000002090060020C8B101008F
:10E9100010B500F083FC08B10C2010BD0AF096F988
:10E92000002010BD10B50446007818B1012801D0B0
:10E93000122010BD00F07DFC20B10AF0FDF908B1F5
:10E940000C2010BD207800F053FCE21D04F11703E9
:10E95000611CBDE810400AF09BB910B5044600F0F8
:10E960005DFC08B10C2010BD207818B1012801D041
:10E97000122010BD00F03CFC611C0AF041F908B106
:10E98000002010BD072010BD10B50AF0D9F908B15C
:10E99000002010BD302010BD10B5044600F049FC29
:10E9A00008B10C2010BD20460AF0C2F9002010BDAD
:10E9B00010B500F03EFC20B10AF0BEF908B10C2001
:10E9C00010BD0AF0A7F9002010BDFF2181704FF69D
:10E9D000FF718180F84949680A7882718A880281CA
:10E9E0004988418101214170002070471CB50024F5
:10E9F00012F1080F15D00CDC12F1280F11D012F112
:10EA0000140F0ED012F1100F0BD012F10C0F0CD10D
:10EA100007E012F1040F04D01AB1032A01D0042A2E
:10EA200003D1012804D0032806D0122420461CBD9F
:10EA30001046FEF7D0FFF9E708461446694600F095
:10EA400010FC08B10224F1E7019880F86740002427
:10EA5000ECE710B5134601220AF003FC002010BDBC
:10EA600010B5044600F0E5FB08B10C2010BD2146AE
:10EA7000002006F0CCFA002010BD10B5044607F0C7
:10EA800095F920B1207807F003F8002010BD0C2084
:10EA900010BD10B5044600F0CCFB08B10C2010BD31
:10EAA0002146012006F0B3FA002010BD38B5044617
:10EAB0004FF6FF70ADF80000A079E179884216D0DA
:10EAC0002079FEF78DFC90B16079FEF789FC70B17A
:10EAD0000022A07911460BF0DBFB40B90022E0795F
:10EAE00011460BF0D5FB10B9207A072801D9122066
:10EAF00038BD07F067F948B900216846FFF715FDF2
:10EB000020B1204605F0ADFB002038BD0C2038BDFB
:10EB10002DE9FC41817804461A2925D00EDC1629FE
:10EB20002DD2DFE801F02C2C2C2C2C212C2C2C2C81
:10EB30002C2C2C2C2C2C2C2C2C2121212A291ED0A5
:10EB40000BDCA1F11E010C2919D2DFE801F0181825
:10EB50001818181818181818180D3A3904290ED250
:10EB6000DFE801F00D020D022088B0F5706F06D2CB
:10EB70000127694600F075FB18B10220F0E412206D
:10EB8000EEE4019D68462E4605F5C87506F291161D
:10EB900000F05AFB08B1287808B10C20E0E42F708F
:10EBA000A0783070684600F069FB0020D8E41CB5FE
:10EBB0000C46694600F055FB002118B12160217117
:10EBC00002201CBD0198024610F1700080F842102E
:10EBD00093682360137B237190F84230002BF5D1AA
:10EBE00000201CBD10B5044600F023FB20B10AF044
:10EBF000A3F808B10C2010BD207800F0F9FAE279F2
:10EC0000611C0AF06EF908B1002010BD022010BD91
:10EC100010B5886E60B1002241F8682F0120CA71DA
:10EC2000897988400BF028FB002800D01F2010BDF8
:10EC30000C2010BD1CB50C46694600F012FB0028E4
:10EC400005D10198B0F87000401C208000201CBD48
:10EC50001CB504460088694600F003FB08B1022099
:10EC60001CBD606828B1DDE90001224600F09CFB74
:10EC70001CBDDDE90001FFF7CBFF1CBD10B500781E
:10EC8000012800D00020FEF7A1FE002010BDF0B545
:10EC900044888188C288038945898089A71F40F6F6
:10ECA0007B46B74215D28F1FB74212D28C4210D882
:10ECB000B2F5FA7F0DD2A3F10A04361FB44208D28E
:10ECC000521C4A43B2EB830F03DA854201D800207D
:10ECD000F0BD3020F0BDF8B515460E46044607F0ED
:10ECE00071F808B10C20F8BD204600F09CFB00280C
:10ECF000F9D1A078C1064FF01100F4D5E17D0329C8
:10ED0000F1D0FEF76DFE3070A07555B9FF208DF87B
:10ED1000000069460020FEF74DFE69460020FEF720
:10ED20003EFE2046BDE8F840FEF7BDBD0022D2E71A
:10ED30000078C10801D01220704720498876002051
:10ED4000704710B504460078C00704D1608810B140
:10ED5000FEF711FE80B12078618800F00102607832
:10ED600000F0ACFB002806D1FEF7FDFD01466088EF
:10ED7000884203D9072010BD122010BD6168FEF73C
:10ED800019FE002010BD10B504460078C00704D15C
:10ED9000608810B1FEF730FE90B12078618800F0F5
:10EDA0000102607800F08AFB002804D16088616865
:10EDB000FEF7F5FD002010BD700000209006002039
:10EDC0001220F8E77CB5044640784225012808D88F
:10EDD000A078FEF745FC20B120781225012802D04A
:10EDE00090B128467CBDFEF710FE20B1A088002817
:10EDF000F7D08028F5D8FEF70FFE60B160780028C4
:10EE0000EFD02078012808D006F07EF9044606F0FD
:10EE100009FE00287FD00C207CBDFEF762FC10B9F3
:10EE2000FEF7F1FD90B306F0CDFF0028F3D1FEF719
:10EE3000D6FBA0F57F41FF39EDD1FEF7D6FCA688C1
:10EE400042F210704643A079FEF79CFDFEF7CDFD1F
:10EE5000F8B10022062101A801F002F9040058D0FF
:10EE6000F7480021846020460AF01EF92046FEF78C
:10EE7000EDFEF44D04F13000AA89E989C2830184D2
:10EE8000FEF7CCFD60B1288A01210DE0FFE71220DA
:10EE90007CBD3146002006F0FEFD88B3FFDF44E074
:10EEA000FEF7BEFD0146288A06F090FE0146A062EC
:10EEB0000022204606F02BF9FEF7B0FD38B9FEF728
:10EEC000AFFD0246214601200AF0E3FAD0B1DD4A47
:10EED0002146163201200AF0DEFAE87A0090AB7A79
:10EEE000EA89A989208801F0A5F900B1FFDF20880F
:10EEF00006F019F83146204606F0CDFD00B1FFDFDF
:10EF000013E008E00621BDF8040001F0E9F800B1C3
:10EF1000FFDF09207CBD44B1208806F005F8208879
:10EF2000062101F0DDF800B1FFDF00207CBD0021EB
:10EF300048E770B50D46062101F0C0F8040003D083
:10EF400094F8930110B10AE0022070BD94F87D009E
:10EF5000142801D0152802D194F8E00108B10C2042
:10EF600070BD1022294604F5CA70FEF7E2F90120AF
:10EF700084F89301002070BD10B5062101F09EF8C1
:10EF800018B190F8931111B107E0022013E790F83F
:10EF90007D10142903D0152901D00C200BE7022184
:10EFA00080F89311002006E72DE9FC410D464BF651
:10EFB00080321221954213D895B1694600F051F97B
:10EFC00000280CD1019EB41C703627882A46394689
:10EFD00030460AF02AF82088B842F6D10020CDE564
:10EFE0000846CBE51CB504460088694600F039F9AF
:10EFF000002808D10199A378084691F82C20703197
:10F000009A4201D10C201CBD7F220A728A72002212
:10F01000CA72E17880F82D10217980F82E10A1783D
:10F0200080F82C1010461CBD1CB50C46694600F03B
:10F0300018F9002806D1019890F88C0000B1012041
:10F04000207000201CBD7CB50D461446694600F0BA
:10F0500008F9002805D1019890F82C00012801D06A
:10F060000C207CBD019890F87810297090F87900F8
:10F07000207000207CBD70B50D461646062101F0BB
:10F080001DF818B381880124C388428804EB410429
:10F09000AC4217D842F210746343A4106243B3FB2E
:10F0A000F2F2521E94B24FF4FA72944200D914460E
:10F0B000A54200D22C46491C641CB4FBF1F24A4321
:10F0C000521E91B290F8CC211AB901E0022070BD15
:10F0D00001843180002070BD10B50C46062100F07F
:10F0E000EDFF48B180F8FF4024B190F8FD1009B160
:10F0F00006F083FD00205EE602205CE6017899B10F
:10F10000417889B141881B290ED381881B290BD3F3
:10F11000C188022908D34B490268283941F8322FA7
:10F1200040684860002070471220704710B506F014
:10F130001EFD00203FE610B506F01CFD00203AE65B
:10F1400070B514460A46064600250121104606F011
:10F150003DFD002800D8284605460121304600F034
:10F160004EF806460121002000F049F8311801222E
:10F1700096318D4206D901F19600691AB1FBF0F083
:10F18000401C82B22280002070BD10B5044600F001
:10F1900050F808B10C200EE6601C09F08FFE2078B4
:10F1A00000F00100FEF7BAFA002004E610B50446AC
:10F1B000062000F021FF08B10C20FCE52078C007F4
:10F1C00010D00022607811460BF062F808B11220CE
:10F1D000F1E5A06808F073FD6078616808F078FDDB
:10F1E0000020E8E5002008F06AFD00210846F5E768
:10F1F00018B1022801D0012070470020704710B5D7
:10F20000012904D0022905D0FFDF2046D3E5C00044
:10F21000503001E080002C3084B2F6E710B506F0E3
:10F22000D1FD20B1FEF755FA08B10120C3E5002059
:10F23000C1E510B506F0C6FD002800D00120BAE5F2
:10F240007000002090060020416891F82C0191F890
:10F250008C1021B918B1042801D00120704700207A
:10F26000704710B50C46062100F028FF606018B109
:10F270000120207000209EE502209CE5416891F865
:10F28000FD20002A05D0002281F8FD20406806F00C
:10F29000B4BC704708B54FF6FF70ADF8000006E04B
:10F2A0000621BDF8000000F01BFF00B1FFDF0021C8
:10F2B0006846FFF73AF90028F2D008BD70B5144649
:10F2C0000546012200F00EF9002806D12146284605
:10F2D000BDE87040002200F005B970BDFB2803D8DE
:10F2E00040F64800814201D9112070470020704744
:10F2F0001B38E12806D2B1F5A47F03D344F2902055
:10F30000814201D912207047002070471FB58E49F5
:10F31000897ECA0702D10278192A0AD08A0702D444
:10F320000278182A24D0490739D40178122933D019
:10F3300035E04088ADF8000002A9FFF792FF00B168
:10F34000FFDF039810F8601F8DF8021040788DF8E9
:10F3500003000020ADF8040001B9FFDF9DF80300B1
:10F3600000B9FFDF6846FFF7A7F9D8B1FFDF19E062
:10F370004088ADF8000040F64800FB21ADF80400DD
:10F38000ADF80800ADF80210ADF806106846FFF7BA
:10F390006DFA38B1FFDF05E0007BC00702D0002026
:10F3A00004B008E50120FBE7F8B50646508914468D
:10F3B0000F4640B1B0F5004F05D20022A0781146AB
:10F3C0000AF066FF08B11220F8BDB86E394607F1A1
:10F3D000700530B1A07891F86E20904201D00C20D9
:10F3E000F8BD012081F86F00A07881F86E00606898
:10F3F00041F8680F608988802089A884002087F8F8
:10F400006F0020886946FFF715FCA88CBDF8001036
:10F41000081A00B2002804DD39463046FFF7F8FB31
:10F42000DDE70020F8BD38B504460078EF2841D864
:10F430006088ADF80000009800F061F888B361883A
:10F44000080708D4D4E90120824233D8202A31D3D6
:10F45000B0F5804F2ED8207B18B307282AD8607BC0
:10F4600028B1012803D0022801D0032822D14A075D
:10F4700003D4022801D0032805D1A07B08B10128BC
:10F4800018D1480707D4607D28B1012803D002288D
:10F4900001D003280ED1C806E07D03D5012809D18B
:10F4A00004E007E0012801D0032803D1E07E18B171
:10F4B000012801D0122038BD002038BD70B50C469F
:10F4C0000546FF2904D8FEF7A9FA18B11F2C01D967
:10F4D000122070BD2846FEF7C3F808B1002070BDA9
:10F4E000422070BD0AB1012200E00222024202D194
:10F4F000880802D109B1002070471120704780B2FE
:10F50000C1060BD401071CD481064FEAC07101D596
:10F51000B9B900E099B1800713D410E0410610D4C6
:10F5200081060ED4C1074FEA807104D0002902DBA6
:10F53000400704D405E0010703D4400701D40120AB
:10F5400070470020704700009006002030B5058805
:10F5500025F4004421448CB24FF4004194420AD275
:10F56000121B92B21B339A4201D2A94307E005F461
:10F570000041214303E0A21A92B2A9431143018042
:10F5800030BD0844083050434A31084480B27047C7
:10F5900070B51D4616460B46044629463046049A69
:10F5A000FFF7EFFF0646B34200D2FFDF282200211B
:10F5B0002046FDF7E8FE4FF6FF70A082283EB0B26D
:10F5C00065776080B0F5004F00D9FFDF618805F1F5
:10F5D0003C00814200D2FFDF60880835401B343890
:10F5E00080B220801B2800D21B2020800020A07722
:10F5F00070BD8161886170472DE9F05F0D46C1885B
:10F60000044600F12809008921F4004620F400484E
:10F6100000F063FB10B10020BDE8F09F4FF0000A3E
:10F620004FF0010BB0450CD9617FA8EB0600401AE2
:10F630000838854219DC09EB06000021058041806D
:10F640001AE06088617F801B471A083F0DD41B2F8A
:10F6500000DAFFDFBD4201DC294600E0B9B2681ADA
:10F660000204120C04D0424502DD84F817A0D2E750
:10F6700009EB06000180428084F817B0CCE770B532
:10F68000044600F12802C088E37D20F400402BB13D
:10F6900010440288438813448B4201D2002070BD7D
:10F6A00000258A4202D30180458008E0891A0904B6
:10F6B000090C418003D0A01D00F01FFB08E0637F10
:10F6C00000880833184481B26288A01DFFF73EFF0E
:10F6D000E575012070BD70B5034600F12804C588AA
:10F6E000808820F400462644A84202D100201882D7
:10F6F00070BD98893588A84206D3401B75882D1A9D
:10F700002044ADB2C01E05E02C1AA5B25C7F204497
:10F710003044401D0C88AC4200D90D809C8924B136
:10F72000002414700988198270BD0124F9E770B5AE
:10F73000044600F12801808820F400404518208A02
:10F74000002825D0A189084480B2A08129886A8830
:10F750001144814200D2FFDF2888698800260844CE
:10F76000A189884212D1A069807F2871698819B166
:10F77000201D00F0C2FA08E0637F2888083318448F
:10F7800081B26288201DFFF7E1FEA681268201205A
:10F7900070BD2DE9F041418987880026044600F1BB
:10F7A0002805B94219D004F10A0800BF21F400402D
:10F7B0002844418819B1404600F09FFA08E0637F71
:10F7C00000880833184481B262884046FFF7BEFEC5
:10F7D000761C6189B6B2B942E8D13046BDE8F08105
:10F7E0002DE9F04104460B4627892830A68827F4E6
:10F7F0000041B4F80A8001440D46B74201D100200F
:10F80000ECE70AB1481D106023B1627F691D1846FC
:10F81000FDF78FFD2E88698804F1080021B18A194F
:10F8200096B200F06AFA06E0637F6288083399199D
:10F8300089B2FFF78BFE474501D1208960813046B0
:10F84000CCE78188C088814201D101207047002027
:10F85000704701898088814201D1012070470020D2
:10F86000704770B58588C38800F1280425F40042EC
:10F8700023F4004114449D421AD08389058A5E19FD
:10F8800025886388EC18A64214D313B18B4211D398
:10F890000EE0437F08325C192244408892B2801AFD
:10F8A00080B22333984201D211B103E08A4201D1E0
:10F8B000002070BD012070BD2DE9F0478846C18849
:10F8C0000446008921F4004604F1280720F400458D
:10F8D00007EB060900F001FA002178BBB54204D914
:10F8E000627FA81B801A002503E06088627F801B6E
:10F8F000801A083823D4E28962B1B9F80020B9F837
:10F9000002303BB1E81A2177404518DBE0893844E2
:10F91000801A09E0801A217740450ADB607FE1897F
:10F920000830304439440844C01EA4F81280BDE8B1
:10F93000F087454503DB01202077E7E7FFE7618299
:10F940000020F4E72DE9F74F044600F12805C088B0
:10F95000884620F4004A608A05EB0A0608B1404553
:10F9600002D20020BDE8FE8FE08978B13788B6F872
:10F97000029007EB0901884200D0FFDF207F4FF0A3
:10F98000000B50EA090106D088B33BE00027A07FB6
:10F99000B9463071F2E7E18959B1607F29440830F6
:10F9A00050440844B4F81F1020F8031D94F82110A7
:10F9B0008170E28907EB080002EB0801E1813080E9
:10F9C000A6F802B002985F4650B1637F30880833D2
:10F9D000184481B26288A01DFFF7B8FDE78121E0DD
:10F9E000607FE18908305044294408442DE0FFE756
:10F9F000E089B4F81F102844C01B20F8031D94F8B8
:10FA00002110817009EB0800E28981B202EB080045
:10FA1000E081378071800298A0B1A01D00F06DF9DF
:10FA2000A4F80EB0A07F401CA077A07D08B1E088AC
:10FA3000A08284F816B000BFA4F812B084F817B002
:10FA400001208FE7E0892844C01B30F8031DA4F88B
:10FA50001F10807884F82100EEE710B5818800F14E
:10FA6000280321F400442344848AC288A14212D08E
:10FA7000914210D0818971B9826972B11046FFF745
:10FA8000E8FE50B91089283220F40040104419795A
:10FA90000079884201D1002010BD184610BD00F148
:10FAA0002803407F08300844C01E1060088808B949
:10FAB000DB1E136008884988084480B270472DE92E
:10FAC000F04100F12806407F1C460830904643185C
:10FAD00008884D88069ADB1EA0B1C01C80B29042F7
:10FAE00014D9801AA04200DB204687B298183A4603
:10FAF0004146FDF7F1FB002816D1E01B84B2B84463
:10FB0000002005E0ED1CADB2F61EE8E7101A80B249
:10FB10000119A94206D8304422464146BDE8F041C9
:10FB2000FDF7DABB4FF0FF3058E62DE9F04100F168
:10FB30002804407F1E460830904643180025088858
:10FB40004F88069ADB1E90B1C01C80B2904212D939
:10FB5000801AB04200DB304685B299182A464046EA
:10FB6000FDF7E7FB701B86B2A844002005E0FF1CF0
:10FB7000BFB2E41EEAE7101A80B28119B94206D872
:10FB8000211832464046FDF7D4FBA81985B2284615
:10FB900024E62DE9F04100F12804407F1E4608309C
:10FBA00090464318002508884F88069ADB1E90B1BE
:10FBB000C01C80B2904212D9801AB04200DB30469D
:10FBC00085B298182A464146FDF7B3FB701B86B2F2
:10FBD000A844002005E0FF1CBFB2E41EEAE7101AAB
:10FBE00080B28119B94206D8204432464146FDF719
:10FBF000A0FBA81985B22846F0E5401D704710B556
:10FC0000044600F12801C288808820F4004319448A
:10FC1000904206D0A28922B9228A12B9A28A9042C1
:10FC200001D1002010BD0888498831B1201D00F0A5
:10FC300064F800202082012010BD637F62880833B1
:10FC4000184481B2201DFFF781FCF2E70021C18139
:10FC500001774182C1758175704703881380C2891D
:10FC600042B1C28822F4004300F128021A440A601B
:10FC7000C08970470020704710B50446808AA0F5FF
:10FC80007F41FF3900D0FFDFE088A082E08900B12A
:10FC90000120A07510BD4FF6FF7181820021817592
:10FCA000704710B50446808AA0F57F41FF3900D126
:10FCB000FFDFA07D28B9A088A18A884201D1002059
:10FCC00010BD012010BD8188828A914201D1807DC2
:10FCD00008B1002070470120704720F4004221F451
:10FCE00000439A4207D100F4004001F400418842E9
:10FCF00001D0012070470020704730B504460088CD
:10FD00000D4620F40040A84200D2FFDF21884FF4C6
:10FD1000004088432843208030BD70B50C00054664
:10FD200009D0082C00D2FFDF1DB1A1B2286800F075
:10FD300044F8201D70BD0DB100202860002070BD6A
:10FD40000021026803E093881268194489B2002AEE
:10FD5000F9D100F032B870B500260D4604460829E6
:10FD600000D2FFDF206808B91EE0044620688188C1
:10FD7000A94202D001680029F7D181880646A9422C
:10FD800001D100680DE005F1080293B2002299420A
:10FD900009D32844491B02608180216809682160D9
:10FDA0000160206000E00026304670BD00230B603B
:10FDB0008A8002680A600160704700234360021D68
:10FDC000018102607047F0B50F46018840881546F2
:10FDD0000C181E46AC4200D3641B3044A84200D924
:10FDE000FFDFA019A84200D9FFDF3819F0BD2DE9C7
:10FDF000F041884606460188408815460C181F4683
:10FE0000AC4200D3641B3844A84200D9FFDFE0199C
:10FE1000A84200D9FFDF70883844708008EB0400E6
:10FE2000BDE8F0812DE9F041054600881E461746E1
:10FE3000841B8846BC4200D33C442C8068883044F4
:10FE4000B84200D9FFDFA019B84200D9FFDF6888A7
:10FE50003044688008EB0400E2E72DE9F0410688B1
:10FE60001D460446701980B2174688462080B84265
:10FE700001D3C01B20806088A84200D2FFDF701928
:10FE8000B84200D9FFDF6088401B608008EB0600A5
:10FE9000C6E730B50D460188CC18944200D3A41AA9
:10FEA0004088984200D8FFDF281930BD2DE9F04185
:10FEB000BF4D04469046A8780E46A04200D8FFDF0A
:10FEC00005EB8607786A50F8240000B1FFDFB868B8
:10FED000002816D0304600F032F90146B868FFF726
:10FEE0003AFF05000CD0786A072E40F8245000D362
:10FEF000FFDFB0484246294650F826302046984752
:10FF00002846BDE8F0812DE9F84305000C46009530
:10FF100024D00026E81C20F00300A84200D0FFDF18
:10FF2000DFF88C820027314688F8007088F801409D
:10FF300088F8024088F8034088F8044088F80540B3
:10FF400088F80640684600F003F900204246009910
:10FF5000C91C21F00301009116B10FE00126D9E779
:10FF600002EB80035962002106E000BFD3F824C0F1
:10FF70004CF82170491CC9B2A142F7D30099401C2A
:10FF800001EB8401C0B200910728E0D3481BBDE813
:10FF9000F88310B50446F1F774F908B1102010BDCC
:10FFA0002078834A618802EB800092780EE0436AF1
:10FFB00053F8213043B14A1C6280A180406A50F856
:10FFC0002100A060002010BD491C89B28A42EED8F1
:10FFD0006180052010BD70B505460C460846F1F756
:10FFE00050F908B1102070BD072D01D3072070BD56
:10FFF00025700020608070BD0EB56946FFF7EBFFED
:020000021000EC
:1000000000B1FFDF6846FFF7C4FF08B100200EBD56
:1000100001200EBD10B50446072800D3FFDF644859
:10002000005D10BD3EB5054600246946FFF7D3FFCD
:1000300018B1FFDF01E0641CE4B26846FFF7A9FFD6
:100040000028F8D02846FFF7E5FF001BC0B23EBDF0
:1000500057498978814201D9C0B27047FF20704763
:100060002DE9F04106291BD1514C00273B464FF6A4
:10007000FF7604EB810514F801C00AE0DC19D5F81D
:1000800024E0A4B25EF824E0BEF1000F04D05B1CB3
:100090009BB29C45F2D8344604802046B44201D13C
:1000A00000202EE7BDE8F04100E7A0F57F43FF3BCD
:1000B00001D0072901D300207047F7E6A0F57F4261
:1000C000FF3A0BD0072909D2394A9378834205D9E0
:1000D00002EB8101496A51F8200070470020704707
:1000E0002DE9F04104460D46A4F57F4143F202009C
:1000F000FF3902D0072D01D3072002E72C494FF02A
:1001000000088A78A242F8D901EB8506726A52F893
:100110002470002FF1D0274839461C3050F8252094
:1001200020469047716A284641F8248000F007F87D
:1001300002463946B068FFF739FE0020E1E61D4966
:10014000383131F810004FF6FC71C01C0840704780
:100150002DE9F843164E8846054600242868C01C41
:1001600020F0030028602046FFF7E9FF315D484397
:10017000B8F1000F01D0002200E02A680146009289
:1001800032B100274FEA0D00FFF7C7FD1FB106E0AF
:1001900001270020F8E706EB8401009A8A602968AD
:1001A000641C0844E4B22860072CD7D3EFE60000B3
:1001B000AC060020D4B1010070B50E461D461146B4
:1001C00000F0D5F804462946304600F0D9F820441E
:1001D000001D70BD2DE9F04190460D4604004FF022
:1001E000000610D00027E01C20F00300A04200D041
:1001F000FFDFE5B141460020FFF78FFD0C3000EB3B
:10020000850617B113E00127EDE7624F04F10C00FA
:10021000AA003C602572606000EB85002060002130
:100220006068FDF7B0F841463868FFF776FD304664
:10023000BDE8F0812DE9FF4F564C804681B0206823
:100240009A46934600B9FFDF2068027A424503D9F7
:10025000416851F8280020B143F2020005B0BDE822
:10026000F08F5146029800F082F886B258460E99F7
:1002700000F086F885B27019001D87B22068A1468B
:1002800039460068FFF767FD04001FD067802580AE
:100290002946201D0E9D07465A4601230095FFF76B
:1002A00077F92088314638440123029ACDF800A01E
:1002B000FFF76EF92088C1193846FFF79AF9D9F887
:1002C00000004168002041F82840C7E70420C5E746
:1002D00070B5304C0546206800B9FFDF2068017A10
:1002E000A9420ED9426852F8251051B1002342F8B4
:1002F00025304A880068FFF759FD216800200A7AF6
:1003000008E043F2020070BD4B6853F8203033B967
:10031000401CC0B28242F7D80868FFF711FD0020E8
:1003200070BD70B51B4E05460024306800B9FFDF74
:100330003068017AA94204D9406850F8250000B11C
:10034000041D204670BD70B5124E0546002430686D
:1003500000B9FFDF3068017AA94206D9406850F839
:10036000251011B131F8040B4418204670BD10B5AA
:100370000A460121FFF705F9C01C20F0030010BD5B
:1003800010B50A460121FFF7FCF8C01C20F003005D
:1003900010BD00007C00002070B50446C2F11005BD
:1003A0002819FCF7C6FF15F0FF0109D0491ECAB293
:1003B0008020A0542046BDE870400021FCF7E3BF38
:1003C00070BD30B505E05B1EDBB2CC5CD55C6C402B
:1003D000C454002BF7D130BD10B5002409E00B78D0
:1003E000521E44EA430300F8013B11F8013BD2B22C
:1003F000DC09002AF3D110BD2DE9F04389B01E4677
:10040000DDE9107990460D00044622D002460846E8
:10041000F949FEF71EFB102221463846FFF7DCFFA4
:10042000E07B000606D5F44A394610231032084610
:10043000FFF7C7FF102239464846FFF7CDFFF87B8C
:10044000000606D5EC4A4946102310320846FFF74D
:10045000B8FF102200212046FCF795FF0DE0103E6A
:10046000B6B208EB0601102322466846FFF7A9FF43
:10047000224628466946FEF7ECFA102EEFD818D02F
:10048000F2B241466846FFF787FF10234A466946A5
:1004900004A8FFF796FF1023224604A96846FFF739
:1004A00090FF224628466946FEF7D3FA09B0BDE818
:1004B000F08310233A464146EAE770B59CB01E46E9
:1004C0000546134620980C468DF808002022194650
:1004D0000DF10900FCF72DFF202221460DF1290026
:1004E000FCF727FF17A913A8CDE90001412302AAB1
:1004F00031462846FFF780FF1CB070BD2DE9FF4F45
:100500009FB014AEDDE92D5410AFBB49CDE90076A4
:10051000202320311AA8FFF76FFF4FF000088DF855
:1005200008804FF001098DF8099054F8010FCDF8BB
:100530000A00A088ADF80E0014F8010C1022C0F3D8
:1005400040008DF8100055F8010FCDF81100A88873
:10055000ADF8150015F8010C2C99C0F340008DF88A
:10056000170006A88246FCF7E4FE0AA8834610227C
:100570002299FCF7DEFEA0483523083802AA40681D
:100580008DF83C80CDE900760E901AA91F98FFF7F0
:1005900033FF8DF808808DF809902068CDF80A00A7
:1005A000A088ADF80E0014F8010C1022C0F3400032
:1005B0008DF810002868CDF81100A888ADF8150056
:1005C00015F8010C2C99C0F340008DF81700504627
:1005D000FCF7AFFE584610222299FCF7AAFE864887
:1005E0003523083802AA40688DF83C90CDE90076A2
:1005F0000E901AA92098FFF7FFFE23B0BDE8F08FF8
:10060000F0B59BB00C460546DDE922101E461746A4
:10061000DDE92032D0F801C0CDF808C0B0F805C03F
:10062000ADF80CC00078C0F340008DF80E00D1F892
:100630000100CDF80F00B1F80500ADF813000878FF
:100640001946C0F340008DF815001088ADF816006B
:1006500090788DF818000DF119001022FCF769FE52
:100660000DF1290010223146FCF763FE0DF139002F
:1006700010223946FCF75DFE17A913A8CDE9000149
:10068000412302AA21462846FFF7B6FE1BB0F0BD63
:10069000F0B5A3B017460D4604461E46102202A828
:1006A0002899FCF746FE06A820223946FCF741FEB1
:1006B0000EA820222946FCF73CFE1EA91AA8CDE967
:1006C0000001502302AA314616A8FFF795FE16989E
:1006D000206023B0F0BDF0B589B00446DDE90E0717
:1006E0000D463978109EC1F340018DF80010317825
:1006F0009446C1F340018DF801101968CDF802103D
:100700009988ADF8061099798DF808100168CDF830
:1007100009108188ADF80D1080798DF80F00102335
:100720006A46614604A8FFF74CFE2246284604A903
:10073000FEF78FF9D6F801000090B6F80500ADF885
:100740000400D7F80100CDF80600B7F80500ADF8B1
:100750000A000020039010236A46214604A8FFF7F0
:1007600030FE2246284604A9FEF773F909B0F0BD11
:100770001FB51C6800945B6801931368029352686C
:100780000392024608466946FEF763F91FBD10B59D
:1007900088B00446106804905068059000200690C8
:1007A000079008466A4604A9FEF753F9BDF8000011
:1007B000208008B010BD1FB51288ADF800201A883F
:1007C000ADF80220002201920292039202460846EE
:1007D0006946FEF73EF91FBD7FB5074B1446054637
:1007E000083B9A1C6846FFF7E6FF22466946284602
:1007F000FFF7CDFF7FBD000022B2010070B50446B7
:1008000000780E46012813D0052802D0092813D1FC
:100810000EE0A06861690578042003F07FFA052DD9
:100820000AD0782300220420616903F0CDF903E0A7
:100830000420616903F072FA31462046BDE8704039
:1008400001F08AB810B500F12D03C2799C78411DE2
:10085000144064F30102C271D2070DD04A795C7969
:1008600022404A710A791B791A400A718278C97844
:100870008A4200D9817010BD00224A71F5E74178A3
:10088000012900D00C21017070472DE9F04F93B081
:100890004FF0000B0C690D468DF820B00978012649
:1008A0000C2017464FF00D084FF0110A4FF00809C1
:1008B0001B2975D2DFE811F01B00C40207031F03D8
:1008C0005E037103A303B803F9031A0462049504D9
:1008D000A204EF042D05370555056005F30536061E
:1008E000390668068406FE062207EB06F00614B1F8
:1008F00020781D282AD0D5F808805FEA08004FD05C
:1009000001208DF82000686A02220D908DF82420C5
:100910000A208DF82500A8690A90A8880028EED042
:1009200098F8001091B10F2910D27DD2DFE801F0C4
:100930007C1349DEFCFBFAF9F8F738089CF6F50061
:1009400002282DD124B120780C2801D00026F0E314
:100950008DF82020CBE10420696A03F0DFF9A88834
:100960000728EED1204600F0F2FF022809D02046E9
:1009700000F0EDFF032807D9204600F0E8FF072824
:1009800002D20120207004E0002CB8D02078012889
:10099000D7D198F80400C11F0A2902D30A2061E0C8
:1009A000C4E1A070D8F80010E162B8F80410218604
:1009B00098F8060084F83200012028700320207087
:1009C00044E00728BDD1002C99D020780D28B8D15B
:1009D00098F8031094F82F20C1F3C000C2F3C002AE
:1009E000104201D0062000E00720890707D198F8BF
:1009F00005100142D2D198F806100142CED194F8E8
:100A0000312098F8051020EA02021142C6D194F86C
:100A1000322098F8061090430142BFD198F80400A4
:100A2000C11F0A29BAD200E008E2617D81427CD868
:100A3000D8F800106160B8F80410218198F8060019
:100A4000A072012028700E20207003208DF8200055
:100A5000686A0D9004F12D000990601D0A900F3016
:100A60000B9022E12875FCE3412891D1204600F04B
:100A70006EFF042802D1E078C00704D1204600F0C0
:100A800066FF0F2884D1A88CD5F80C8080B24FF077
:100A9000400BE669FFF745FC324641465B464E4651
:100AA000CDF80090FFF741F80B208DF82000686A20
:100AB0000D90E0690990002108A8FFF79FFE2078BB
:100AC000042806D0A07D58B1012809D003280AD0F7
:100AD0004AE305202070032028708DF82060CEE1C5
:100AE00084F800A032E712202070EAE11128BCD17E
:100AF000204600F02CFF042802D1E078C00719D06E
:100B0000204600F024FF062805D1E078C00711D167
:100B1000A07D02280ED0204608E0CCE084E072E1FF
:100B200051E124E103E1E9E019E0B0E100F00FFF59
:100B300011289AD1102208F1010104F13C00FCF7C0
:100B4000F8FB607801286ED012202070E078C00792
:100B500060D0A07D0028C8D00128C6D05AE0112856
:100B600090D1204600F0F3FE082804D0204600F083
:100B7000EEFE132886D104F16C00102208F1010169
:100B80000646FCF7D6FB207808280DD014202070EC
:100B9000E178C8070DD0A07D02280AD06278022A29
:100BA00004D00328A1D035E00920F0E708B10128DE
:100BB00037D1C80713D0A07D02281DD00020009097
:100BC000D4E9062133460EA8FFF777FC10220EA9C0
:100BD00004F13C00FCF780FBC8B1042042E7D4E9F3
:100BE0000912201D8DE8070004F12C0332460EA8DF
:100BF000616BFFF770FDE9E7606BC1F34401491ECB
:100C00000068C84000F0010040F08000D7E720787D
:100C1000092806D185F800908DF8209036E32870D9
:100C2000EFE30920FBE79EE1112899D1204600F06F
:100C30008EFE0A2802D1E078C00704D1204600F0D9
:100C400086FE15288CD104F13C00102208F1010128
:100C50000646FCF76EFB20780A2816D01620207076
:100C6000D4E90932606B611D8DE80F0004F15C036B
:100C700004F16C0247310EA8FFF7C2FC10220EA946
:100C80003046FCF729FB18B1F9E20B20207073E223
:100C90002046FFF7D7FDA078216AC0F110020B189B
:100CA00000211846FCF76FFB26E3394608A8FFF73A
:100CB000A5FD06463CE20228B7D1204600F047FEDB
:100CC000042804D3204600F042FE082809D3204619
:100CD00000F03DFE0E2829D3204600F038FE1228F1
:100CE00024D2A07D0228A0D10E208DF82000686AB1
:100CF0000D9098F801008DF82400F5E3022894D1B6
:100D0000204600F024FE002810D0204600F01FFEF0
:100D10000128F9D0204600F01AFE0C28F4D0042057
:100D20008DF8240098F801008DF8250060E2112864
:100D3000FCD1002CFAD020781728F7D16178606AAE
:100D4000022912D05FF0000101EB4101182606EBE9
:100D5000C1011022405808F10101FCF7EAFA042011
:100D6000696A00F0E7FD2670F0E50121ECE70B2849
:100D7000DCD1002CDAD020781828D7D16078616ACD
:100D800002281CD05FF0000000EB4002102000EBB6
:100D9000C2000958B8F8010008806078616A02282A
:100DA0000FD0002000EB4002142000EBC2000958D5
:100DB000404650F8032F0A604068486039E001203F
:100DC000E2E70120EEE71128B0D1002CAED0207868
:100DD0001928ABD16178606A022912D05FF0000156
:100DE00001EB41011C2202EBC1011022405808F125
:100DF0000101FCF79EFA0420696A00F09BFD1A20AD
:100E0000B6E00121ECE7082890D1002C8ED02078A4
:100E10001A288BD1606A98F80120017862F34701A3
:100E20000170616AD8F8022041F8012FB8F8060075
:100E300088800420696A00F07DFD90E2072011E6B9
:100E40003878012894D1182204F114007968FCF74D
:100E500070FAE079C10894F82F0001EAD001E07837
:100E600061F30000E070217D002974D1217803290D
:100E700009D0C00725D0032028708DF82090686A1B
:100E80000D90412008E3607DA178884201D90620B9
:100E9000E8E502262671E179204621F0E001E171C2
:100EA000617A21F0F0016172A17A21F0F001A17262
:100EB000FFF7C8FC2E708DF82090686A0D9007200F
:100EC000EAE20420ABE6387805289DD18DF82000B1
:100ED000686A0D90B8680A900720ADF824000A9857
:100EE0008DF830B06168016021898180A17A8171BB
:100EF00004202070F8E23978052985D18DF820107A
:100F0000696A0D91391D09AE0EC986E80E004121AE
:100F1000ADF824108DF830B01070A88CD7F80C8084
:100F200080B24026A769FFF70EFA41463A4633469B
:100F3000C846CDF80090FEF72CFE002108A8FFF768
:100F40005DFCE07820F03E00801CE07020780528F1
:100F500002D00F200CE04AE1A07D20B1012802D090
:100F6000032802D002E10720BEE584F80080EDE40A
:100F70002070EBE4102104F15C0002F0E8FB606BF0
:100F8000B0BBA07D18B1012801D00520FDE00620EE
:100F90002870F8486063A063C2E23878022894D1D0
:100FA000387908B12875B7E3A07D022802D003285C
:100FB00005D022E0B8680028F5D060631CE06078B6
:100FC000012806D0A07994F82E10012805D0E94810
:100FD00006E0A17994F82E00F7E7B8680028E2D07F
:100FE0006063E078C00701D0012902D0E14803E046
:100FF00003E0F8680028D6D0A06306200FE68DF83D
:101000002090696A0D91E1784846C90709D0617856
:10101000022903D1A17D29B1012903D0A17D032992
:1010200000D00720287033E138780528BBD120781C
:1010300007281ED084F800A005208DF82000686ADB
:101040000D90B8680A90ADF824A08DF830B0032157
:101050000170E178CA070FD0A27D022A1AD00021C0
:101060000091D4E9061204F15C03401CFFF725FA55
:101070006BE384F80090DFE7D4E90923211D8DE8B4
:101080000E0004F12C0304F15C02401C616BFFF7BD
:1010900022FB5AE3626BC1F34401491E1268CA4045
:1010A00002F0010141F08001DAE738780528BDD16E
:1010B0008DF82000686A0D90B8680A90ADF824A0F9
:1010C0008DF830B0042100F8011B102204F15C01FE
:1010D000FCF72FF9002108A8FFF790FB20780928DA
:1010E00001D0132044E70A2020709AE5E078C10778
:1010F00042D0A17D012902D0022927D038E06178B1
:1011000008A8012916D004F16C010091D4E9061257
:1011100004F15C03001DFFF7BBFA0A2028700326C8
:101120008DF82080686A0D90002108A8FFF766FB03
:10113000E1E2C7E204F15C010091D4E9062104F187
:101140006C03001DFFF7A4FA0026E9E7C0F3440191
:1011500014290DD24FF0006101EBB0104FEAB060DE
:10116000E0706078012801D01020BDE40620FFE681
:10117000607801283FF4B6AC0A2050E5E178C90751
:1011800008D0A17D012903D10B202870042030E074
:1011900028702EE00E2028706078616B012818D02E
:1011A00004F15C0304F16C020EA8FFF7E1FA20469B
:1011B000FFF748FBA0780EAEC0F1100230440021CA
:1011C000FCF7E1F806208DF82000686A09960D907A
:1011D0009BE004F16C0304F15C020EA8FFF7C8FA6F
:1011E000E8E73978022903D139790029D0D0297567
:1011F00092E28DF82000686A0D9056E5387807284D
:10120000F6D1D4E909216078012808D004F16C00F6
:10121000CDE90002029105D104F16C0304E004F170
:101220005C00F5E704F15C0304F14C007A680646C3
:10123000216AFFF763F96078012822D1A078216A3A
:10124000C0F110020B1800211846FCF79CF8D4E9F5
:101250000923606B04F12D018DE80F0004F15C039C
:1012600000E05BE204F16C0231460EA8FFF7C8F91A
:1012700010220EA904F13C00FCF72EF808B10B2057
:10128000ACE485F8008000BF8DF82090686A0D906E
:101290008DF824A009E538780528A9D18DF820001B
:1012A000686A0D90B8680A90ADF824A08DF830B047
:1012B00080F80080617801291AD0D4E9092104F16D
:1012C0002D03A66B03910096CDE9013204F16C0366
:1012D00004F15C0204F14C01401CFFF791F900217C
:1012E00008A8FFF78BFA6078012805D015203FE6A3
:1012F000D4E90912631DE4E70E20287006208DF85A
:101300002000686ACDF824B00D90A0788DF82800F0
:10131000CBE438780328C0D1E079C00770D00F2023
:101320002870072065E7387804286BD11422391D0E
:1013300004F11400FBF7FDFF616A208CA1F809009D
:10134000616AA078C871E179626A01F003011172E3
:10135000616A627A0A73616AA07A81F824001620B1
:101360005DE485F800A08DF82090696A50460D91E3
:1013700092E0000022B201003878052842D1B86816
:10138000A8616178606A022901D0012100E0002192
:1013900001EB4101142606EBC1014058082102F07F
:1013A000D6F96178606A022901D0012100E00021AC
:1013B00001EB410106EBC101425802A8E169FFF7C8
:1013C0000BFA6078626A022801D0012000E0002058
:1013D00000EB4001102000EBC1000223105802A9CD
:1013E0000932FEF7EEFF626AFD4B0EA80932A169D1
:1013F000FFF7E1F96178606A022904D0012103E076
:1014000044E18DE0BFE0002101EB4101182606EB2D
:10141000C101A27840580EA9FBF78BFF6178606A82
:10142000022901D0012100E0002101EB410106EB7E
:10143000C1014158A0780B18C0F1100200211846D4
:10144000FBF7A1FF05208DF82000686A0D90A869C0
:101450000A90ADF824A08DF830B0062101706278B2
:10146000616A022A01D0012200E0002202EB42025E
:1014700006EBC202401C89581022FBF75AFF0021DC
:1014800008A8FFF7BBF91220C5F818B028708DF82E
:101490002090686A0D900B208DF8240005E43878C0
:1014A000052870D18DF82000686A0D90B8680A9000
:1014B0000B20ADF824000A98072101706178626A58
:1014C000022901D0012100E0002101EB410310219C
:1014D00001EBC30151580988A0F801106178626AD4
:1014E000022902D0012101E02FE1002101EB41039B
:1014F000142101EBC30151580A6840F8032F4968D1
:10150000416059E01920287001208DF8300074E600
:10151000162028708DF830B0002108A8FFF76EF96A
:10152000032617E114202870AEE6387805282AD162
:101530008DF82000686A0D90B8680A90ADF824A074
:101540008DF830B080F800906278616A4E46022AC9
:1015500001D0012200E0002202EB42021C2303EB37
:10156000C202401C89581022FBF7E3FE002108A8A4
:10157000FFF744F9152028708DF82060686A0D90F7
:101580008DF8246039E680E0387805287DD18DF823
:101590002000686A0D90B8680A90ADF8249009217F
:1015A00001706169097849084170616951F8012F3A
:1015B000C0F802208988C18020781C28A8D1A1E722
:1015C000E078C00702D04FF0060C01E04FF0070CA6
:1015D000607802280AD000BF4FF0000000EB040141
:1015E00001F1090105D04FF0010004E04FF00100C6
:1015F000F4E74FF000000B78204413EA0C030B7063
:1016000010F8092F02EA0C02027004D14FF01B0CF3
:1016100084F800C0D2B394F801C0BCF1010F00D02F
:101620009BB990F800C0E0465FEACC7C04D028F07B
:1016300001060670102606E05FEA887C05D528F0D2
:101640000206067013262E70032694F801C0BCF122
:10165000020F00D092B991F800C05FEACC7804D0B4
:101660002CF001060E70172106E05FEA8C7805D594
:101670002CF002060E701921217000260078D0BBD4
:10168000CAB3C3BB1C20207035E012E002E03878FA
:10169000062841D11A2015E4207801283CD00C28D6
:1016A0003AD02046FFF7EBF809208DF82000686A51
:1016B0000D9031E03878052805D0062038700326D3
:1016C0001820287046E005208DF82000696A0D91E9
:1016D000B9680A910221ADF8241001218DF830106B
:1016E0000A990870287D4870394608A8FFF786F8DF
:1016F000064618202870012E0ED02BE001208DF810
:101700002000686A0D9003208DF82400287D8DF854
:10171000250085F814B012E0287D80B11D202070CE
:10172000172028708DF82090686A0D9002208DF89F
:101730002400394608A8FFF761F806460AE00CB114
:10174000FE2020709DF8200020B1002108A8FFF79E
:1017500055F80CE413B03046BDE8F08F2DE9F043A6
:1017600087B00C464E6900218DF8041001202578C1
:10177000034602274FF007094FF0050C85B1012DF4
:1017800053D0022D39D1FE2030708DF80030606AC0
:10179000059003208DF80400207E8DF8050063E09D
:1017A0002179012925D002292DD0032928D0042907
:1017B00023D1B17D022920D131780D1F042D04D30E
:1017C0000A3D032D01D31D2917D12189022914D3E4
:1017D0008DF80470237020899DF80410884201E080
:1017E0001AB2010018D208208DF80000606A059036
:1017F00057E070780128EBD0052007B0BDE8F083F2
:101800001D203070E4E771780229F5D131780C2978
:10181000F3D18DF80490DDE7083402F804CB94E8A6
:101820000B0082E80B000320E7E71578052DE4D1D3
:101830008DF800C0656A0595956802958DF81010C1
:1018400094F80480B8F1010F13D0B8F1020F2DD035
:10185000B8F1030F1CD0B8F1040FCED1ADF804706D
:101860000E202870207E687000216846FEF7C6FFB3
:101870000CE0ADF804700B202870207E002100F0F1
:101880001F0068706846FEF7B9FF37700020B4E7A4
:10189000ADF804708DF8103085F800C0207E6870B7
:1018A000277011466846FEF7A9FFA6E7ADF8049039
:1018B0002B70207F6870607F00F00100A870A07F0F
:1018C00000F01F00E870E27F2A71C0071CD094F876
:1018D000200000F00700687194F8210000F0070074
:1018E000A87100216846FEF789FF2868F062A88881
:1018F0003086A87986F83200A0694078707528791A
:10190000B0700D203070C1E7A9716971E9E700B5C9
:1019100087B004280CD101208DF800008DF8040058
:10192000002005918DF8050001466846FEF766FF28
:1019300007B000BD70B50C46054602F0EFF9214630
:101940002846BDE870407823002202F03DB908B176
:10195000007870470C20704770B50C0005784FF088
:1019600000010CD021702146F1F757FC694821781D
:10197000405D884201D1032070BD022070BDF1F7A7
:101980004CFC002070BD0279012A05D000220A70AB
:101990004B78012B02D003E0042070470A758A615E
:1019A00002799300521C0271C15003207047F0B5B8
:1019B00087B00F4605460124287905EB800050F8D2
:1019C000046C7078411E02290AD252493A460839FD
:1019D00001EB8000314650F8043C28469847044605
:1019E0000CB1012C11D12879401E10F0FF00287194
:1019F00001D00324E0E70A208DF80000706A05900A
:101A0000002101966846FFF7A7FF032CD4D007B04A
:101A10002046F0BD70B515460A46044629461046D4
:101A2000FFF7C5FF064674B12078FE280BD1207C55
:101A300030B100202870294604F10C00FFF7B7FFF1
:101A40002046FEF71CFF304670BD704770B50E464D
:101A500004467C220021FBF796FC0225012E03D0D0
:101A6000022E04D0052070BD0120607000E065707A
:101A70002046FEF704FFA575002070BD28B1027C4A
:101A80001AB10A4600F10C01C4E70120704710B5F5
:101A9000044686B0042002F041F92078FE2806D0E2
:101AA00000208DF8000069462046FFF7E7FF06B0EA
:101AB00010BD7CB50E4600218DF804104178012937
:101AC00003D0022903D0002405E0046900E0446942
:101AD0000CB1217C89B16D4601462846FFF753FFC2
:101AE000032809D1324629462046FFF793FF9DF887
:101AF0000410002900D004207CBD04F10C05EBE7A4
:101B000030B40C460146034A204630BC024B0C3A26
:101B1000FEF751BE60B201001AB2010070B50D4669
:101B2000040012D08DB1220100212846FBF72BFCC6
:101B3000102255492846FBF7FCFB53480121083881
:101B4000018044804560002070BD012070BD70B5EB
:101B50004D4E00240546083E10E07068AA7B00EB5D
:101B60000410817B914208D1C17BEA7B914204D170
:101B70000C222946FBF7B0FB30B1641C308884424C
:101B8000EBDB4FF0FF3070BD204670BD70B50D46E9
:101B9000060006D02DB1FFF7DAFF002803DB401C5A
:101BA00014E0102070BD384C083C20886288411C2D
:101BB000914201D9042070BD6168102201EB001030
:101BC0003146FBF7B6FB2088401C2080287000209F
:101BD00070BD2D480838008870472B49083908889F
:101BE000012802D0401E08800020704770B51446BE
:101BF0000D0018D0BCB10021A170022802D010281D
:101C000011D105E0288870B10121A170108008E091
:101C10002846FFF79CFF002805DB401CA070A88920
:101C20002080002070BD012070BD70B505461446AF
:101C30000E000BD000203070A878012808D005D9FC
:101C40001149A1F108010A8890420AD9012070BD0A
:101C500024B1287820702888000A5070022008706B
:101C60000FE064B14968102201EB001120461039E1
:101C7000FBF75FFB287820732888000A6073102028
:101C80003070002070BD0000880000202DE9F04178
:101C900090460C4607460025C2EB4811FE48072F28
:101CA00000EB410607D2DFE807F007070707040447
:101CB0000400012500E0FFDF06F81470002D13D0AA
:101CC000F5487C3000EB880191F827001F2803D0ED
:101CD00006EB4000447001E081F8264006EB440228
:101CE0001F20507081F82740BDE8F081F0B51F46F5
:101CF00014460E4605461F2A00D1FFDFE648C7EB13
:101D0000471100EB410CE4490CEB44007C3101EB42
:101D100087021F2E07D00CEB460140784B784870A5
:101D200018461F210AE092F82530407882F82500F5
:101D3000F6E701460CEB410005704078A142F8D16E
:101D400092F827401F2C03D00CEB4404637001E091
:101D500082F826300CEB41041F23637082F82710B1
:101D6000F0BD30B50D46CD4B44190022181A72EB68
:101D7000020100D2FFDFCA48854200DDFFDFC8480C
:101D80004042854200DAFFDFC448401C844207DA43
:101D9000002C01DB204630BDC048401C201830BD5F
:101DA000BE48C043FAE710B504460168407ABD4A10
:101DB00052F82020114450B10220084420F07F4006
:101DC000F8F759FD94F90810BDE81040C9E7042060
:101DD000F3E72DE9F047B04E7C3696F82D50DFF84A
:101DE000B89206EB850090F8264036E0C5EB451129
:101DF00009EB41074FF0070817F81400012806D037
:101E000004282ED005282ED0062800D0FFDF01F0B0
:101E100045F9014607EB4400427806EB850080F85F
:101E2000262090F82720A24202D11F2280F82720E6
:101E3000084601F03EF92A4621460120FFF726FF19
:101E40009948414600EB041002682046904796F8F6
:101E50002D5006EB850090F826401F2CC6D1BDE81A
:101E6000F087022000E003208046D0E710B58A4CBE
:101E70001F217C3484F8251084F8261084F827105C
:101E8000002084F8280084F82D0084F82E10411ECC
:101E9000A16044F8100B2074607420736073A07309
:101EA0008249E07720750870487000217A4A103C1A
:101EB00002F81100491CC9B21F29F9D30120F8F713
:101EC000CAFB0020F8F7C7FB012084F82200F9F7CD
:101ED00037F87748F9F749F8744CA41E2070754814
:101EE000F9F743F86070BDE81040F8F741BB10B552
:101EF000F8F763FB6D4CA41E2078F9F74FF8607873
:101F0000F9F74CF8BDE8104001F000B91F20704708
:101F10000020F8F779BB70B5054601240E46AC40A9
:101F20005AB1FFF7F5FF0146634800EBC500C0F862
:101F30001015C0F81465614801E06048001D046098
:101F400070BD2DE9F34F544D00247C3505EB810A1B
:101F500089B09AF825001F2823D0611E02915249AA
:101F6000009401EB0017391D03AB07C983E8070094
:101F700005F11400A0460189ADF81C10807A8DF897
:101F80001E009DF81500C8B10226464951F82040B0
:101F90000399A219114421F07F41019184B10221DA
:101FA0000FE00120F8F757FB0020F8F754FBF8F793
:101FB00022FB01F0ABF885F82F40A9E00426E4E706
:101FC00000218DF81810022801D0012820D1039893
:101FD00001190998081A801C9DF81C1020F07F40F8
:101FE00001B10221353181420BD203208DF8150059
:101FF0000398C4F13201401A20F07F40322403904C
:102000000CE095F8240018B901F063FA002863D0B9
:10201000322C03D214B101F06DF801E001F076F832
:10202000224A107818B393465278039B121B002162
:102030009DF81840994601281AD0032818D000208E
:102040008DF81E00002A04DD981A039001208DF8F7
:1020500018009DF81C0000B102210398184A20F0D6
:102060007F40039003AB099801F05CF810B110E0D9
:102070000120E5E79DF81D0018B99BF80000032832
:1020800029D08DF81C80CDF80C908DF818408DF873
:102090001E809DF8180015E0DC080020FF7F841EDC
:1020A0000020A10770B20100EC0600209A00002079
:1020B000773A0100D31D010000F0014004F5014012
:1020C000FFFF3F0058B103980123811900221846F1
:1020D000F8F714FB06E000200BB0BDE8F08F0120FC
:1020E000F8F7B9FA97F90C20012300200199F8F7C5
:1020F00005FBF87BC00701D0F8F7E9FB012085F864
:102100002F008AF8288020226946FE48FBF711F943
:102110000120E1E72DE9F05FDFF8E883064608EBF0
:10212000860090F825501F2D21D0A8F17C01C6EB28
:1021300046102C4601EB4007A1F5F879DFF8C8B34B
:1021400005E0A24607EB4A0044781F2C0AD0F8F7B6
:1021500020FB09EB04135A4601211B1D00F0E2FF8E
:102160000028EED0AC4202D0334652461EE0E7488B
:1021700008B1AFF30080F8F70CFB98F82F206AB194
:10218000D8F80C20411C891A0902CA1701EB126108
:102190000912002902DD0020BDE8F09F3146FFF75B
:1021A000D0FE08B10120F7E733462A461F2104205C
:1021B000FFF79CFDEFE72DE9F041D24C2569F8F7D8
:1021C000E8FA401B0002C11700EB1160001200D4B6
:1021D000FFDF94F8220000B1FFDF012784F82270AE
:1021E00094F82E001F2800D1FFDF94F82E601F20E6
:1021F00084F82E00002584F82F5084F8205084F8AD
:102200002150C34825600078022835D0032833D0F8
:1022100000202077A068401C05D04FF0FF30A06060
:102220000120F8F718FA0020F8F715FAF8F711FB73
:10223000F8F709FBF8F7DFF908F0C6F8B5480560CC
:1022400005604FF0E0214FF40040B846C1F880022D
:10225000F0F7B5FE94F82D703846FFF75BFF0028C5
:10226000FAD0A849C7EB47107C3901EB400010F8C1
:102270001600022802D006E00120CAE73A4631469D
:102280000620FFF703FD84F8238004EB870090F815
:1022900026001F2804D09E48801E4078F8F784FE50
:1022A000207F002803D0F8F7C4FA257765771BE56F
:1022B000944910B591F82D20924B0024C2EB4211A5
:1022C0007C3B03EB410100BF11F814302BB1641CBF
:1022D000E4B21F2CF8D31F2010BD8F4901EB04116D
:1022E00008600020C87321460120FFF7CFFC20467C
:1022F00010BD10B5012801D0032800D181B3814A57
:1023000092F82D307F4C0022C3EB43137C3C04EB4E
:10231000430300BF13F812400CB1082010BD521C3B
:10232000D2B21F2AF6D37A4A48B1022807D0072929
:1023300017D2DFE801F01606080A0C0E1000002183
:102340000AE01B2108E03A2106E0582104E0772149
:1023500002E0962100E0B52151701070002010BD00
:10236000FFE70720FBE76A4810B54078F8F783FAE3
:1023700080B2F4E710B51F2815D2624991F82D20DC
:10238000C2EB4213A1F17C0202EB430414F81030BB
:102390004BB191F82D30C3EB431302EB430212F81B
:1023A0001020012A01D00020D9E791F82D20014604
:1023B0000020FFF76BFC0120D1E710B5F8F7E9F931
:1023C000BDE81040F8F757BA2DE9F0410E464D4FE1
:1023D00001781F257C3FC3EB43130C4607EB4303F7
:1023E00003E0254603EB45046478944202D01F2C99
:1023F000F7D108E01F2C06D0A14206D103EB410122
:102400004978017007E000206EE403EB440003EB21
:10241000450140784870414F7EB127B1002140F21C
:102420002D40AFF300803078A04206D127B10021C3
:102430004FF48660AFF30080357027B1002140F281
:102440003540AFF3008001204EE410B542680B68C0
:102450009A1A1202D41702EB1462121216D4497A95
:1024600091B1427A82B92E4A006852F8211012685E
:1024700019441044001D891C081A0002C11700EB02
:1024800011600012322801DB012068E7002066E7B6
:102490002DE9F0478146204EC1EB411006F5F87159
:1024A0009846144601EB400713E000BF06EB041505
:1024B000291D4846FFF7C9FF68B988F80040A97B85
:1024C00099F80A00814201D80020C8E407EB4400D3
:1024D00044781F2CEAD10120C1E42DE9F04782465F
:1024E00008480E4600EB8600DFF82C8090F8254067
:1024F0001F201070C1EB46109946154608F5F8717B
:1025000010E0000058090020FFFF3F00000000001D
:102510009A00002000F50040EC06002000000000BA
:1025200070B2010001EB40070BE000BF08EB0410A4
:102530005146001DFFF789FF28B107EB44002C70BE
:1025400044781F2CF2D1297889F800104B46224696
:1025500031465046BDE8F0479AE72DE9FC410E466A
:1025600007460024FE4D08E09DF8000005EB001032
:102570008168384600F0EAFD01246B4601AA314625
:102580003846FFF7AAFF0028EED02046BDE8FC81C0
:1025900070B50446C0EB44110125F248A54300EB99
:1025A0004101C5EB451200EB42003E22FAF7C1FEA5
:1025B000ED4E26B100214FF49360AFF30080E9485F
:1025C0007C3000EB850100EB8400D0F82500C1F8D9
:1025D000250026B1002140F29C40AFF30080284640
:1025E00070BD8A4203D003460520FFF77FBB1F2939
:1025F00008D0DC4AC0EB401002EB400000EB410089
:1026000040787047D7497C3101EB800090F8250075
:102610007047D34901EB0010001DFFF7C4BB7CB528
:102620001D46134604460E4600F108022146184690
:10263000F8F72EF994F908000F2804DD1F382072EE
:102640002068401C206096B10220C84951F826102D
:10265000461820686946801B20F07F40206094F96E
:1026600008002844C01C1F2803DA012009E00420C8
:10267000EBE701AAF8F70CF99DF8040010B10098F7
:10268000401C00900099206831440844C01C20F090
:102690007F4060607CBDFEB50C46064609786079D7
:1026A000907220791F461546507279B12179002227
:1026B0002846A368FFF7B3FFAA4928467C3191F862
:1026C0002E201F2A0AD00969491D0DE0D4E90223F2
:1026D000217903B02846BDE8F040A0E7A449497835
:1026E000052900D20521314421F07F4100F02EFD63
:1026F00039462846FFF731FFD4E90232217968468E
:10270000FFF78DFF2B4600213046019A00F00AFDAD
:10271000002806D103B031462846BDE8F04000F05D
:1027200015BDFEBD2DE9FE4F814600F0CBFC38B152
:102730005FF0000799F8000020B10020BDE8FE8F8F
:102740000127F7E7874D884C4FF0000A7C3524B10C
:10275000002140F2FF40AFF3008095F82D8085F80E
:1027600023A0002624B1002140F20450AFF30080E2
:102770001FB94046FFF70CFF804624B1002140F20C
:102780000C50AFF30080F8F704F843466A46494618
:10279000FFF781FF24B1002140F21250AFF3008017
:1027A00095F82E001F280CD029690098401A0002C5
:1027B000C21700EB1260001203D5684600F0C6FC99
:1027C000012624B1002140F21C50AFF3008095F89F
:1027D00023000028BBD124B1002140F22250AFF3E6
:1027E0000080F7F7D6FF6B46624A002100F09AFCA2
:1027F0000028A3D027B941466846FFF7AEFE06433E
:1028000026B16846FFF7CFFAC9F8080024B10021C5
:1028100040F23550AFF3008001208FE72DE9F04FF3
:1028200089B08B46824600F04DFC4E4C7C3428B378
:102830009BF80000002710B1012800D0FFDF4A4DAF
:1028400025B1002140F2F750AFF300804449012048
:1028500001EB0A18A94607905FEA090604D0002197
:1028600040F2FF50AFF30080079800F022FC94F88C
:102870002D50002084F8230067B119E094F82E0051
:1028800001271F2800D1FFDF9BF800000028D6D0C9
:10289000FFDFD4E72846FFF77BFE054626B100217F
:1028A00040F20960AFF3008094F823000028D3D1F0
:1028B00026B1002140F21360AFF30080F7F769FF03
:1028C0002B4602AA59460790FFF7E5FE98F80F003D
:1028D0005FEA060900F001008DF8130004D0002122
:1028E00040F21D60AFF300803B462A4602A9CDF8B6
:1028F00000A0079800F035FC064604EB850090F830
:1029000028000090B9F1000F04D0002140F22460AB
:10291000AFF3008000F0C2FB0790B9F1000F04D0C4
:10292000002140F22A60AFF3008094F823000028D1
:1029300092D1B9F1000F04D0002140F23260AFF320
:1029400000800DF1080C9CE80E00C8E90112C8F8DF
:102950000C30BEB35FEA090612D000210CE0000083
:10296000EC060020DC0800200000000070B201002E
:102970009A000020FFFF3F0040F23F60AFF300806D
:102980000098B84312D094F82E001F280ED126B11B
:10299000002140F24460AFF300802846FFF7BAFB05
:1029A00020B99BF80000D8B3012849D0B9F1000F35
:1029B00004D0002140F26160AFF30080284600F0AF
:1029C00066FB01265FEA090504D0002140F26A6037
:1029D000AFF30080079800F06CFB25B1002140F2B6
:1029E0006E60AFF300808EB194F82D0004EB800090
:1029F00090F826001F2809D025B1002140F275600B
:102A0000AFF30080F9484078F8F7CEFA25B10021FD
:102A100040F27A60AFF3008009B03046BDE8F08F35
:102A2000FFE7B9F1000F04D0002140F24C60AFF392
:102A3000008094F82D2051460420FFF727F9C0E7C5
:102A4000002E3FF409AF002140F25760AFF3008041
:102A500002E72DE9F84FE64D814695F82D004FF03D
:102A60000008E44C4FF0010B474624B100214FF41D
:102A7000D160AFF30080584600F01BFB85F823704F
:102A800024B1002140F28D60AFF3008095F82D0055
:102A9000FFF77EFD064695F8230028B1002CE4D010
:102AA000002140F293604DE024B1002140F2976094
:102AB000AFF30080CE49C6EB46107C3901EB4001F4
:102AC00011F81900032856D1334605EB830A4A460C
:102AD0009AF82500904201D1012000E000200090EA
:102AE0000AF125000021FFF76FFC01460098014222
:102AF00003D001228AF82820AF77E1B324B1002166
:102B000040F29C60AFF30080324649460120FFF757
:102B1000BDF89AF828A024B1002140F2A760AFF3D5
:102B2000008000F0BBFA834624B1002140F2AC6083
:102B3000AFF3008095F8230038B1002C95D0002128
:102B40004FF4D660AFF300808FE7BAF1000F07D0E3
:102B500095F82E001F2803D13046FFF7DBFAE0B1CD
:102B600024B1002140F2C460AFF30080304600F091
:102B70008EFA4FF0010824B1002140F2CD60AFF38E
:102B80000080584600F095FA24B1002140F2D1604F
:102B9000AFF300804046BDE8F88F002CF1D0002153
:102BA00040F2BF60AFF30080E6E70120F7F72CBDED
:102BB0008E48007870472DE9F0418D4C94F82E0036
:102BC0001F2821D194F82D6004EB860797F8255033
:102BD0001F2D00D1FFDF8649C6EB46107C3901EB83
:102BE000400000EB4500407807F8250F0120F87001
:102BF00084F82300294684F82E50324602202234DD
:102C0000FFF744F8002020701EE42DE9F0417A4ED1
:102C1000774C012538B1012821D0022879D003282A
:102C20007DD0FFDF10E400F065FAFFF7C4FF207EDF
:102C300000B1FFDF84F821500020F7F70CFDA168F8
:102C4000481C04D0012300221846F7F757FD14F85A
:102C50002E0F217806EB01110A68012154E0FFF7DD
:102C6000AAFF0120F7F7F7FC94F8210050B1A06803
:102C7000401C07D014F82E0F217806EB01110A68CA
:102C8000062141E0207EDFF86481002708F1020878
:102C9000012803D002281ED0FFDFB5E7A777F7F79A
:102CA000C8FD98F80000032801D165772577607D7D
:102CB000524951F8200094F8201051B948B1616888
:102CC0000123091A00221846F7F718FD0220207682
:102CD0009AE7277698E784F8205000F00BFAA07F57
:102CE00050B198F8010061680123091A00221846C2
:102CF000F7F704FD257600E0277614F82E0F2178EB
:102D000006EB01110A680021BDE8F041104700E020
:102D100005E036480078BDE8F041F8F745B9FFF71F
:102D20004AFF14F82E0F217806EB01110A680521DD
:102D3000EAE710B52E4C94F82E001F2800D1FFDFD3
:102D400014F82E0F21782C4A02EB01110A68BDE815
:102D50001040042110477CB5254C054694F82E0000
:102D60001F2800D1FFDFA068401C00D0FFDF94F8CF
:102D70002E00214901AA01EB0010694690F90C00D0
:102D80002844F7F785FD9DF904000F2801DD012097
:102D900000E00020009908446168084420F07F4169
:102DA000A16094F82100002807D002B00123BDE8FB
:102DB000704000221846F7F7A1BC7CBD30B5104A20
:102DC0000B1A541CB3EB940F1ED3451AB5EB940F9A
:102DD0001AD3934203D9101A43185B1C14E095428E
:102DE00010D9511A0844401C43420DE098000020BD
:102DF0005809002000000000EC06002070B201001D
:102E0000FF7F841EFFDF0023184630BD0123002210
:102E100001460220F7F772BC0220F7F71CBCF7F757
:102E2000B8BC2DE9FE4FF24C05468A4694F82E00B8
:102E30001F2800D1FFDFEE4E94F82E10A04620464A
:102E4000A6F51B7202EB01141F218DF8001090F8FB
:102E50002D10376900EB8101D8F8000091F825901A
:102E6000284402AA01A90C36F7F712FD9DF90800C3
:102E7000002802DD0198401C0190A0680199642D92
:102E8000084453D3DB4B00225B1B72EB02014DD392
:102E90006168411A21F07F41B1F5800F46D220F0E0
:102EA0007F40706086F80AA098F82D1044466B4663
:102EB0004A463046FFF7ECFAB8B3A068401C10D081
:102EC000F7F767FCA168081A0002C11700EB116050
:102ED000001202282CDD0120F7F7BDFB4FF0FF3078
:102EE000A06094F82D009DF800201F210F34FFF7FB
:102EF00078FBA17FBE4AC1EB41117C3A02EB410154
:102F0000E27F01EB4201487054F80F0C284444F86A
:102F10000F0C012020759DF800001F2803D0B64833
:102F20004078F8F741F8012008E401E0002005E4CA
:102F30007760FBE72DE9F047AD4C074694F82D008C
:102F4000A4F17C06C0EB401006EB400010F817001F
:102F500000B9FFDF94F82D50A046A84C24B1002101
:102F600040F6E800AFF30080C5EB451040F6F409E9
:102F700040F6FD0A06EB400616F81700012819D0A6
:102F8000042811D005280FD006280DD01CB100212F
:102F90004846AFF3008007F0EBFE002CECD0002198
:102FA0005046AFF30080E7E72A4639460120FEF796
:102FB0006DFEF2E74FF0010A4FF00009454624B1DB
:102FC000002140F60410AFF30080504600F071F885
:102FD00085F8239024B1002140F60910AFF300805A
:102FE00095F82D00FFF7D4FA064695F8230028B18E
:102FF000002CE4D0002140F60F101FE024B1002186
:1030000040F61310AFF3008005EB860000F12701B6
:1030100033463A462630FFF7D7F924B1002140F66F
:103020001710AFF3008000F039F8824695F82300BE
:1030300038B1002CC3D0002140F61D10AFF3008042
:10304000BDE785F82D60012085F82300504600F08B
:1030500030F8002C04D0002140F62A10AFF3008095
:10306000BDE8F08730B5044661480D4690F82D0064
:103070005F49C0EB40107C3901EB400010F81400B0
:1030800000B9FFDF5E4800EB0410C57330BD58493E
:1030900081F82D00012081F82300704710B55948B0
:1030A00008B1AFF30080EFF3108000F0010072B6BA
:1030B00010BD10B5002804D1534808B1AFF300800B
:1030C00062B610BD51480068C005C00D10D0103860
:1030D00040B2002804DB00F1E02090F8000405E095
:1030E00000F00F0000F1E02090F8140D4009704747
:1030F0000820704710B53E4C94F82400002804D1F5
:10310000F7F746FC012084F8240010BD10B5384CB8
:1031100094F82400002804D0F7F763FC002084F81A
:10312000240010BD10B51C685B68241A181A24F01E
:103130007F4420F07F40A14206D8B4F5800F03D22F
:10314000904201D8012010BD002010BDD0E900320E
:10315000D21A21F07F43114421F07F41C0E90031B0
:1031600070472DE9FC418446214815460F46C2EBC5
:1031700045117C38089C00EB410616F81400012824
:1031800004D0022802D00020BDE8FC813B46204A42
:1031900001216046FFF7C6FFF0B101AB6A46294640
:1031A0003846FFF79AF9B8B19DF804209DF8001051
:1031B0002846FFF716FA06EB440148709DF8000018
:1031C0001F280DD006EB400044702A4621460320FC
:1031D000FEF75CFD0120D7E72A4621460420F7E7E9
:1031E0000348012100EB850000F8254FC170ECE792
:1031F00058090020FF1FA1079800002000000000D0
:10320000EC060020000000000000000004ED00E0DB
:10321000FFFF3F002DE9F041044680074FF0000515
:103220004FF001060CD56B480560066000F0DEF932
:1032300020B16948016841F48061016024F0020412
:10324000E0044FF0FF3705D564484660C0F80873C6
:1032500024F48054600003D56148056024F0804464
:10326000E0050FD55F48C0F80052C0F808735E490A
:103270000D60091D0D605C4A04210C32116006616D
:1032800024F48074A00409D558484660C0F8005260
:10329000C0F808735648056024F40054C4F3803025
:1032A000C4F3C031884200D0FFDF14F4404F14D083
:1032B00050484660C0F808734F488660C0F8005216
:1032C000C0F808734D490D600A1D16608660C0F88D
:1032D00008730D60166024F4404420050AD5484860
:1032E00046608660C0F80873C0F8487345480560BA
:1032F00024F4006407F042F84348044200D0FFDFA2
:10330000BDE8F081F0B50022202501234FEA020438
:1033100020FA02F1C9072DD051B2002910DB00BFFD
:103320004FEA51174FEA870701F01F0607F1E02720
:1033300003FA06F6C7F88061BFF34F8FBFF36F8FB4
:103340000CDB00BF4FEA51174FEA870701F01F0659
:1033500007F1E02703FA06F6C7F8806204DB01F103
:10336000E02181F8004405E001F00F0101F1E021C6
:1033700081F8144D02F10102AA42C9D3F0BD10B583
:10338000224C20600846F7F71CFC2068FFF742FF3C
:103390002068FFF7B7FF06F031FC00F088F906F06F
:1033A000EDFF06F02CFFF7F7CBFDBDE8104006F06F
:1033B000D9BC10B5154C2068FFF72CFF2068FFF72B
:1033C000A1FF06F0DBFFF7F7FBFC0020206010BD3B
:1033D0000A207047FC1F00403C17004000C000401E
:1033E00004E50140008000400485004000D000401A
:1033F00004D5004000E0004000F0004000F500402F
:1034000000B0004008B50040FEFF0FFD9C0000200A
:1034100070B526490A680AB30022154601244B6894
:103420005B1C4B600C2B00D34D600E7904FA06F345
:103430000E681E420FD0EFF3108212F0010272B636
:1034400000D001220C689C430C6002B962B6496846
:103450000160002070BD521C0C2AE0D3052070BD15
:103460004FF0E0214FF48000C1F800027047EFF305
:10347000108111F0010F72B64FF0010202FA00F252
:103480000A48036842EA0302026000D162B6E7E735
:1034900006480021016041607047012181400348D6
:1034A0000068084000D0012070470000A000002004
:1034B00001208107086070470121880741600021D1
:1034C000C0F80011184801707047174901200870B2
:1034D00070474FF08040D0F80001012803D0124817
:1034E0000078002800D00120704710480068C0070D
:1034F00000D0012070470D480C300068C00700D094
:10350000012070470948143000687047074910319E
:103510000A68D20306D5096801F00301814201D18E
:103520000120704700207047A800002008040040D8
:103530004FF08050D0F830010A2801D000207047A9
:103540000120704700B5FFF7F3FF20B14FF0805026
:10355000D0F8340108B1002000BD012000BD4FF0BB
:103560008050D0F83001062803D0401C01D0002044
:103570007047012070474FF08050D0F830010D287F
:1035800001D000207047012070474FF08050D0F8E4
:103590003001082801D000207047012070474FF00B
:1035A0008050D0F83001102801D000207047012051
:1035B000704700B5FFF7F3FF30B9FFF7DCFF18B92C
:1035C000FFF7E3FF002800D0012000BD00B5FFF7A2
:1035D000C6FF38B14FF08050D0F83401062803D32D
:1035E000401C01D0002000BD012000BD00B5FFF748
:1035F000B6FF48B14FF08050D0F83401062803D30D
:10360000401C01D0012000BD002000BD0021017040
:10361000084670470146002008707047EFF310819C
:1036200001F0010172B60278012A01D0012200E006
:1036300000220123037001B962B60AB1002070476D
:103640004FF400507047E9E7EFF3108111F0010FDC
:1036500072B64FF00002027000D162B600207047CF
:10366000F2E700002DE9F04115460E46044600271A
:1036700000F0EBF8A84215D3002341200FE000BF73
:1036800094F84220A25CF25494F84210491CB1FB19
:10369000F0F200FB12115B1C84F84210DBB2AB426B
:1036A000EED3012700F0DDF83846BDE8F08172491D
:1036B00010B5802081F800047049002081F8420094
:1036C00081F84100433181F8420081F841004331E3
:1036D00081F8420081F841006948FFF797FF684888
:1036E000401CFFF793FFF7F7B3FBBDE8104000F075
:1036F000B8B840207047614800F0A7B80A460146B4
:103700005E48AFE7402070475C48433000F09DB80A
:103710000A46014659484330A4E740210170002081
:10372000704710B504465548863000F08EF820707A
:10373000002010BD0A460146504810B58630FFF7FC
:1037400091FF08B1002010BD42F2070010BD70B516
:103750000C460646412900D9FFDF4A480068103868
:1037600040B200F054F8C5B20D2000F050F8C0B2DD
:10377000854201D3012504E0002502E00DB1F7F7F1
:10378000AAFB224631463D48FFF76CFF0028F5D0E2
:1037900070BD2DE9F0413A4F0025064617F10407A8
:1037A00057F82540204600F041F810B36D1CEDB2EB
:1037B000032DF5D33148433000F038F8002825D0E8
:1037C0002E4800F033F8002820D02C48863000F036
:1037D0002DF800281AD0F7F754FB2948FFF71EFFF1
:1037E000B0F5005F00D0FFDFBDE8F0412448FFF7EF
:1037F0002BBF94F841004121265414F8410F401C7E
:10380000B0FBF1F201FB12002070D3E74DE7002876
:1038100004DB00F1E02090F8000405E000F00F0068
:1038200000F1E02090F8140D4009704710F8411F96
:103830004122491CB1FBF2F302FB13114078814293
:1038400001D1012070470020704710F8411F4078D7
:10385000814201D3081A02E0C0F141000844C0B21D
:10386000704710B50648FFF7D9FE002803D1BDE820
:103870001040F7F7F1BA10BD0DE000E08809002014
:10388000AC00002004ED00E070B5154D2878401C18
:10389000C4B26878844202D000F0DBFA2C7070BDAC
:1038A0002DE9F0410E4C4FF0E02600BF00F0C6FAC3
:1038B00007F05EFA40BF20BF677820786070D6F8C6
:1038C0000052EDF759FD854305D1D6F8040210B931
:1038D0002078B842EAD000F0ACFA0020BDE8F081D0
:1038E000BC0000202DE9F04101264FF0E022310319
:1038F0004FF000084046C2F88011BFF34F8FBFF36E
:103900006F8F204CC4F800010C2000F02EF81E4DE3
:103910002868C04340F30017286840F01000286072
:10392000C4F8046326607F1C02E000BF07F020FAA1
:10393000D4F800010028F9D01FB9286820F0100041
:103940002860124805686660C4F80863C4F80081FE
:103950000C2000F00AF82846BDE8F08110B50446B6
:10396000FFF7C0FF2060002010BD002809DB00F039
:103970001F02012191404009800000F1E020C0F8C1
:103980008012704700C0004010ED00E008C5004004
:103990002DE9F047FF4C0646FF21A06800EB061218
:1039A00011702178FF2910D04FF0080909EB01119F
:1039B00009EB06174158C05900F0F4F9002807DD5B
:1039C000A168207801EB061108702670BDE8F08729
:1039D00094F8008045460DE0A06809EB05114158B8
:1039E000C05900F0DFF9002806DCA068A84600EB0B
:1039F00008100578FF2DEFD1A06800EB061100EB51
:103A000008100D700670E1E7F0B5E24B04460020A7
:103A100001259A680C269B780CE000BF05EB001787
:103A2000D75DA74204D106EB0017D7598F4204D0C7
:103A3000401CC0B28342F1D8FF20F0BD70B5FFF743
:103A4000EEF9D44C08252278A16805EB02128958BA
:103A500000F0A8F9012808DD2178A06805EB011124
:103A60004058BDE87040FFF7D1B9FFF7A1F8BDE8B5
:103A70007040F7F799BA2DE9F041C64C2578FFF769
:103A8000CEF9FF2D6ED04FF00808A26808EB05169E
:103A9000915900F087F90228A06801DD80595DE0A6
:103AA00000EB051109782170022101EB0511425C40
:103AB0005AB1521E4254815901F5800121F07F41D3
:103AC00081512846FFF764FF34E00423012203EB11
:103AD000051302EB051250F803C0875CBCF1000F20
:103AE00010D0BCF5007F10D9CCF3080250F806C006
:103AF0000CEB423C2CF07F4C40F806C0C3589A1A9D
:103B0000520A09E0FF2181540AE0825902EB4C324B
:103B100022F07F428251002242542846FFF738FFAC
:103B20000C21A06801EB05114158E06850F82720EE
:103B3000384690472078FF2814D0FFF770F9227894
:103B4000A16808EB02124546895800F02BF90128BC
:103B500093DD2178A06805EB01114058BDE8F041E4
:103B6000FFF754B9BDE8F081F0B51D4614460E4686
:103B70000746FF2B00D3FFDFA00700D0FFDF8548FB
:103B8000FF210022C0E90247C57006710170427032
:103B900082701046012204E002EB0013401CE15445
:103BA000C0B2A842F8D3F0BD70B57A4C064665782D
:103BB0002079854200D3FFDFE06840F82560607817
:103BC000401C6070284670BD2DE9FF5F1D468B4686
:103BD0000746FF24FFF723F9DFF8B891064699F866
:103BE0000100B84200D8FFDF00214FF001084FF07C
:103BF0000C0A99F80220D9F808000EE008EB01132E
:103C0000C35CFF2B0ED0BB4205D10AEB011350F869
:103C100003C0DC450CD0491CC9B28A42EED8FF2C47
:103C200002D00DE00C46F6E799F803108A4203D162
:103C3000FF2004B0BDE8F09F1446521C89F8022012
:103C400008EB04110AEB0412475440F802B00421B7
:103C5000029B0022012B01EB04110CD040F8012043
:103C60004FF4007808234FF0020C454513D9E905BD
:103C7000C90D02D002E04550F2E7414606EB413261
:103C800003EB041322F07F42C250691A0CEB0412BA
:103C9000490A81540BE005B9012506EB453103EBD8
:103CA000041321F07F41C1500CEB0411425499F8E8
:103CB00000502046FFF76CFE99F80000A84201D0A2
:103CC000FFF7BCFE3846B4E770B50C460546FFF773
:103CD000A6F8064621462846FFF796FE0446FF282A
:103CE0001AD02C4D082101EB0411A8684158304628
:103CF00000F058F800F58050C11700EBD140401398
:103D00000221AA6801EB0411515C09B100EB4120CA
:103D1000002800DC012070BD002070BD2DE9F047B7
:103D200088468146FFF770FE0746FF281BD0194DD5
:103D30002E78A8683146344605E0BC4206D02646B7
:103D400000EB06121478FF2CF7D10CE0FF2C0AD000
:103D5000A6420CD100EB011000782870FF2804D097
:103D6000FFF76CFE03E0002030E6FFF755F8414610
:103D70004846FFF7A9FF0123A968024603EB041395
:103D8000FF20C854A878401EB84200D1A87001EBAB
:103D9000041001E0540A002001EB061100780870BD
:103DA000104613E6081A0002C11700EB116000125A
:103DB0007047000010B5202000F07FF8202000F0B0
:103DC0008DF84D49202081F80004EDF7D3FA4B49D6
:103DD00008604B48D0F8041341F00101C0F8041307
:103DE000D0F8041341F08071C0F804134249012057
:103DF0001C39C1F8000110BD10B5202000F05DF89D
:103E00003E480021C8380160001D01603D4A481E3F
:103E100010603B4AC2F80803384B1960C2F8000131
:103E2000C2F8600138490860BDE81040202000F069
:103E300055B834493548091F08607047314933483F
:103E4000086070472D48C8380160001D521E02608E
:103E500070472C4901200860BFF34F8F70472DE950
:103E6000F0412849D0F8188028480860244CD4F83C
:103E700000010025244E6F1E28B14046EDF7D4F90D
:103E800040B9002111E0D4F8600198B14046EDF747
:103E9000CBF948B1C4F80051C4F860513760BDE8AF
:103EA000F041202000F01AB831684046BDE8F041EA
:103EB00006F068BFFFDFBDE8F08100280DDB00F0F1
:103EC0001F02012191404009800000F1E020C0F86C
:103ED0008011BFF34F8FBFF36F8F7047002809DB4E
:103EE00000F01F02012191404009800000F1E02014
:103EF000C0F880127047000020E000E0C8060240D1
:103F000000000240180502400004024001000001C8
:103F1000454800210170417010218170704770B5D3
:103F2000054616460C460220F3F7F2FB3E490120F7
:103F3000F61E08703D4806603C4808380560001FC2
:103F4000046070BD10B50220F3F7E2FB3649012092
:103F5000087000F051F836494FF40000086010BDB9
:103F600010B5314C207888B131494FF40000091D5B
:103F7000086000F04AF8002120B1012060702D484F
:103F8000006801E061701020A0702170BDE8104051
:103F90000020F3F7BDBB244810B5017859B126487D
:103FA000D0F8000128B100F030F8002800D001203E
:103FB00010BD022010BD407810BD10B5C824641E8D
:103FC000E4B2FFF7E8FF022803D0012800D0002068
:103FD00010BD002CF3D1FFDFF9E7134810B50178CD
:103FE00041B100F012F818B112480068C0B210BD1B
:103FF000102010BD807810BD0F480021C0F80011BE
:10400000C0F80411C0F8081170470B48D0F800112F
:1040100029B1D0F8041111B1D0F8080108B100207D
:104020007047012070470000BE00002010F50040DE
:1040300004F5014000F4004000F000404748002132
:1040400001704170704770B5064614460D46012058
:10405000F3F75EFB42480660001D0460001D05602A
:1040600070BD70B53D4901250D7040EA02413C4AE2
:1040700041F08071121F11603A4C0026C4F80461AF
:10408000394A4FF04071116058B1012800D0FFDF6C
:10409000C4F80062256034494FF00070091F0860C1
:1040A00070BDC4F80052256070BD2C48017871B114
:1040B0002D4A4FF0407111602A49D1F804210021A6
:1040C0001AB12A4A1268427000E041700170002063
:1040D000F3F71EBB2148017841B12248D0F8040112
:1040E000002802D021480068C0B27047407870476D
:1040F0002DE9F04700282AD01848007800B9FFDFE2
:10410000184DD5F80401002821D10227C5F8047301
:10411000174C2068C04340F30016206840F01000A0
:1041200020604FF400484FF0E029761C04E000BF07
:10413000C9F8808206F01CFED5F804010028F7D0EB
:104140001EB9206820F010002060C5F80873BDE893
:10415000F08704490120886070470000C1000020FA
:1041600008F5004000F0004008F5014000F4004070
:1041700010ED00E010B541F6A474012802D0022829
:1041800002D0FFDF204610BD41F2883010BD38B5A7
:10419000FE4D0024C5F80041C5F80C41C5F810419A
:1041A000C5F80441C5F81441C5F81841FFF70EFAE7
:1041B00008B1C5F82841F6480068009038BD70B5D0
:1041C000F44D00246C702C7000F0D2FD85F8254071
:1041D000EC620922002105F11800AC63F9F7D3F86D
:1041E000ED49601E0860091D0860091D0C60091D6D
:1041F0000860091D0C60091D0860091D0860091D83
:104200000860091D0860091D0860091D0860091D76
:104210000860091D0860091D086070BDDF4800B511
:10422000016801F00F01032905D0006800F00F00BC
:10423000042802D0FFDF012000BD022000BD00B530
:10424000012802D0022800D0FFDF002000BD00B509
:10425000012802D0022802D0FFDF282000BD18204C
:1042600000BD10B5CB4902681839CA4C0A634268D0
:104270004A63007A81F83800207E50B1207FF9F738
:10428000C0F8A07E08B1012100E00021207FF9F7ED
:10429000ADF8607E00280CD0607FF9F7B2F8E07EC0
:1042A00008B1012100E00021607FBDE81040F9F76E
:1042B0009DB810BD00F063BD10B500F060FDB348BF
:1042C000D0F80001002800D0FFDF10BD70B501203C
:1042D00000F030FDB2480025056001260660FFF7BA
:1042E00085F9B04C18B1206840F480602060FFF779
:1042F00036F928B12068AC4920F0770008432060E7
:10430000FFF764F938B1A748001D016821F47F4127
:1043100041F4B0510160A349A4483C310860FFF763
:1043200055F99C4C60B19D490220503184F8210020
:104330000860A0499E48086095481030091F086031
:104340004FF01020806C411C05D094497C310A68E4
:1043500060F317420A60914940F25B6028310860BF
:10436000091F40F203100860081F06608B490320F4
:1043700008608C48EC38066094F8211011B14FF4B5
:10438000C02100E08C498B4A41F46021943A1160CD
:104390008749884A091F083211607D490839121F70
:1043A0001160016821F440710160016841F480717D
:1043B0000160012000F0CFFC74491020C1F8040313
:1043C00084F83150E56270BD76483830016821F0DC
:1043D000010141F08071016070476E4A0368183A2C
:1043E000C2F81A308088D0836A48017270476948E1
:1043F00090F825007047674A517010707047F0B50B
:104400000546840061488B882044C0F820360B782C
:10441000D1F8011043EA0121C0F8001605F10800A7
:104420000127604C07FA00F6FC3C52B1012A00D08B
:10443000FFDF2068304320602068AF4038432060B1
:10444000F0BD2068B043F6E706F0E8B8514890F8B0
:1044500032007047514AC1781432116000684F49E8
:1044600000020C3108607047252807D0262807D0A5
:10447000272807D00A2807D8042206E0022107E0EF
:104480001A2105E0502103E0062202EB4001C9B2E7
:10449000424A083A116041494431086070473D483A
:1044A000817A012917D0022914D1417E002911D027
:1044B000827F0121C37F01FA02F299400A433D49FC
:1044C00094390A6090F820003C4A002102EB8000F9
:1044D000C0F810157047017EE8E72DE9F0472D4C34
:1044E000A17A01290BD0022975D1627E002A72D0EF
:1044F000012906D0677FE17E59B101260AE0227EBC
:10450000F4E7277FA17E09B1012600E000261121F2
:1045100001E000262421DFF898804FF0010AA8F17D
:104520004408C8F84CA0DFF898904518D9F8000066
:10453000A84200D3FFDF0021C8F84C11C9F8005091
:10454000380286F0010140EA015040F0031294F86D
:1045500020101A4800EB8103C3F8102500EB8101FD
:10456000A27F184800EBC203C3F81415164DC3F818
:104570001055E37F00EBC300C0F814150449083957
:10458000C0F810150AFA02F120E024E00010004003
:10459000181100407C0A0020000E00401015004059
:1045A000FC1F00403C170040880000802C00008960
:1045B000448000409CF5014000000404006000407D
:1045C0004C85004000F001404C8100400AFA03F0A5
:1045D0000143F9480160BDE8F0872DE9F0410E463E
:1045E000F64907460320C1F80002F54C94F8210073
:1045F00010B14FF4C02000E0F248EF4D2860304683
:1046000006F036F817B1012F0FD017E0FEF7DEFFE6
:1046100010B1304600F0C9FB0120A072A06B40F43D
:104620008010A0634FF4801007E00220A072A06BFE
:1046300040F40010A0634FF400102860F6F744F92E
:104640003146BDE8F04148E72DE9F05FDB4C074615
:1046500003200E469346C4F80002D94D95F8210078
:1046600010B14FF4C02100E0D649DFF84C93C9F8EF
:104670000010104605F0FCFFDFF83C834FF0010A04
:1046800008F1A808A7B3012F3ED0FFDFCE4806608F
:10469000C949CE48A4310860A86B40F40020A86343
:1046A000D4F800721025C4F808530020C4F80002A2
:1046B000C1494FF48028091DC1F8008004F5007439
:1046C000FFF765FD2760C9F80080C4F80451E903CD
:1046D000C9F80010BE49C1F84CA0BB48001D0068D5
:1046E000B04200D3FFDF59463046BDE8F05FF4E644
:1046F000FFE7FEF76BFF10B1584600F056FBC8F815
:10470000004085F80AA0C1E7AC49091DC8F80010AF
:104710000220A872BAE72DE9F041A94C064690465E
:1047200094F831000F46002500B9FFDF16B1012EC5
:1047300012D01DE094F83100012806D094F8302002
:104740004146384605F0A2FF10E094F8301042468A
:10475000384605F0DCFF09E094F8310094F8301099
:1047600001284246384609D005F0F8FFE16A4518AD
:10477000424629463046BDE8F04165E705F0A8FF0E
:10478000F4E708B5FF208DF800008C480021C0F840
:1047900010110121016104E09DF80010491E8DF8FF
:1047A00000109DF8001019B1D0F810110029F3D0B5
:1047B0009DF80000002800D1FFDF08BD2DE9F04181
:1047C0007E4CD4F8000220F00307D4F804034FF025
:1047D0001008C0F30016C4F808830025C4F800527E
:1047E000774890F8210010B14FF4C02000E07548E0
:1047F000714940F46020091D0860FFF750FEFFF783
:10480000C0FFC4F81051FEF7E1FE08B1C4F828510A
:1048100000F0AEFAC4F80072002E01D0C4F8048390
:10482000BDE8F081ADE700686A4920F07F4008608C
:10483000704710B5012000F07DFABDE8104001205E
:1048400000F089BA01465E4818221838F8F771BDA1
:104850004FF0E0210220C1F8000170475E49087066
:1048600070475C4938390860704770B50546F6F7FF
:104870002BF8534C2844E16A884200D8FFDF01201E
:104880002074F6F721F82844606194F8211041B1B2
:10489000084460614948D0F8001241F04001C0F876
:1048A00000124B490020C1F8440147496069091FC3
:1048B0000860BDE8704000F0A2BA70B5404C0646F2
:1048C00002200D462074FFF7A9FC024694F831003F
:1048D00094F8301001281BD0304605F081FF60614C
:1048E00094F8210048B16169084460613348D0F808
:1048F000001241F04001C0F8001235490020C1F813
:1049000044016169E06A08442F49091F086070BDCD
:104910002B46304605F037FFE1E727494FF480008A
:10492000091D08602648816B21F480018163002104
:10493000017470472A4A10B502EBC002274BC2F837
:104940001035C2F81415012181401B4801601C4834
:10495000826B0A43826310BD1D4801214160C16022
:104960000021C0F844111848001F01601448C162BA
:10497000704710B50446FEF729FE10B1104880F8C4
:1049800021401448243004600C48D0F8001241F053
:104990004001C0F8001210BD084810B5D0F8001250
:1049A00021F04001C0F80012FEF710FE0949243141
:1049B00000B10220086010BD04F501400010004065
:1049C0007C0A002000000404488500404881004023
:1049D000008000403C150040C3000020041100404E
:1049E00000F00140F948D0F8001221F01001C0F8A1
:1049F0000012012181617047F4480021C0F81C11A8
:104A0000D0F8001241F01001C0F800127047EF49D1
:104A100008B5D1F81C21012A01D0002008BDEC4ABC
:104A2000126802F07F02524202700020C1F81C019D
:104A3000E84800680090012008BDF0B517460C005A
:104A4000064600D1FFDFE44DE0072F7302D0012CB2
:104A500000D0FFDF46B102206872EC72012802D05C
:104A6000022800D0FFDFF0BD0120F5E770B5DA4C79
:104A70000021E27A930703D5830701D5430713D4B6
:104A8000D30605D594F8333013B194F835305BB1C3
:104A9000130702D594F8243033B9520702D594F89D
:104AA00025200AB1C00700D00121607A012518B184
:104AB000A1B1BDE8704081E694F8210010B14FF437
:104AC000C02000E0C548C6490860C048D0F80012C0
:104AD00021F00301C0F80012E57270BD012803D077
:104AE000022808D0FFDF70BD00F042F9A5729621C0
:104AF000227B002006E000F03BF90220A072227B1E
:104B000096210120BDE8704005E62DE9F05FDFF851
:104B1000D4B29BF80000042800D3FFDFB248D0F8DD
:104B20004C0108B1FFF7BBFCAB4CAD49A06B086072
:104B30004FF00008C4F8388000F06BF9DFF8AC9251
:104B40000546D9F80010A16294F8210008B1081AAE
:104B5000A062A648001F0068E062FFF75FFB84F8D0
:104B60003000A07ADFF868A2012184F83100AAF1B0
:104B7000440A022808D1607830B1DAF800201278AF
:104B800002402078904310D084F82480924EA807E9
:104B9000A6F1180605D5F5F797FEA16A081A31693E
:104BA0008847E80704D0002709E084F82410EDE7DF
:104BB000A80701D5012702E0280707D50227F5F746
:104BC00083FEE16A7269081A394690479BF8000033
:104BD000C0071CD1DAF800005746007800F00F003B
:104BE000072812D239680622A01C0931F8F774FB95
:104BF00038B9207A39680978B0EBD11F01D101208A
:104C000000E0002084F8250001E084F82580284693
:104C1000FFF72CFFE80701D030682FE0A80726D562
:104C200068071ED4FEF7D2FCD8B9FEF7DFFCC0B986
:104C30006748F4380168001F0068C0F3425CC0F3A5
:104C4000006700F00F03C0F30312C0F3032047B165
:104C50000BB102B128B921B1BCF1030F01D245F06B
:104C6000040545F380007168401C884709E0280767
:104C700001D5B06802E0E80602D5F068804700E0A0
:104C8000FFDFA07A02281BD1207C002818D0564ACA
:104C9000C2F8448102280FD0012800D0FFDFE16A6A
:104CA0006069884200D8FFDFD4F81410C9F80010FA
:104CB000BDE8F05F00F0A3B86169E06A0144F5E780
:104CC000BDE8F09F70B5054641F2643441F66A06CE
:104CD000022806D0012D12D0022D0CD0FFDF304665
:104CE00070BDFEF72FFC0028F6D1FEF738FC002837
:104CF000F2D141F6583441F29A00204470BD42F698
:104D0000CE3070BD324808300168032904D00068F5
:104D1000022801D000207047012070472C4808303D
:104D200001680B2904D000680A2801D000207047D0
:104D30000120704700280DDB00F01F020121914087
:104D40004009800000F1E020C0F88011BFF34F8FD0
:104D5000BFF36F8F7047002809DB00F01F020121AD
:104D600091404009800000F1E020C0F880127047B7
:104D700019480021417281720121C172704730B51A
:104D800000240546012902D002290BD0FFDF184874
:104D900004430F4834380460164805430C48303843
:104DA000056030BD4FF08074F1E7094A4032116868
:104DB00053060228D3F820031ED0C0F3062000BFFC
:104DC00021F4FE4141EA00201060704700100040CD
:104DD000481500401C1100407C0A0020000004041B
:104DE00008F50140C30000200080004044850040D9
:104DF0000801100000000302C0F30660E0E7354838
:104E0000816B41F48001816333494FF48000086075
:104E1000DBE7F8B52F4C314E0020217C19B1D6F8D4
:104E20004411012907D00023A27A2D49012A04D078
:104E3000022A0AD019E00123F6E7D1F80C01012873
:104E400001D0002011E008200FE0D1F80C0101286A
:104E500006D0002223480068012803D0042002E085
:104E60000222F7E7002010431843D1F81021012A4D
:104E70002ED0002505431C48026812F0FF0F03D016
:104E8000D1F81421012A00D0002284F832200068D1
:104E900010F0FF0F03D0D1F81801012800D0002036
:104EA00084F833000F481030006884F83400FFF7AE
:104EB00072F8012800D0002084F83500FFF767F968
:104EC0000020C6F844010948006800902846F8BD53
:104ED0001025CFE77C0A002004F501400080004047
:104EE0000010004000140040401600404481004083
:104EF00010B5444822220021F8F745FA4148002421
:104F0000017821F010010170012104F04DFC3D49B0
:104F10004FF6FF70263981F8224088843A4908808C
:104F2000488010BDE4E7704700F05FB83549016084
:104F30007047354908807047324926398A8CA2F576
:104F40007F43FF3B02D00021016008E091F822205E
:104F50002C492639012A02D0016001207047002027
:104F600070472848263810F8221F012908D001214F
:104F7000017025482349263900888884012070471C
:104F8000002070472049488070471E491E4B263933
:104F90008A8C5B889A4205D191F8222012B1016077
:104FA00001207047002070471648174A2638818C28
:104FB0005288914209D14FF6FF71818410F8221F67
:104FC00019B10021017001207047002070470D4881
:104FD0000D4A2638818C5288914204D190F82200E3
:104FE00008B10020704701207047064926398A8C95
:104FF000824205D1002081F822004FF6FF7088849C
:1050000070470000DE0A0020C400002070473D4ABF
:10501000012338B1012804D1137008689060888892
:105020009081704753700868C2F802008888D08069
:105030007047344A10B1012807D00EE0507860B1B3
:10504000D2F802000860D08804E0107828B1906897
:1050500008609089888001207047002070472949A6
:1050600010B1012802D005E0487800E0087808B1C6
:10507000012070470020704730B50C4605468DB0C2
:105080004FF0030104F1030012B1FEF741FB01E010
:10509000FEF75DFB60790D2220F0C00040F040007B
:1050A0006071002104A8F8F76EF9E0788DF81F0010
:1050B00020798DF81E0060798DF81D001022294698
:1050C0006846F8F736F9684604F036FE9DF82F007A
:1050D00020709DF82E0060709DF82D00A0700DB01E
:1050E00030BD10B5002904464FF0060102D0FEF78E
:1050F0000FFB01E0FEF72BFB607920F0C000607130
:1051000010BD0000C8000020FE48406870472DE92F
:10511000F0410E46074601461446012004F011FDF9
:10512000054697F86500FFF725F84AF2B1210844D3
:105130004FF47A71B0FBF1F1788840F2712250435C
:10514000C1EB4000041BA4F2663402F0BBFD00B1C9
:105150001E3CAE4201D2284600E03046A04204D2B6
:10516000AE4201D22C4600E034467C62BDE8F081BC
:1051700030B502460020002914D0A2FB01104C0AD1
:1051800044EAC054400A641C40F100000021D4F1FC
:10519000FF3240F2A175814100D2FFDF04F5F464D3
:1051A000B4FBF5F030BD2DE9FF4F8BB0044690F80D
:1051B00065008A460990DDE90D1008430890D24841
:1051C0000026007800F004FE054694F88C0100F0FB
:1051D000FFFD284480B2009094F87D000D2804D093
:1051E000002007900D9810B131E00120F9E794F804
:1051F0002C0103282BD1079848B3B4F8AE115145C0
:1052000025D1D4F83401C4F82001608840F2E2418D
:105210004843C4F82401B4F87A01B4F806110844EC
:10522000C4F82801204602F057FDB4F8B201E0822C
:1052300094F8B0016075B4F8B4016080B4F8B601B8
:10524000A080B4F8B801E080022084F82C01D4F8E2
:1052500084010590D4F880010390B4F80681B4F875
:105260007811D4F8740106900D9820B194F840019B
:1052700000287DD108E004F580700290743004901D
:1052800004F5B075001D07E004F5AA700290001D3A
:10529000049004F5A275001D0A90B4F87020AAEBE2
:1052A00002000FFA80F9AAEB010007B2002F05DA1D
:1052B000D4F87001069001204F46089092484FF0B4
:1052C000000B007970B3F5F7A1FC58B3B4F81801DE
:1052D000022827D394F82C01022823D094F8430104
:1052E00000BB94F88C0100F073FD00F5C86080B23B
:1052F000009094F82C01012845D0608840F2E241EA
:1053000048430099FFF734FF08EB0901CA1BD4F8A2
:10531000341180B2431A02FB03BBC4F834010120EC
:1053200084F8430194F82C0100286DD001287DD029
:1053300002287CD003287BD0FFDF00BFA6EB0B0147
:105340000698FCF70EFD0499012640F271220860D0
:105350000A990020A1F800A028702E710498006816
:10536000A8606088D4F834115043C1EB400000E0DD
:10537000BFE16549A0F23630C861896981427DD9B3
:10538000029908607BE194F88000032833D0012162
:10539000002004F0CDF8E18A40F27122514300EB85
:1053A00041000190D4F82401B8340099FFF7E0FEE1
:1053B000A16E226F431AA066DDE9001002FB03BB59
:1053C000FFF7D6FEA16FA067421A34F8B60C40F280
:1053D000E241484393440099FFF7CAFE08EB0901F4
:1053E000226FC91B8A1AE16F521E431A02FB03BBCC
:1053F000E067B83C93E7E08A40F27122D4F82411C8
:10540000504301EB4000CCE7039800B9FFDF0121D6
:10541000002004F08DF80646E08A40F271214843EE
:1054200006EB40000099FFF7A3FE02E0C0E058E061
:10543000DDE0C4F83001608840F2E2414843009961
:10544000FFF796FEC4F8340182B22046A16AFFF746
:105450005EFE14F8650FFEF7F2FE4FF47A7800F264
:10546000E140B0FBF8F1039801EB00092078FEF76A
:10547000E6FE07462078FEF77DFE00E0FDE03844BA
:105480004AF2AB310144B1FBF8F134F84F0C40F271
:105490007122504306EB4000411AD4F8CB0040F291
:1054A000E2430A1A02EB0906227814F8501C11FB99
:1054B00003F1203E00F0B9FC1349801C886114F808
:1054C0006509FEF7BCFE00F2E140B0FBF8F103987D
:1054D0000844301A40F2F6218842BFF42FAFFFDFB4
:1054E0002CE7E08A40F27122D4F82411504301EBFA
:1054F00040000099FFF73CFEC4F83001608840F29C
:10550000E24103E0000B0020D8000020484300994E
:10551000FFF72EFEC4F8340182B22046A16AFFF7DD
:10552000F6FDB8F1000F21D10E98F8B194F865603E
:105530003046FEF71FFE4AF2B12101444FF47A7063
:10554000B1FBF0F0D4F8301140F271230144E08A4D
:10555000D4F82421584302EB4000471A3046FEF7A6
:1055600076FE0599081A3E18203E0AE0E08A40F2CD
:105570007122D4F82411504301EB4000D4F83011CB
:10558000461AD4F82821D4F82011D4F8300140F27A
:10559000E24301FB020094F86520617D11FB03F1F9
:1055A00000F043FCF9498861012084F82C01C5E62C
:1055B000608840F271225043D4F83411D4F8282185
:1055C000C1EB40067E4308EB0900801AD4F8207135
:1055D000D4F83031401E07FB023200FB012094F862
:1055E0006520617D40F2E24311FB03F140E06088F9
:1055F00040F27122D4F834115043C1EB400694F8C4
:105600007C007E43242803D094F87D0024280AD10E
:10561000B4F8AE11AAEB010000B2002803DB94F845
:10562000B10100B109900898D8B1B8F1000F18D1B4
:10563000059808B1039800B9FFDF94F86500FEF7FC
:1056400099FD4AF2B12101444FF47A70B1FBF0F0B8
:10565000361A94F86500FEF7FAFD0599081A064413
:10566000203ED4F8341108EB090048430021099A80
:1056700000F0DBFBC549886160E602980160029892
:10568000616A0068084400F5D370E86002F01AFB14
:1056900010B1E8681E30E8606E71B4F8F010A1EB4C
:1056A0000A0000B2002801DD032068710798002875
:1056B0000E9822D0C0B100BFB4F81811B1B3B4F83D
:1056C0001A0100BFA4F81A0194F81C21401C42439F
:1056D0008A4209D26879401E002805DD6E71B4F84F
:1056E0001A01401CA4F81A010D9830B394F8400137
:1056F000F8B102200FB0BDE8F08F0028DCD194F89B
:105700002C010028F0D0608840F27122D4F83411C6
:105710005043C1EB4001284603F04EFE0004000C4C
:10572000E2D0189901B108800120E3E7FFE70020EB
:10573000C8E794F87C01FDF78CF994F87C012946C0
:1057400000F059FB20B10D9880F0010084F8410170
:105750000020CFE77CB50446FCF72FFE0146D4F8C5
:105760007001FDF72BFB214600F076FB94F87D10CD
:105770000D290AD0B4F87020B4F83E1113189942DC
:1057800006DB491CA4F83E1106E0B4F83E010CE02B
:10579000401C1044A4F83E0194F8420140B9B4F80A
:1057A0003E01B4F8F410884202D1401CA4F83E0136
:1057B000B4F87A0101AE401CA4F87A01B4F89A005A
:1057C000B4F89810401AB4F87010401E084485B21E
:1057D00009E000231A4620460096FFF7E4FCD0B10A
:1057E00001282ED0FFDFB4F83E11681A00B200285D
:1057F000EFDA082084F88D00012084F88C00204620
:1058000001F0F5FE204600F0F8FA60484079BDE866
:105810007C40F5F7C9BBA06E002811D0B4F83E015A
:10582000B4F89420801A01B2002909DD34F86C0F15
:105830000144491E91FBF0F189B201FB0020208553
:105840007CBDB4F83E01BDF804100844A4F83E0144
:10585000C9E770B54E4C607A08B1002070BD94F86D
:10586000300030B1616B606A884202D9F8F70CFBF6
:10587000F3E7A06AC8B1F7F725FF0546F7F7F9FE89
:10588000284442F210714618FCF797FD0546294658
:10589000E06AFDF793FAE562A16A8219914202D2A9
:1058A0000120A062E2E7081AA062012070BD70B575
:1058B000374C012500202575207494F8300004F140
:1058C000100650B14FF47A71A069FCF74AFAA06152
:1058D0000021304603F070FD10E0002000F00DFBC9
:1058E0000546F7F7EFFE05442946A069FCF739FAAB
:1058F000A0612946304603F05FFD451C208C411C09
:105900000A2901D228442084606828B1208C401CD8
:105910000A2801D3022000E003206075FFF799FFF9
:1059200038B1207B314600F066FA002800D1FFDF55
:1059300070BD00F0DAFA15484079BDE87040F5F71F
:1059400033BB38B50025044680F82C51A0F87851B7
:105950002B462A4629460095FFF725FC00B1FFDFBC
:10596000C4F828510120C4F8205184F82C01A4F86F
:105970003E51A4F83C5184F8425134F8700F401E57
:1059800024F8B80B0020A4F8525038BDD8000020ED
:10599000000B002010B530B1F749012807D00228CC
:1059A0000BD0FFDF10BDBDE8104000F0EABA486A36
:1059B000BDE81040002100F0B5BA002081F83000A9
:1059C000FCF7F9FBED484079BDE81040F5F7ECBA7B
:1059D0002DE9F0410646E8480F460178E74D0329D6
:1059E00009D1017BB14206D1406868613846BDE803
:1059F000F04100F0EEBA304600F0F3F90621FAF774
:105A00005DFB040000D1FFDF304600F0EAF9218899
:105A1000884200D0FFDF214638466C61BDE8F04186
:105A200000F027BA10B5D44C207848B1012060723C
:105A3000F8F74CFA2078032804D0207A002800D008
:105A40000C2010BD207BFDF704F8207BFDF772FAD7
:105A5000207BFCF78FFC00B9FFDF0020207010BD19
:105A600010B5FFF7DFFF00F0F1FAC348002180F81E
:105A70003010C172084610BDC049487100208870BE
:105A800001220A7048700A71C870BB490870E7E7C4
:105A9000BA49087070472DE9F047B74C07460E46E3
:105AA000207800284BD1B648FCF702FC20731F2851
:105AB00045D04FF00309676084F8009000256572B7
:105AC000257287B1012107F58E70FDF740FE062093
:105AD000FAF7A0FA97F81C11B1FBF0F200FB1210D4
:105AE000401C87F81C01FCF73EFC40F2F65188424E
:105AF00000D2084600F23F101FFA80F8F7F7B9FD10
:105B0000E061F7F7DFFD0127E0B1A772FCF755FC74
:105B10008246002000F0F1F900EB08015046FCF746
:105B200020F9A061C4E90A6A277584F815909249A2
:105B30002574207B103100F05EF990B910E00C2044
:105B4000BDE8F087FCF739FC4146FCF70AF9A06193
:105B5000A57284F83070A6F28B566663A562E3E7FF
:105B6000FFDF25840020F8F7B1F90020E8E783493A
:105B7000487070478149087170472DE9F0417F4CAA
:105B80000746E088401CE080D4E902516078D7F8ED
:105B9000806120B13246284603F036FC0546A068F5
:105BA000854205D02169281A08442061FDF7D3F801
:105BB000A560AE4205D897F82C01012801D0E07805
:105BC00010B10020BDE8F0810120FBE710B50446CC
:105BD0000846FEF7CFFA4AF2B12108444FF47A7131
:105BE000B0FBF1F040F2E2414C4300F23630844227
:105BF00001D9201A10BD002010BD7CB5044600203C
:105C000084F8400194F8FE0000283FD194F82C015C
:105C100003283BD1FCF7D1FB0146D4F87001FDF716
:105C2000CDF8002832DD214600F016F9411CB4F809
:105C300070000144A4F83C11B4F83C11B4F8F4200D
:105C4000511A09B2002921DD012184F84211B4F86A
:105C50009A10B4F8982001AE891A491E084485B2FA
:105C60000EE00096B4F83C11002301222046FFF715
:105C70009AFA00280AD0012809D0022806D0FFDFAE
:105C8000B4F83C01281A00B20028EADA7CBDB4F866
:105C90003C01BDF804100844A4F83C01F0E738B515
:105CA00000250446012902D13448C07868B1042097
:105CB00084F82C01FCF77FFAA4F87A51B4F870004C
:105CC000A4F83E0184F842515FE60095B4F8F41060
:105CD000012300222046FFF766FA0028EAD0FFDF02
:105CE000E8E710B5062916D2DFE801F00509030C34
:105CF0000C0D002100E00121BDE81040CFE7032199
:105D000080F82C1110BDB0F834118AB2816ABDE858
:105D10001040FFF7FCB9FFDF10BD70B5174CA1783C
:105D2000022916D1E188002913D16569C5F88401DB
:105D300095F86500FEF78BFAD5F88411081AA1686A
:105D40000144A160E1680844E060BDE8704000F0F3
:105D5000A9B970BD70B5054608488478022C11D0E9
:105D6000054C243401B34FF47A7601290ED0022970
:105D700010D0FFDF70BD0000000B0020D800002015
:105D8000D1590100446904F5C074EBE71846FEF7E9
:105D900056FA02E01046FEF795FF00F2E140B0FB34
:105DA000F6F0281A2060E5E72560E3E7FE4810B525
:105DB000007808B1002010BD0620FAF71DF980F028
:105DC000010010BDF8480078002800D0012070477D
:105DD00010B504460C2800D3FFDFF44830F8140057
:105DE00010BD10B504461F2800D3FFDFEE48383041
:105DF00030F8140010BDFCF711BD70B5044600204A
:105E000084F82C0194F87C514FF6FF761F2D00D3B7
:105E1000FFDFE548383020F8156094F87C01FCF786
:105E2000A9FA1F2084F87C01A4E770B505460C464A
:105E300016461046FEF79EF94AF2B12108444FF487
:105E40007A71B0FBF1F000EB450004443046FEF7F8
:105E5000FEF9204460308DE7002809D0D1F83421C4
:105E6000498840F271235943C2EB4101B0FBF1F084
:105E700070472DE9F04101250226CD4F0C46082838
:105E800031D2DFE800F0040E161611301A23204636
:105E900000F0ADF9204600F064F984F84051BE707E
:105EA00090E601F00AFF01E0FEF72FFE84F8405172
:105EB00088E62046BDE8F0414CE4FEF7B3FCFEF76F
:105EC00024FE4FF0E020C0F880627BE694F82C01BD
:105ED000042800D0FFDF2046FFF78FFF7879BDE868
:105EE000F041F5F761B8FFDF6CE610B5AE4C207BF2
:105EF000FCF740FA0020207010BD08B500284FF0D4
:105F00000101684602D0FDF703FC01E0FDF7F6FB56
:105F10009DF8000042F210710002B0FBF1F201FBAB
:105F2000120008BD2DE9F0419F4C0746002084F87F
:105F30003000A669E07220700120207201216068A3
:105F400003F0B2F86068C0F87061257B80F87C517E
:105F5000C0F88071C0F8746106881F2D00D3FFDF80
:105F60009148383020F815606068FFF7EAFC00B10E
:105F7000FFDFFCF720F98E484079BDE8F041F5F7E6
:105F800013B870B5884C0025A07A18B10120FFF72E
:105F9000B4FF0546F7F796FB4119A069FBF7E1FE50
:105FA000A061002525740320607501202075607AAA
:105FB00030B97D49207B1031FFF71DFF00B9FFDFAD
:105FC0002584FCF7F8F87A484079BDE87040F4F78A
:105FD000EBBF70B5744D04462878032800D0FFDF6E
:105FE000082C31D2DFE804F0040E2A2A2630302DA6
:105FF00000206862F7F77CFD00B1FFDF6C490320E9
:106000008870B7E6F7F735FBE9690446A14206D286
:10601000601A0421FCF705FFEC6108B906E0E861AD
:10602000F7F7B1FE0028ECD0FFDFA3E6BDE8704033
:106030000020AFE4BDE87040FEF767BDBDE87040EA
:1060400035E4BDE8704050E7FFDF93E6FEB5584CFD
:106050000120E0704FF6FF750CE00621FAF72EF8EC
:10606000060000D1FFDF96F87C01FCF763FF3046A5
:10607000FFF7C3FE69460620F9F7ADFF50B1FFDF19
:1060800008E0029830B190F82C1119B10088A842AC
:10609000E3D104E06846F9F77CFF0028F1D0002046
:1060A000E070FEBD2DE9F0474148446994F8431182
:1060B000002955D094F82C11032951D194F86590FA
:1060C0000078FFF785FE054694F88C01FFF780FE07
:1060D000284486B294F88C01FFF77AFE00F5C86078
:1060E0001FFA80F84846FEF7B2F8D4F884110D1A6A
:1060F0004846FEF73FF84FF47A7A00F2E730B0FBFB
:10610000FAF02D1A4846FEF7A2F8D4F800110F1A3B
:106110004846FEF72FF84AF2B1210144B1FBFAF0EC
:106120003A1AA2F160007043B0FBF8F1292000EBAD
:1061300052006031A0EB510200EB5100AA4201D89D
:10614000854201D3F4F714FE608840F2E2414843EF
:106150003146FFF70DF8C4F83401002084F84301FC
:10616000EEE470B50446FCF7FEF8054694F86500C9
:10617000FEF700F84AF2B12108444FF47A71B0FBFF
:10618000F1F0D4F8341140F2712201446088504398
:10619000C1EB4006303EB72D00D8B725214601207F
:1061A00003F0CFFC284405E0000B002088B201007A
:1061B000D8000020351A21460120A5F21B3503F036
:1061C000C0FC616A9C30814201D9081A00E00020BD
:1061D0002C49A842CD6000D328468860D4F86C01D1
:1061E000A0F5D3700861BDE87040FCF7B4BD10B5F0
:1061F000044624490020C4F88001C880C4F8840102
:1062000094F8410138B9FCF7D8F8D4F84C11FCF7F0
:10621000D5FD002813DCB4F83E11B4F870008142BB
:1062200001D1B4F8F410081AA4F8F600A4F870101C
:10623000D4F86801C4F84C01C4F870011CE0B4F84B
:106240003C01B4F87010401AA4F8F600B4F83C0110
:10625000A4F87000D4F84C01C4F86801C4F87001C7
:10626000D4F85401C4F80001D4F85801C4F87401FA
:10627000B4F85C01A4F878012046BDE8104001F0B4
:1062800006BC0000D80000202DE9F0410E4604466F
:1062900003F06FFB0546204603F06DFB044603F058
:1062A000FDF8FB4F010015D0386990F864208A4250
:1062B00010D090F8C4311BB190F8C63123421FD0E2
:1062C0002EB990F85D30234201D18A4218D890F857
:1062D000C401A8B1284603F0E1F870B1396991F81A
:1062E0006520824209D091F8C40118B191F8C70124
:1062F000284205D091F8C40110B10120BDE8F08119
:106300000020FBE730B5E24C85B0E06900285ED0A4
:10631000142200216846F7F736F8206990F86500E6
:10632000FDF728FF4FF47A7100F5FA70B0FBF1F534
:10633000206990F86500FDF78AFF2844ADF8060053
:1063400020690188ADF80010B0F87010ADF80410A5
:106350004188ADF8021090F8A60130B1A069C11CC7
:10636000039103F01FFA8DF81000206990F8A50141
:106370008DF80800E169684688472069002180F8A7
:10638000A61180F8A5110399002920D090F8A41136
:1063900000291CD190F87C10272918D09DF81010E6
:1063A000039A002913D013780124FF2B11D0072B57
:1063B0000DD102290BD15178FF2908D180F8A441D1
:1063C0000399C0F8A8119DF8101080F8A71105B026
:1063D00030BD1B29F2D9FAE770B5AD4C206990F8B1
:1063E0007D001B2800D0FFDF2069002580F8A75022
:1063F00090F8D80100B1FFDF206990F8A81041B1F2
:1064000080F8A8500188A0F8DC1180F8DA510C213E
:1064100008E00188A0F8DC1180F8DA51012180F849
:10642000DE110B2180F8D8110088F9F77AFFF9F70F
:1064300023FC2079F4F7B8FD206980F87D5070BD09
:1064400070B5934CA07980072CD5A078002829D16D
:1064500062692046D37801690D2B01F170005FD08D
:106460000DDCA3F102034FF001050B2B19D2DFE87D
:1064700003F01A1844506127182C183A6400152BA1
:106480006FD008DC112B4BD0122B5AD0132B62D0BB
:10649000142B06D166E0162B71D0172B70D0FF2B72
:1064A0006FD0FFDF70BD91F87F200123194602F005
:1064B00038FF0028F6D12169082081F87F0070BDDF
:1064C0001079BDE8704001F0A2BC91F87E00C007D1
:1064D00000D1FFDF01F05AFC206910F87E1F21F087
:1064E0000101017070BD91F87D00102800D0FFDF20
:1064F0002069112180F8A75008E091F87D00142848
:1065000000D0FFDF2069152180F8A75080F87D10AA
:1065100070BD91F87D00152800D0FFDF172005E041
:1065200091F87D00152800D0FFDF1920216981F83E
:106530007D0070BDBDE870404EE7BDE8704001F0E1
:106540003ABC91F87C200123002102F0EAFE00B958
:10655000FFDF0E200FE011F87E0F20F0040008701E
:106560001DE00FE091F87C200123002102F0D9FE0C
:1065700000B9FFDF1C20216981F87C0070BD12E0AA
:106580001BE022E091F87E00C0F30110012800D04A
:10659000FFDF206910F87E1F21F010010170BDE8B7
:1065A000704001F0F3BB91F87C200123002102F040
:1065B000B8FE00B9FFDF1F20DDE791F87D0021283C
:1065C00001D000B1FFDF2220B0E7BDE8704001F04C
:1065D000E9BB2F48016991F87E20130702D50121FC
:1065E0008170704742F0080281F87E208069C0788F
:1065F00081F8E10001F0C1BB10B5254C21690A8882
:10660000A1F81A2281F8180291F8640001F0A9FBA0
:10661000216981F81C0291F8650001F0A2FB216953
:1066200081F81D02012081F81602002081F8C401C2
:106630002079BDE81040F4F7B7BC10B5144C052123
:106640002069FFF74EFB206990F85A10012908D005
:1066500000F5F77103F048FA2079BDE81040F4F72F
:10666000A3BC022180F85A1010BD10B5084C0123BC
:106670000921206990F87C20703002F052FE48B168
:106680002169002001F8960F087301F81A0C10BD5B
:10669000F80000200120A070F9E770B5FE4D01233D
:1066A00029462869896990F87C2009790E2A01D148
:1066B000122903D000241C2A03D004E0BDE8704056
:1066C000D3E7142902D0202A07D008E080F87C40C4
:1066D00080F8A240BDE87040AFE7162906D0262A10
:1066E00001D1162902D0172909D00CE000F87C4FFF
:1066F00080F82640407821280CD01A2017E090F826
:106700007D20222A07D0EA69002A03D0FF2901D17F
:1067100080F8A63132E780F87D4001F037FB286928
:1067200080F8974090F8C4010028F3D00020BDE81D
:10673000704061E72DE9F843D74C206990F87C1050
:10674000202909D05FF0000790F87D10222905D09C
:106750007FB300F17C0503E00127F5E700F17D053B
:1067600010F8B01F41F004010170A06903F007F9AF
:106770004FF00108002608B33946A069FFF784FDF1
:10678000E0B16A46A169206902F096FE90B3A06963
:1067900003F0F3F82169A1F8AE01B1F8701001F02F
:1067A000C6FA40B32069282180F88D1080F88C80CB
:1067B00048E0FFE70220A070BDE8F883206990F868
:1067C000C40110B11E20FFF717FFAFB1A069216906
:1067D000C07881F8E20008FA00F1C1F3006000B966
:1067E000FFDF20690A2180F87C1090F8A20040B9F0
:1067F000FFDF06E009E01AE02E7001F0C7FAFFF7AC
:10680000E8FE206980F89760D6E7206990F8C40117
:1068100018B10020FFF7F0FE2E70206900F17D0115
:1068200080F897608D420DD180F87D600AE0206984
:106830009DF8001080F8B0119DF8011080F8B1119A
:1068400024202870206900F17D018D4203D1BDE82C
:10685000F84301F09BBA80F8A260ADE770B58E4CAA
:1068600001230B21206990F87D20703002F059FD42
:10687000202650BB20690123002190F87D20703034
:1068800002F04FFD0125F0B1206990F87C0024282A
:106890001BD0A06903F063F8C8B1206990F8B0106C
:1068A00041F0040180F8B010A1694A7902F00702B2
:1068B00080F85D20097901F0070180F85C1090F8FC
:1068C000C5311BBB06E0A57058E6A67056E6BDE8CC
:1068D00070407EE690F8C431C3B900F164035E787D
:1068E0008E4205D11978914202D180F897500DE07F
:1068F00000F504710D7002884A8090F85C200A71DE
:1069000090F85D0048712079F4F74EFB2169212051
:1069100081F87D00BDE8704001F02FBAF8B55E4CFB
:10692000206990F87E0010F0300F04D0A07840F07D
:106930000100A070F8BDA06902F0FAFF50B3A06991
:1069400002F0F0FF0746A06902F0F0FF0646A069DA
:1069500002F0E6FF0546A06902F0E6FF0146009757
:10696000206933462A46303003F046F8A079800784
:1069700003D56069C07814280FD0216991F87C0094
:106980001C280AD091F85A0001280ED091F8BB01BA
:1069900058B907E0BDE8F8401BE62169012081F8FD
:1069A0005A0002E091F8BA0130B1206910F87E1F58
:1069B00041F0100101700EE091F87E0001F5FE72C9
:1069C00040F0200081F87E0031F8300B03F080F8B1
:1069D0002079F4F7E9FABDE8F84001F0CEB970B5D6
:1069E0002D4C206990F87E10890707D590F87C20FF
:1069F00001230821703002F094FCE8B1206990F87E
:106A0000AA00800712D4A06902F073FF216981F8FF
:106A1000AB00A06930F8052FA1F8AC204088A1F8A0
:106A2000AE0011F8AA0F40F002000870206990F83B
:106A3000AA10C90703D00FE00120A0709EE590F8CE
:106A40007E00800700D5FFDF206910F87E1F41F02F
:106A50000201017001F091F92069002590F87C1085
:106A6000062906D180F87C5080F8A2502079F4F7EE
:106A70009BFA206990F8AC110429DFD180F8AC5161
:106A80002079F4F791FA206990F87C100029D5D18B
:106A900080F8A25072E50000F800002070B5FE4CAE
:106AA00001230021206990F87D20703002F039FC2C
:106AB000012578B9206990F87D20122A0AD0012397
:106AC0000521703002F02DFC10B10820A07055E5B2
:106AD000A57053E5206990F8A80008B901F04DF9B8
:106AE0002169A06901F5847102F0F1FE2169A069B4
:106AF000D83102F0F2FE206990F8E00100B1FFDF2A
:106B000021690888A1F8E20101F5F271A06902F09B
:106B1000D6FE2169A06901F5F67102F0D5FE206963
:106B200080F8E051142180F87D102079BDE8704094
:106B3000F4F73ABA70B5D84C01230021206990F8D7
:106B40007D20703002F0EDFB0125A8B1A06902F0B4
:106B50008CFE98B1A0692169B0F80D00A1F8AE01D2
:106B6000B1F8701001F0E3F858B12069282180F8DD
:106B70008D1080F88C5001E5A570FFE4BDE87040F1
:106B800027E5A0692169027981F8B021B0F80520D4
:106B9000A1F8B22102F060FE2169A1F8B401A06958
:106BA00002F05DFE2169A1F8B601A06902F05AFE6B
:106BB0002169A1F8B8010D2081F87D00DEE47CB5E3
:106BC000B54CA079C00738D0A06901230521C5784C
:106BD000206990F87D20703002F0A3FB68B1AD1EF3
:106BE0000A2D06D2DFE805F00909050509090505A2
:106BF0000909A07840F00800A070A07800281CD1F6
:106C0000A06902F0FFFD00287AD0A0690226C578AD
:106C10001DB1012D01D0162D18D1206990F87C00EE
:106C200002F067FB90B1206990F87C101F290DD00D
:106C3000202903D0162D16D0A6707CBD262180F801
:106C40007C10162D02D02A20FFF7D6FC0C2D58D030
:106C50000CDC0C2D54D2DFE805F033301D44A7A71F
:106C6000479E57A736392020A0707CBD0120152DE6
:106C700075D008DC112D73D0122D69D0132D64D07E
:106C8000142D3DD178E0162D7CD0182D7DD0FF2D10
:106C900036D183E020690123194690F87F207030B7
:106CA00002F03FFBF8B9A06902F007FE216981F804
:106CB0009201072081F87F0078E001F044F975E047
:106CC000FFF738FF72E001F01EF96FE0206990F8DD
:106CD0007D10112901D0A67068E0122180F87D1086
:106CE00064E0FFF7DBFE61E0206990F87D00172883
:106CF000F1D101F04BF821691B2081F87D0055E0AE
:106D000052E0FFF76CFE51E0206990F87E00C0076A
:106D100003D0A07840F001001FE06946A06902F0AE
:106D2000EAFD9DF8000000F02501206900F8B01F81
:106D30009DF8011001F04101417001F01EF8206939
:106D400010F87E1F41F0010114E0FFF78EFC2DE0EA
:106D5000216991F87E10490705D5A07026E00EE064
:106D600016E00FE011E001F008F8206910F87E1F2E
:106D700041F00401017019E0FFF7D0FD16E001F0C9
:106D80008AF813E0FFF76AFD10E0FFF7D3FC0DE08F
:106D900001F060F80AE0FFF780FC07E0E16919B153
:106DA000216981F8A60101E0FFF713FC2069F0E9F1
:106DB0003012491C42F10002C0E900127CBD70B5DE
:106DC000354CA07900074AD5A078002847D1206922
:106DD00090F8E400FE2800D1FFDF2069FE210025A5
:106DE00080F8E41090F87D10192906D180F8A7509A
:106DF00000F0CCFF206980F87D50206990F87C106D
:106E00001F2902D0272921D119E090F87D0002F036
:106E100070FA78B120692621012380F87C1090F85F
:106E20007D200B21703002F07CFA78B92A20FFF720
:106E3000E3FB0BE02169202081F87C0006E00121C2
:106E400080F8A51180F87C5080F8A250206990F855
:106E50007F10082903D10221217080F8E41059E441
:106E600010B50D4C216991F8B0210AB991F8642050
:106E700081F8642091F8B1210AB991F8652081F870
:106E8000652010B10020FFF7B7FB206902F0D4FDA8
:106E9000002809D0206901E0F8000020BDE810407A
:106EA00000F5F77102F020BE10BD70B5FC4C06462F
:106EB0000D46206990F8E400FE2800D0FFDF22692B
:106EC000002082F8E46015B1A2F8A40022E422F8C0
:106ED0009E0F012010711DE470B5F14C01230021BB
:106EE000206990F87C20703002F01BFA002869D0ED
:106EF000206990F8BA1111B190F8BB1139B190F82E
:106F0000C41100295DD090F8C51111B359E090F873
:106F10007D1024291BD090F87C10242917D0002341
:106F200000F5D87200F5DD7102F058FD21690020EE
:106F300081F8BA0101461420FFF7B7FF216901F17A
:106F40003000C28A21F8E62F408B48803FE00123C1
:106F5000E6E790F87D2001230B21703002F0E1F983
:106F600078BB206990F8640000F0FBFE05462069BC
:106F700090F8650000F0F5FE0646206990F8C6110D
:106F8000284600F0E0FE50B1206990F8C711304665
:106F900000F0D9FE18B10020FFF72EFB11E02069A8
:106FA0000123032190F87D20703002F0BAF940B936
:106FB00020690123022190F87D20703002F0B1F9A0
:106FC00008B1002080E400211620FFF76EFF0120A9
:106FD0007AE410B5F0BBB24C206990F87E10CA0775
:106FE00002D00121092051E08A070AD501210C2095
:106FF000FFF75BFF206910F8AA1F41F00101017043
:1070000046E04A0702D5012113203FE00A0705D5D3
:1070100010F8E11F41710121072037E011F0300F16
:107020003AD090F8BB11A9B990F8BA11D9B190F83B
:107030007D1024292ED090F87C1024292AD00023FA
:1070400000F5D87200F5DD7102F0C8FC216911F875
:107050007E0F00E020E020F0200040F010000870DB
:10706000002081F83C01206990F87E10C90613D5F4
:1070700002F0E2FCFFF7E1FA216901F13000C28A77
:1070800021F8E62F408B488001211520FFF70DFFE6
:10709000012010BD0123D3E7002010BD70B5804C46
:1070A000206990F8E410FE2978D1A178002975D1E3
:1070B00090F87F2001231946703002F032F9002841
:1070C0006CD1206990F8901149B10021A0F89C1072
:1070D00090F8911180F8E610002102205BE090F812
:1070E0007D2001230421703002F01BF90546FFF7D3
:1070F00070FF002852D1284600F089FF00284DD1AA
:1071000020690123002190F87C20703002F009F9F9
:1071100078B120690123042190F87D20703002F0BD
:1071200000F930B9206990F8960010B100211220C2
:1071300031E0206990F87C200A2A0DD0002D2DD155
:1071400001230021703002F0ECF878B1206990F84A
:10715000AC1104290AD105E010F8E21F01710021E9
:10716000072018E090F8AA00800718D0FFF7B4FEB7
:10717000002813D120690123002190F87C20703071
:1071800002F0CFF8002809D0206990F8A401002867
:1071900004D00021FF20BDE8704086E609E0002110
:1071A0000C20FFF782FE206910F8AA1F41F00101B0
:1071B000017043E43EB505466846FDF7BDFE00B9E3
:1071C000FFDF222200210098F6F7DDF80321009866
:1071D00002F0FFFA0098017821F0100101702946B1
:1071E00002F01DFB2E4C0D2D40D00BDCA5F102054D
:1071F0000B2D19D2DFE805F01F184719191F185673
:1072000018192400152D5ED008DC112D25D0122D63
:107210000BD0132D09D0142D06D154E0162D29D0F2
:10722000172D69D0FF2D73D0FFDFFDF79AFE0028E0
:1072300000D1FFDF3EBD2169009891F8E61017E00C
:10724000E26800981178017191884171090A817191
:107250005188C171090A0172E7E70321009802F021
:10726000A6FB0621009802F0A6FBDEE700980621A7
:107270000171DAE70098216991F8C621027191F84D
:10728000C7114171D1E72169009801F5887102F0B9
:1072900028FB21690098DC3102F028FBC5E70000DB
:1072A000F8000020F849D1E90001CDE90101206989
:1072B00001A990F8B00000F025008DF804000098B6
:1072C00002F048FBB1E72069B0F84810009802F0DE
:1072D00017FB2069B0F8E810009802F015FB206950
:1072E000B0F84410009802F013FB2069B0F8E610E3
:1072F000009802F011FB98E7216991F8C401002879
:107300000098B9D111F8642F02714978B9E7FFE705
:10731000206990F8A721D0F8A811009802F08DFA02
:1073200083E7DA4810B5006990F8821041B990F807
:107330007D2001230621703001F0F3FF002800D0EA
:10734000012010BD70B5D14D286990F8801039B179
:10735000012905D0022906D0032904D0FFDF0AE461
:10736000B0F8F41037E090F87F10082936D0B0F864
:107370009810B0F89A2000248B1C9A4206D3511A18
:10738000891E0C04240C01D0641EA4B290F896103F
:1073900039B190F87C2001230921703001F0C1FF40
:1073A00040B3FFF7BEFF78B129690020B1F8902003
:1073B000B1F88E108B1C9A4203D3501A801E00D055
:1073C000401EA04200D284B20CB1641EA4B228694F
:1073D000B0F8F4102144A0F8F01040E5B0F898108F
:1073E0000329BDD330F8701F428D1144491CA0F809
:1073F000801034E50024EAE770B50C4605464FF4EA
:10740000087200212046F5F7BEFF258027E5F8F732
:107410005FBF2DE9F0410D4607460621F8F74EFE05
:10742000041E3ED094F8CC010026B8B16E7007203F
:1074300028700DE0268484F8CC61D4F8CE01C5F81C
:107440000200D4F8D201C5F80600B4F8D60168816C
:1074500094F8CC010028EDD1AE70B6E094F8D801D4
:1074600090B394F8D8010B2813D00C2801D0FFDF7B
:10747000ABE02088F8F755FF0746F8F712FC78B91B
:107480006E700C20287094F8DA01A8702088A8800B
:1074900014E02088F8F745FF0746F8F702FC10B122
:1074A0000020BDE8F0816E700B20287094F8DA019E
:1074B000A8702088A88094F8DE01A87184F8D861AB
:1074C0003846F8F7E8FB80E0FFE794F80E0230B1A9
:1074D0006E700E20287084F80E626F8075E094F84C
:1074E000E00180B16E700820287020886880D4F890
:1074F000E4116960D4F8E811A960B4F8EC01A8813E
:1075000084F8E06161E094F8080270B16E701620B2
:10751000287005E084F80862D4F80A02C5F8020071
:1075200094F808020028F5D14FE094F8EE01B0B1CC
:107530006E70122028700DE084F8EE61D4F8F0012E
:10754000C5F80200D4F8F401C5F80600D4F8F80133
:10755000C5F80A0094F8EE010028EDD135E094F862
:10756000FC0180B16E701820287084F8FC61D4F89A
:10757000FE01C5F80200D4F80202C5F80600B4F80E
:107580000602688121E094F8100240B119202870A9
:1075900084F81062D4F81202C5F8020015E094F8DD
:1075A000160200283FF47DAF6E701320287008E0AB
:1075B00084F81662D4F81802C5F80200B4F81C0268
:1075C000E88094F816020028F2D1012069E72F48DC
:1075D0000021C16101620846704730B52B4D0C4651
:1075E000E860FFF7F4FF00B1FFDF2C7130BD002130
:1075F00080F87C1080F87D1080F8801090F8FE10E4
:1076000009B1022100E00321FEF76BBB2DE9F04137
:107610001E4C0546206909B1002104E0B0F80611AE
:10762000B0F8F6201144A0F8061190F8901139B97D
:1076300090F87F2001231946703001F072FE30B1BE
:10764000206930F89C1FB0F85A201144018020694D
:1076500090F8A23033B1B0F89E10B0F8F620114483
:10766000A0F89E1090F9A670002F06DDB0F8A410C7
:10767000B0F8F6201144A0F8A41001213D263DB138
:1076800080F88D6018E00000A0B20100F800002032
:107690002278022A0AD0012A11D0A2782AB380F8CF
:1076A0008C1012F0140F0DD01E2113E090F8E6207C
:1076B000062A3CD016223AE080F88C1044E090F87C
:1076C000922134E0110702D580F88D603CE09106EC
:1076D00003D5232180F88D1036E0900700D1FFDF1D
:1076E00021692A2081F88D002AE02BB1B0F89E2074
:1076F000B0F8A0309A4210D2002F05DDB0F8A420D7
:10770000B0F8A0309A4208D2B0F89C30B0F89A2075
:10771000934204D390F890310BB1222207E090F805
:1077200080303BB1B0F89830934209D3082280F8FA
:107730008D20C1E7B0F89820062A01D33E22F6E753
:10774000206990F88C1019B12069BDE8F0414EE72E
:10775000BDE8F0410021FEF7C4BA2DE9F047FF4C27
:1077600081460D4620690088F8F7EDFD060000D13E
:10777000FFDFA0782843A070A0794FF000058006B5
:10778000206904D5A0F8985080F8045103E030F83F
:10779000981F491C0180FFF7C4FD012740B3E08812
:1077A000000506D5206990F8821011B1A0F88E501E
:1077B0001EE02069B0F88E10491C89B2A0F88E1026
:1077C000B0F890208A4201D3531A00E00023B4F8A5
:1077D00008C00CF1050C634501D880F89670914201
:1077E00006D3A0F88E5080F80E722079F3F7DCFBF8
:1077F000A0794FF0020810F0600F0ED0206990F8C9
:10780000801011B1032908D102E080F8807001E0F6
:1078100080F880800121FEF764FA206990F88010DA
:10782000012904D1E188C90501D580F88080B9F12A
:10783000000F71D1E188890502D5A0F8185104E044
:10784000B0F81811491CA0F8181100F0A7FBFEF7BA
:1078500059FDFFF723FC00F0B2FD0028206902D09B
:10786000A0F8F85003E030F8F81F491C018000F040
:10787000A9FD38B1206990F80411022907D8491CE4
:1078800080F80411206990F80401022804D92069C5
:1078900020F8F85F4580057320690123002190F8E6
:1078A0007D20703001F03DFD20B9206990F87D0009
:1078B0000C286AD120690123002190F87C207030C7
:1078C00001F02FFD48B320690123002190F87F20AB
:1078D000703001F026FD00B3206990F88010022975
:1078E00053D190F80401C0B93046F7F7AAFFA0B110
:1078F000216991F8E400FE2847D1B1F8F20001288F
:1079000043D981F8FD70B1F89A20B1F89800931E20
:10791000984203DB012004E043E036E0101A401EE9
:1079200080B2B1F8F82023899A4201D3012202E003
:107930009A1A521C92B2904200D91046012801D1E5
:1079400081F8FD5091F86F206AB98A6E5AB1B1F88A
:107950009420B1F87030D21A12B2002A03DD90429E
:1079600000DB104680B291F8892192B1B1F8FA207B
:10797000B1F88A118A4201D3012102E0891A491C17
:1079800089B2884205D9084603E02169012081F8BF
:10799000FD502169B1F870201044A1F8F400FFF700
:1079A000D1FCE088C0F340214846FFF72FFE206954
:1079B00080F8FE50BDE8F047FDF7F6BA6749024689
:1079C0008878CB78184312D10846006942B189798A
:1079D000090703D590F87F00082808D001207047D8
:1079E000B0F84C10028E914201D8FEF7C6B80020C4
:1079F000704770B5594C05460E46E0882843E08034
:107A0000A80703D5E80700D0FFDF6661EA074FF05B
:107A100000014FF001001AD0A661F278062A02D0C8
:107A20000B2A14D10AE0226992F87D30172B0ED16F
:107A30000023E2E92E3302F8370C08E0226992F8BD
:107A40007D30112B03D182F8811082F8A800AA079B
:107A500018D56269D278052A02D00B2A12D10AE021
:107A6000216991F87D20152A0CD10022E1E930220C
:107A700001F83E0C06E0206990F87D20102A01D123
:107A800080F88210280601D50820E07067E42DE90F
:107A9000F84F324C00254FF00108E580A570E570E5
:107AA0004146257061F3070220619246814680F8C5
:107AB000FE800088F8F747FC070000D1FFDF20694F
:107AC0000088FDF736FA20690088FDF75BFA206927
:107AD000B0F8F21071B190F8E410FE290FD190F8CF
:107AE000901189B190F87F2001231946703001F080
:107AF00018FC78B1206990F8E400FE2804D02069D1
:107B000090F8E400FFF756FB206990F8FF1089B168
:107B1000258118E02069A0F89C5090F8911180F818
:107B2000E61000210220FFF7C0F9206980F8FD501F
:107B30000220E7E790F8CC1119B9018C82889142B4
:107B400000D881882181B0F8F610491E8EB2B0F8B5
:107B5000F8103144A0F8F81002E00000F80000200E
:107B600090F8FC1021B1A0F8FA5080F8FC5004E025
:107B7000B0F8FA103144A0F8FA1030F8981F3144E8
:107B80000180FFF7CEFB20B1206930F88E1F314411
:107B900001802069B0F8F210012902D8491CA0F830
:107BA000F2100EB180F8045190F8FD10A1B1B0F8B8
:107BB000F800218988420FD23846F7F742FE58B1C3
:107BC000206990F8891139B1B0F8FA10B0F88A013B
:107BD000814201D300F0F9FB206980F8FD5090F854
:107BE0007D100B2901D00C2916D1B0F87020B0F807
:107BF000AE31D21A12B2002A0EDBD0F8B011816079
:107C000090F8B4110173032101F04EFA206980F855
:107C10007D5080F8B28026E0242910D1B0F8701091
:107C2000B0F8AE21891A09B2002908DB90F8C40126
:107C3000FFF716F9206900F87D5F857613E090F86C
:107C40007C10242901D025290DD1B0F87010B0F88E
:107C5000AE01081A00B2002805DB0120FFF700F989
:107C6000206980F87C5020690146B0F8F620703019
:107C700001F0C8FA206990F8891109B1A0F8FA500A
:107C8000F6480090F64BF74A4946504600F0DEFAB7
:107C9000216A11B16078FCF74DFE206901230521AE
:107CA00090F87D20703001F03CFB002803D0BDE847
:107CB000F84F00F038BABDE8F88F00F045BBEA494C
:107CC000C8617047E848C069002800D001207047AB
:107CD000E54A50701162704710B50446B0F8B421FF
:107CE0004388B0F8B611B0F8B8019A4205D1A3881C
:107CF000994202D1E38898420FD02388A4F8D0316A
:107D0000A4F8D221A4F8D411A4F8D601012084F853
:107D1000CC01D5480079F3F747F90221204601F05C
:107D2000C3F9002004F87D0F0320E07010BD401A55
:107D300000B247F6FE71884201DC002801DC012018
:107D4000704700207047012802D0022805D102E0C8
:107D5000012904D001E0022901D000207047012050
:107D6000704710B5012804D0022804D0FFDF204658
:107D700010BD0124FBE70224F9E7BB48002100699C
:107D800020F8A41F8178491C81707047B64800B55F
:107D9000016911F8A60F401E40B20870002800DAF1
:107DA000FFDF00BDB0482721006980F87C1000216A
:107DB00080F8A411704710B5AB4C206990F8AC1155
:107DC000042916D190F87C2001230021703001F0A5
:107DD000A8FA00B9FFDF206990F8AA10890703D438
:107DE000062180F87C1004E0002180F8A21080F8C1
:107DF000AC11206990F87E00800707D5FFF7C6FF19
:107E0000206910F87E1F21F00201017010BD964913
:107E100010B5096991F87C200A2A09D191F8E2206D
:107E2000824205D1002081F87C0081F8A20010BDBB
:107E300091F87E20130706D522F0080081F87E0015
:107E4000BDE81040A2E7FF2801D0FFDF10BDBDE86C
:107E50001040A7E710B5844C206910F8B01F41F01E
:107E600004010170A06901F0A4FD162806D1206963
:107E700090F87C00202802D0262805D010BDA069EB
:107E800001F09BFDFEF7B8FB2169002081F87C0022
:107E900081F8A20010BDF8B5734C01230A212069B6
:107EA00090F87C20703001F03CFA38B3A06901F002
:107EB0003FFDC8B1A06901F035FD0746A06901F09A
:107EC00035FD0646A06901F02BFD0546A06901F0CD
:107ED0002BFD01460097206933462A46303001F0D9
:107EE0008BFD206901F0A8FD2169002081F8A20026
:107EF00081F87C00BDE8F840FEF79FBBA07840F019
:107F00000100A070F8BD10B5574C01230021206975
:107F100090F87D20703001F004FA30B1FFF72DFFAA
:107F20002169102081F87D0010BD20690123052101
:107F300090F87D20703001F0F4F908B1082000E0DD
:107F40000120A07010BD70B5474C012300212069AD
:107F500090F87D20703001F0E4F9012588B1A06926
:107F600001F0A8FC2169A1F8AE01B1F87010FFF78B
:107F7000DEFE40B12069282180F88D1080F88C50F9
:107F800084E5A57082E52169A06901F5D87101F049
:107F90008CFC21690B2081F87D0077E510B5FEF798
:107FA0000EFFFEF70CFE304CA079400708D5A078F4
:107FB00030B9206990F87F00072801D10120207096
:107FC000FEF73EFAA079C00609D5A07838B9206935
:107FD00090F87D100B2902D10C2180F87D10E078FB
:107FE00000070ED520690123052190F87D2070300F
:107FF00001F097F930B10820A0702169002081F8C4
:10800000D80110BDBDE81040002000F016BB10B52F
:10801000154C216991F87D2040B3102A06D0142A0E
:1080200007D0152A23D01B2A35D123E001210B20AC
:1080300022E0FBF769FB0C2820D32069082100F51A
:108040008870FBF765FB28B120690421DC30FBF761
:108050005FFB00B9FFDF012104200DE05B77010029
:10806000BD790100F3790100F800002008E000F07C
:1080700017F803E001210620FEF717FF012010BDCD
:10808000212A08D191F8970038B991F8C40110B1AC
:1080900091F8C50108B1002010BD01211720EBE7C0
:1080A00070B5184C0025206990F8931101290AD069
:1080B000022925D190F8A810A9B1062180F8E61070
:1080C0000121022017E090F8D811002918D100F101
:1080D000C80300F58471002200F5CA7001F0C1F8F0
:1080E0000121052007E090F8B000400701D51120DC
:1080F00000E00D200121FEF7D8FE206980F89351A1
:10810000C4E40000F8000020F9480078002800D0FE
:108110000C20704710B50446FFF7F6FF00B1FFDFF3
:10812000F348047210BDF2490120C871704770B560
:108130000C460546082B01D0194600E004211046E4
:1081400001F075F9844200D220460DB1001D80B2C5
:10815000C0B270BD70B5E64934314C6804F17005A9
:1081600060B1628F218F94F86530A87CFFF7DFFF44
:1081700094F86510BDE87040FCF79EB8FF2094F8B5
:108180006410F7E72DE9F0478146D9483430446858
:10819000002004F17005628F218F94F86530FFF79D
:1081A000C6FFD34F0646D34878620120FFF7D2FFBF
:1081B000A87C4FF0000840B305F15801CE4891E883
:1081C0000E1000F1080A8AE80E10A96EC0F82110FE
:1081D000E96EC0F82510FE38FCF743FBC6480121C4
:1081E00008300176D5E91412C0E90412A0F58372B3
:1081F000796AFBF728FF94F8650000F0A7FB0246B8
:1082000031460120FBF72DFF04E0786AFCF729FBDB
:10821000FBF74BFFB9F1000F03D141469620FCF765
:108220004CFB94F8642001210020FCF706FC94F834
:108230002C00012801D1FCF7DFFB02203870FCF78D
:1082400061FD002800D0FFDFBDE8F0872DE9F04395
:10825000A74D87B0804628780E9F1C461646894653
:1082600010B90EB104B107B9FFDFEF61C5E90564CC
:108270000020C5E90D89E871A871E870A87028711F
:108280009B4F6871A8813437E8817E68344636F8A0
:10829000700BF8F758F8E8622088F8F742F828637E
:1082A000FCF714F894F96700FCF7CEF804F112001B
:1082B000FCF7B9FA04F10E00FCF7CCF80120FCF74A
:1082C000CDFA18228D496846F5F733F88C480490AA
:1082D0006846FCF7B7FAF07EFCF7C6F8FCF7B8FA88
:1082E00094F86F0078B9A06E68B1B08C318888427C
:1082F00009D1B4F86C1001220844B08494F86E00DF
:10830000A16EF9F708FE628F218F94F86530B07C7A
:10831000FFF70DFF94F865402146FBF7CDFF786825
:1083200090F8880108B1FCF74FF821460120FCF7CE
:1083300054F97868D0F80001FCF797FA0120FFF7AC
:1083400021FF07B0BDE8F083694800B50078022836
:1083500000D0FFDF00BD664810B534304468FCF73C
:10836000FBFAFCF7DAFAFCF729FAFCF762FAFBF7FA
:108370009CFE94F82C00012801D1FCF733FB94F803
:108380006F0038B9A06E28B1002294F86E00114633
:10839000F9F7C1FD564CE08900F0E2FAE269A179F3
:1083A000A07890470020207010BD514810B500788B
:1083B000022800D0FFDFBDE81040CCE7CBE74C48F7
:1083C000007970474A48C078704749490120487190
:1083D00070472DE9FC474648454E3430A0F114075C
:1083E00044684FF0000A254694F875004FF00108E4
:1083F000703458B3012868D002286AD0032876D098
:10840000FFDF316AB1460826087820F008000870BE
:10841000A37906EAC303184320F004000870E37947
:10842000042606EA8303184320F0100008706779D9
:10843000D9F82C00F7F715FA0646FCF7C8FD022F0D
:1084400067D0012F65D0032F66D068E000F094FA62
:10845000AA8E0146104600F0EAFF298E814200D222
:1084600008464C21ADF8040048533846FCF78DFD12
:1084700048B14FF48060316A00F077FA03206071F0
:1084800084F80380BDE76A4601A9F06A00F05CFA4F
:10849000306210B194F8371029B13846FCF746FD28
:1084A00084F80580ADE79DF8001031B9A0F800A070
:1084B00080F802A0012101F08CF9BDF80410306AA7
:1084C00001F07DFA022060719BE73846FCF72EFD33
:1084D00097E7B5F84C00ADF804006A4601A9F06AC8
:1084E00000F032FA306200288BD1FFDF89E709E023
:1084F0001C010020780B0020780D0020A8B201009C
:108500001B5D01003846FCF740FD0028BAD1FFDFB3
:1085100077E7B04301D002E00EB1012100E0002175
:10852000D9F820004E46027842EA01110170617CC0
:1085300051B36179012927D004F15801F7488EC958
:1085400000F1080989E88E00A16EC0F82110E16EE3
:10855000C0F82510FE38FCF784F9F048083080F8A0
:1085600018A0D4E91212C0E90412A0F58371326A8E
:10857000FBF769FD95F8640000F0E8F90246FB217D
:108580000020FBF76EFD03E0FCF76BF9FBF78DFDB8
:10859000012195F865200846FCF74FFA86F804801B
:1085A000316A0A8832828978B17486F80080FCF7D3
:1085B000B5FB002800D0FFDFBDE8FC8770B5D84CC4
:1085C000054639B9012D05D1E078401CC0B2E070F4
:1085D000012820D8A16928468847E0B16179D148AF
:1085E00031B1012D04D1417811B90178C90612D5F4
:1085F000A17981B98DB9CA4910310978CA0602D466
:108600000078C00607D5A08928B9A06A28B9608972
:1086100018B1C80601D4012070BD002070BD10B58E
:10862000BF4CA06A00B9FFDF6289D4E90910D21CEF
:10863000F4F77FFEA06A606210BD2DE9F0470600E6
:10864000B748B74D00F134004468686A04F170041B
:10865000477801D0012E03D1296B02F0EDF8687044
:1086600068784FF000084FF0010938B1012816D0A2
:1086700002282FD0032844D0FFDFE5E5012E30D0BB
:10868000FFF7CDFF39460122286BF7F75BF926E0AB
:1086900084F8078030E000BF84F807902CE0012EBA
:1086A00008D0FFF7BCFF39460022286BF7F74AF9DC
:1086B000022EE2D0D4E91401401C41F10001C4E9CA
:1086C0001401E079012802D084F80790BCE584F811
:1086D0000780B9E5012E04D0286BF7F7B7FA022E10
:1086E000CBD0D4E91401401C41F10001C4E91401CC
:1086F000E0790128D0D1CBE7287ABDE8F047F2F73E
:1087000053BC012EB9D0286BF7F7A0FAF4E770B587
:108710008349834A343100264C68516A01257034FC
:108720000B7803F00303012B14D0022B12D0032B80
:1087300003D0907940F0040023E0A570D08940F484
:108740000060D081012000F010F91CE0E67170BDDE
:10875000E57170BD4978B1B1D38943F40063D38129
:10876000936A002BF5D0FB2908D8D17921B1BDE857
:108770007040802000F0F4B8057070BD907940F032
:108780001000907170BDE0790128E1D1DEE770B58D
:108790006348634D3430446828787034012800D031
:1087A000FFDFA07838B10020A0700146042000F05F
:1087B000DCF801202071296A0878C043800705D1C0
:1087C000A889400502D5022000F0CFF80121002041
:1087D000FFF7F4FE10B1BDE87040BCE5BDE87040A5
:1087E0000020CFE42DE9F84F4D4F4D4C3437002693
:1087F0007D6882468DF8006020787035022800D0B0
:10880000FFDFE08940F40070E0810020FFF7A2FC68
:10881000A87CBAF1000F5BD0FBF76AFCFBF75AFCAF
:108820004FF0010968B9A87C58B1606A417841B13C
:108830000078E979C0F3C000884202D184F8029040
:1088400059E0606A4178618121B1206BF7F734F813
:10885000A06200E0A662E089B84640F02000E08116
:10886000E670786800F17007064690F82C00012841
:1088700016D1FCF7B7F83946304600F010FD78B154
:10888000D8F804003188A0F80A12397A80F80C125E
:10889000797A80F80D1280F80892207AF2F784FB3A
:1088A000606AA9790078C0F38000884205D000F0A2
:1088B00094F8E08940F48070E081606AE97900789A
:1088C000C0F3C00088420AD16846FFF720FF06E0E7
:1088D00008B1FBF73EFCE08940F04000E0815146E2
:1088E0000120FFF76BFE00289DF8000007D010B1B3
:1088F0000020FFF7A2FEFFF72EFDBDE8F88F10B1B4
:108900000120FFF79AFEFFF764FD9DF800000028A4
:10891000F3D00220FFF791FEEFE70000780D002072
:108920001C010020780B002070B5064654480D4607
:108930004468FBF773FC034694F8642029463046EC
:10894000BDE87040FDF706BAF6F7C5BE00B50128D0
:1089500002D0022802D0FFDF002000BD012000BDB0
:10896000474A0021343A52691047454A343A9389BC
:108970000343938152691047414810B5446804F19C
:108980007001087B24280ED0497B24290BD01F2896
:108990000CD020280AD0222912D094F86400042890
:1089A00000D1082010BD94F8B01106E0222907D0AC
:1089B00094F8C60100F04FF8014694F8640008E00E
:1089C00094F8C60114F85D1F084000F044F8014611
:1089D000E079BDE8104000F048B870B52848446818
:1089E00094F875007034002832D0022810D1244D3C
:1089F000343DE86AF6F79BFE00B9FFDFD4E91201C7
:108A0000401C41F10001C4E91201287AF2F7CCFAC6
:108A100000256571207920B1257100211020FFF714
:108A2000A4FFE07878B1E570FCF7BEFA00B9FFDF8B
:108A300000210820FFF799FFD4E91201401C41F101
:108A40000001C4E91201A079012802D00120A0711F
:108A500070BDA57170BDC10701D0012070478007AE
:108A600001D50220704700207047002904D001285A
:108A700003D0012901D00220704701207047000077
:108A8000500100202DE9F0410F4606460024FE4D1E
:108A90000FE000BF05EBC40090F85311B14206D1BE
:108AA0000622394600F5AA70F4F716FC38B1641CAA
:108AB000E4B22878A042EDD81020BDE8F08120462D
:108AC000FBE7F0B50746F04816460478621C0270D2
:108AD00000EBC4050868C5F854018888A5F858015A
:108AE000102C00D3FFDF85F8537185F85A612046BA
:108AF000F0BD70B5054600F017FA10281CD1E24C05
:108B00002078401EC0B22070A84215D004EBC002ED
:108B100004EBC50102F58070D2F85321C1F853214E
:108B2000D0F85700C1F85701207800F0FDF910285F
:108B300002D0204480F8035170BD2DE9F047D24C9B
:108B40000646A719A078401EC5B2A57097F8038104
:108B5000AE422AD004EB051A04EB06190AF1030110
:108B600009F103001022F4F7E4FB0AF1830109F193
:108B700083001022F4F7DDFB601905EB450290F845
:108B8000031187F8031106EB460104EB420204EBE4
:108B90004101D2F80B31C1F80B31B2F80F21A1F825
:108BA0000F2190F83B0187F83B0104EBC80090F8D7
:108BB0005A01C00703D14046BDE8F04799E7BDE838
:108BC000F087B1498A78824203D9084490F843017A
:108BD00070470020704710B540F2D3120021AA4818
:108BE000F4F7D1FB0822FF21A848F4F7CCFBA748F3
:108BF00000210C38417081704FF46171818010BD8B
:108C000070B50D460646FFF73DFF9F4C102807D074
:108C100004EBC00191F85A11C90701D0012070BDC1
:108C20006178082910D2102808D004EBC000012177
:108C300080F85A116078401C6070EFE701222946E5
:108C40003046FFF73EFFF5E7002070BD70B58E4D52
:108C50002878401E44B20AE005EBC40090F85A019F
:108C6000C00702D0E0B200F070F9641E64B2002CBC
:108C7000F2DA864900200C39887070BD82498A7802
:108C8000824203D901EB0010C01C704700207047DE
:108C90002DE9F047984691460C460546FFF7F2FE4F
:108CA0000646102805D000F03FF9102801D0122008
:108CB00085E7754FB87808282AD2102E05D10022F2
:108CC00021462846FFF7FDFE0646BC781022601CB0
:108CD000B87007EB0415E81C494600F0B5FA05F139
:108CE00083001022414600F0AFFA1021404600F008
:108CF0009CFA3C44102184F84301484604F59674DC
:108D000000F093FAE07704F8296C0020E07356E74E
:108D1000072054E75C4810B58078401E44B204E058
:108D2000E0B2FFF70AFF641E64B2002CF8DA10BD4F
:108D300056490C394870704754480C384078704791
:108D400040B14AF2B811884204D850490C398880A1
:108D500001207047002070474C480C3880887047CD
:108D600010B5FFF78FFE102803D000F0DDF81028B3
:108D700000D1082010BD44498A78824203D901EB12
:108D8000001083307047002070473F4B10B59C782F
:108D900084420FD9184490F8030103EBC00090F807
:108DA00053310B70D0F854111160B0F85801908015
:108DB000012010BD002010BD334A114491F8032159
:108DC00032490C390A700268C1F80620808848814F
:108DD000704770B52D4B0C3B5B7873B12A4B9C7878
:108DE0005CB1451821460AB1D81C01E02648833001
:108DF0002A46FBF794F8012070BD002070BD10B525
:108E0000FBF7DBF818B1BDE81040FBF7E6B8FF2030
:108E100010BD1D498A78824209D9084490F803019F
:108E200001EBC00090F85A0100F0010070470020EB
:108E300070472DE9F04100242546134E2CE02846CA
:108E400000F072F88046FFF719FF06EBC50797F8A8
:108E50005A11C9071ED060B1B8F1100F05D006EB4A
:108E6000080191F83B11012903D0102100F0DDF930
:108E700080B10649204601F80480641C97F853210C
:108E800007F5AA71E4B203E0A80D002064010020F8
:108E9000FBF7B5FA6D1CEDB23078A842CFD80CE6DE
:108EA000012296E72E4A01EB410102EB41010268E3
:108EB000C1F80B218088A1F80F01704701461022EC
:108EC000284800F0C1B92748704725498A7882426E
:108ED00003D9084490F83B0108B1002070470120F5
:108EE00070472DE9F0410E460746154606213046EB
:108EF00000F09BF91A4C58B1002004E02118401CE6
:108F000081F83B51C0B2A1788142F7D80120D4E565
:108F100031463846FFF724FF082803D0204480F864
:108F20003B51F3E70020C8E50D4910B5034600208A
:108F30008A7806E00C1894F803419C4204D0401C47
:108F4000C0B28242F6D8102010BD05494A78521EA0
:108F50004A7001EBC001002281F85A21C9E50000E6
:108F6000A80D00207B0F002000F00101400800F058
:108F700001021144400800F001021144400800F0D1
:108F800001021144400800F001021144400800F0C1
:108F900001021144400800F00102114401EB5000AD
:108FA000704710B500240485848DDB004C43B3FB6F
:108FB000F2F394FBF2F45B1C84859BB203FB02F496
:108FC0004385B4F5C84F01DD5B1E43854FF4FA437A
:108FD000B3FBF2F35B1C0386438C02EBC3035B1E03
:108FE000B3FBF2F30384C38B4B43B3FBF2F1C183B6
:108FF00010BD70B50546087B0E4600F01F000873D3
:109000000020687604463019007AFFF7ADFF291971
:10901000641C0875697EE4B208446876052CF2D3B6
:10902000C0B2252800D9FFDF70BD0023C38342846E
:1090300001EBC202521EB2FBF1F101847047F0B5A0
:109040006FF01F02010C02EA90261F25A1F5AA402D
:1090500054380DD0A1F5AA40553809D0A1F52850B3
:10906000AA3805D0A1F52A40AA3801D0012000E095
:10907000002000221346144682EA0107FF431F43E3
:109080007F1C0FD006F00107520842EAC73205F0F4
:1090900001075B0876086D08641C43EAC733162C89
:1090A000EAD3F0BD0020F0BD2DE9F04101260446D1
:1090B000002500F1700751B1012974D0022971D047
:1090C00003296CD101463846BDE8F04191E7802282
:1090D00000213846F4F757F9BD71FD713D737D737A
:1090E000FD733D747D71BD76FD76212087F84000CB
:1090F000412087F84100FE2087F8740027887022FD
:1091000000212046F4F73FF9278084F8646084F852
:109110006560282084F8660004F1300000210746CD
:1091200000F071FC1B21F9833984A4F85210A4F8D3
:1091300054104FF4A470A4F85600A4F858006673B5
:109140004FF448606080A4F8F050A4F8F250A4F8FE
:10915000F450A4F8F650A4F8F850A4F8FA5084F8A3
:10916000FD5084F8FF50A4F8065184F80451A4F887
:109170001851A4F81A5184F8BA5184F8BB5184F8F4
:10918000C45184F8C55184F8895184F8905184F809
:10919000935184F8AC51C4F8A451C4F8A851BDE867
:1091A000F08100E025E0A4F8065184F8FE506188C3
:1091B000FE480A460844B0FBF1F0A4F890004BF6D4
:1091C0008030A4F89200E3883846FFF7EAFE214693
:1091D0003846FFF70EFFFAF7F9F920B1D4F80E0080
:1091E000FFF72DFF10B184F88851D8E784F8886123
:1091F000D5E74188B4F8B831B4F8B4213846BDE8B1
:10920000F041CEE6437E0BB1252B01D912207047E9
:109210002AB14B7B2BB1012B05D01F2070470020BA
:10922000704700F0EEB900F092B910B500231A466D
:1092300003E0845C2343521CD2B28A42F9D30BB1BF
:10924000002010BD012010BD30B5134606E0CC183B
:10925000D51A14F8014C5B1E4455DBB2002BF6D135
:1092600030BD70B50E468CB0144601461D46102226
:109270006846FFF7E9FF1022314604A8FFF7E4FF34
:10928000684600F059FD08A94FF0100228461CB1AD
:10929000FFF7DAFF0CB070BDF4F74BF8FAE738B51A
:1092A00005460C466846FBF7B2FB002820D09DF926
:1092B00000002072E17E617294F90A100022411AC6
:1092C00000D5494295F82D308B4210DCFF2B0ED093
:1092D000E17A491CC9B2E17295F82E30994202D860
:1092E000A17A7F2903D1A0720020E07201221046EA
:1092F00038BD0C2813D00B2811D00D280FD01F28F3
:109300000DD020280BD0212809D0222807D02328CF
:1093100005D0242803D0262801D000207047012042
:10932000704710B5A2F10F030C2941D2DFE801F01C
:1093300006080D1215181C40243E272EAAB337E04C
:10934000072A37D0082A35D032E00C2A32D00B2A2F
:1093500030D02DE00D2A2DD02AE00C2B2AD927E081
:10936000103A0B2A26D923E0032B23D990F8380092
:10937000F0B11B2A1ED91BE0062A1BD018E01C2ABC
:1093800018D01D2A16D01E2A14D011E01F2A11D081
:10939000202A0FD0212A0DD0222A0BD0232A09D02F
:1093A000242A07D0262A05D002E003E00E2A01D0A5
:1093B000002010BD012010BD2DE9F0410C460546EE
:1093C00040F23577866805E0F8F7F7FF3946F8F799
:1093D000C8FCA8602846F9F7A5F90028F4D08CB19C
:1093E0003046A968F9F7EAFC00280BDD2044401E4E
:1093F000B0FBF4F707FB04F13046F8F7B2FCA860C5
:109400003846CCE60020CAE670B5044690420BD23E
:10941000101B642800D2642025188D4205D8042131
:10942000F9F7FFFC08B1284670BD204670BD11F069
:109430000C0F19D04A074FF41671002A03DA00BF47
:109440004FF0100201E04FF0400201DA4FF09601B8
:1094500001F5BC71A0EB0103884202D993FBF2F045
:1094600000E0002080B27047022904D06FF00D01A7
:1094700001EBD000F6E76FF00E0101EB9000F1E791
:109480000844184498300AB1042100E0002108443F
:10949000704701207047106808667047C10701D007
:1094A00001207047810701D502207047400701D590
:1094B00008207047002070472DE9F0410546164608
:1094C00088460124084600F054FA0746404600F05A
:1094D00052FA0346FFF7E2FF02463846FFF7DEFF87
:1094E00052EA000100D10024990700D10022B907F7
:1094F00000D1002095F86410914200D10022327012
:1095000095F86510814200D10020707072B968B979
:10951000404600F032FAB5F87010401A00B247F633
:10952000FE71884201DC002800DC0024204636E67B
:1095300010B540F6C4125410012903D0022902D0FC
:10954000FFDF02E008B1104610BD204610BDF0B5A7
:109550000C7C8B7BCD7B5C404B7C02886B4044EA6F
:109560000324467E62400023D5B2120A95FAA5F57F
:1095700092FAA2F22D0E120E45EA022202EB02121C
:109580005B1C2244DBB292B2032BEDD36240252355
:10959000B2FBF3F403FB142301EBD304837603F053
:1095A00007070125247A05FA07F701E0FFDB05002C
:1095B0003C4201D0C3761AE05643320C521CD2B260
:1095C000002403191B7D934213D300230E19367A0E
:1095D00005FA03F73E4201D0521ED2B222B15B1C03
:1095E000DBB2082BF4D306E003EBC401C176002004
:1095F000F0BDD21AD2B2641CE4B2052CE1D31F2014
:10960000F0BDF0B5837E0C7E012504FB02322523DC
:10961000B2FBF3F403FB142201EBD204827602F0D6
:109620000703247A05FA03F31C4201D0C2761EE038
:10963000437EB2FBF3F403FB1422521CD2B200238C
:10964000C418247D944214D30024CE1896F80860E0
:1096500005FA04F73E4201D0521ED2B222B1641C78
:10966000E4B2082CF4D306E004EBC301C176002079
:10967000F0BD121BD2B25B1CDBB2052BE0D31F2066
:10968000F0BD000030B50546007801F00F0220F073
:109690000F0010432870092912D2DFE801F00507F6
:1096A00005070509050B0F0006240BE00C2409E053
:1096B000222407E001240020E87003E00E2401E0EA
:1096C0000024FFDF6C7030BD007800F00F007047A1
:1096D0000A6840F8032F8988818070470A6840F83B
:1096E000092F8988818070470278402322F0400248
:1096F00003EA81110A4302707047027822F0800267
:1097000042EAC1120270704770B514460E46054613
:109710001F2A00D9FFDF2246314605F10900F3F781
:1097200008FEA41D6C7070BD70B514460E4605464B
:109730001F2A00D9FFDF2246314605F10900F3F761
:10974000F8FDA41D6C7070BD30B5017801F00F01FB
:10975000032920D0052921D14578B0F81910B0F897
:109760001B40B0F81730827D222D17D1062915D362
:109770004FF44865A94211D8B4F5FA7F0ED26AB108
:10978000082A0BD88A4209D28B4207D8B0F81D00AC
:10979000A84205D902E040780C2801D0002030BD55
:1097A000012030BD4078704700B5027801F0030316
:1097B00022F003021A430270012905D0022903D0C6
:1097C000032903D0FFDF00BD002100E0012141702B
:1097D00000BD00B5027801F0030322F003021A4332
:1097E0000270012905D0022903D0032903D0FFDF2D
:1097F00000BD002100E00121417000BD007800F0B3
:1098000003007047417841B1C078192803D2704AEB
:10981000105C884201D1012070470020704730B5AC
:1098200001240546C170192902D26948445C02E04E
:10983000FF2900D0FFDF6C7030BD70B514460E46B6
:1098400005461B2A00D9FFDF6C7022463146E81C12
:10985000BDE87040F3F76DBDB0F807007047B0F891
:1098600009007047B0F80B00704770B5B0F80720DA
:10987000B0F80940B0F805300179951F40F67A46F6
:10988000B54210D8B4F5FA7F0DD261B108290AD8D3
:10989000914208D2934206D8B0F80B00B0F5486F59
:1098A00001D8012070BD002070BD42680A60007AB6
:1098B00008717047B0F80900704700797047426836
:1098C0000A6080684860704780890880704750F857
:1098D0000E2F0A60406848607047D0F81600086094
:1098E00070470A6842604968816070470968C160D2
:1098F00070470079704742680A6080684860704726
:109900000171090A417170478171090AC17170477B
:109910000172090A417270478172090AC172704767
:1099200080887047C08870470089704740897047B9
:1099300001891B290CD341894FF4A472914207D3AA
:1099400081881B2904D3C088904201D3012070472D
:10995000002070470A684260496881607047017959
:10996000490704D04079400701D00120704700200A
:1099700070470079704740797047C08870470CB5D0
:1099800014A2D2E90012CDE900120179407901F068
:10999000070269461DF80220012A04D800F00700DA
:1099A000085C012801D900200CBD01200CBD01710B
:1099B000704700797047417170474079704730B502
:1099C0000C460546FB2900D9FFDF6C7030BD000056
:1099D000C0B20100000101020102020310B58C882F
:1099E0000A894B88C988A0F84430A0F84810A0F82C
:1099F0004640A0F84A2010BD10B5029C8181C2816A
:109A00000382448210BD1B2202838282C281828132
:109A100042800281028042848284828300290AD1AA
:109A20004FF4A4714183C18241820182C18041818E
:109A30008180C18401857047F0B5B0F84830818FCE
:109A4000458EC48E8B4200D30B46B0F84A10B0F856
:109A50004020914200D20A464386C286068F478F35
:109A600000F130019E4200D21E46974200D21746B6
:109A70000E814F81AB4201D1A24201D0012400E00E
:109A80000024B0F84420C38F068E858E9A4200D3FE
:109A90001A46B0F84670B0F842309F4200D23B46BA
:109AA00090F85A70022F08D1964200D232469D4259
:109AB00000D22B46002780F85A700A808B80B24271
:109AC00001D1AB4201D0012000E000202043F0BDD5
:109AD000508088899080C889D080088A1081488AFF
:109AE000508101201070704770B502884A80048E42
:109AF0008C80838ECB80428E0A81C58E4D81B0F8DA
:109B00005660AE420BD1B0F85250954207D1B0F832
:109B100058509D4203D1B0F85430A34201D00123E4
:109B200000E000230B73A0F852204A89A0F85620C9
:109B30008A88A0F85420CA88A0F85820012008700C
:109B400070BD70B50C46088E91F8641000F016F8E0
:109B5000A18E0546A94200D20D46208F94F86510CB
:109B600000F00CF8618F814200D208460146284679
:109B7000BDE8704000221346FFF782BC11F00C0FC5
:109B800004D04FF4747101EB801006E0022902D07A
:109B9000C000703001E080003C3080B270470000AF
:109BA0002DE9F0410C4612490D68114A114908325D
:109BB0001160A0F12001312901D301200CE04128DE
:109BC00010D040CC0C4F94E80E0007EB8000241F0F
:109BD00050F8807C3046B84720600548001D05607D
:109BE000BDE8F081204601F0B9F8F5E7062070479E
:109BF0001005024001000001DCB2010010B555481B
:109C0000F9F704FD00B1FFDF5248401CF9F7FEFCF4
:109C1000002800D0FFDF10BD2DE9F14F4E4E82B07D
:109C2000D6F800B001274B48F9F7F8FCDFF824819B
:109C300020B9002708F10100F9F706FD474C00257F
:109C40004FF0030901206060C4F80051C4F80451CA
:109C5000029931602060DFF808A11BE0DAF800000B
:109C6000C00617D50E2000F068F8EFF3108010F052
:109C7000010072B600D001200090C4F80493D4F81B
:109C8000000120B9D4F8040108B901F071F8009876
:109C900000B962B6D4F8000118B9D4F8040100285C
:109CA000DCD0D4F804010028CCD137B1C6F800B01C
:109CB00008F10100F9F7B2FC11E008F10100F9F731
:109CC000ADFC0028B6D1C4F80893C4F80451C4F818
:109CD00000510E2000F031F81E48F9F7B5FC0020C5
:109CE000BDE8FE8F2DE9F0438DB00D4606460024F9
:109CF0000DF110090DF1200818E000BF04EB440736
:109D0000102255F827106846F3F713FB05EB870779
:109D1000102248467968F3F70CFB6846FFF77CFF92
:109D200010224146B868F3F704FB641CB442E5DB3B
:109D30000DB00020BDE8F0836EE7002809DB00F0DD
:109D40001F02012191404009800000F1E020C0F88D
:109D5000801270476C01002004E5004000E00040E4
:109D600010ED00E0B64900200870704770B5B54DA1
:109D700001232B60B44B1C68002CFCD0002407E0AE
:109D80000E6806601E68002EFCD0001D091D641CB4
:109D90009442F5D30020286018680028FCD070BDDC
:109DA00070B5A74E0446A94D3078022800D0FFDFD9
:109DB000AC4200D3FFDF7169A548012903D847F2FF
:109DC0003052944201DD03224271491C7161291B0A
:109DD000C1609F49707800F030F9002800D1FFDFA2
:109DE00070BD70B5964C0D466178884200D0FFDF9B
:109DF000964E082D4BD2DFE805F04A041E2D4A4A44
:109E00004A382078022800D0FFDF03202070A07895
:109E1000012801D020B108E0A06800F041FD04E075
:109E200004F1080007C8FFF7A1FF05202070BDE876
:109E30007040F8F7C0B9F8F7C0FA01466068F8F763
:109E4000BDFFB04202D2616902290BD30320F9F7AA
:109E50000EFB12E0F8F7B1FA01466068F8F7AEFFC2
:109E6000B042F3D2BDE870409AE7207802280AD0C9
:109E7000052806D0FFDF04202070BDE8704000F008
:109E8000D2B8022000E00320F9F7F1FAF3E7FFDF90
:109E900070BD70B50546F8F790FA694C606020789F
:109EA000012800D0FFDF6A490120087000200871F6
:109EB00004208D6048716548C86002202070607879
:109EC00000F0BBF8002800D1FFDF70BD10B55C4C7E
:109ED000207838B90220F9F7E0FA18B90320F9F729
:109EE000DCFA08B1112010BD5A48F8F7E1F96070AA
:109EF0001F2804D0012020700020606110BD0320C5
:109F000010BD2DE9F0471446054600EB84000E46CF
:109F1000A0F1040800F0D7FC07464FF0805001691B
:109F20004F4306EB8401091FB14201D2012100E039
:109F3000002189461CB10069B4EB900F02D90920B9
:109F4000BDE8F0872846E7F76FF990B9A84510D328
:109F5000BD4205D2B84503D245EA0600800701D0CC
:109F60001020EDE73046E7F75FF910B9B9F1000FBF
:109F700001D00F20E4E7384838490068884205D00E
:109F8000224631462846FFF7F1FE1AE0FFF79EFF12
:109F90000028D5D12A4800218560C0E9036481707A
:109FA000F9F7DDFA08B12E4801E04AF2F870604393
:109FB0004FF47A7100F2E730B0FBF1F01830FFF7A0
:109FC00068FF0020BCE770B505464FF0805004697B
:109FD0006C432046E7F728F908B10F2070BD00F068
:109FE00072FCA84201D8102070BD1B481B490068B4
:109FF000884203D0204600F053FC10E0FFF766FFD4
:10A000000028F1D10E48012184608170F9F7A7FA88
:10A0100008B1144800E014481830FFF73AFF002058
:10A0200070BD00F053BE10B5054C6078F8F7A2F98A
:10A0300000B9FFDF0020207010BDF8F7EFBB000073
:10A040007001002004E5014000E40140105C0C00B8
:10A050008C0F0020E39D010058000020BEBAFECA0C
:10A0600050280500645E0100A85B01007149096881
:10A070000160002070476F4908600020704701218F
:10A080008A0720B1012804D042F20400704791678A
:10A0900000E0D1670020704767490120086042F264
:10A0A0000600704708B50423634A1907103230B11F
:10A0B000C1F80433106840F0010010600BE0106834
:10A0C00020F001001060C1F808330020C1F8080139
:10A0D0005A4800680090002008BD011F0B2909D8CC
:10A0E000554910310A6822F01E0242EA4000086019
:10A0F0000020704742F205007047000100F18040E7
:10A10000C0F8041900207047000100F18040C0F839
:10A11000081900207047000100F18040D0F80009C4
:10A12000086000207047012801D907207047444A81
:10A1300052F8200002680A4302600020704701289C
:10A1400001D9072070473E4A52F8200002688A432E
:10A15000026000207047012801D907207047384A63
:10A1600052F820000068086000207047020035495E
:10A170004FF0000003D0012A01D0072070470A6089
:10A18000704708B54FF40072510510B1C1F80423AF
:10A1900008E0C1F808230020C1F8240127481C303A
:10A1A00000680090002008BD08B58022D10510B1DC
:10A1B000C1F8042308E0C1F808230020C1F81C01FD
:10A1C0001E48143000680090002008BD08B54FF408
:10A1D0008072910510B1C1F8042308E0C1F808238A
:10A1E0000020C1F8200115481830006800900020B8
:10A1F00008BD10493831096801600020704770B50A
:10A200004FF080450024C5F80841F9F7B4F910B9BA
:10A21000F9F7BBF928B1C5F82441C5F81C41C5F8C8
:10A2200020414FF0E020802180F800140121C0F887
:10A23000001170BD0004004000050040080100400E
:10A24000A0B30100780500406249634B0A68634986
:10A250009A42096801D1C1F31001016000207047E2
:10A260005C495D4B0A685D49091D9A4201D1C0F302
:10A2700010000860002070475649574B0A6857493C
:10A2800008319A4201D1C0F31000086000207047E5
:10A2900030B5504B504D1C6842F20803AC4202D01E
:10A2A000142802D203E0112801D3184630BDC300A0
:10A2B0004B481844C0F81015C0F81425002030BDD4
:10A2C0004449454B0A6842F209019A4202D00628E5
:10A2D00002D203E0042801D308467047404A012116
:10A2E00042F83010002070473A493B4B0A6842F26E
:10A2F00009019A4202D0062802D203E0042801D3C1
:10A3000008467047364A012102EBC0004160002038
:10A31000704770B52F4A304E314C156842F2090330
:10A3200004EB8002B54204D0062804D2C2F800181B
:10A3300007E0042801D3184670BDC1F31000C2F82D
:10A340000008002070BD70B5224A234E244C1568C9
:10A3500042F2090304EB8002B54204D0062804D27D
:10A36000D2F8000807E0042801D3184670BDD2F8DF
:10A370000008C0F310000860002070BD174910B538
:10A380000831184808601120154A002102EBC0036B
:10A39000C3F81015C3F81415401C1428F6D3002078
:10A3A00006E0042804D302EB8003C3F8001807E09A
:10A3B00002EB8003D3F80048C4F31004C3F800484C
:10A3C000401C0628EDD310BD04490648083108603A
:10A3D0007047000058000020BEBAFECA00F50140D8
:10A3E00000F001400000FEFF814B1B6803B198475D
:10A3F000BFF34F8F7F4801687F4A01F4E06111434A
:10A400000160BFF34F8F00BFFDE710B5EFF3108081
:10A4100010F0010F72B601D0012400E0002400F01A
:10A42000DDF850B1E6F7A4FFF7F761FDF8F7C1FFDB
:10A43000F9F7E2FC71490020086004B962B6002017
:10A4400010BD2DE9F0410C460546EFF3108010F0E9
:10A45000010F72B601D0012600E0002600F0BEF820
:10A4600020B106B962B60820BDE8F08100F006FD13
:10A47000E6F782FF0246002001234709BF0007F1EB
:10A48000E02700F01F01D7F80071CF40F9071BD07B
:10A49000202803D222FA00F1C90727D141B20029AE
:10A4A00004DB01F1E02191F8001405E001F00F0157
:10A4B00001F1E02191F8141D4909082916D203FA87
:10A4C00001F717F0EC0F11D0401C6428D5D3F9F731
:10A4D00071FC4B4A4B490020F9F7B4FC47494A4804
:10A4E00008602046E6F7A7FE60B904E006B962B648
:10A4F00041F20100B8E73E4804602DB12846E6F776
:10A50000E7FE18B1102428E0404D19E02878022811
:10A5100002D94FF4805420E007240028687801D045
:10A52000D8B908E0C8B1202817D8A878212814D8AD
:10A53000012812D001E0A87878B9E8780B280CD867
:10A54000E6F71AFF2946F8F71AFFF7F78FFC00F035
:10A55000EDF92846E6F7DAFE044606B962B61CB104
:10A56000FFF753FF20467FE700207DE710B5044644
:10A5700000F034F800B101202070002010BD244903
:10A5800008600020704770B50C4622490D682149CB
:10A59000214E08310E60102807D011280CD0122847
:10A5A0000FD0132811D0012013E0D4E90001FFF7E8
:10A5B00048FF354620600DE0FFF727FF00252060AB
:10A5C00008E02068FFF7D2FF03E011492068086027
:10A5D000002020600F48001D056070BD07480A4933
:10A5E0000068884201D101207047002070470000B8
:10A5F000880100200CED00E00400FA05580000205E
:10A600004810002000000020BEBAFECAA8B3010016
:10A6100004000020100502400100000100B585493A
:10A6200010F1080F19D00CDC10F1280F1DD010F11B
:10A63000140F18D010F1100F13D010F10C0F08D117
:10A640000DE010F1040F06D080B103280ED00428CD
:10A650000CD0FFDF00BDFC2008E0F82006E0F4206D
:10A6600004E0F02002E0EC2000E0D820086000BD0B
:10A67000704900B5091D012803D0022803D0FFDF6F
:10A6800000BD032000E00420086000BD2DE9F0417A
:10A6900005460C4617461046F9F76CFD4FF47A76DE
:10A6A000022C10D0012C10D040F63401441838464A
:10A6B000F9F7C5FD204449F679710844B0FBF6F07E
:10A6C000281ABDE8F0813146F0E74FF4C861EDE7A4
:10A6D00070B505460C460846FAF7F4FA022C10D07D
:10A6E000012C11D04FF4AF5149F6CA62511A0844F7
:10A6F0004FF47A7100F2E140B0FBF1F0281A801EAD
:10A7000070BD40F24C41EFE740F63401ECE770B524
:10A71000064615460C460846FAF7D4FA4FF47A7105
:10A7200040F63402022D11D0012D11D01346022C17
:10A7300011D0012C01D04FF4AF529A1A104449F6AF
:10A74000FC621044B0FBF1F0301A70BD0B46EEE72E
:10A750004FF4C863EBE740F24C42EEE770B50446B5
:10A760000E460846F9F706FD05463046F9F767FD3F
:10A7700028444AF2AB3108444FF47A71B0FBF1F04F
:10A78000201A801E70BD2DE9F04106461D460C467C
:10A790001746104600F045F806EB4601C1EBC6111E
:10A7A00000EBC100022C15D0012C16D04FF4AF5194
:10A7B00046182046FAF786FA301A4FF47A7100F6F6
:10A7C000B730B0FBF1F43846F9F741FD2044284496
:10A7D000401D76E740F24C41EAE740F63401E7E7F6
:10A7E00070B5044615460E460846F9F7C3FC04EB5F
:10A7F0004401C1EBC411C0EBC1043046F9F71FFDA1
:10A80000241A284600F00DF820444FF47A7100F61F
:10A81000B730B0FBF1F42846F9F719FD2044401D8C
:10A8200070BD082803D0042801D0F9F7A3BC4EF668
:10A83000283070470C150040F0B585B00C46054631
:10A84000FEF7DCFF07466E78204603A96A46F5F757
:10A8500004FA81198EB258B1012F02D0032005B03D
:10A86000F0BD204604AA0399F5F719F9049D01E00B
:10A87000022F0FD1ED1C042E0FD32888BDF8001035
:10A88000001D80B2884201D8864202D14FF00000FC
:10A89000E5E702D34FF00200E1E74FF00100DEE709
:10A8A0000B4A022111600B490B68002BFCD0084BAE
:10A8B0001B1D186008680028FCD000201060086884
:10A8C0000028FCD070474FF080504069704700006E
:10A8D00004E5014000E4014002000B464FF0000097
:10A8E000014620D0012A04D0022A04D0032A0DD127
:10A8F00003E0012002E0022015E00320072B05D22F
:10A90000DFE803F00406080A0C0E10000720704769
:10A91000012108E0022106E0032104E0042102E015
:10A92000052100E00621F7F7E4BC0000E24805211C
:10A9300081700021017041707047E0490A78012A56
:10A9400005D0CA681044C8604038F8F704BA8A686D
:10A9500010448860F8E7002819D00378D849D94A0C
:10A9600013B1012B0ED011E00379012B00D06BB98C
:10A9700043790BB1012B09D18368643B8B4205D22B
:10A98000C0680EE00379012B02D00BB100207047A4
:10A9900043790BB1012BF9D1C368643B8B42F5D2EB
:10A9A00080689042F2D801207047C44901220A70A1
:10A9B000027972B100220A71427962B104224A71AD
:10A9C000826852328A60C068C860BB4902208870C1
:10A9D00070470322EFE70322F1E770B5B74D044655
:10A9E00000202870207988B100202871607978B122
:10A9F0000420B14E6871A168F068F7F7B2F9A86059
:10AA0000E0685230E8600320B07070BD0120ECE7D0
:10AA10000320EEE72DE9F04105460226F8F7C5F8D8
:10AA2000006800B1FFDFA44C01273DB12878B8B120
:10AA3000012805D0022811D0032814D027710DE079
:10AA40006868C82808D30421F8F7EBF920B16868D2
:10AA5000FFF773FF012603E0002601E000F014F980
:10AA60003046BDE8F08120780028F7D16868FFF70C
:10AA700072FF0028E2D06868017879B1A0780428D4
:10AA800000D0FFDF01216868FFF7A7FF8B49E0785E
:10AA900000F003F90028E1D1FFDFDFE7FFF785FFD2
:10AAA0006770DBE72DE9F041834C0F46E17888427F
:10AAB00000D0FFDF00250126082F7DD2DFE807F058
:10AAC000040B28283D434F57A0780328C9D00228FB
:10AAD000C7D0FFDFC5E7A078032802D0022800D046
:10AAE000FFDF0420A07025712078B8BB0020FFF79D
:10AAF00024FF72480178012906D08068E06000F0E8
:10AB0000F9F82061002023E0E078F7F782FDF5E70F
:10AB1000A078032802D0022800D0FFDF207880BB75
:10AB2000022F08D05FF00500F8F7A1FCA0780328F9
:10AB300040D0A57095E70420F6E7A078042800D05F
:10AB4000FFDF022004E0A078042800D0FFDF01200E
:10AB5000A1688847FFF75EFF054633E003E0A07871
:10AB6000042800D0FFDFBDE8F04100F08DB8A078E8
:10AB7000042804D0617809B1022800D0FFDF2078D2
:10AB800018B1BDE8F04100F08AB8207920B1062064
:10AB9000F8F76DFC25710DE0607840B14749E07829
:10ABA00000F07BF800B9FFDF65705AE704E007208A
:10ABB000F8F75DFCA67054E7FFDF52E73DB1012DC9
:10ABC00003D0FFDF022DF9D14BE70420C0E70320BB
:10ABD000BEE770B5050004D0374CA078052806D133
:10ABE00001E0102070BD0820F8F757FC08B11120D3
:10ABF00070BD3548F7F75CFBE0701F2806D00121D7
:10AC0000F8F730FA0020A560A07070BD032070BD79
:10AC1000294810B5017809B1112010BD81780529A6
:10AC200006D0012906D029B101210170002010BDF4
:10AC30000F2010BD00F033F8F8E770B51E4C054644
:10AC4000A07808B1012809D155B12846FFF783FE45
:10AC500040B1287840B1A078012809D00F2070BDFC
:10AC6000102070BD072070BD2846FFF79EFE03E050
:10AC700000212846FFF7B1FE1049E07800F00DF8FA
:10AC800000B9FFDF002070BD0B4810B5006900F06F
:10AC900029F8BDE81040F7F78EBAF7F7BFBD0648B0
:10ACA00010B5C078F7F766FB00B9FFDF0820F8F7AA
:10ACB000DEFBBDE8104039E68C0100209C0F00202F
:10ACC0003D860100FF1FA107A5AA010010B5134C86
:10ACD0002060201D0160114810300260001D0360DB
:10ACE000002010BD0E490A6848F202139A4302433D
:10ACF0000A6070470A4A116848F2021301EA030029
:10AD0000994311607047054B02465B421020134483
:10AD1000FC2B01D8116000207047000000060040A5
:10AD2000C806024070477047704700001EF0040FCD
:10AD30000CBFEFF30880EFF30980014A10470000D1
:10AD40005F3E010001B41EB400B5F8F7A9FD01B4DF
:10AD50000198864601BC01B01EBD0000826903490E
:10AD600081614FF0010010447047000045AD0100C3
:10AD70000FF20C0000F10000694641F8080C20BFFA
:10AD800070470000FEDF18490978F9B904207146C0
:10AD900008421BD10699154A914217DC06990229EF
:10ADA00014DB02394878DF2810D10878FE2807D054
:10ADB000FF280BD14FF001004FF000020C4B184759
:10ADC00041F201000099019A094B1847094B002BE9
:10ADD00002D01B68DB6818474FF0FF3071464FF018
:10ADE0000002034B1847000028ED00E000C00100FE
:10ADF000E9A3010004000020174818497047FFF735
:10AE0000FBFFE6F7CBF900BD1548164909688842F3
:10AE100003D1154A13605B68184700BD20BFFDE7EA
:10AE20000F4810490968884210D1104B18684FF03C
:10AE3000FF318842F2D080F308884FF02021884209
:10AE400004DD0B48026803210A4302600948804779
:10AE500009488047FFDF0000B00F0020B00F00203E
:10AE600000100000000000200400002000C00100CD
:10AE700014090040DD2F000009AE0100F0B4404687
:10AE8000494652465B460FB402A0013001B5064860
:10AE9000004700BF01BC86460FBC804689469246EB
:10AEA0009B46F0BC70470000091100000420714669
:10AEB000084202D0EFF3098101E0EFF308818869CD
:10AEC00002380078102813DB20280FDB2C280BDB3E
:10AED0000A4A12680A4B9A4203D1602804DB094AE5
:10AEE0001047022008607047074A1047074A10477A
:10AEF000074A12682C3212681047000058000020E0
:10AF0000BEBAFECA7D130000A19B010087A5010007
:10AF1000040000200D4B0E4908470E4B0C49084712
:10AF20000D4B0B4908470D4B094908470C4B084985
:10AF300008470C4B064908470B4B054908470B4B84
:10AF4000034908470A4B02490847000019AC0000B2
:10AF500059B00000A52F00000BA8000099A7000021
:10AF6000A1AE0000991300004D7700001DB0000055
:10AF70002DAD01005F8200000784000065850000A0
:10AF8000C98500000386000037860000698600003E
:10AF90009986000021870000478300008985000012
:10AFA00013120000C12100000B2200006F220000DC
:10AFB000F522000011240000D32400000525000024
:10AFC000E3250000CB2600001F270000A12700007A
:10AFD000C1270000B92D0000DD2D0000FD2C000070
:10AFE000592D00000F2E0000A32E00002F3D000061
:10AFF000093E00003D4100003D420000B342000018
:10B000001D4300008143000017120000754400003A
:10B01000E1440000E3270000E927000017120000C8
:10B02000171200001712000017120000F32700008B
:10B030002B280000A12800001712000017120000A2
:10B040002D22000087290000A9290000F529000011
:10B05000131200001312000013120000131200005C
:10B06000EF5200007553000091530000AD530000F3
:10B070003B550000D7530000E1530000235400006B
:10B0800045540000215500006355000013120000D4
:10B0900013120000676E0000876E0000916E0000C2
:10B0A000CB6E0000F96E0000E96F000077700000C1
:10B0B0008B700000D9700000EF71000095730000E4
:10B0C000BD740000E95D0000D5740000131200009B
:10B0D00013120000A1A0000003A200005DA2000066
:10B0E000D7A2000083A30000100110013A02000063
:10B0F0001A0200040506000007000000FFFFFFFF22
:10B100000000FFFFE39C0000BF1C0000934E000006
:10B11000335E0000E97A000000000000A17D00001D
:10B120007D7D00008F7D0000000002000000000017
:10B13000000200000000000000010000000000000C
:10B14000136C0000F36B0000616C00007152000092
:10B150003352000053520000219400003994000043
:10B160004396000041370000816C000000000000A1
:10B17000B16C0000BF5200000000000000000000A1
:10B18000000000002395000000000000C13700000F
:10B19000555555D6BE898E0000006406640C6412B5
:10B1A00000000803AC055008000054044408340CA7
:10B1B00075DF0000DDE00000D7DE000073DF000077
:10B1C0001B5D0100ABE1000000000000480800002A
:10B1D0004808000051350000513500009B21000057
:10B1E000439B0000B7600000A34D0000F97301000D
:10B1F0008135000081350000BF210000D59B000093
:10B200003F610000174E00000F74010070017001D3
:10B21000400038005C002400200200000300656C40
:10B220007462000000000000000000000000000048
:10B230000000870000000000000000000000000087
:10B240000000BE83605ADB0B376038A5F5AA9183F6
:10B25000886C0000010000008B0801005D170100F0
:10B2600000000001020603040500000007000000C2
:10B2700000000000060000000A000000320000008C
:10B2800073000000B4000000F401FA0096006400AE
:10B290004B0032001E0014000A00050002000100ED
:10B2A0000041000000000000AB830100E5870100C1
:10B2B0008F870100BD830100000000002989010083
:10B2C0000C0802170D010102090901010602091803
:10B2D00018030101090903030500000049A2010048
:10B2E00061A2010079A2010091A20100C1A20100A6
:10B2F000E9A2010013A3010047A30100C79F0100B9
:10B30000039F010023A0010007AD01000D360100DD
:10B310001D360100493601001B37010023370100AB
:10B32000353701007FA0010099A001006DA0010048
:10B3300077A00100A5A00100DBA00100ED9B0100AA
:10B34000FBA0010009A1010017A1010027A1010034
:10B350003FA1010057A101006DA10100ED9B01007B
:10B3600000000000B7A900000DAA000023AA0000F9
:10B37000D9A80100199C0100E59C0100D3AB010094
:10B3800011AC01003BAC0100113401005D3901003A
:10B3900083A10100A9A10100CDA10100F3A1010039
:10B3A0001C0500402005004000100200CCB3010045
:10B3B00008000020980100004411000000B40100C2
:10B3C000A0010020100E00008011000001150545AD
:10B3D000481000200519A40500203601000100884E
:10B3E0003720FB349B5F80041F8000100D9DCB092C
:10B3F0000020880900200E0A0020024810000000EA
:10C0000000000220F10E0300190F03001B0F0300B4
:10C010001D0F03001F0F0300210F0300000000008D
:10C02000000000000000000000000000230F0300DB
:10C03000250F030000000000270F0300290F030055
:10C040002B0F030095640200910D0300550D0300B2
:10C05000690D03002B0F0300BDF7020075E202001B
:10C06000F5080300FD080300050903002B0F03007A
:10C070002B0F03002B0F03002B0F03002B0F0300CC
:10C080002B0F0300051903002B0F03002B0F0300D8
:10C090002B0F03002B0F0300455003002B0F030051
:10C0A0002B0F03002B0F03000D09030015090300DC
:10C0B0002B0F03002B0F0300000000000000000006
:10C0C0002B0F03002B0F03002B0F03007D0D03002C
:10C0D0002B0F03002B0F03002B0F03002B0F03006C
:10C0E000B90D030000000000000000000000000087
:10C0F000000000002B0F030000000000A50D03004E
:10C10000000000000000000000000000000000002F
:10C11000000000000000000000000000000000001F
:10C12000000000000000000000000000000000000F
:10C1300000000000000000000000000000000000FF
:10C1400000000000000000000000000000000000EF
:10C1500000000000000000000000000000000000DF
:10C1600000000000000000000000000000000000CF
:10C1700000000000000000000000000000000000BF
:10C1800000000000000000000000000000000000AF
:10C19000000000000000000000000000000000009F
:10C1A000000000000000000000000000000000008F
:10C1B000000000000000000000000000000000007F
:10C1C000000000000000000000000000000000006F
:10C1D000000000000000000000000000000000005F
:10C1E000000000000000000000000000000000004F
:10C1F000000000000000000000000000000000003F
:10C200002DE9F04F8DB00D780C466909062904AF71
:10C21000064621D0052900F08B80022991464AD09C
:10C22000012900F0D780032966D0042900F04F814E
:10C2300059B905F01F05012D00F0F481022D00F021
:10C240002B82032D01D101F0E3FF304601F064FEA3
:10C250002437BD46BDE8F08F05F01F0808F1FF3315
:10C26000022BA07840F2D5801DF0C0FCC64B002206
:10C270001DF060FEC0A3D3E900231DF031FD1DF0C9
:10C28000C9FF05F01D056378042DC7E905303DD0D1
:10C29000A8F10508B8F1010FD7D8306802230022B1
:10C2A0003B61202100920C2307F1100200F2FC7088
:10C2B00012F000FAC9E705F01F05012D00F0E38038
:10C2C000022D00F06581032DBFD100F1F301631D44
:10C2D000224612F8010F01F8010B9A42F9D106F13A
:10C2E000F8030A3412F8010F03F8010BA242F9D146
:10C2F000304601F049FEA8E705F01F05012D00F0CA
:10C300009A81002DA1D101F065FF9EE730680022DF
:10C310003A610C230092202107F1100200F2FC7018
:10C32000A8F1050812F0C6F9B8F1010F8DD8B4E7ED
:10C33000E378964DA1786278607903EB83039B00E4
:10C34000A5FB03C301EB81015B098900A5FB01C1CA
:10C35000BB7402EB82022379490900EB8000920052
:10C36000A5FB02C239748000A17903EB8303A5FB0E
:10C3700000C052099B007A7401EB81014209A5FBC0
:10C3800003035B098900A5FB0101FA74207AE279B5
:10C390003B75637A02EB820200EB800403EB8303BC
:10C3A000A40092009B00A5FB0404A5FB0202A5FBD0
:10C3B000030330684909520964095B097975FA7504
:10C3C00000F5D360092207F11001BC753B7614F02B
:10C3D00099FB3AE705F01F05042D94F8018000F061
:10C3E000F580012D00F00681022D00F0AD80032DB7
:10C3F00000F03B81052D00F0A581B8F1030F3FF659
:10C4000024AFB0440022FF2388F8502088F854302D
:10C410001BE71DF0EBFB5C4B94F8019000221DF034
:10C4200089FD57A3D3E900231DF05AFC1DF0F2FE4D
:10C4300033680446012103F5E26005F01D0512F0A2
:10C4400051FE012D0CD03068494600F5DC6012F039
:10C4500049FE3068214600F5DF6013F01FFBF4E66B
:10C460003068494600F5D66012F03CFE306821463F
:10C4700000F5D960A8F1020813F010FBB8F1010F24
:10C480003FF6E3AEDFE7931D23F007036D46ADEB08
:10C49000030D0021B9F1030F8DF810100DF11008F4
:10C4A0000DF11100A2F1020203D47A601EF025F909
:10C4B0007A68A11C40461EF0F8F8627802EB82020E
:10C4C00041465200304601F085FDAD46BDE605F01F
:10C4D0001F0B611C00F598754FF0000807E008F18C
:10C4E0000108B8F1100F05F115053FF4AEAE2B7839
:10C4F000002BF4D02B7A5B45F1D1082228467960D5
:10C500001EF03FF908EB480A7968CAEBCA0A00280E
:10C51000E5D10AF2391AA9F1090246F80A00B24433
:10C5200004F10901CAF80400CAF8070050461EF0D9
:10C53000BCF808F10102012392B24FF4FA5107F15D
:10C54000100010F0B7FA80E66188036840F2FE320E
:10C550009142A8BF1146182008EB480200FB0830A2
:10C5600003EBC20300F55470D3F85033DB689847EF
:10C5700043E700BFAFF300800000000000E06F4021
:10C580000000000000F88F40000059401F85EB516B
:10C5900000F1E401631D224612F8010F01F8010BBE
:10C5A0009342F9D106F1E90204F10A0013F8011FE0
:10C5B00002F8011B8342F9D106F1EE020F3413F8A1
:10C5C000010F02F8010B9C42F9D13EE6006808EB2E
:10C5D000480300EBC3031822D3F8503302FB0800D2
:10C5E0005B6800F554709847A2784146304601F0E8
:10C5F00081FE02E700EB080393F850300BBB4FF0CD
:10C6000018094FF4547319FB08394FEA480530688C
:10C61000A178454400EBC5054844D5F850331B6864
:10C620009847EAE66378A3F10103B3FA83F35B0961
:10C6300080F8D03209E66279D4F8011001F09CFD4F
:10C6400003E600684FF454734FF0180919FB0839DA
:10C6500008EB480300EBC3030021D3F850334844F0
:10C66000DB684FEA48059847D1E7A2886188002A2D
:10C6700054D1036808EB480203EBC2021820D2F839
:10C68000502300FB0830146940F2DC534FF4FA6287
:10C6900000F55470A047B0E66578032D3FF7D8AD9C
:10C6A000A378012B05F1640C5ED1E378012B00F037
:10C6B0008380441994F85020002A00F0A38094F954
:10C6C0005430002B3FF4C1AD594BD6F800E00022A6
:10C6D000C7E902321023029307F1080393E803002D
:10C6E00033468DE8030061460EF1D00001F08CFA6C
:10C6F00030684FF45472182313FB052318440121AA
:10C7000012F01AFF0023012284F8502084F85430DC
:10C710000CF0B4FD163546F8250096E5E388002BAD
:10C720003BD1036808EB4804182000FB083003EBFA
:10C73000C40300F55470D3F850331C6940F2DC5345
:10C74000A0475AE600F1100300F13C0102E08B42E1
:10C750003FF453AE53F8042F9045F8D1A2784146E8
:10C76000304601F03BFE48E6314B32680024C7E911
:10C77000043407F1100393E8030035448DE8030007
:10C78000334602F1D0006146224601F093FAFF23BE
:10C7900085F8504085F8543057E5006808EB4804A8
:10C7A00000EBC4041825D4F8504305FB08002469A5
:10C7B00000F55470A04720E6441994F8502092B335
:10C7C00094F95430012B3FF440AD194933680022ED
:10C7D000C7E9021210210291D7E902018DE8030096
:10C7E000614603F1D000334601F00EFA30684FF491
:10C7F0005472182313FB05231844002112F09CFEE9
:10C80000012380E70A49B96010213368FA60029178
:10C81000D7E902018DE8030003F1D00061463346F9
:10C8200001F0F2F964E702493368FA60B960D1E7D0
:10C8300019DB01000000000030B5214C0460032525
:10C84000C0F81858002400F5026EF7EE007A0225B1
:10C85000C0E90244C0F81C58CEED007AC0F8244864
:10C8600000F628044FF0000CC4F800C09FED127BC6
:10C87000012480F82C485C1E00F5036E00F5046C62
:10C88000032C8EED007B0CED027B05D85C1C641044
:10C89000C0F81838C0F81C4892B207EE902A00F68B
:10C8A0001402F8EE677A00F501631160C3ED007AB7
:10C8B00030BD00BFAFF300800000000000000000AA
:10C8C000ACAB0300000000004389DA0700F14282AC
:10C8D0002DE9F04F4FF080422DED048BD2F800246B
:10C8E00043F001039BB007464381002A00F01D82FC
:10C8F000BF4A0992136801331360BE4A07CA17ABD7
:10C9000003C317A91A7007F5D360092214F0FAF8C7
:10C9100007F1D0031C4608EE903A07F023FE0021F1
:10C92000384608F0C3F920460AF056FAB24C04F132
:10C93000F00554F8043F184613B11B681B6898476C
:10C94000A542F6D1384602F01FFEAC4B0024CDE9DB
:10C9500011341025029511AB93E8030022468DE8AF
:10C9600003003B4640F2FD3118EE900A08F048F90A
:10C97000A34B1494139313AB93E80300C0238DE8E7
:10C980000300029364223B4640F2FD3118EE900A08
:10C9900008F036F99B490295169415AB159193E86A
:10C9A000030022468DE803003B464FF47F7118EEEA
:10C9B000900A08F025F97A89934B42F4C0427A81B3
:10C9C000A021602280244020E02583F8095383F8C9
:10C9D0000A1383F81A2383F81B2383F8071383F8B9
:10C9E0001C1383F8214383F8222383F8014383F83F
:10C9F000020383F8060307F6A4031C4607F6180093
:10CA0000069303F05DFB814920460DF0B9FA804999
:10CA1000059020460DF0B4FA3B687E4A5B680890AA
:10CA2000934240F0938164200AF04CFC099B1B6800
:10CA3000079307F10C0309EE103A0FF2AC1BDBE988
:10CA400000AB07F604134FF0000908EE103A4C460D
:10CA5000C846079B032B00F0A28007F664100DF078
:10CA600011F9002840F0E380059B002B00F0EF80D7
:10CA7000FF2318EE100A4A46214610F0FFF93B68E2
:10CA80005B681420634A934240F0A4800AF01AFCC9
:10CA90000134E4B2052C08F1010804D109F10109BF
:10CAA0005FFA89F90024B8F1190F059B00F0968010
:10CAB000002BCED0554906980DF0B0FB05981DF01F
:10CAC000BAFD089B13B118461DF0B5FD099A002365
:10CAD000136002F099FD01460BA810F05FFC13F003
:10CAE000B3FF52465B4606460D461DF00BFC024660
:10CAF0000B463046294616461D4652465B461DF0FB
:10CB000001FC0DA8114610F029FC52465B46304648
:10CB100029461DF0F7FB0EA8114610F01FFC5B46DE
:10CB20005246304629461DF0EDFB01460FA810F095
:10CB300015FC0EAA0FA910A810F0C6FC0DAA10A98A
:10CB40000CA810F0C1FC10A810F000FC0FA810F009
:10CB5000FDFB0EA810F0FAFB0DA810F0F7FB069BEA
:10CB6000009301230CAA0BA919EE100A019318EEE9
:10CB7000903A06F0B1FB0CAB184610F0E7FB0BAB9C
:10CB8000184610F0E3FB19EE100A07F6641207F6D8
:10CB9000F40106F0B7FD079B032B7FF45EAFB8F1FD
:10CBA000180F39DD059B002B36D1089B002B52D086
:10CBB000FF234A4618EE100A214610F05FF9079B42
:10CBC000144A032B3B685B680CBF0A201420934275
:10CBD0003FF45CAF01463846984759E7002B3FF4D5
:10CBE00070AF67E7AFF3008000CA9A3B0000000017
:10CBF000302000205CB803004C4200207147020046
:10CC00005D4702002548020000E100E0F4B60300A1
:10CC100000B8030001470200FF2318EE100A4A463D
:10CC2000214610F02BF93B680A205B682AE707F6DB
:10CC300088100DF027F800283FF416AFB8F1180F50
:10CC40007FF716AF059B002B7FF412AFADE7089B73
:10CC5000002B7FF40DAF02F0D7FC01460BA810F0BB
:10CC60009DFB13F0F1FE3FA3D3E9002381468846E4
:10CC70001DF048FB3BA3D3E9002306460D4648467A
:10CC800041461DF03FFB0DA8114610F067FB35A390
:10CC9000D3E90023304629461DF034FB0EA8114687
:10CCA00010F05CFB2FA3D3E90023304629461DF08A
:10CCB00029FB01460FA810F051FB0EAA0FA910A8DE
:10CCC00010F002FC0DAA10A90CA810F0FDFB10A892
:10CCD00010F03CFB0FA810F039FB0EA810F036FB4B
:10CCE0000DA810F033FB0024069B00930CAA18EE4D
:10CCF000903A0BA919EE100A019406F0EDFA0CA86F
:10CD000010F024FB0BA810F021FB07F0F5FC3B68AA
:10CD1000114A5B68934210D10A200AF0D3FA2046E8
:10CD20001BB0BDEC048BBDE8F08F0C4B09934FF4A6
:10CD30007A701A600AF0AAFEDFE538460A219847A1
:10CD400020461BB0BDEC048BBDE8F08F6421384653
:10CD500098476BE6024870470147020030200020E8
:10CD600016FCFFFF00CA9A3B000000000000000014
:10CD70002DE9F04D04462DED028BC0681CF046FFF6
:10CD8000064620690F461CF041FFD4F8148041ECA0
:10CD9000180B40461CF03AFF024601F10043824660
:10CDA0008B46304639461BF0E3FA1DF05BFAE06231
:10CDB00005461BF0A3FA034628461D461BF068FAF9
:10CDC000034628461D461CF033FF32463B461CF006
:10CDD00087FF064628460F461CF02AFF52465B4650
:10CDE0001CF07EFF02460B46304639461CF0C0FD63
:10CDF00002460B4651EC180B1BF0BAFA1DF032FA42
:10CE0000B8F1000F07EE900A24DDF5EEC07AF1EEDE
:10CE100010FA1BDD10A7D7E9006717EE900A1CF087
:10CE200007FF02460B46304639461CF0A1FD32464C
:10CE30003B461CF09FFD1DF015FAA062BDEC028B75
:10CE4000E38843F00203E380BDE8F08D04A7D7E94F
:10CE50000067E2E7A062F1E7EA2E4454FB21F93FC4
:10CE6000EA2E4454FB21F9BF82B010B59FED0A7B36
:10CE700082B00146069CCC6081ED087B103004A98D
:10CE8000019081E80C000AF031FC019802B0BDE885
:10CE9000104002B00AF078BB000000000000000063
:10CEA00082B010B582B004A981E80C00D0E9082353
:10CEB000134304D102B0BDE8104002B070470446ED
:10CEC0000CF0ECF9D4E9082382428B41F2D29FEDB9
:10CED0000A7B002304F1100084ED087BE3600190DD
:10CEE0000AF004FC019802B0BDE8104002B00AF05C
:10CEF0004BBB00BFAFF3008000000000000000004B
:10CF00002DE9F84F994653425F4F134329F0004EE5
:10CF10004EEAD373BB42904604460D463DD8464286
:10CF2000064321F0004A4AEAD676BE4203468B46C3
:10CF300033D809F1404606F5801616433DD04FEA36
:10CF4000A97606F002065AEA030346EAD1762CD007
:10CF50005EEA020335D0BE4546D0BA4531D0AAEBD1
:10CF60000E0EBEF1747F4FEA2E5339DAB9F1000F7D
:10CF700046DA3C3344DA00200021012E58D0022E3C
:10CF800049D086B134A3D3E900231CF0F1FC34A3CB
:10CF9000D3E900231CF0ECFC05E022462B4640467A
:10CFA00049461CF0E7FCBDE8F88F022E10D0032E96
:10CFB000F9D12DA1D1E90001F5E7BDE8F84F00F066
:10CFC0006BB8BBF1000F07DB29A1D1E90001EAE74B
:10CFD00023A1D1E90001E6E727A1D1E90001E2E7B9
:10CFE00023A1D1E90001C8E7F24506F1FF3623D0BD
:10CFF000022E29D8254B03EBC606D6E90001D2E75D
:10D0000042464B46204629461CF094FF1CF080F80F
:10D0100000F042F8B1E710A3D3E900231CF0A8FC0C
:10D0200002460B460EA1D1E900011CF0A1FCBAE7B3
:10D0300001F100431946B6E7022E08D8144B03EB62
:10D04000C606D6E90001AEE700200021ABE70CA13F
:10D05000D1E90001A7E700BF075C143326A6A13C75
:10D06000182D4454FB210940182D4454FB2109C0BC
:10D07000182D4454FB21F93F182D4454FB21F9BFCE
:10D08000182D4454FB21E93F0000F07FF0A7030076
:10D09000D8A70300000000002DE9F84FBA4B21F09B
:10D0A00000469E4204460D468A4616DDB74B9E4218
:10D0B0000BDC08D0BAF1000F40F3C18096A1D1E992
:10D0C0000001BDE8F88F0028F4D022462B46204608
:10D0D00029461CF04FFCBDE8F88FAD4B9E4200F393
:10D0E000B380A3F1DE739E4240F39A804FF0FF3B82
:10D0F00022462B46204629461CF0F2FD02460B46EE
:10D10000804689461CF0ECFD85A3D3E90023064642
:10D110000F461CF0E5FD84A3D3E900231CF02AFC94
:10D1200032463B461CF0DCFD81A3D3E900231CF012
:10D1300021FC32463B461CF0D3FD7FA3D3E90023FC
:10D140001CF018FC32463B461CF0CAFD7CA3D3E918
:10D1500000231CF00FFC32463B461CF0C1FD7AA3B5
:10D16000D3E900231CF006FC42464B461CF0B8FDF8
:10D1700077A3D3E9002380468946304639461CF020
:10D18000AFFD75A3D3E900231CF0F2FB32463B460A
:10D190001CF0A6FD72A3D3E900231CF0E9FB324684
:10D1A0003B461CF09DFD70A3D3E900231CF0E0FB7F
:10D1B00032463B461CF094FD6DA3D3E900231CF0DE
:10D1C000D7FB32463B461CF08BFDBBF1FF3F0246CE
:10D1D0000B464046494656D01CF0CCFB6D4E2246CD
:10D1E0002B461CF07DFD6C4B06EBCB064FEACB0BC0
:10D1F0009B44DBE900231CF0BBFB22462B461CF0C2
:10D20000B7FB02460B46D6E900011CF0B1FBBAF1B0
:10D21000000FBFF660AF01F100431946BDE8F88F7B
:10D2200055A3D3E900231CF0A5FB5C4B00221CF0A6
:10D23000E7FF00283FF45AAF204629464BE750A1AC
:10D24000D1E90001BDE8F88F1BF062FF544B9E420C
:10D2500004460D4625DCA3F550239E424CDC0246D5
:10D260000B461CF087FB4D4B00221CF081FB024655
:10D270000B462046294614461D464FF0000B00225F
:10D280004FF0804322E01CF075FB22462B461CF039
:10D2900027FD02460B46204629461CF069FBBDE8E7
:10D2A000F88F404B9E421CDA3F4B00221CF060FB83
:10D2B00002460B462046294614461D4600223A4B9C
:10D2C0004FF0020B1CF00CFD344B00221CF052FB03
:10D2D00002460B46204629461CF02CFE04460D460D
:10D2E00006E722462B46314900201CF023FE4FF072
:10D2F000030B04460D46FBE6284B00221CF038FBCE
:10D3000002460B46204629464FF0010B14461D46A7
:10D31000DAE700BFAFF30080182D4454FB21F93F3A
:10D3200011DA22E33AAD903FEB0D76244B7BA93F17
:10D33000513DD0A0660DB13F6E204CC5CD45B73FE5
:10D34000FF8300922449C23F0D5555555555D53F91
:10D350002F6C6A2C44B4A2BF9AFDDE522DDEAD3F85
:10D360006D9A74AFF2B0B33F711623FEC671BC3F25
:10D37000C4EB98999999C93F9C7500883CE4377E25
:10D38000182D4454FB21F9BFFFFF0F440000F07F2C
:10D39000FFFFDB3F08A8030028A803000000F03FC0
:10D3A000FFFFF23F008003400000F83F0000F0BFA5
:10D3B00010B5054C237833B9044B13B10448AFF3CF
:10D3C00000800123237010BD783D00200000000084
:10D3D00084CB030008B5034B1BB103490348AFF3EB
:10D3E000008008BD000000007C3D002084CB0300CD
:10D3F000A3F5803A704700BF174B002B08BF134BB3
:10D400009D46FFF7F5FF00218B460F461348144A4F
:10D41000121A1DF072F90E4B002B00D098470D4BDD
:10D42000002B00D098470020002104000D000D487B
:10D43000002802D00C4802F093FA1CF04FF92000AB
:10D44000290001F0BFFC1CF035F900BF0000080006
:10D450000000000000000000000002200028002062
:10D46000A84B002061F9010000000000F8B5154C40
:10D47000E36813F47F0F07460E4610D002B3E3684B
:10D4800013F47F0F18BF642502D108E0013D17D0C7
:10D49000012009F017FFE36813F47F0FF6D15EB1A6
:10D4A000B9197B1E0139C7F10105EA1813F8010FFC
:10D4B00022448B421074F8D13604E6600120F8BD96
:10D4C0000020F8BD0024002010B504460A46044B95
:10D4D0000449226004481C6009F0A6FD204610BDE6
:10D4E000943D00204174020029DA01002DE9F04F3B
:10D4F000994683B00D3323F0070300AF19F1040AF6
:10D50000ADEB030D97F830608B46134609F1060525
:10D510006C463DD409F105087A600DF101004246E0
:10D5200000211DF0EAF87B6884F803B019464FEA41
:10D530001B2B84F804904A4601234FF0FF09601D1D
:10D5400084F802B084F8009063701DF0AEF8B8F172
:10D55000000F20D004EB0A0049462346002201E0D8
:10D5600013F8011F98420A44FAD10C4BA3FB021393
:10D5700002EBD312B8F1FB0F04F8082004D83246AE
:10D5800029462046FFF772FF0C37BD46BDE8F08FF5
:10D5900009F10508C8E784F80080F0E78180808001
:10D5A00030B583B0FF208DF805200A0A112400232E
:10D5B0008DF8022001228DF801408DF803108DF8BE
:10D5C00004208DF806308DF800006A460DF1050440
:10D5D000014601E012F8011FA2420B44FAD1164A9B
:10D5E000164DA2FB0312E96803EBD21311F47F0F6F
:10D5F0008DF8063005D0EB6813F47F0F18BF642454
:10D6000012D10DF10100FF21002301E010F8011BF0
:10D61000EA180133072B1174F8D14FF4E023EB60C3
:10D6200003B030BD013CFBD0012009F04BFEEB689C
:10D6300013F47F0FF6D1E4E781808080002400207E
:10D640002DE9F84F1C460D3323F0070300AF14F10A
:10D650000409ADEB030D8A46934604F106066D46B8
:10D6600037D404F105080DF10100424600211DF0F8
:10D6700044F885F803A02C714FEA1A2A2246212388
:10D68000FF245946681D85F802A02C706B701DF0B0
:10D690000CF8B8F1000F1FD02B4605EB090021460E
:10D6A000002201E013F8011F98420A44FAD10C4B02
:10D6B000A3FB021302EBD312B8F1FB0F05F808200D
:10D6C00004D8012231462846FFF7D0FEBD46BDE80A
:10D6D000F88F04F10508CCE785F80080F1E700BF7A
:10D6E000818080802DE9F04F89B081460068DFF8A5
:10D6F00048B1866800AF06F1240807F113052B3600
:10D7000007F11E044FF0FF0A414601F08FF8002395
:10D710003B759C46D8F80030C7F80D30B8F8043097
:10D72000A7F8113098F80630FB740121072307F1A0
:10D7300008007972B972F9723B736A4687F808A0DB
:10D740000346FF2101E013F8011FAB428C44FAD1DC
:10D75000384BDBF80C10A3FB0CE30CEBD31311F4E8
:10D760007F0F3B75C1F307430ED1FF2101E010F895
:10D77000011F0BEB030C01330D2B8CF81010F6D1AD
:10D780004FF45023CBF80C30322095467A6009F0E4
:10D7900099FDD9F80000314600F054FC012179725E
:10D7A000B9723168C7F80D107168C7F81110B16807
:10D7B000C7F81510F168C7F81910318AA7F81D10BD
:10D7C00002210023F972122139737A68FB7787F8F6
:10D7D00008A007F10801FF2001E011F8010FA142A4
:10D7E0000344FAD11348DBF80C10A0FB03C003EB91
:10D7F000D01311F47F0FFB7715D107F1080307F160
:10D80000090107F1200EFF206FEA030C01E011F877
:10D81000010B0CEB01035B448E451874F7D14FF4F8
:10D82000C013CBF80C303220954609F04BFDD9F8E7
:10D83000000069E7818080800024002008B5024B49
:10D840001868FFF74FFF00BF943D00202DE9F04F0F
:10D850000368714C9F68DFF8CC812DED028B07F1D6
:10D860002B0308EE903A07F1790308EE103A95B0D1
:10D87000064607F1100907F1240BD4F80C3113F414
:10D880007F0FC3F3074558D0402D0DF1100C2846EB
:10D890004FF0000328BF40206246E118013391F8A1
:10D8A000101102F8011B9842F7D10023052DC4F88E
:10D8B0000C31E2D99DF81020FF2ADED19DF81450DA
:10D8C000A91D8142D9D105A92944681D01E01CF890
:10D8D000012F8C451344FAD100F150026A44A8FB91
:10D8E000030112F8402C03EBD11303F0FF039A421B
:10D8F000C3D1BDF812A09DF811309AFA9AFA1FFA16
:10D900008AFABAF5807F1CD040F20112924535D0D8
:10D91000BAF5817F43D1012BAFD13068039318EE64
:10D92000901A00F08FFB039B009318EE902A51464B
:10D9300012233046FFF7DAFD9FE7052009F0C2FC0D
:10D940009BE7012B4DD0A3F11002012A95D8142D8D
:10D9500093D82A460DF11501484603931CF0A5FE05
:10D9600030682A464946FEF74BFC039B112B84D1B5
:10D97000514601223046FFF713FE7EE7012B7FF46C
:10D980007CAF30680393594600F050FF039B00932F
:10D99000514607235A463046FFF7A8FD6DE7BAF512
:10D9A000907F7FF46AAF012B7FF467AF97F88120F7
:10D9B000306818EE101A00F0B9FC97F88130013386
:10D9C000DBB2032B88BF002387F88130012300934B
:10D9D00018EE102A08234FF490713046FFF786FDA9
:10D9E0004BE73068039300F097FA039B0222BA7466
:10D9F00030460093514614234A46FFF777FD3068BE
:10DA0000437C002B7FF439AF00F06CFC03490448E1
:10DA100009F00AFB31E700BF002400204174020036
:10DA20003DD801008180808008B5024B1868FFF75F
:10DA30000DFF00BF943D00200048704716FCFFFF1B
:10DA40000048704716FCFFFF82B010B58C4684B0CA
:10DA500049688646DCF800000DF1080CACE80300CC
:10DA600006A981E80C00039BDA070EEB630C12D5C4
:10DA70005A10029B5EF80220D45808AB93E80300CA
:10DA80008DE8030006AB0CCB6046A04704B0BDE8B0
:10DA9000104002B07047029CEFE700BF82B070B543
:10DAA00004A981E80C00BDF81050A5F16406172EFA
:10DAB000044618D9A568BDF8123085F83E30069A9C
:10DAC00085F83D601123C5F83F2085F85030637C10
:10DAD0001BB1A06806F0BAF990B1A068BDE870402B
:10DAE00002B001F0F3B8443D0BF0C8FB54F8253008
:10DAF000C01AB0F5967FDDD2BDE8704002B0704725
:10DB0000E06805F13D02BDE8704014234FF48871D0
:10DB100002B0FFF795BD00BF82B070B504A981E8DF
:10DB20000C000446BDF810600BF0A8FBD4F8E03000
:10DB300041F26F72C31A93422BD9A6F16403032BEF
:10DB40000BD8234493F850303BB1A6F14E0354F860
:10DB50002330C01AB0F57A6F1BD3A568BDF8121038
:10DB6000069AA5F85260012385F85130122385F8F2
:10DB70005410C5F8552085F86430637C1BB1A0684B
:10DB800006F064F948B1A068BDE8704002B001F049
:10DB900085B8BDE8704002B07047E06805F15102F9
:10DBA000BDE8704014234FF4887102B0FFF748BD00
:10DBB00082B070B504A981E80C008568069ABDF8AA
:10DBC000121085F85210022385F851301223C5F83F
:10DBD000532085F86430437C04461BB1806806F00E
:10DBE00035F928B1A068BDE8704002B001F056B820
:10DBF000E06805F15102BDE8704014234FF48871CC
:10DC000002B0FFF71DBD00BF2DE9F04F83B0DDE985
:10DC10000CABBDF83870002B41D080460E469146C3
:10DC20001D46BAF1000F3DD00F2E01D1C02F36D1C5
:10DC300028201CF002FD044610300EF089FF182049
:10DC40002680A4F802901CF0F8FCCDE900AB47F068
:10DC50000207A7806B4607460246A06003CB47F841
:10DC60000C5B0023D8F80060D360E3607B609160B8
:10DC7000506075680D495161C4E908330C4B9D42F1
:10DC800008D1204609F052FE204603B0BDE8F04F0F
:10DC90001CF0D1BC21464046A8470028F1D103B072
:10DCA000BDE8F08F1BF0010FBED1F8E749DA0100A3
:10DCB00039DA01002DE9F0438DB00446149FDDF8F8
:10DCC0005490884616461D465FB306A80EF040FFE6
:10DCD0001820ADF80880ADF80A601CF0AEFC0146D3
:10DCE000CDE9007941F80C5B0023EC460246C360A5
:10DCF0004B60BCE8030050602068916005930D49BB
:10DD00008568049251610C4A0A9312219542ADF83C
:10DD10000C100B9309D102A809F008FE0DB0BDE864
:10DD2000F08319F0010FD0D1F8E761462046A847EB
:10DD3000F1E700BF49DA010041DA010008B501F05E
:10DD400033F860B34FF0FF310EF0DAF807EE900AC7
:10DD5000FDEEE77A9FED127ADFED126A17EE900A78
:10DD60007828A8BF78203428B8BF342007EE900A5E
:10DD7000F8EEE77A77EEC77AFDEEE77A17EE903A9B
:10DD8000C3EB032307EE903AF8EEE77A87EEA67A24
:10DD9000FDEEC77A17EE900AFF28A8BFFF2008BD46
:10DDA000000050420000884270B5244E8AB0002521
:10DDB000CDE90265044602AB93E8030022682346DE
:10DDC0008DE8030002F1D00001212A46FFF772FF1F
:10DDD000CDE9046504AB93E80300266823468DE88B
:10DDE00003002A4606F1D0000221FFF763FF144B1F
:10DDF0002668CDE9063506AB93E803002A468DE890
:10DE00000300234606F1D0000D21FFF753FF0D4B11
:10DE10002668CDE908350AAB13E903002A468DE8E8
:10DE20000300234606F1D000FFF744FF606810B1FD
:10DE30000368DB6B984720460AB070BD19DB010010
:10DE4000B1DB01009DDA01002DE9F843054600F140
:10DE5000400600F150074FF0010856F8043B032B31
:10DE600005EB030202D892F85010A9B9286803EB19
:10DE70004303DC00031904F55479D3F8503382F8D6
:10DE8000DC825B6C0121484498472868044448447C
:10DE9000D4F850335B689847BE42DED1BDE8F883C2
:10DEA0002DE9F84F064600684FF0805300F51360E7
:10DEB000D3F864900BF0E8FC306800F6F40003F04F
:10DEC0001DFF4FF0040A05274FF00108B9FBF7F5D5
:10DED00007FB1595B5FBF8F56B1C002BA9EB0509A5
:10DEE00007EB870708EB880810DD0FFA8AFB002490
:10DEF0003068C4F10402FF2312B2594600F6041040
:10DF00000EF0BCFFAC4204F10104F1D1BAF1010AF8
:10DF1000DCD2BDE8F88F00BF30B58568022301224E
:10DF20002B746B74EA7490F8512090F950300AB158
:10DF300043F0020390F852200AB143F0040390F832
:10DF400053200AB143F008036FF0660E2B7500F101
:10DF50007F0400F16703AEEB000E4FF0000C0120D0
:10DF60000EEB030213F9011F00FA02F209B14CEAA9
:10DF7000020C9C42F4D14FEA1C224FEA1C4385F864
:10DF800015C0AA75EB7530BD2DE9F84381460746EB
:10DF900059F8E40B00F513604FF000080BF074FC27
:10DFA0000FFA88F64D460024386815F8013B21B277
:10DFB000324600F6041001340EF060FF052CF3D158
:10DFC00008F10108B8F1050F09F10509E8D1BDE82C
:10DFD000F88300BF30B583B00546684614460FF09D
:10DFE000DDF9009BB3F90230002B25DD286800F530
:10DFF00013600BF049FC002C2D6812DD694605F515
:10E00000136501A80FF040FA224601A928460BF03B
:10E0100003FD01A80FF09AF968460FF097F903B0D5
:10E0200030BD002168460FF067FA05F5136501461B
:10E03000224628460BF044FC68460FF087F903B0EF
:10E0400030BD00BF70B503682DED028B0446D3F8D8
:10E050002C0A9FED348A0D4609F028FF07EE900A3E
:10E0600027EE887ABDEEC77A17EE103A2B80236828
:10E07000D3F82C0A09F02AFF07EE900A67EE887A97
:10E08000FDEEE77A17EE903A6B802368D3F82C0AFE
:10E0900009F0F4FE4042A8802368D3F82C0A09F066
:10E0A000F5FEE8802368D3F82C0A09F0F7FE404219
:10E0B00028812368D3F8300A0AF0CEF82368064690
:10E0C000D3F82C0A09F0EAFE002805DDB42ED4BFEF
:10E0D000C6F1B406C6F507766E812368124ED3F8F2
:10E0E000300A09F0EDFF86FB0023C017C0EBA31038
:10E0F000A8812368D3F8300A09F0EAFF86FB0023E1
:10E10000C017C0EBA310E8812368D3F8300A09F0E8
:10E11000E7FF86FB0036C017C0EBA6102882BDECD7
:10E12000028B70BD00007A44D34D621038B5D0F830
:10E130002C310A2B14BF5D1C00250446C0F82C515D
:10E14000006800F6F40003F0DDFD403504F1FC0347
:10E1500044F82500002204F5927053F8041F9842F9
:10E160000A44FAD1034BD01783FB0232C0EB6200A2
:10E1700038BD00BFE9A28B2E10B5036886B0B3F896
:10E180006845D3F864050190ADF80840D3F86C05F4
:10E19000D3F870450390049493F874050C4B8DF8F4
:10E1A00014000C1E009300DD2AB90021684611F00E
:10E1B00075FC06B010BD521101219140684611F066
:10E1C0006DFC2146684611F019F806B010BD00BF7D
:10E1D000B8C3030010B503680C4AD3F86405B3F85C
:10E1E000684586B000210190D3F86C05ADF8084071
:10E1F0000390D3F8704593F87435049468468DF80D
:10E200001430009211F04AFC06B010BDB8C30300F0
:10E210002DE9F047002488B0DFF898A0064600F109
:10E2200050054FF45477A0460DF10C0915F8013B49
:10E230001BBB0134FF23042C05F8018CEB7007F1A4
:10E240001807F3D130688DF81C80092205A900F564
:10E25000D360CDE9058812F055FC3046FFF7BAFFD0
:10E260003046FFF7F1FD0BF009F8C6F8E000304644
:10E27000FFF716FE08B0BDE8F087CDE903A899E8DE
:10E280000300D6F800E004F1640C8DE80300334687
:10E290000EF1D00000221FFA8CF1FFF70BFD306861
:10E2A00004EB440300EBC3033844D3F850335B68FA
:10E2B0009847BEE719DB010082B010B5044602A9F9
:10E2C000642081E80C0008F0FDFF2046BDE8104006
:10E2D00002B0FFF79DBF00BF82B08DE80C0002B016
:10E2E000FFF796BF10B50446FFF792FF0123637452
:10E2F00010BD00BF4318012A10B483F8DC2205D0FA
:10E30000022A03D012B15DF8044B7047006801EB9C
:10E310004103DB00C11803F55473D1F8504318448E
:10E320001146626C5DF8044B104700BF2DE9F84FB1
:10E33000814602EB42050068ED00431905F5547B68
:10E34000D3F8503358449B6916460F469847002827
:10E3500042D0D9F8000043190021D3F85033584473
:10E360005B6C984706EB86039B0003F52078C84456
:10E3700003F5257309EB030A4446D9F80000431955
:10E380005844D3F850335B69984744F8040B54451C
:10E39000F3D1C446002208F1100E0132634653F84F
:10E3A000045FDCF80040A542BCBFCCF800501C6004
:10E3B0009E45F4D1042A0CF1040CEED1D8F80830B3
:10E3C00027F8163009EB0603314693F8DC2248465D
:10E3D000BDE8F84FFFF78EBFBDE8F88F2DE9F04795
:10E3E00094B0DFF8F891CDF848904FF0000801F1B3
:10E3F0006406CDF84C800D4614A9D0F800C0044640
:10E40000034611E90300B6B28DE8030017460CF18C
:10E41000D00002223146FFF74DFCCDE9109810AB39
:10E4200093E803008DE8030020682346D0300322E0
:10E430003146FFF73FFCCDE90E980EAB93E80300A1
:10E440008DE8030020682346D03004223146FFF7D0
:10E4500031FCCDE90C980CAB93E803008DE8030088
:10E4600020682346D03005223146FFF723FC012FD8
:10E470001ED0022F6FD0002F5DD1206805EB450321
:10E48000DB00C21803F554731844D2F850336619F0
:10E490005B6D3946984796F8DC2220462946FFF7FF
:10E4A00029FF172D49D886F8687014B0BDE8F087A9
:10E4B000CDE90A980AAB93E803008DE803002068D1
:10E4C0004FF0100A3146D03023460222CDF808A082
:10E4D000FFF79AFBCDE90898CDF808A008AB93E8C0
:10E4E00003008DE803002068314603222346D03024
:10E4F000FFF78AFB05EB450620686319F6004FF02D
:10E50000020983F8DC92831906F55478D3F8503366
:10E5100049465B6C40449847206883194044D3F8CF
:10E5200050335B689847206806444946D6F8503314
:10E5300040445B6D9847172D02D914B0BDE8F087B1
:10E540006319203583F868700AF098FE44F82500B6
:10E5500014B0BDE8F087CDE9069806AB93E8030058
:10E560008DE8030020684FF0100A23463146D03072
:10E57000CDF808A00422FFF747FBCDF808A0CDF89E
:10E580001480CDF810900DEB0A0393E803008DE89A
:10E5900003002068052231462346D030FFF734FBC4
:10E5A00005EB45062068F60083194146D3F8503341
:10E5B00006F554785B6D4044984720680644032173
:10E5C000D6F8503340445B6D98476319294693F859
:10E5D000DC222046FFF78EFEADE700BF9DDA01008A
:10E5E0002DE9F0478C4E016000250446C0E9015535
:10E5F00005820F4600F1140C00F140080FCEACE884
:10E600000F000FCEACE80F0096E8070006F10C03F0
:10E610008CE807000FCB4FF0FF3A88E80F0096B068
:10E6200060222946C4E9145AC4E91655C4E91855AC
:10E63000C4E91A55C4E91C55C4E91E5504F180000B
:10E640001CF05BF82C222946C4E93855C4E93A5538
:10E65000C4E93C55C4F8F85084F8FC5004F58070C7
:10E660001CF04BF84FF4A8722946C4F82C5104F55D
:10E6700098701CF042F85022294604F520701CF0D6
:10E680003CF80023D7F8300A84F8D052C4F8D432CA
:10E6900009F0FAFC002800F08A80206800F6641077
:10E6A0000DF13C080BF0EEFA002840F0A180236841
:10E6B000D3F8300A09F0E8FC002800F0A6802368AF
:10E6C000564FD3F82C0A036800255B6A0821984747
:10E6D000CDE9057505AB93E80300226810268DE8A7
:10E6E0000300234602F1D00002962A460121FFF7DB
:10E6F0008BFACDE90775029607AB93E803008DE826
:10E700000300206823462A46D0300221FFF77CFA16
:10E71000CDE90975029609AB93E803008DE8030083
:10E72000206823462A46D0307921FFF76DFA3C4B0A
:10E7300022680C950B9302960BAB93E803002346DB
:10E740008DE8030002F1D0000D212A46FFF75CFAA4
:10E75000344B22680E950D9302960DAB93E803009F
:10E7600023468DE8030002F1D0004FF47A710122B4
:10E77000FFF74AFA2C4B10950F9398E80300256891
:10E7800002968DE80300234602224FF47A7105F1C8
:10E79000D000FFF739FA04201BF04FFF2146054651
:10E7A000FEF792FE2046E56016B0BDE8F0874FF414
:10E7B00080636422CDE91233CDE9143223680F90CF
:10E7C000D3F8305A16ABCDE9100013E90F008DE8ED
:10E7D0000F000DF13C08284698E80E0009F03AFCBD
:10E7E000206800F664100BF04DFA00283FF45FAF8C
:10E7F0002368D3F8300A09F0FDFB2368D3F8300A08
:10E8000009F042FC00287FF45AAF2368D3F8300A9D
:10E8100009F0F0FB53E700BF48A8030019DB010033
:10E82000B1DB0100B9E20100D9E201002DE9F84FA6
:10E830008246884600F1100B00F13C0600275BF889
:10E84000045F05EB4504E400032D0AEB050304F522
:10E85000547902D893F85030DBB9DAF80000021985
:10E860004844D2F850331B6A984790B1DAF8000058
:10E8700003194844D3F850339B69984748B1DAF8F4
:10E88000000004444844D4F850335B689847A840DB
:10E890000743B345D3D19AF850304BB1DAF80000B2
:10E8A000D0F8503300F55470DB6A984747EA0067A8
:10E8B0009AF851304BB1DAF80000D0F8683300F51F
:10E8C0005A70DB6A984747EA40679AF852304BB172
:10E8D000DAF80000D0F8803300F56070DB6A984702
:10E8E00047EA80679AF853304BB1DAF80000D0F865
:10E8F000983300F56670DB6A984747EAC067DAF834
:10E90000000000F664100BF0BDF9DAF800300446A0
:10E9100003F688100BF0B6F94207DAF8000042EA75
:10E92000047300F6BC101F430BF0ACF947EA807784
:10E93000C8F800705046FFF7F9FB88F80400DAF8D1
:10E94000000000F6182001F081FE803888F80500EC
:10E950009AF8D0320BB9BDE8F88FFFF7EFF988F8D5
:10E960000600BDE8F88F00BF0048704716FCFFFFA7
:10E97000704700BF0048704716FCFFFF0520704736
:10E9800001EB810100EB41008C307047704700BF04
:10E99000704700BFD0F88800FFF7BEBA10B507492E
:10E9A000074A016000238260C3810446083008F0F2
:10E9B00005F8204605F088F9204610BD9CA8030004
:10E9C00078BA030010B50849084C01600022C280E3
:10E9D00040F8084CA0F1080407F0F0FF204605F0CD
:10E9E00073F9204610BD00BF78BA03009CA803004D
:10E9F0000368134A1B69934270B50E8804460D469E
:10EA00001AD1B4300388B34200D070BD04F1790646
:10EA100094F88120D4F888003146FFF787FC94F8F9
:10EA200081300133DBB2032B88BF002384F88130AF
:10EA30000823AE60AB8170BD04219847E2E700BFB8
:10EA400081E9010003680D4A1B69934270B50E8885
:10EA500004460D460FD18C300388B34200D070BD00
:10EA60006A89002AFBD0D4F8880005F10C01BDE8C2
:10EA70007040FDF7C5BB00219847EDE781E9010033
:10EA8000704700BF10B50949094A01600023826040
:10EA9000C3810446083007F091FF204605F014F9C1
:10EAA00020461BF0C8FD204610BD00BF9CA80300F7
:10EAB00078BA030038B50949094D01600022A0F178
:10EAC0000804C28040F8085C07F078FF204605F093
:10EAD000FBF820461BF0AFFD204638BD78BA030096
:10EAE0009CA803002DE9F04F2DED028B85B0044664
:10EAF00005F0DAF8614B002604F10807C4E9023694
:10EB0000384607F0EDFE5E4B23604833A36004F106
:10EB100010055C4B2661C5E90166C5E903666662BE
:10EB2000C4F82B60C4F82760C4F82F60C4F83360C1
:10EB3000C4F83760A4F83B60C4F83D60C4F8416095
:10EB4000C4F84560C4F84960C4F84D60C4F8516029
:10EB5000C4F85560C4F85960C4F85D60C4F86160D9
:10EB6000C4F86560C4F86960C4F86D60C4F8716089
:10EB7000C4F87560C4F87960C4F87D6084F8816079
:10EB8000C4F8843004F1790308EE103A04F1240B40
:10EB900004F18C0804F12B0A04F13D0904F1BE06CE
:10EBA000404608F10A0804F06FF84645F8D1364EA1
:10EBB0003368DB0755D5354BC4F8883000229C609C
:10EBC00022712046324905F08DF820464FF2E4319B
:10EBD00005F09CF814264FF0070800222B4611463A
:10EBE00001252046CDE9016800964FF4807205F0BA
:10EBF0009DF85B4629462046CDE90185CDF8008089
:10EC000040F2011205F092F81222CDE9002253469B
:10EC1000204602954FF48172022105F087F8092100
:10EC20004B4602912046CDE900664FF488720321DD
:10EC300005F07CF8082140F20112CDE9001118EE30
:10EC4000103A029204214FF49072204605F06EF8BB
:10EC5000384600F04DFC204605B0BDEC028BBDE807
:10EC6000F08F08490948FFF7BBFC0123094A0A490C
:10EC7000064833601BF0DAFC9DE700BF78BA03005A
:10EC80009CA8030000290020983D00209C3D002006
:10EC900084A8030050250020A9DD010070B50446BA
:10ECA00005F0D4F800B970BD236803211B69204624
:10ECB00098470546204605F0B7F804F15102014691
:10ECC00014232846BDE8704003F0E4BF70B5044645
:10ECD00005F0BCF800B970BD236803211B6920460C
:10ECE00098470546204605F09FF804F13D0201468D
:10ECF00014232846BDE8704003F0CCBF10B504468D
:10ED000005F0A4F800B910BDD4F8880004F124017E
:10ED1000FFF78CFDD4F8880004F12B01BDE810400A
:10ED2000FFF790B910B5064C206838B1FFF7E6FF41
:10ED3000132008F0C7FA20680028F7D110BD00BFE3
:10ED40008840002010B5034B036004460FF030FBF1
:10ED5000204610BD08A9030010B5054B036004460A
:10ED60000FF026FB20461BF066FC204610BD00BFBE
:10ED700008A9030038B5074C07492046FFF730FCC7
:10ED8000064B074A0749012520461D60BDE838406B
:10ED90001BF04CBC9C3D002000290020983D002029
:10EDA00050250020A9DD0100044B186800B1704710
:10EDB000034AD2F8A0021860704700BF8C400020C0
:10EDC00000390020174C184808B5FDF77DFD236871
:10EDD000D90715D5154C164A236816491160DA076C
:10EDE0001CD51549154808F01FF92368DB0712D513
:10EDF0001348FFF755F84FF47A7008F063FAFAE712
:10EE00000C48FFF76FFE01230E4A0F4909482360A3
:10EE10001BF00CFCDEE7FFF7ADFFE9E7FFF7AAFF09
:10EE2000DFE700BF8440002000290020983D00203B
:10EE300088400020904000204174020025ED010030
:10EE40009C3D0020502500209DE9010010B5054C97
:10EE5000204605F03FFD2046034A0449BDE8104026
:10EE60001BF0E4BB002900205025002071EE0100BA
:10EE70002DE9F843644B654E654FDFF8A8810446E1
:10EE800003F13C0200F59D50C4E900320830002532
:10EE900000F08EFE04F6482000F0F8F904F6182081
:10EEA000A4F81E5AC4F8186A07F088FD04F51F601C
:10EEB000A4F8F659C4F8F06907F080FD04F6BC1018
:10EEC0000CF060F9534BC4F8AC3904F6AC1008F000
:10EED000F9FD04F688100AF041FE04F664100AF009
:10EEE0003DFE04F6F40000F04FFD04F6940002F03D
:10EEF000ADFB04F6680001F0CBFB04F6180000F04F
:10EF000069FEC4F8FC7704F2FC700FF051FAC4F803
:10EF1000E47704F2E4700FF04BFA04F27C7010F026
:10EF20006BFF04F55170A4F84A53C4F8446307F02A
:10EF300045FD394BC4F8043304F541700CF0FCFA7C
:10EF4000364BC4F8F8302833C4F8003104F53E706D
:10EF50000EF056F904F53D700EF052F904F1F8097F
:10EF600004F5357504F1F40745F81C8C28460CF0BF
:10EF7000A7FBA5F110003C3D0EF042F9BD42F3D1D4
:10EF800000254846C4F8F860A4F8FE5007F016FDC6
:10EF900004F1D0000BF046FD04F198000AF06CF982
:10EFA00004F17C00E667A4F8825007F007FD04F145
:10EFB00064006666A4F86A5007F000FD04F14C0096
:10EFC000E664A4F8525007F0F9FC274604F1340037
:10EFD0006663658707F0F2FC114B47F80C3F04F1BC
:10EFE00020000EF0B3F904F11C000EF0AFF9384622
:10EFF000E660658207F0E2FC201D6660658107F02F
:10F00000DDFC2046BDE8F883A8B8030078BA030009
:10F0100008A9030004BE03008CC40300F8C2030067
:10F02000A8B70300C8C20300A0F1040020E700BF96
:10F0300010B50446FFF71CFF20461BF0FCFA2046E3
:10F0400010BD00BF10B5041F2046FFF711FF20467A
:10F050001BF0F1FA204610BD704700BF70B50446A2
:10F0600082B038201BF0E9FA04F108061323324677
:10F07000054624490093244B0FF04EFC0021C4F8B0
:10F08000F05828460FF09AFDD4F8F0080FF01CFD58
:10F0900081B2304602F0FCF94FF40041304602F0F4
:10F0A00001FAD4F8F00888B194F87238D4F87818D6
:10F0B0008BB90FF009FFD4F8F00894F8733828B131
:10F0C000D4F874185BB100220FF0BAFED4F8EC3813
:10F0D0005BB102B070BD01220FF0B2FEEBE70FF0A2
:10F0E000F3FED4F8EC38002BF3D1002240F2FF33CA
:10F0F00004F67C01304602F089F9C4F8EC0802B04D
:10F1000070BD00BF0010024000442C4710B50446FB
:10F11000D0F8FC08036801211B6898470121D4F846
:10F12000FC0810F051FCD4F84818D4F8F4080EF09C
:10F13000A7FED4F8F818D4F8F40800220EF0D0FE98
:10F1400001210EF011FB012384F8703810BD00BFBF
:10F1500038B50446D0F848080EF08EFA10B194F88D
:10F160007038C3B1D4F848080EF086FA054610B9D5
:10F1700094F8703803B938BDD4F8FC0884F8705896
:10F18000036829461B689847D4F8FC082946BDE85F
:10F19000384010F019BC2046FFF7B8FFE2E700BF87
:10F1A00038B5044600293CD0D0F8F03823B3C388E2
:10F1B000264A43F001030221C380C2F88410BFF342
:10F1C0004F8FBFF36F8FD0F8F0080FF033FED4F8F5
:10F1D0007818D4F8F0080FF077FED4F87418D4F843
:10F1E000F0080FF071FED4F8F00810B103689B69C5
:10F1F00098470023C4F8F038D4F8FC0894F8703825
:10F2000002680025DBB284F871382946136884F857
:10F2100070589847D4F8FC08294610F0D5FB002018
:10F2200038BDC388DA0705D5D0F8F02823F00103EC
:10F23000C38042B194F87138002BF0D02046FFF71C
:10F2400065FF002038BDFFF709FFF3E700E100E0AC
:10F25000044B186810B1D0F8F03803B17047FFF7CD
:10F26000FDBE00BF50410020D0F8F03880F8731880
:10F270005BB129B1D0F87418002218460FF0E0BD38
:10F28000D0F8741818460FF01FBE704770B50446CA
:10F29000D0F8F0081C4B236048B1D4F878180FF070
:10F2A00013FED4F87418D4F8F0080FF00DFE174BC5
:10F2B000C4F8083903F1840103F1A802C4F8201945
:10F2C000C4F82829124E002504F638100DF098FFD6
:10F2D00004F51260C4F82069A4F8265907F06EFB03
:10F2E00004F6041003F0AAF804F67C0002F074FDA2
:10F2F00004F1080001F060FE20462660E58007F07A
:10F300005DFB204670BD00BF50A903004CB5030053
:10F3100078BA030010B50446FFF7B8FF20461BF08B
:10F320008AF9204610BD00BF2DE9F04F002587B0B7
:10F330001E46654B036007464560044692468B4671
:10F34000DDF8409007F0CCFA604B47F8083B604985
:10F35000032340F2FF323846FDF76EFA40F2011304
:10F36000C4F878A804F67C0A4AF6444284F8705837
:10F37000A4F8723840F6C231C4F874B884F87158F1
:10F38000504602F0C9FD119BC4F8FC385146C4F840
:10F39000EC58C4F8F058C4F8F468C4F8F89804F6C7
:10F3A000041003F049F82B22394604F6081003F044
:10F3B000F3FA484B1A68002A00F08480E38843F48B
:10F3C00000535046E380012103F02AF80022494609
:10F3D00030460EF085FD03683F495B6AC4F8480873
:10F3E000984707210022D4F84808DFF800A1DFF889
:10F3F000E8900EF09FF92046FFF788FE07F05CFAD0
:10F400000246442005921BF018F9D4F84818059AD2
:10F4100005461C3104F507680DF086FA414628467A
:10F42000C4F854580DF094F8D4F8540803685B6994
:10F43000984701464C2005911BF0FFF802230A2251
:10F44000CDE900320599254A012305460CF0B6FFA7
:10F45000D4F85408C4F84C5803685B6998470146CF
:10F46000602005911BF0E9F81D4B019315230293D1
:10F470004FF0834305991B4A009305461A4B0CF045
:10F48000F5FCC4F8585844201BF0D7F8D4F84C18B1
:10F4900005462C3125220DF047FA04F50666C4F81E
:10F4A000505854201BF0C9F8534605464A46394681
:10F4B00002F05CFC46F8045BB045F2D1204607B090
:10F4C000BDE8F08F1C6079E778BA030050A903000B
:10F4D00000442C475041002000E02B460AD7A33DB2
:10F4E00000000C420000AA420000824200007F435C
:10F4F000C38843F48043C380704700BF84B003AA2D
:10F5000001900DF107030DF1030013F8011902F842
:10F51000011B8342F9D1039804B0704740BA82B00E
:10F5200080B202B0704700BF004870476CA903006A
:10F53000BFF34F8F0549064BCA6802F4E0621343DC
:10F54000CB60BFF34F8F00BFFDE700BF00ED00E0D1
:10F550000400FA0512DF7047704700BF084608F044
:10F5600099BA00BF11F070BA084608F08FBA00BF10
:10F5700011F070BA024A034901601060704700BF81
:10F5800060410020B0A9030030B583B005460024D7
:10F590000DF107008DF80740FFF7DCFF9DF80730FD
:10F5A000012B1ED0154A1648012313604FF0040C9E
:10F5B000C2F80041D2F80031002BFBD0D2F8083558
:10F5C000BCF1010C43EA0020F2D1012353602B6807
:10F5D0000C4A9B6993420AD103B0BDE8304008F061
:10F5E00059BA2B68074A9B6905489342F4D00146F3
:10F5F000284603B0BDE83040184700BF00D00040A7
:10F60000ED5EBC0B5DF5010030B4194D0FCD88B037
:10F6100001AC0FC495E80700164D03C4002305F89C
:10F62000053F19464FF0805322705C6E05204FF065
:10F63000010C01EB810202F120030DEB0302B4FB8C
:10F64000F0F300FB1343B3FBFCF31A44013112F84F
:10F650001C2C05F8012D0529A4EB030400EB800008
:10F660000CEB8C0CE5D1034808B030BC704700BFF0
:10F6700074A903005441002000B583B000230DF1AC
:10F6800007008DF80730FFF765FF9DF80700A0F130
:10F690000100B0FA80F0400903B05DF804FB00BF40
:10F6A00008B5FFF745FF00BF2DE9804889B09E4CA3
:10F6B000079011F0BFF99D4B9D490022C3F810251A
:10F6C000C3F81425C3F81825C3F81C25C3F8202552
:10F6D000C3F82425C3F82825C3F82C251C230D1DA9
:10F6E0004FF0A04203F5E07303208D4242F823005F
:10F6F0000ED011F8013F1F2B86BF03F01F032246D7
:10F700004FF0A04203F5E0738D4242F82300F0D1A0
:10F71000884A854C1523151D4FF0A04103F5E07371
:10F720000320954241F823000ED012F8013F1F2B11
:10F7300086BF03F01F0321464FF0A04103F5E0739D
:10F74000954241F82300F0D17A48774D15234FF0C8
:10F75000A041012404FA03F39042C1F80C350ED005
:10F7600010F8013F1F2B86BF03F01F0329464FF0FF
:10F77000A04104FA03F39042C1F80C35F0D16E4B6E
:10F780006E4A1B6812680693DFF89CB1049200234E
:10F7900003934FF0010A049B002B00F0B880039AFA
:10F7A000934240F3B280664B0193002302931B26E1
:10F7B0004FF0A041019B4FF000095A1CB9F1270FEF
:10F7C000059203F1050876DC039B40F69F72042B3B
:10F7D00049F6404E49F63F43C4BF4FF47A6E134694
:10F7E000DDF814C0534C774649F64042B64604252E
:10F7F0004EFA05FE1EF0010F524E4FF01C0012D0C3
:10F800001F2846D84FF0A04E0AFA00F0013DCEF86E
:10F810000C0512D31CF801EC16F8010B4EFA05FE8C
:10F820001EF0010FECD11F2837D84FF0A04E0AFA76
:10F8300000F0013DCEF80805ECD25FB120781F281A
:10F8400086BF00F01F005D464FF0A0450AFA00F0A9
:10F85000C5F80805002002E00130904212D098421D
:10F86000D1F80455F8D125781F2D86BF05F01F0566
:10F870005E464FF0A04601300AFA05F59042C6F800
:10F880000C55ECD1C44504F101040AD01CF801EB7D
:10F89000ADE700F01F00DE46B6E700F01F00DE46D1
:10F8A000C5E709F10109B9F1300F09D0019BB9F1A0
:10F8B000270F1E7888DD4FF0FF334FF0000E8FE7E3
:10F8C000029B032B2BD0029B3BB3012B14BF0123C4
:10F8D0000A23079A92FBF3F3029A1B480132029221
:10F8E00080FB0320DA17C2EBA00202EB8202A3EB3B
:10F8F0004203303305226FF09F005BB212FB03031B
:10F90000069AD018D65C019054E7FFF711FE0C4B15
:10F910000193049B02931B264AE76423D9E7039BC8
:10F920000133039337E700BF00030050006000403D
:10F93000A0A9030098A90300B42500205C41002081
:10F9400090A90300A1A903006766666608B5FFF7E2
:10F95000ABFE00BF08B50846FFF7F8FF08BD00BFC3
:10F960004FF0FF30704700BF054B186828B103689F
:10F97000044ADB69934202D1704711F063B818471B
:10F980006041002059F5010010B5074B03F1080252
:10F9900048330446026040F83C3F09F083FD2046AE
:10F9A00001F05EFE204610BDD0A90300094B10B542
:10F9B00003F1080248330446026040F83C3F09F076
:10F9C00071FD204601F04CFE20461AF034FE204620
:10F9D00010BD00BFD0A90300094A10B502F108010B
:10F9E0004832A0F13C0440F83C1C026009F05AFD8A
:10F9F000204601F035FE20461AF01DFE204610BDBF
:10FA0000D0A90300084B10B5044603F108014833A0
:10FA100040F83C1C44F83C3909F044FD204601F014
:10FA20001FFE204610BD00BFD0A9030070B582B0F4
:10FA3000012604461D46009601F0A8FF2A462146ED
:10FA400004F13C0009F072FD044B204603F108026A
:10FA500048332260E36302B070BD00BFD0A9030049
:10FA6000F8B50646044656F8640B03684FF4006286
:10FA70000025DF6962630B233146B847294610220F
:10FA800084F88B5084F8805084F8755084F8905036
:10FA900004F1810019F05EFF29461022606404F130
:10FAA000760019F057FF2368656B1A68E06405F566
:10FAB00000651846E563136B676C984728448742D6
:10FAC00012D3E56C636CAB420ED220680368DB6A2C
:10FAD0009847854208D205490E2230461AF0D5FDD6
:10FAE000B0FA80F04009F8BD0020F8BD34AA030048
:10FAF00038B5044615461846C4E901500423216070
:10FB00004FF48072083104F10C0005F015FC00225E
:10FB1000012104F1240007F02DFD04F198000DF0FF
:10FB2000BDFC0023C4E91333C4E91533A363236286
:10FB300023646363E3636364A4F85C302366C4F8FE
:10FB40009430204638BD00BF30B5036ADB078DB066
:10FB5000044608D4FFF784FF28B9236A23F0010381
:10FB600023620DB030BD2D22002168461AF0C5FD7C
:10FB70002068616B02680B23156A6A46A8472068F3
:10FB8000016801230D6AE16C6A46A847E5E700BFFA
:10FB900038B500F124050446284607F0F5FC204658
:10FBA000FFF7D2FF2846BDE8384007F067BD00BF29
:10FBB00010B5044698300DF0C9FB204610BD00BFBB
:10FBC000C1600020704700BF014B1880704700BF24
:10FBD000784B002010B5044A026000230446C3801D
:10FBE00006F0ECFE204610BD78BA030010B5064AB8
:10FBF000026000230446C38006F0E0FE20461AF0AF
:10FC00001AFD204610BD00BF78BA030082B010B5BF
:10FC10008C4684B049688646DCF800000DF1080C7B
:10FC2000ACE8030006A981E80C00039BDA070EEBA1
:10FC3000630C12D55A10029B5EF80220D45808AB10
:10FC400093E803008DE8030006AB0CCB6046A047A9
:10FC500004B0BDE8104002B07047029CEFE700BF5F
:10FC60002DE9F84300251E46144B45600446036009
:10FC700088461746BDF8209006F032FE104B2360F0
:10FC80002A46C4E90887A662012104F12C0007F086
:10FC900071FC00220023C4E91023E388256143F4AA
:10FCA000804343F004036561A561E563A4F848500F
:10FCB000A4F80490E3802046BDE8F88378BA0300F6
:10FCC000A4AA0300C3885B070CD510B5006A84B0F2
:10FCD000026800230093146AE0210DF10F02A0478F
:10FCE00004B010BD704700BF70B5C3885B0784B017
:10FCF00004460D4608D5006A002302680093166A80
:10FD0000E0210DF10F02B047206A2A68016853888C
:10FD1000002400940C6A0432E021A04704B070BDB6
:10FD200070B54B6AD3F83C23B3F84243526884B0B1
:10FD3000064603F54F700D46904784F48074B0FA80
:10FD400080F3C4F300245B09A34229D10C210122D2
:10FD50000DEB01000DF02CFAEB885B0708D5286A43
:10FD6000002302680093146AE0210DF10B02A04702
:10FD7000286A039A0368002100919C6A04320C23CC
:10FD8000E021A04748B903A930460DF02FFA03A897
:10FD90000DF036FA304604B070BD03A80DF030FA0D
:10FDA00030460DF0FFF9304604B070BD70B50C461A
:10FDB00082B0064668460DF0F5F9E38801252B432D
:10FDC000E380012007F062FE214601A8FFF7A8FFAB
:10FDD00001A968460DF01CFA01A80DF011FA009B6C
:10FDE0005A88691CE2B11A79202A1DD1E2885B7910
:10FDF000920601D5392B1FD0312B11D00221684634
:10FE00000DF098FAE38823F001036946E380304659
:10FE10000DF0ECF968460DF0F3F9304602B070BD14
:10FE2000132D0BDC0D46CCE7132AE7D059790E4889
:10FE300007F0D2FDC11CE2E70125C2E70122022141
:10FE400001A80DF0B5F9019B20221A7138225A71D0
:10FE5000E38823F00103E38001A930460DF0C6F9E1
:10FE600001A80DF0CDF9D5E754AA030070B584B010
:10FE70000D4601921E4604460DF094F9019903A81F
:10FE80000DF0B4F903A92846FFF72EFF00B92EB9EB
:10FE900003A80DF0B5F9204604B070BD03A80DF01D
:10FEA000AFF9294603A8FFF781FF03A920460DF00B
:10FEB000AFF903A80DF0A4F9204604B070BD00BF4F
:10FEC00070B582B01646044601220D4668460221EE
:10FED0000DF06EF920460DF065F9009B10225E7161
:10FEE0001A71694601A80DF081F901A92846FFF7AA
:10FEF000FBFE064601A80DF083F92EB168460DF011
:10FF00007FF9204602B070BD294601A8FFF74EFFD9
:10FF100001A920460DF07CF901A80DF071F96846A1
:10FF20000DF06EF9204602B070BD00BF30B5CB8831
:10FF30009B0783B00C46054606D5A068A3892860B8
:10FF40002846AB8003B030BD68460DF02BF9012286
:10FF5000214601A8FFF7B4FF01A968460DF058F942
:10FF600001A80DF04DF9009BB3F80730A3810222E0
:10FF7000214601A8FFF7A4FF01A968460DF048F942
:10FF800001A80DF03DF9009BB3F807302381022B47
:10FF900003D1E38843F02003E3800322214601A834
:10FFA000FFF78EFF01A968460DF032F901A80DF0A8
:10FFB00027F9009BA189B3F80730638149F6041241
:10FFC000E388914216BF23F0040343F0060343F095
:10FFD0000203E38068460DF013F9AEE770B50C46F6
:10FFE00084B00421054601220DEB01000DF0E0F87C
:10FFF000019A122313710126082384F0010453711E
:020000022000DC
:100000009671D47101A90DEB03000DF0EFF83346A2
:10001000294602AA03A8FFF729FF03A80DF0F0F86C
:1000200002A80DF0EDF801A80DF0EAF804B070BDDB
:1000300030B5012187B00446FFF7D0FF1F4A07CA39
:1000400003AB03C3606A1A7003A9092200F5557057
:1000500010F058FD0021012006F0C4FC012204210B
:1000600068460DF0A5F8009A1223137107230125A5
:10007000537108239571D371694601A80DF0B6F844
:100080002B4601AA214602A8FFF7F0FE02A80DF0B8
:10009000B7F801A80DF0B4F80A2007F0F7FC606A81
:1000A000032100F54F700FF0A9FC4FF08043684624
:1000B000C3F800550DF0A4F807B030BD48AA0300FE
:1000C000C388DB0700D5704730B50446406AD0F8D6
:1000D0003C33B0F842535B6883B000F54F709847EB
:1000E00085F48075B0FA80F0C5F300254009A84278
:1000F00013D168460DF056F8214601A8FFF710FE0F
:1001000001A968460DF084F801A80DF079F8009B6C
:100110005A8822B968460DF073F803B030BD1A79D9
:10012000112AF7D15A79092AF4D19A79012AF1D101
:10013000DB79032BEED12046FFF77AFFEAE700BF19
:10014000C38870B513F0010503D0124B00221A606A
:1001500070BD0446406AD0F83C33B0F842635B6837
:1001600000F54F70984786F48076B0FA80F0C6F3B9
:1001700000264009B042E8D1064A13681D2B02DC74
:100180000133136070BD20461560BDE87040FFF775
:1001900097BF00BF64410020C38819B143F0010339
:1001A000C380704723F001039BB2C380704700BF38
:1001B00008B507F0C9F9003818BF012008BD00BF15
:1001C00010B5044609F05AF8D4E91032C01A61EBB0
:1001D0000201B0F5FA7F71F1000305D3E06B00284E
:1001E000CCBF0020012010BD002010BD30B5194B40
:1001F0001D688DB045B3044606A80CF0A9FC164B4B
:10020000029318201AF019FA14490022CDE90012BD
:100210000146CDE9040241F80C4BCDE90A22C26047
:100220004A606A46034603CA586099602A680C49C6
:1002300092680C4858618A424FF01203ADF80C30B6
:1002400004D102A807F072FB0DB030BD02A9284608
:100250009047F6E780430020FF0305008502020077
:1002600041DA01000DFC010010B504462C3007F006
:100270003DFA002007F070F92046BDE81040FFF776
:10028000B5BF00BF82B010B502A981E80C00BDF86F
:10029000082040F2FF339A4203D0BDE8104002B07C
:1002A0007047BDF80A30052BF7D104462C3007F013
:1002B0001DFA002007F050F92046BDE8104002B0BA
:1002C000FFF794BF2DE9F04F8FB006469DF8600010
:1002D00004901F460D460191144608F0DFFFB36AF3
:1002E000002B00F0028182468B4608F0D7FF6DB1EB
:1002F000844277EB0103C0F0F6807D4A201A67EB59
:100300000101002382428B4180F0ED8001213046C3
:10031000FFF764FE774A736A07CA0BAD03C503F59E
:1003200055702A700BA9092210F0ECFB049B002BDE
:1003300014BF02200120002106F054FB08A809F098
:1003400077F88046B06A02910368C168DA69436948
:100350000791D3F848150591D3F804130691D3F803
:100360000413C3F80813644B9A4240F0B480634B03
:10037000C360DFF898910023A9F80030049B73B99B
:10038000199B63B11B6819985B689847199BD988BA
:10039000C1F30021C1F1030118460FF02FFB706A71
:1003A000032100F54F700FF029FBB06A544A03682F
:1003B0004021DB6B1160089A02219847B06A0368FC
:1003C0009B6A98470D3C029B47F1FF37B4EB0A0448
:1003D00067EB0B07B8EB0A0863EB0B0B18EB08088D
:1003E0004BEB0B0BB4EB0803029367EB0B0303938C
:1003F000019B089CDFF818B100252F46AA4643B39D
:10040000029B03999D4277EB010224D25A1B61EBB8
:10041000070393457AEB03031BD3B06A03682244B6
:10042000DB6B0221984730BFB06A03689B6C98472A
:10043000041B6519804647F1000708F02FFFB9F843
:10044000002092B2444632B1019BA9F800A0002BD3
:10045000D6D15A46E1E7706A002100F54F700FF0DF
:10046000CDFA049921B9199B13B118460FF0C6FAB9
:10047000B06A03681B6B9847B06A0368DA6943691E
:10048000D3F80413C3F808131B498A4226D1079AEC
:10049000C260059AC3F84825002200231946104679
:1004A00008F0D6FFB36A049A5B69002A069AC3F87B
:1004B000042314BF04200320002106F093FA002136
:1004C0003046FFF78BFD08F0D9FEC6E91001002089
:1004D0000FB0BDE8F08F094990474AE70799904768
:1004E000B36A5B69D5E70748F2E70748F0E700BF62
:1004F0009F86010048AA0300C1FB0100C9FB01005F
:1005000000E100E009FCFFFF16FCFFFF784B002034
:10051000BFBDF0FF30B5044685B0002007F01CF8E1
:100520002046FFF763FE0022002302A8CDE9022344
:1005300008F0A4FF012300220146CDE90032204645
:10054000DDE90223FFF7BEFE054604F12C0007F0AB
:10055000CDF8284605B030BD4CDF704710B5044AD1
:10056000026000230446C38006F028FA204610BD2E
:1005700078BA030010B5064A026000230446C3801F
:1005800006F01CFA20461AF056F8204610BD00BFAF
:1005900078BA030010B586B0002304460193FFF734
:1005A0006BF800BB124A01231360D2F80031002B14
:1005B000FBD00023C2F80031D2F8083501930121A5
:1005C0005160002BB8BF03339B10238208F056FE06
:1005D000E268A18801231044A0601A4602A80CF02A
:1005E00069FA06B010BD01A8FFF7B6FF019BE8E766
:1005F00000C00040C38843F4804310B50446C38064
:1006000008F03CFEA368984271F1000300D210BDCF
:100610002046BDE81040FFF7BDBF00BF70B5094BD5
:1006200000250446C0E900350E4606F059F9064A91
:1006300022604FF47A73C4E90253A68025612046F4
:1006400070BD00BF78BA0300C8AA0300C38843F492
:10065000804310B50446C38008F010FEA36898429A
:1006600071F1000305D2B4F91000B4F91230C01AC8
:1006700010BD2046FFF78EFFB4F91000B4F9123018
:10068000C01A10BD6FF47D70704700BF0020704726
:10069000094B10B503F10802483304460260836039
:1006A00018300CF053FE054A226000232046E380F8
:1006B00006F084F9204610BD2CAB030078BA030085
:1006C000002070470B4B10B503F108024833044675
:1006D0000260836018300CF039FE074A2260002364
:1006E000E380204606F06AF9204619F0A4FF204670
:1006F00010BD00BF2CAB030078BA03002DE9F04118
:100700001D46104B03600023436004460F46164607
:10071000BDF8188006F0E4F80B4B656103F10802A0
:1007200048332260A360C4E9037604F118000CF09A
:10073000B5FE40221823A4F80480A262E38020467C
:10074000BDE8F08178BA03002CAB03002DE9F04F2F
:10075000032B87B082460D46174619464FF001021B
:10076000B8BF032105A803930CF022FD4B4E4FF0B8
:1007700014094FF0000868690121FFF70DFDE868D2
:100780003A6801685388CDF800800C6A0432E4218D
:10079000A0478346002866D13B681B790C2B39D1D2
:1007A000EB8813F0400F14BF6420142006F08AFD7C
:1007B0002869D0F83C23B0F84243526884F480742E
:1007C000B24200F54F70C4F3002447D100208442A8
:1007D00024D1002211464FF0FF3305A80CF03EFD56
:1007E000E868059A01685388CDF800808C6A043265
:1007F000E421A0478346C8B9059A3868137900797F
:10080000834237D0EC88A1061BD5202B0ED153791B
:10081000392B0BD1012006F055FDC9E70BF1010B77
:10082000012006F04FFDBBF1140FC1D1B9F1010950
:10083000A1D168694946FFF7AFFC50460CF0B2FC05
:1008400024E0002BE6D0202BF0D153799842E1D060
:10085000002BDFD0B9F101098DD1EAE79047B0FA5A
:1008600080F04009B3E7012006F02CFDB9F1010941
:1008700081D1DEE768695946FFF78EFC039905A828
:100880000CF058FD05A950460CF0B0FC05A80CF082
:10089000B7FC504607B0BDE8F08F00BF85060200E8
:1008A0002DE9F0410C4684B0054648699846174644
:1008B000FFF708FAE388DB0611D403AE3946304669
:1008C0000CF094FC4346324621462846FFF73EFF93
:1008D00030460CF095FC284604B0BDE8F0810122BA
:1008E000114601A80CF064FC3B681B79032B019BAB
:1008F0000CBF062203221A7101A902A80CF076FC93
:1009000003210A4807F068F803AE034602AA21460D
:100910003046FFF71BFF30460CF072FC02A80CF0CB
:100920006FFC01A80CF06CFCC8E700BFE4AA030050
:10093000F0B585B0044617460E460122082101A8ED
:100940009D000CF035FC20460CF02CFC47F020609C
:10095000019FFEF7D3FD78602846FEF7CFFD01A981
:10096000B86002A80CF042FC05F1080302AA314667
:1009700003A8FFF795FF03A920460CF049FC03A844
:100980000CF03EFC02A80CF03BFC23685B88082BB3
:1009900012D9002220464FF0FF3308210CF07EFCD4
:1009A00023685988204608390CF0C4FC01A80CF0D3
:1009B00027FC204605B0F0BD03A80CF0F3FB03A90B
:1009C00020460CF025FC03A80CF01AFC01A80CF042
:1009D00017FC204605B0F0BD30B583B00C4601468B
:1009E00001A81D46FFF7A4FF01994B885BB1204683
:1009F000AA00043119F059FE002401A80CF000FCF3
:100A0000204603B030BD014CF7E700BF0CFCFFFFF0
:100A1000A0F10800FFF7E0BF2DE9F04F804685B058
:100A200068464FEA83090D4692460CF0BBFBD8F8A6
:100A300028104945A8BF49460831012201A80CF0F9
:100A4000B7FB09EB050B4FF0FF330022FF2101A894
:100A50000CF004FC5D453DD2002601E0AB4539D9E0
:100A6000D8F82820019FA9EB0604944245F0306095
:100A7000A8BF1446FEF742FD78602046FEF73EFD13
:100A800026F0030122465144B86007F10C0019F02A
:100A90000CFE04F1080101A80CF04CFC01A902A80D
:100AA0000CF0A4FB092302AA414603A8FFF7F8FEB5
:100AB00003A968460CF0ACFB03A80CF0A1FB02A84C
:100AC0000CF09EFB009B5B8825442644002BC5D17F
:100AD000064C00E0002401A80CF092FB68460CF0E4
:100AE0008FFB204605B0BDE8F08F00BF0EFCFFFF76
:100AF000A0F10800FFF790BF70B5154682B0012243
:100B000004460E46684611460CF052FB009B6946AF
:100B10001D7101A80CF06AFB2946094806F05CFF2C
:100B200001AA034631462046FFF7BAFE01A80CF0A1
:100B300067FB68460CF064FB204602B070BD00BF46
:100B4000E4AA030010B5C3889B0784B0044609D506
:100B5000636A00209AB262F30F001B0C63F31F401C
:100B600004B010BD01A80CF01DFB0722214602A80D
:100B7000FFF7C2FF02A901A80CF04AFB02A80CF083
:100B80003FFB019B5A88B2B90622214602A8FFF713
:100B9000B3FF02A901A80CF03BFB02A80CF030FB4C
:100BA000019B5A881AB901A80CF02AFBD0E75B799F
:100BB00084F82630F7E7B3F80500FEF7AFFC06220D
:100BC000A084214602A8FFF797FF02A901A80CF014
:100BD0001FFB02A80CF014FB019B5A88002AE2D0EC
:100BE0005B79A28C84F8263002FB03F3B3F5F83F5F
:100BF0001EDC616902A8FFF799F9BDF80830012BE6
:100C00004FF04002E3881AD023F0100343F028038A
:100C1000A2629BB2BDF80C2002F5CD427B3292B2AB
:100C2000012A98BF43F0400343F00203E380BAE790
:100C30004FF4F833B3FBF2F284F82620D9E7A2622E
:100C400043F01803E6E700BF2DE9F04788B00646F9
:100C500015460C460122082101A80CF0A9FA02A8A9
:100C60000CF0A0FA03A80CF09DFA04A80CF09AFA74
:100C70003046FFF767FF96F826300590B08C04EBFE
:100C8000850900FB03F3994500F2D580B9FBF0F824
:100C9000B4FBF0F100FB08F8B9EB080300FB01FA24
:100CA00008BFA8EB000854454FEA850500F0BD8059
:100CB000C31A00FB1144B3FBF0F700FB1737002CFD
:100CC0007DD1002F40F08C80F3881B073BD5C245B7
:100CD0005BD8544607AD03E0B38C1C44444554D85C
:100CE00044F04060019FFEF709FC78602046FEF763
:100CF00005FC01A9B86006A80CF078FA012306AA41
:100D000031462846FFF7CCFD294602A80CF080FAB0
:100D100028460CF075FA06A80CF072FA029B5B8864
:100D2000002BD9D1454C04A80CF06AFA03A80CF0AA
:100D300067FA02A80CF064FA01A80CF061FA2046E8
:100D400008B0BDE8F0874AF04060019CFEF7D6FB92
:100D500060604046FEF7D2FB01A9A06006A80CF037
:100D600045FA012306AA314607A8FFF799FD07A90E
:100D700002A80CF04DFA07A80CF042FA06A80CF0F5
:100D80003FFA029B5B88002BCCD0039B5B88002B37
:100D900035D1049B5C88002CC5D004A907A80CF0B1
:100DA00025FA079A33681C6A5388494604329B081F
:100DB0003046A04707A80CF023FA0024B3E707AD9C
:100DC000A308524631462846FFF7B2FD294603A83C
:100DD0000CF01EFA28460CF013FA002F3FF474AF03
:100DE00007ADBB084A4631462846FFF7A1FD294614
:100DF00004A80CF00DFA28460CF002FA64E703A9E7
:100E000007A80CF0F3F9079A33681C6A5388514617
:100E10009B0804323046A04707A80CF0F1F9049B68
:100E20005C88002C3FF47FAFB7E7021B4244AA4224
:100E30007FF43EAF48E76FF47A7474E70EFCFFFF6F
:100E400010B5044684B00191FFF77CFEA28C019995
:100E50009208204604B0BDE81040FFF7F5BE00BF81
:100E600010B5044682B0FFF76DFEA38C94F82600FF
:100E700003FB00F002B010BD10B5044682B0FFF7CE
:100E800061FEA08C02B010BD10B5044682B00838D7
:100E9000FFF758FEA08B02B010BD00BF0368084AE0
:100EA000DB6A93420BD110B5044682B0FFF74AFECD
:100EB000A08C94F8263003FB00F002B010BD184758
:100EC000610E020010B5044682B00838FFF73AFE02
:100ED000A38BA07F03FB00F002B010BD30B5044629
:100EE00085B0A0F1080528460191FFF72BFEA28BE3
:100EF00001999208284605B0BDE83040FFF7A4BE2E
:100F000010B550F8083C0A4ADB6A9342044682B0A6
:100F1000A0F1080003D002B0BDE810401847FFF769
:100F200011FEA08BA37F03FB00F002B010BD00BF39
:100F3000610E020003460020DA680132DA60704771
:100F40000B68C1601B680846184700BFC0680038BE
:100F500018BF0120704700BFD0F81808704700BFC5
:100F60004B1E032B02D96FF47A7070474B1C5B1039
:100F7000C0F81818C0F81C380020704700F614009C
:100F80000068704710B5044B044640F8083B0CF06D
:100F900037F9204610BD00BF98AB030010B5054BD4
:100FA000044640F8083B0CF02BF9204619F043FBAF
:100FB000204610BD98AB0300F8B58468104B036061
:100FC0000546D4B10F4E104F08E040F8087B0CF0F6
:100FD00017F9204619F02FFBAC6874B16068E26B1A
:100FE0000368DB68AA60984723689B68B342204681
:100FF000EBD09847AC68002CF0D12846F8BD00BF74
:10100000ACAB03009D0F020098AB030038B54B68F2
:101010000C461A684FF07E51054612692163184646
:1010200005F61405904795ED006A9FED117AD4ED11
:10103000067AD4ED075AC7EE276A431C03EBD37335
:1010400020F002025B10012AC4E90D0385EE867AC6
:10105000C4ED096A84ED0A7A02D00023236238BD08
:10106000BEEE007A67EE877AC4ED087A38BD00BF1D
:1010700000C07F442DE9F04F2DED068B8BB00C4660
:101080000AEE100A029108F009F9A3680193CDE96C
:101090000401002B00F09981029B4FF40072D3F8F9
:1010A0001C3892FBF3F2002A40F3AC81029B103310
:1010B000920000211846039319F01FFBCC4E9FEDC0
:1010C000CD8A01240AE002985946FFF79FFFDBF81A
:1010D00034505DB9019B002B00F0B080019B9B4612
:1010E000DB6BDBF834500193002DECD0029BDBED81
:1010F0000A7AD3F81C284FF4007AF5EE407A9AFB6E
:10110000F2FA0AF1040A03EB8A02F1EE10FA0092F5
:1011100009D103F6140292ED007ADBED076AC6EE00
:10112000877ACBED0A7A009A039B9A42D2D99846E5
:10113000DBF808309BED0B7A5A88DBF8383092FBED
:10114000F3F207EE902AF8EEE77A9BED0A6A009A2E
:1011500077EEC77AA2EB0807C7EE866ABF10FDEEEE
:10116000E68A18EE909AB945A8BFB946B9F1000FC2
:1011700034D007EE903A4C46C24601E0DBED0E7AE1
:10118000DBF8102056F82530F8EEE77A67EE877A1C
:10119000FDEEE77A17EE900A1044984707EE900AA2
:1011A0009BED087A9BED096ADBED0C6AF8EEE77AB5
:1011B000013C77EE877A9AED007A67EE867AA6EEA2
:1011C000A77AAAEC017ADBED0B7A9BED0A7A37EE6F
:1011D000877A8BED0B7AD1D108EB890818EE903A1B
:1011E0009F4223DDDBF80C30002B3FF473AFDBF8BC
:1011F0000410013BCBF80C300B6806A81B6898471D
:1012000006A90BF108000CF003F806A80BF0F8FF94
:10121000DBF808308BED0B8A5A880433CBF810309A
:101220001344CBF81430002A3FF454AF009B984588
:10123000FFF47EAF019B002B7FF450AF002C40F0F9
:101240008580029B93F82C387BB1029B049AC3F8EB
:101250003828059AC3F83C2883F82C480222012339
:1012600040F6D63106A80BF025FC01224FF40071A0
:1012700006A80BF09DFF029A069C9FED5F7A658899
:1012800002F5016393ED008A02F50263D3ED007A63
:10129000D2F81838D2F81C2895FBF2F568EE277AB8
:1012A000032BC7EE879A04F1040400F08580012B1C
:1012B00000F08280F6EE007A68EE678A9FED4F9A22
:1012C00028EE278A75B3B8EEC99A039F4C4EDDF815
:1012D0000880023D02E0D8F81838013DB7EC017AE9
:1012E000D8F8242856F82330F0EE497AE7EE297A28
:1012F0002046F4EE687AF1EE10FA48BFF0EE687A14
:10130000F4EE487AF1EE10FAC8BFF0EE487AFDEE3E
:10131000E77A17EE901A11439847D8F81C381C4406
:101320006B1CD8D1029BD86803681B68984706A934
:101330001AEE100A0BF05AFF06A80BF061FF1AEE26
:10134000100A0BB0BDEC068BBDE8F08F029A02F6D6
:101350002803D3ED007AF5EE407AF1EE10FA0ED0C4
:10136000D2F81C384FF4007292FBF3F2002A06DD2B
:10137000039B03EB8202E3EC017A9A42FBD1029BCE
:1013800093F82C38002B7FF470AF02990498C1F8C1
:1013900030080123059881F82C3801F504640026F3
:1013A0000027C1F834081A4644E9026740F6D631EE
:1013B00006A80BF07FFB58E7B6EE009A28EE099AD4
:1013C000DFED0C8ABDEEC99A7CE7029BD868036802
:1013D0001B6898471AEE100A01224FF400710BF0B7
:1013E000E7FE1AEE100A0BB0BDEC068BBDE8F08FDD
:1013F0006C2500200000000000C07F4400000000B9
:1014000090250020029B1033039357E670B50646E3
:101410002DED028B402008EE903A08EE102A0D4682
:1014200019F00BF940220446002119F066F9204614
:10143000164B40F8083B0BF0B5FEF8EEE88AB5EE27
:10144000408AF1EE10FA6560C4ED068A05D12B687A
:1014500028469B69984708EE100A0023002221467F
:101460003046C4E9033384ED078A6361E262FFF723
:10147000CDFD2B68B2685B68E2632846B460214604
:101480009847BDEC028B204670BD00BF98AB0300AF
:1014900007EE901AF8EE677A00F50160C0ED007A69
:1014A00000207047C0F824180020704729DF7047DB
:1014B00028DF704712DF7047022802D1014B01225A
:1014C0001A707047844B002000207047C068704736
:1014D000D0E9023003FB00F0704700BF10B50446AE
:1014E00008466468114621449A0019F0DEF800208D
:1014F00010BD00BF2DE9F041466882B04FF00008F2
:101500000DF107001D4614460E448DF80780FFF7C5
:10151000D1FF9DF80730ABB11E4F87F8008001E086
:1015200007F080FF2A4621463046FFF7BFFF0346FB
:101530000A20002BF4D13B78002BFCD0002002B015
:10154000BDE8F081144A0123C2F80435D2F8003412
:10155000002BFBD095B1A4F1040C0F48C4F1040496
:101560000CEB8505344404EB0C035CF8042F1A6083
:10157000D0F800140029FBD0AC45F4D1064A002372
:10158000C2F80435D2F80034002BFBD0002002B0A2
:10159000BDE8F081844B002000E00140F0B54368D5
:1015A00083B0044600270DF10700CD188DF80770B1
:1015B000FFF780FF9DF807309BB1174E377001E0B1
:1015C00007F030FFE068B5FBF0F0FFF771FF03466E
:1015D0000A20002BF4D13378002BFCD0002003B07C
:1015E000F0BD0E4A0223C2F80435D2F80034002BB5
:1015F000FBD00A49C2F80855D1F80034002BFBD0C3
:101600000023064AC1F80435D2F80034002BFBD081
:10161000002003B0F0BD00BF844B002000E001407B
:1016200002680549D2688A4204D1D0E9020303FB6B
:1016300000F07047104700BFD1140200C360024B96
:101640000360C0E901127047D8AB0300704700BFC8
:101650006FF47D70704700BF6FF47D70704700BFFE
:1016600010B5C388044A026023F400530446C380C3
:1016700006F03AFE204610BDFCAB030010B5C3884F
:10168000064A026023F400530446C38006F02CFE91
:10169000204618F0D0FF204610BD00BFFCAB030071
:1016A000036870B55A6C0A4DAA42044606D15B68BD
:1016B000084A934208D16FF47D7070BD904723684B
:1016C000044A5B689342F6D02046BDE87040184754
:1016D000591602008506020070B50646006A0368C6
:1016E000DB6A9847306A03681B6B9847F369D868D0
:1016F000002820DD06F130011E4D0844002411F9B8
:10170000012B02F5A272884245F82240F7D11A4D0A
:10171000002402E0DA68A2420DDD5A6952F8240082
:1017200002685268AA4204F10104F3D09047F369B9
:10173000DA68A242F1DC9A68002A13DD0E4D00241B
:1017400002E09A68A2420DDD1A6952F8240002688C
:101750005268AA4204F10104F3D09047F3699A68F1
:10176000A242F1DCF388002223F00203F380F27539
:1017700070BD00BF0060004085060200C37D0BB154
:10178000FFF7AABF704700BF2DE9F04FC37D85B0BA
:1017900004460191002B6CD1C3880293E669F3687B
:1017A000002B6DDD0123206ADFF8E880DFF8E8E038
:1017B000344D354F039404F1300C04F1350200210F
:1017C0009B469C1C8CF80030147074696458247D0E
:1017D00003F5A27948EA04244EF8294012F9019B46
:1017E000446909F1A20901F5A27A544445F8394047
:1017F00012F9014C1CF9019BA23405EBC40407EB60
:101800008909C4F8049012F9014C0BFA04F4C5F8E4
:101810000445F4689C4201F1040103F10103D0DCAA
:10182000039C029B23F00103E380019B327A17495A
:10183000023B012B9CBF0132D2B26275C2EB021295
:10184000134B9200B3FBF2F2237B626202FB03F3C1
:10185000A1FB0313DB0BA36203680021DB6B98473A
:10186000236A5B690122DA60019BA37505B0BDE8BC
:10187000F08FC3880293DB0790D4D0E90760D4E7E8
:10188000206ACEE700F00140306000408180808017
:101890000024F40003000100006000402DE9F8433B
:1018A0000546817DFFF770FFEB699A68002A20DD0D
:1018B000304FDFF8C490DFF8C48000240AE05A6C8F
:1018C0004A4549D15B68434543D1EB699A68013485
:1018D000A2420EDD1B6953F8246033689A68BA424D
:1018E000EDD0002130469047EB699A680134A2425E
:1018F000F0DCDA68002A20DD1E4FDFF87C90DFF88C
:101900007C8000240AE05A6C4A452DD15B6843452F
:1019100027D1EB69DA680134A2420EDD5B6953F826
:10192000246033689A68BA42EDD00021304690476F
:10193000EB69DA680134A242F0DC286A03685B6A6A
:101940009847286A03689B6A98470123EB75BDE8AE
:10195000F88330469847B8E700213046904733680F
:10196000B0E730469847D4E70021304690473368C7
:10197000CCE700BFA116020059160200850602003E
:10198000C37D03B17047FFF789BF00BFF8B51546A7
:101990000E46526829689DF81870044606F0D0FC7F
:1019A000EA68134B13492360052A4FF00003C4E98A
:1019B0000756A7750C602376E3752375E3620FDC89
:1019C000326819463046936B9847206A03684FF493
:1019D0007A51DB6C9847226AE37D0749D1600BB1ED
:1019E0002046F8BD2046FFF759FF2046F8BD00BF4E
:1019F000FCAB030068410020ED1C020010B503465B
:101A000061B102680E49126B0E4CC37D23708A428D
:101A100013D10BB1FFF760FE002010BD094A127808
:101A2000002AF9D01A680849D26A8A4205D1DB7DBA
:101A3000002BF1D1FFF732FFEEE79047002010BDF9
:101A40007D170200854B0020811902002DE9F04F1F
:101A5000C769037DBA680569934285B0044680F280
:101A60001B813A699E4E52F8230003681B68B342FB
:101A700040F03281D4F82080D8F81420012353603C
:101A8000227D617D1A44B2FBF1F001FB1022227528
:101A9000B86882425EDAD7F80C90B969B9F1000FE4
:101AA00001EB42014BDDAA1DD8F8145000952589A1
:101AB0000195CDE9027800FA03FEDDE90078A07D0A
:101AC000CDE9002600F0FD0004F1300CCD18227E97
:101AD000032A03D8DFE802F002B2A3BF4A78009ECF
:101AE00015F801AC08FB026212F80A2018B9002AA6
:101AF00000F0BF80FF22A66A03F5A87A06FB02F277
:101B000047F82A209A46002A00F0B8809CF9002065
:101B1000920002F1804202F5C042D2F810B52BF4D7
:101B2000801BC2F810B5D145714403F101030CF1DB
:101B3000010C7544CBDCDDE90278019E227D3B6916
:101B400053F8220003681B68B34240F0BC80D8F809
:101B500014305EE0626AD8F800300021DB6B92003E
:101B600040469847E169CB68002B27DD0025DFF868
:101B7000749104F13007A84602E0CB68AB421DDD4A
:101B80004A6917F9013B013502EB850203F5A2739F
:101B900052F8040C49F82380D4E9082305F5A87C01
:101BA00052699B0042F82C3003681B68B342E4D0B2
:101BB00001219847E169CB68AB42E1DC0B69186809
:101BC00003681B68B34240F083800B6994F93020AE
:101BD0001B6844491B7D02F5A2721B0243F00113EE
:101BE00041F8223094F9303094F935103E4A9B0088
:101BF000A23103F1804303F5C24342F83130236A36
:101C000094F935105B69A23102EBC10203F1440182
:101C100051600122DA601A6005B0BDE8F08F91F8DA
:101C200001A06289009EA2EB0A0215F801AC08FB34
:101C300002626FEA0A0A12F80A2057E715F8012C27
:101C4000009E91F801A002FB088232446FEA0A0A62
:101C500012F80A204AE7628915F801AC009E013AA1
:101C6000A2EB0A0208FB026291F801A012F80A2016
:101C70003CE703F5A8729A4647F822009CF9002039
:101C8000920002F1804202F5C042D2F810B54BF446
:101C9000801BC2F810B546E7D0E908235169104E01
:101CA0009A00D1F84435817DC3EB0323B3FBF2F3F3
:101CB000C288C3F1FF0342F00302C362C280FFF790
:101CC00063FDE769D6E601219847236A5B69A0E7CF
:101CD00000219847E16978E700219847E769C9E65C
:101CE000511602000060004000F00140024B1868ED
:101CF00008B1FFF7ABBE70476841002010300BF011
:101D0000B3B800BF837D10B5044633B1012B0ED0AC
:101D1000E3889B0713D5E06A10BD0221FFF734FD6D
:101D2000E288A37D22F00202012BE280F0D10321A0
:101D30002046FFF729FDE38823F00203E380192002
:101D400005F0C0FAE06A10BD10B5044606F0B0FA1E
:101D500040B9237B616A044A01FB03F3A2FB03231E
:101D6000DB0BA36210BD00BF8180808070B52DEDBC
:101D7000028B08EE103A044616460D460AF0D8F9D2
:101D8000FDEEC87A0A4A226017EE903A324684ED98
:101D9000138A21466564A6642846FFF737FB01468F
:101DA000206520460AF068F9BDEC028B204670BD24
:101DB0003CAC0300016170470069003818BF012086
:101DC000704700BF03207047C06B07EE900AF8EE23
:101DD000E77A17EE900A7047104B03F108023C3384
:101DE00010B504460260836030300BF009FA04F14C
:101DF0002C000BF005FA04F128000BF001FA04F1B5
:101E000024000BF0FDF9064AA260002304F108004B
:101E1000E38104F0D3FD204610BD00BF60AC030099
:101E200078BA0300114B03F108023C3310B50446A5
:101E30000260836030300BF0E3F904F12C000BF00A
:101E4000DFF904F128000BF0DBF904F124000BF0BA
:101E5000D7F9074AA2600023E38104F1080004F0E7
:101E6000ADFD204618F0E7FB204610BD60AC030036
:101E700078BA030038B5124B03F108023C3304462C
:101E800040F8082C40F8283B0BF0BAF904F1240084
:101E90000BF0B6F904F120000BF0B2F904F11C00CC
:101EA0000BF0AEF9074A22600023A4F10805E38095
:101EB000204604F083FD284618F0BDFB284638BDB7
:101EC00060AC030078BA030038B5114B054603F146
:101ED00008023C33044640F8082C45F808392830FD
:101EE0000BF08EF904F124000BF08AF904F12000C4
:101EF0000BF086F904F11C000BF082F9054A226010
:101F000000232046E38004F059FD284638BD00BF79
:101F100060AC030078BA0300F0B5274B03600446B9
:101F20000025264B836083B0A1810830E5811646E9
:101F300004F0D6FC224B23603433A3602A460121EF
:101F400004F1140005F016FB04F1280701224FF4F8
:101F5000007104F124000BF02BF938460BF022F944
:101F600004F12C000BF01EF92946012204F1300087
:101F70000BF01EF900234FF4007123660122A164C7
:101F8000C4E90D552561E56401A80BF011F901A91B
:101F900038460BF03DF901A80BF032F9094A2264EA
:101FA000AE424FF000032046C4E91655C8BFE663B1
:101FB000A4F8443003B0F0BD98BE030078BA030023
:101FC00068AC030000C07F44C3895B0770B5456BF4
:101FD00004465DD42B46E16A002B64D05033081DC3
:101FE0004A886363024493420ED3D1ED037A60635F
:101FF000F5EEC07AF1EE10FA3CDA04F1140005F0C7
:10200000AFFB002836DC636B93ED027ADFED277AB5
:1020100019685A686265B5EEC07AF1EE10FA48BFE9
:10202000B1EE477AC7EE276A00202165E06504F12A
:10203000640104F17005D4ED0F7AF8EEE77A67EEEB
:10204000A67AFDEEE77AF8EEE76AC4ED167ADA6969
:102050009861012AB8BF012207EE902AB8EEE77A0C
:10206000DA61C6EE877A1433E1EC017A8D42EED163
:10207000002070BD0026666304F1300104F12C00DD
:102080000BF0C6F8A81BC4E9166618BF012070BD86
:102090000023436300F130012C300BF0B9F8636B7F
:1020A000E16A002B9AD10B1D184699E700007A448B
:1020B0002DE9F04FD1E9167E2DED088B01F12403B7
:1020C0004FF0000B9FEDB78ADFEDB7AA9FEDB7AADF
:1020D0000BEE903A0BEE100A8BB00C465D46704644
:1020E000B842034633D0E28912F004022FD10492A1
:1020F000B8424EDBE289920740F11781049B002B26
:10210000EED0AB46002D00F04181D4ED107AB4F84A
:102110004420B6EE007A67EE877A5545FCEEE77A02
:1021200017EE903A43EA02039BB203D22BF8023B2C
:10213000DA45FBD81BEE901A1BEE100A0BF056F88E
:102140001BEE100A0BB0BDEC088BBDE8F08F2046EB
:10215000FFF73AFFA76DE389002F40F09E8000282B
:1021600000F0F380A56323F00403E3810523E36417
:1021700001231A46A18906A80AF09CFC04F1140068
:1021800005F07CFAD4E916700122B84203460492A5
:10219000B0DA002D00F0CC8006AA019204F16402AE
:1021A000029204F1700BD4ED157AD4ED108A94EDFF
:1021B000147A616BDDF808C0DDF804E068EEA78AE8
:1021C000D4ED0F7A27EE087AF8EEE77A68EEAA8A5D
:1021D00087EE279A0E46F0EE4A9AE8EECA9AD6F8AB
:1021E0001880F269BCEC017A07EE908AF8EEE77A83
:1021F000013A67EE877A9045FDEEE77A06F114061C
:10220000EEEC017A08BF4EF8047CE345E7D1DDE946
:102210000676089ABE42A8BF3E469642A8BF16461A
:102220009E4241DDAA4585D0D4ED187AFDEEE77ACD
:10223000D1E9033017EE901A984707EE900AF8EEAE
:10224000676AB0EE697AA8EEA67AE06DB4F8442029
:10225000D4ED187ABCEEC77A79EE277A17EE101A09
:10226000F4EEC87A431C1143F1EE10FA25F8021B74
:102270001846E365C4ED187A08DD77EEC87AF4EE07
:10228000C87AF1EE10FAF8DCC4ED187AB3420BDA32
:1022900055453FF44FAF616BC6E713F004025CD0C5
:1022A00000283FF460AF5DE79C46BC4586460DF1D3
:1022B0001C094FF014084FF00006204608D00136E4
:1022C000032E08F1140828D059F8047BBC45F6D138
:1022D000426B06EB860102EB810389000391D3E98F
:1022E00006718F424FEA8604E9DA5B6902EB080166
:1022F0004BB1059098470598039B426BD0F85CE082
:102300001344F4469F69344402EB840201360137DA
:10231000032E976108F11408D6D104466346A76DD1
:10232000674570463FF73FAFE8E6002D7FF4E6AE25
:10233000A56BB5B1626A0021A16302F1040A52885B
:10234000874292443FF728AFD8E659073FF50BAFD5
:10235000E06D012304930346CAE6E06D0492034650
:10236000C6E606AD0122A16C28460AF021FF2946E7
:102370001BEE900A0AF04CFF28460AF041FF626A01
:10238000E06DA76D151D0346AA46D8E706A80AF01A
:1023900009FF1BEE900A06A90AF03AFF06A80AF008
:1023A0002FFFC7E6000080440000803A0000004490
:1023B000F0B50C4601F1280785B0394606460AF00B
:1023C00015FFA36B6D4633B128462146FFF770FE1B
:1023D00028460AF015FF0023A36304F124013846C0
:1023E0000AF016FF21462846FFF762FE28460AF04B
:1023F00007FF206903681B689847E36C002B02DD28
:10240000013BE36413B1304605B0F0BDA18901235F
:10241000022228460AF04EFB304605B0F0BD00BF50
:10242000C38919B143F00203C381704723F002034B
:102430009BB2C381704700BF01607047704700BF07
:1024400070B5664E664D674C674930460AF0A6FF88
:102450003046664E2A46214618F0E8F86449304670
:102460000AF09CFF3046634E2A46214618F0DEF8FB
:10247000614930460AF092FF3046604E2A462146B6
:1024800018F0D4F85E4930460AF088FF30465D4EB9
:102490002A46214618F0CAF85B4930460AF07EFF0A
:1024A00030465A4E2A46214618F0C0F85849304660
:1024B0000AF074FF3046574E2A46214618F0B6F807
:1024C000554930460AF06AFF3046544E2A462146A6
:1024D00018F0ACF8524930460AF060FF3046514ED1
:1024E0002A46214618F0A2F84F4930460AF056FF16
:1024F00030464E4E2A46214618F098F84C49304650
:102500000AF04CFF30464B4E2A46214618F08EF812
:10251000494930460AF042FF3046484E2A46214695
:1025200018F084F8464930460AF038FF3046454EE8
:102530002A46214618F07AF8434930460AF02EFF21
:102540003046424E2A46214618F070F8404930463F
:102550000AF024FF30463F4E2A46214618F066F81E
:102560003D4930460AF01AFF30463C4E2A46214685
:1025700018F05CF83A4930460AF010FF3046394E00
:102580002A46214618F052F8374930460AF006FF2D
:102590003046364E2A46214618F048F8344930462F
:1025A0000AF0FCFE3046334E2A46214618F03EF82B
:1025B000314930460AF0F2FE3046304E2A46214676
:1025C00018F034F82E4930460AF0E8FE2A46214633
:1025D0003046BDE8704018F029B800BF984100208F
:1025E000502500204DD30200B8AC03006C41002000
:1025F000C0AC03008C41002030AE0300B04100208D
:1026000038AE03009041002014AF0300B441002015
:102610001CAF030070410020F8AF03008041002090
:1026200004B003008441002098B00300A0410020C2
:102630009CB003009441002030B10300B841002059
:1026400038B10300A4410020CCB103007841002040
:10265000D4B103009C41002068B203007441002003
:1026600070B20300A841002004B303007C410020A5
:102670000CB303008841002058B30300AC41002094
:1026800060B303006FF47D70704700BF6FF47D701E
:10269000704700BF6FF47D70704700BFC08800F0C6
:1026A0000500003818BF0120704700BFC08800F047
:1026B0000A00003818BF0120704700BFC08810F022
:1026C000030018BF01207047C08800F00C000038DC
:1026D00018BF0120704700BFC088C0F3802070473A
:1026E0006FF47D70704700BF6FF47D70704700BF5E
:1026F00003684FF47A729B6B02FB01F1184700BF2D
:102700006FF47D70704700BF6FF47D70704700BF3D
:1027100008B50368DB6B9847024BA3FB00308009C8
:1027200008BD00BFD34D62106FF47D70704700BFCD
:1027300001610020704700BF6FF47D70704700BFDB
:102740006FF47D70704700BF0A717047704700BF1B
:10275000704700BF806B7047406B70470120704727
:10276000C06A003818BF0120704700BF10B504468A
:1027700017F061FF204610BDC38B990710B50446C2
:1027800006D5436D5BB110BD23F002039BB2E3831A
:10279000626D002AC4BF43F00203E38310BD06F05C
:1027A0006DFD636CC01A61F10001652871F10003D1
:1027B000E38BE9D29A07EBD510BD00BF0B4B10B5E8
:1027C00003F1080103F18C02B03304460160826119
:1027D000036230300AF014FD054AA261002304F1BF
:1027E0001800E38304F0EAF8204610BD44B5030066
:1027F00078BA030038B50C4B03F1080103F18C02E1
:10280000B033044640F8181C0260836018300AF0A8
:10281000F7FC064A226000232046A4F11805E38055
:1028200004F0CCF8284638BD44B5030078BA03005C
:10283000026838B593690D4612498B42044617D198
:10284000C38803F005031BB153680F4A934201D1BB
:102850000E4838BD20469847B5FA85F35B09834298
:10286000F6D123680A4A1B68934206D1002038BD7E
:1028700098470028ECD02268E6E72946204698478A
:10288000002038BD9D2602008506020012FCFFFFD5
:102890005116020002680849D26B8A4208B505D178
:1028A000406B064BA3FB0030800908BD9047034BEB
:1028B000A3FB0030800908BD59270200D34D6210E8
:1028C00001207047C068003818BF0120704700BF62
:1028D0000D4B10B503F1080103F18C02B03304462F
:1028E00001608261036230300AF08AFC074AA2610B
:1028F0000023E38304F1180004F060F8204617F089
:102900009AFE204610BD00BF44B5030078BA03000C
:1029100038B50E4B03F1080103F18C02B0330446C5
:1029200040F8181C0260836018300AF069FC084AFD
:1029300022600023A4F11805E380204604F03EF84D
:10294000284617F078FE284638BD00BF44B503007E
:1029500078BA0300C388990710B5044606D5C36B3F
:102960005BB110BD23F002039BB2E380E26B002A4F
:10297000C4BF43F00203E38010BD06F07FFCE36AAE
:10298000C01A61F10001652871F10003E388E9D202
:102990009A07EBD510BD00BF1B4B70B50446036012
:1029A0004FF48073C3800025184B228102202071D0
:1029B000A36104F11800C4E903552575E5610E46CD
:1029C00003F08EFF124BA66203F1080103F18C02A3
:1029D000B0332160A261236201224FF4007104F13F
:1029E00030000AF0E5FBE38B226B65630021802059
:1029F000043243F48043A063E5626564E2642165C8
:102A00006565E383204670BDD8B4030078BA03003F
:102A100044B5030038B5044621200D4605F034F8CE
:102A2000236B58880433002D3DD019182848E26BD9
:102A3000E36CA0FB020299424FEA12102AD9520914
:102A400007EE902AB8EEE77A07EE900ADFED215AFA
:102A5000F8EEE76AB7EE006AD4ED147AF4EEC77ABE
:102A6000F1EE10FA4FF0000248BF94F854201A70AB
:102A7000D4ED147AE36C77EE867A0133F4EEE67ADD
:102A8000F1EE10FAC8BFF0EE657A8B42C4ED147A0D
:102A9000E364E1D3D4E90D232120C4E90F23BDE889
:102AA000384004F0F1BFD4E91121521A07EE902A00
:102AB0009FED097AF8EE677A67EE877AFDEEE77A9E
:102AC00017EE902A8242D4BF99181918AEE700BFBA
:102AD000A38B2EBA0000000078C2B93C10B50446A2
:102AE00006F0CCFB636B606403B1A36B63650021EC
:102AF0002046FFF78FFFE38BDB0700D510BDFCF707
:102B0000A7FB04F12001074AA06A8023FEF77EFCA0
:102B1000E28B016842F001020968E062E283BDE8ED
:102B20001040084700442C47B1F5806F0DD8B1F52F
:102B3000007F08B5C8BFC1F580618029A8BF80218A
:102B40008163FFF7CBFF002008BD6FF47A707047F8
:102B500008B5134BA3FB01231B09162202FB03F349
:102B60009A1807EE103A07EE901A06EE902AF8EE41
:102B7000677AF8EE666AB8EE477A37EEC77A77EE8C
:102B8000E67AB0EEC77AF0EEE77AB4EEE77AF1EEE5
:102B900010FA58BF13464363FFF7A0FF002008BD9B
:102BA000A38B2EBA036810B54FF47A749B6B04FBA9
:102BB00001F1174CA34227D1164BA3FB01C31624E6
:102BC0001B0904FB03F303EB040C07EE103A07EEBA
:102BD000901A06EE90CAF8EE677AF8EE666AB8EEDA
:102BE000477A37EEC77A77EEE67AB0EEC77AF0EE3C
:102BF000E77AB4EEE77AF1EE10FA58BF6346436322
:102C0000FFF76CFF002010BDBDE81040184700BF63
:102C1000512B0200A38B2EBA70B50C4682B005462C
:102C20000AF0C0FAE38B9B070DD4236B0433E364F3
:102C300006F024FBE36AA0641A68184613689847F4
:102C4000284602B070BD04F13006314628460AF02D
:102C5000DFFA20460121FFF7DDFE01224FF400716B
:102C600001A80AF0A5FA01A930460AF0D1FA01A894
:102C70000AF0C6FAD9E700BFA1F12001FFF7CCBFE7
:102C8000ACDF7047AEDF7047002202810260426015
:102C9000704700BF2DE9F0414FF6FF7486B0A142A6
:102CA000ADF8063033D0048914F001040D46064611
:102CB00017460FD19BB202AA00243188ADF8083024
:102CC0002846ADF80A400397FFF7DAFF204606B022
:102CD000BDE8F0810388ADF808300592012302AA0F
:102CE0008DF80A304FF000080DF106031146284612
:102CF000ADF80C8004930092FFF7C4FF0028E5D0E4
:102D0000049B009A1988BDF806309942D4D100245A
:102D1000204606B0BDE8F08172DF704773DF704770
:102D200074DF704776DF704777DF704778DF704772
:102D30007ADF70478FDF704769DF70471321FFF735
:102D4000F1BF00BF0B68034A0146D2560320FFF7CC
:102D5000EBBF00BF98B7030010B5094B044640F81D
:102D6000143B0AF0F3FA04F110000AF0EFFA054AF6
:102D7000226000232046E38003F020FE204610BDA1
:102D8000A8B7030078BA0300C388590705D41B0706
:102D900000D4704704200EF0B9BE10B5044606F00A
:102DA0006DFAA369C01A61F10001B0F5FA6F71F113
:102DB000000303D2E3881A070BD410BD0748002193
:102DC0000FF0BCFCE38823F004039BB21A07E380F6
:102DD000F3D5BDE8104004200EF098BE3D2D020052
:102DE00070B584B00DF107034FF6FF70039310F038
:102DF00007F94FF6FF75A84227D0044607E0039B6A
:102E00001B786BB110F0FCF8A84204461DD002AA52
:102E10000121204610F0F2FA03462046002BEED0A6
:102E200006F02CFA0A4E04460D4610F089FE09E021
:102E300006F024FA031B61EB0502B3F57A7F72F109
:102E4000000302D23368002BF2D104B070BD00BF82
:102E5000FC41002010B59AB004463C2200210BA88A
:102E600017F04BFC0023012205930A930293CDE94E
:102E70000833CDE9033306938DF814208DF829200B
:102E80000F4B4FF47A7202FB04F40221A3FB0434CB
:102E900006238DF82C1002AA0A498DF82F300BA8B2
:102EA0001F23640A0191ADF8083007940EF044FF27
:102EB00005AA01A90448FFF72FFF1AB010BD00BFF3
:102EC0005917B7D1C84100204826002038B5664DB3
:102ED000002943D12B78990638D4DA062FD41C0761
:102EE00025D458071DD4990713D4DA070BD45B06F1
:102EF00003D40EF0C7FB002038BD5C4B01211878CD
:102F0000FFF70CFFF5E712F079F82B785B06F0D5A8
:102F1000F3E7574B4FF400321A602B78DA07E6D507
:102F2000F1E7534A012151609907DED5F1E7504B93
:102F30004FF000721A602B785807D4D5F1E74C4B4C
:102F400001221A602B781C07CBD5F0E7484B4FF4D1
:102F500000621A602B78DA06C1D5F0E70EF08CFB20
:102F600000232B7012F062F82C7810B944F00104A1
:102F70002C703F4B1B689A0348BF44F002043C4B43
:102F800048BF2C705B68DB0748BF44F00404384B33
:102F900048BF2C701B68980148BF44F00804344BAC
:102FA00048BF2C701B68D90748BF44F01004304B51
:102FB00048BF2C701B681A052C4B48BF44F02004F6
:102FC000187848BF2C70FFF7ABFEB0B1E30719D4F7
:102FD000A0071CD4610726D422072FD4E30639D4D6
:102FE000A00688D5224B4FF40062C3F88020BFF3BF
:102FF0004F8FBFF36F8F002038BD44F04004E307CC
:103000002C70E5D511F0D8FF2C78A007E2D5184B2D
:103010004FF40032C3F88020BFF34F8FBFF36F8FA0
:103020002C786107D8D5124B0122C3F88420BFF356
:103030004F8FBFF36F8F2C782207CFD50C4B4FF0FB
:103040000072C3F88020BFF34F8FBFF36F8F2C78CF
:10305000E306C5D5064B0122C3F88020BFF34F8F8E
:10306000BFF36F8F2C78BBE7864B002048260020EB
:1030700000E100E00B4B10B5044640F8143B0AF0A9
:1030800065F904F110000AF061F9074A2260002393
:10309000E380204603F092FC204617F0CCFA20464D
:1030A00010BD00BFA8B7030078BA030010B50446EE
:1030B00082B010F033FE204610F03EFE2378023B33
:1030C000062B0CD8DFE803F01022040B0B0B0D00CD
:1030D000012360888DF8043001A910F02DFD02B0A5
:1030E00010BD237A012B1FD0124B1C68002CF6D088
:1030F00094F82030002BF2D1E3689B07EFD4A3694A
:10310000002BECD006F0BAF8A061E8E7094B1B6889
:10311000002BE4D093F82020002AE0D1DA6892074F
:10312000DDD40222DA60DAE7034A1368013B136058
:10313000DAE700BF00420020FC41002003883B2B5F
:1031400042D80F2B40F29B8010B5103B86B02B2B42
:1031500038D8DFE803F0475C37373716373737772B
:10316000373737373737378937373737373737379D
:1031700037373737373737373737373737373737DF
:10318000374000F10801062268460AF057F96946FF
:1031900001A80AF079F93A4B1C686CB101A902A8A0
:1031A0000AF072F902A904F110000AF07DF9012376
:1031B000E36002A80AF0CAF801A80AF0C7F8684656
:1031C0000AF0C4F806B010BD562B03D18088132135
:1031D000FFF7A8BD70478088132106B0BDE81040F6
:1031E000FFF7A0BD81884FF6FF73994206D0254BAB
:1031F000254A1B680320D256FFF796FD01231A4685
:103200004FF47A7102A809F055FC06B010BD1C4BB2
:103210001C68002CD6D0012302224FF47A7102A838
:1032200009F048FC94F82130002BCBD00FF004FAC1
:103230000028C7D1154B1878012106B0BDE8104011
:10324000FFF76CBD037A002BBCD10D4B1C68002C22
:10325000B8D094F82030002BB4D1E3689B07B1D4E8
:1032600006F00CF8A061ADE7002302A980888DF874
:1032700008308DF80930FFF75DFD06B010BD7047CE
:10328000004200205C25002098B70300482600205B
:1032900038B50E4B00250446C0E9003503F020FB8D
:1032A0000B4B2360A56004F110000AF0F7F804F15D
:1032B00014000AF0F3F8074BE56040F20112228493
:1032C0001C6012F0D9F8204638BD00BF78BA030060
:1032D000A8B70300004200202DE9F04FC488A3B036
:1032E00014F480549DF8B4B002D023B0BDE8F08F40
:1032F00099462C9B8360C0E9064490460F460546DC
:103300000EF00EF911F066FF02940EF0E9FB11F0D9
:103310007BFD02A9012011F0E1FE9C4B05F1140A8E
:10332000196812A80AF03AF812A950460AF0BCF837
:1033300012A80AF00BF806AE954904A80AF02EF878
:10334000944930460AF02AF804AA514608A80AF01F
:10335000BBF83A4608A90BA80AF0B6F832460BA902
:1033600012A80AF0B1F812A950460AF09DF812A866
:1033700009F0ECFF0BA809F0E9FF08A809F0E6FF47
:10338000304609F0E3FF04A809F0E0FF6B690894F8
:103390000220C4F3072260F301028DF821201A1DD8
:1033A0000A94099208A95B88029AADF82830412056
:1033B000ADF82A30FFF7C0FC02A811F0D7FE204676
:1033C000FFF7B4FC03224FF0000362F306130494EA
:1033D00010278DF8103007238DF811308DF8144028
:1033E0008DF8127010F04AFB0DEB070010F08CFB0B
:1033F000694810F06DFB0823ADF8183030464FF4E3
:10340000C873ADF81A70ADF81C40ADF81E30FFF768
:103410008FFC624821460FF021FBBBF1000F40F00A
:10342000A28003AF5E4B129312A811F0A5FF7C207F
:1034300017F003F94A46AB68294600F093FE534B58
:1034400012A8196809F0AAFF56490BA809F0A6FFAF
:103450000BAA12A938460AF037F80BA809F076FF34
:1034600012A809F073FF4022002112A817F045F9B5
:103470004D4B1868139001238DF8843010B117F06C
:1034800078F980B2ADF8480003980430159017F031
:1034900070F9ADF85000D8F800000430179017F01C
:1034A00068F9424BADF858001868199010B117F040
:1034B00060F980B23E4BADF8600018681B9010B107
:1034C00017F057F980B23B4BADF8680018681D90B3
:1034D00010B117F04EF984B212A8ADF8704012F096
:1034E00097F810F03FFB344B18601B68002B01DD90
:1034F000FFF776FC314CDFF8D0803220FFF7AAFCD2
:10350000062321462E4823600FF018F998F8001082
:10351000FF2905D023682B4A0120D256FFF704FC6F
:103520004FF4A0330C934FF4F02303220D930BA818
:103530000023CDE90E33CDE910338DF838200B96FA
:103540000EF00CFF012185F8211098F80000FFF71C
:10355000E5FBEB8843F480533846EB8009F0F6FE38
:1035600023B0BDE8F08F10F0FDFA032803AF7FF71A
:1035700059AF12AB3A460BA90DF1060010F004FB4F
:10358000BDF80C0010F0F6FA4CE700BF58250020FB
:1035900018B603001CB60300AD300200E84100205D
:1035A000253B020020B60300C0410020BC410020A2
:1035B00054250020C4410020FC4100205C2500204F
:1035C000452D020098B703004826002008B50FF0EB
:1035D00033F8003818BF012008BD00BF2DE9F041C5
:1035E000A8B06A220D460DA82A492B4E17F05DF8A7
:1035F0000DA903A809F0DCFB03A906A809F04EFBFE
:1036000005F13C086FF0FE030122CDE9003206A966
:1036100005236422404606F059FA06A809F0D2FABA
:103620000FCE0DF1180CACE80F0096E80700ACE8DF
:1036300003008CF800200522114606AB04A809F00F
:10364000C7FB002704A905A809F028FBCDE90077EE
:1036500040463B463A4605A906F078F905A83C469F
:1036600009F0B0FA2B6821465B6A28469847053472
:10367000052003F027FEFF2CF4D14FF47A7003F0FD
:1036800021FE04A809F09EFA03A809F09BFA28B0CD
:10369000BDE8F08110B703007CB703002DE9F84FB7
:1036A0004FF0805308460E46D3F86490FEF726FB91
:1036B0004FF0040A05274FF001081036B9FBF7F563
:1036C00007FB1595B5FBF8F56B1C002BA9EB05095D
:1036D00007EB870708EB88080EDD0FFA8AFB00244A
:1036E000C4F10402FF2312B25946304609F0C6FB6A
:1036F000AC4204F10104F3D1BAF1010ADED2BDE813
:10370000F88F00BFA54B2DE9F04F1D682B6943F0E2
:1037100008032B61A24D002387B080F8203083611D
:103720000446287803920F461E460293FFF7F8FAE4
:10373000C820FFF78FFB07F13C0A01212878FFF72B
:10374000EDFA504606F0A0F839462046FFF746FF4E
:1037500039462046FFF7A2FF4FF0FF0B07F1100993
:1037600004F1100894F82030002B37D1E3689D074E
:1037700003D4A269002A40F01B8113F0010531D166
:10378000590765D4990740F1BD8013F0080500F092
:10379000A380844904A809F08BFA04A905A809F0BC
:1037A0007DFA0023CDE900331A4605A9504606F0FC
:1037B000CDF805A809F006FA4FF4FA6003F082FD8F
:1037C00004A809F0FFF9642003F07CFD40F68D2683
:1037D000FBF766FF94F82030002BC7D0E36813F0A6
:1037E0000105CDD0704904A809F062FA04A905A822
:1037F00009F054FA0023CDE900331A4605A95046D2
:1038000006F0A4F805A809F0DDF9029B002B40F0B2
:10381000B580ABF1040BBBF1280F40F3B580BBF1D1
:10382000FF0F029BA8BF0023029303980368DB6984
:10383000984728B1E36823F0010343F00403E360F1
:1038400004A809F0BFF9E36859074FF0000699D5BD
:103850003B68FF215B6A384698472369B3F9023019
:10386000002BC8BF002521DCE6E0E36813F0020668
:1038700072D1A369002B4FD14FF4487003F022FDA1
:103880003846FEF73BFA94F82030EBB9E3689A0724
:1038900062D4A369002B61D1C82003F013FD236912
:1038A000B3F902300135AB4240F3C68029B240463D
:1038B00009F022FE002301461A46484609F090FB13
:1038C00094F82030002BD0D0E3689A0744D46420C9
:1038D00003F0F8FC012645E7344904A809F0E8F9AB
:1038E00004A905A809F0DAF92B462A4605A9CDE96D
:1038F0000055504606F02AF805A809F063F904A817
:1039000009F060F9642003F0DDFC013640F68B23FA
:103910009E427FF727AF5BE705F0B0FCA369C01AB2
:1039200061F10001B0F5FA6F71F1000360D2E36854
:1039300013F00202A0D094F8201000297FF425AFE4
:1039400052B9A369002B40F080804FF47A7003F0E5
:10395000B9FCE3689A07BAD5002616E705F08EFC95
:10396000A369C01A61F10001B0F5FA6F71F10003AB
:1039700050D2E36813F002028ED0DCE70BF1040BA7
:10398000BBF1280F3FF74BAF029B3846BBF1000F4E
:10399000D8BF2B460293FEF7B1F946E7404300201B
:1039A000482600206CB6030024B60300ACB6030022
:1039B00005F064FCA369C01A61F10001B0F5FA6F6B
:1039C00071F10003FFF40AAF94F82030002B7FF46C
:1039D00005AFE36898073FF5D0AEE38843F00403F2
:1039E000E3800A23E3602046FBF782FDE368F6E606
:1039F00094F82030002B9AD1E36813F002029FD193
:103A00000A23E360E38843F00403E3802046FBF7E6
:103A10006FFD8CE794F82030002BAAD1E36813F0F7
:103A200002028DD10A23E360E38843F00403E380BC
:103A30002046FBF75DFD9CE794F82030002B7FF4D7
:103A400043AFE36803F002027AE705F017FCA369CD
:103A5000C01A61F10001B0F5FA6F71F1000305D2EF
:103A6000E36898077FF571AF00268EE694F8203062
:103A7000002BF5D1E3689D073FF56EAFE38843F077
:103A80000403E3800A23E3602046FBF731FDE7E708
:103A900010B50446806882B020B10A4906F070FA79
:103AA000844620B102B0BDE81040FBF7F9BD0549DE
:103AB000A0688DF807C004230DF1070206F09AFAFA
:103AC000F0E700BFF4B6030090F82000704700BF95
:103AD00038B5124B044600251878FFF721F984F811
:103AE00021500EF093FD98B9E3696BB105F0C6FB68
:103AF000E369C01A61F10001B0F5FA7F71F10003CA
:103B00002CBF0120002038BD05F0B8FBE061EDE7D7
:103B1000294603480EF012FE284638BD48260020EC
:103B20003D2D020020B9034B186808B1FFF7D0BF44
:103B3000704700BF004200200238012801D901204F
:103B4000704710B5074C206850B1C38843F0080394
:103B5000C380FBF7CDFC2068BDE81040FFF7B8BF7D
:103B6000012010BD00420020012801D00120704733
:103B70000B4B10B51C6824B12046BDE81040FFF780
:103B8000A7BF084B1878FFF7CBF80EF03FFD08B938
:103B9000012010BD214604480EF0D0FD204610BD86
:103BA00000420020482600203D2D020044F201037F
:103BB000984214D009D801280FD041F2010398424D
:103BC00014BF4A204720FBF7C1BE44F202039842CB
:103BD00014BF4A204820FBF7B9BE4620F3E749202E
:103BE000F1E700BFA8DF7047B0DF704762DF7047C2
:103BF000704700BF0368034A9B68934200D1704737
:103C000006311847F13B02000B88502B70B5044673
:103C10002CD00FD9512B35D0532B09D10368204D0F
:103C20001C6BAC4233D19B680A461E498B4233D190
:103C3000012070BD102B1ED0112BF9D10368194D36
:103C4000DA69AA4225D100252E4605E023681B69C2
:103C50009847013523680681DB682046984703466C
:103C6000AB4229462046F1DC012070BD03681B6A87
:103C70009847012070BD03680A4A9B699342F7D1B7
:103C8000012070BD03685B6A9847012070BDA047A2
:103C9000CEE790472368D6E7911D9847C8E700BF55
:103CA000F53B0200F13B020010B50023054A02601B
:103CB00004460371C38000F0E7F9214600F0F2F9F1
:103CC000204610BDCCB7030010B5054B0360044679
:103CD00000F0DAF9214600F0F3F9204610BD00BFEC
:103CE000CCB7030000B585B010316B460DF1100C58
:103CF00011F8012D03F8012B6345F9D1011D684628
:103D0000FFF774FF05B05DF804FB00BF00B583B09A
:103D100003798DF806308C46821D01A90120ADF88B
:103D200004C0FFF75FFF03B05DF804FB2DE9F04727
:103D300088B00546BDF84090BDF84460BDF84840E5
:103D400092460F46202200216846984616F0D5FC80
:103D5000ADF80460B6EB090618BF01262B79ADF863
:103D600000A0E007CDF80880ADF806908DF80C6053
:103D70008DF8023005D59DF80D3043F002038DF823
:103D80000D30A10705D59DF80D3043F004038DF8E3
:103D90000D30620705D59DF80D3043F008038DF80E
:103DA0000D30230705D59DF80D3043F010038DF835
:103DB0000D30E60605D59DF80D3043F020038DF853
:103DC0000D30A00605D59DF80D3043F040038DF869
:103DD0000D30610605D59DF80D3043F001038DF8D7
:103DE0000D30E20544BF01238DF80F3040F201127F
:103DF000A30548BF0123ADF812202A6848BF8DF8FB
:103E00001030012312698DF811308DF814303946C5
:103E10002846EC8890476946024620460EF0E8FCAA
:103E200008B0BDE8F08700BF00B58DB001A80EF066
:103E300029FC019B23B1BDF808000DB05DF804FB1F
:103E40004FF6FF700DB05DF804FB00BF08B50EF033
:103E5000F3FB003818BF012008BD00BF03682DE93F
:103E6000F041DB6806460C4690469847071E1BDD6E
:103E700000250BE04388A3421ED08388A34221D0B3
:103E8000C388A34224D00135AF420DD03368294600
:103E90001B69304698470388A342EBD1012388F879
:103EA00000302846BDE8F08100234FF0FF3588F848
:103EB00000302846BDE8F081022388F8003028460B
:103EC000BDE8F081032388F800302846BDE8F08182
:103ED000042388F800302846BDE8F08130B583B06F
:103EE0000C460DF10702C9880546FFF7B7FF011E12
:103EF00008DB9DF80730032B06D02B680A4A1B68A5
:103F000093420BD103B030BD238A022BF5D12B682D
:103F100028461B699847638A0381EEE7A11D28465E
:103F2000984703B030BD00BFF13B020070B58AB0C6
:103F30000C460DF1070209890646FFF78FFF00289E
:103F40002CDB9DF8072001239A428DF8083027D1F9
:103F50002389ADF81830336825485B68E189ADF8EE
:103F60001A10002540F2011C83420895ADF8245038
:103F7000ADF81CC029D12B462E4605939DF80E3076
:103F8000ADF8101062F30003A088ADF80C5002A940
:103F9000ADF812608DF80E30FFF726FE0AB070BD46
:103FA0009DF80E20E589A088ADF81050002363F33A
:103FB000000202A9ADF80C308DF80E20ADF81230D9
:103FC0000593FFF711FE0AB070BD06A93046984769
:103FD0009DF81C309DF81D20BDF81A10BDF8246016
:103FE0001BB9089B4FF48175C7E7089BC5E700BF65
:103FF000F13B020000B583B009890DF10702FFF71C
:104000002DFF03B05DF804FB91F806C0BCF1010F71
:1040100011D0BCF1020F0DD110B50268094CD26A63
:10402000A24282B00AD109890DF10702FFF716FFFB
:1040300002B010BD704703689B6A184702B0BDE824
:1040400010401047F53F0200F8B50E4C26689EB1AF
:104050003368002B0FDD07463546002402E0336845
:10406000A34208DD55F8040F036839465B69013443
:1040700098470028F3D1F8BD542016F0DEFA2060EE
:104080000660F8BD0442002010B5054C206800B160
:1040900010BD542016F0D1FA00230360206010BD3B
:1040A0000442002008B50368132B05DC00EB8302F3
:1040B00001335160036008BD1420FBF7F5FA00BF1F
:1040C00030B40568002D19DD0246002302E00133FB
:1040D000AB4213D052F8044F8C42F8D15A1CAA427A
:1040E000B8BF00EB820108DA01324C6841F8044B9A
:1040F000AA42F9D1591ED31A0B44036030BC704751
:104100000120704701EB810100EB410070307047E6
:1041100082B010B58C4684B049688646DCF8000051
:104120000DF1080CACE8030006A981E80C00039B24
:10413000DA070EEB630C12D55A10029B5EF80220D0
:10414000D45808AB93E803008DE8030006AB0CCB12
:104150006046A04704B0BDE8104002B07047029C22
:10416000EFE700BFF0B5044687B0002517461E46AE
:10417000FFF79AFD2F4B2360C4E90276258284F86D
:104180005450A56504F17000FEF77EFD2A49E565EF
:10419000204625666566A566E566FFF7A3FD4DF634
:1041A0001D112046FFF7B2FD14210A2204F15C0321
:1041B000CDE900110292294643F610322046FFF75E
:1041C000B5FD2820A76816F038FA0646103008F02A
:1041D000BFFC29233360182016F02FFA174A0492E7
:1041E0000246059542F80C4BC560556004AA03468B
:1041F000C6E9020503CA124A586099605A613B68D1
:10420000104A5B6812219342C6E90855B18008D173
:10421000304603F08BFB304616F00DFA204607B00F
:10422000F0BD3146384698470028F1D1204607B006
:10423000F0BD00BF28B8030010B803008D45020090
:104240001141020039DA010070B5037CCA7893424B
:1042500084B0044625D004D8D31AF82B04DD04B06A
:1042600070BD9B1A072BFADD4AF601222368ADF8D0
:1042700000201B6900212046984705462046FFF78D
:10428000D3FD6A46014602232846FEF703FD637C00
:104290000433DBB200226374237484F8542004B026
:1042A00070BD90F85420013303744FEA021E14309D
:1042B00000EB02134E68D1F808C0CD680A6940F8D7
:1042C0000E60C3F804C09D60DA6094F85430012B8E
:1042D0001CD0032B04D083B1013384F85430BEE7E3
:1042E00001231A462921684608F0E4FB637C00227A
:1042F000043384F854206374B1E7B1F801305BBA39
:1043000001229BB2A36584F85420A8E78B784978F2
:10431000A26D1B0443EA016313430222A36584F8E0
:1043200054209CE7F0B50368524A1B690E889342FB
:1043300097B004460D4616D170300388B34201D0C1
:1043400017B0F0BD6B89002BFAD02A7B022A1AD055
:104350000CD8002A3CD005F10C01204617B0BDE86E
:10436000F040FFF771BF00219847E6E7EE2A10D032
:10437000FF2AE5D16B7B33B1012BE1D117B0BDE84A
:10438000F040FBF78DB90123292106A808F092FB24
:10439000D6E7394B8DF81820002518688DF81A508B
:1043A00001238DF81930FFF78FFB23688DF81A0071
:1043B00029461B6920469847034620461C46FFF7BE
:1043C00033FD0323014606AA2046FEF763FCB7E748
:1043D00006A801F01FFF294B1A684AB9129A3AB190
:1043E0009DF84410032903D125490A60139A1A60E5
:1043F0006B7B8DF8053003EB830616AA02EB86066D
:1044000006A9142202FB0313103303CB2368CDF853
:104410000E00CDF812101F6956E90E23110E8DF80B
:1044200009208DF80610110C120A8DF808201A0EBA
:1044300000258DF80D308DF80A201A0C1B0A8DF816
:104440000B208DF80C308DF807108DF8045029469C
:104450002046B84706462046FFF7E6FC01AA01467B
:1044600012233046FEF716FC258284F85450A565C9
:1044700066E700BF0541020000420020084200201C
:104480000C42002010B5ADF5627D01A801F026FDBB
:104490004FF46072002102A816F02FF902230022C7
:1044A0005821039303A801230A930DF035FA002243
:1044B0000290C3219AA80DF02FFA00239990D3F807
:1044C000FC2F013219D04FF08052D3F8FC4F136902
:1044D0001C444FF4607202A9204616F0D6F8D0B9F9
:1044E00000234FF46072D3F8FC4F02A9204616F067
:1044F000CCF850BB0DF5627D10BD4FF010224FF08F
:10450000805394691B691C444FF4607202A92046D1
:1045100016F0BBF870B1214601A801F0E1FCE023E0
:1045200002AA214601A801F011FD0023D3F8FC3FA7
:104530000133D5D14FF010234FF460729C6902A96A
:10454000204616F0A2F80028D4D0214601A801F098
:10455000C7FCE02302AA214601A801F0F7FC0DF5F3
:10456000627D10BD0023D3F8FC2F01320ABF4FF04B
:104570001023D3F8FC2F9A694FF080531B69134422
:1045800093F8A13203B97047FFF77CBF82B02DE9E1
:10459000F04184B00AA9044602A881E80C0001F0A9
:1045A0009DFCBDF82A50022D08D0FF2D66D0012DAC
:1045B0001ED004B0BDE8F04102B070471023A16DD9
:1045C00004F1140202A801F0C1FCFFF75BFF4549AA
:1045D000E06805F023FE444B186810B1012100F09B
:1045E00065FBFBF75DF804B0BDE8F04102B0704731
:1045F0003C49E06805F0C4FC002848D016F01BF8E0
:1046000003AE4FF08055A36D2869B3FBF0F200FBB9
:10461000123219469AB92869800804D10FE0286936
:10462000B2EB900F0BD21868013002F1010203F1D6
:104630000403F4D002A8019101F052FC019902A8F0
:1046400004F11402102301F081FC4FF6017223687B
:10465000ADF80C2000211B692046984703462046F0
:104660001C46FFF7E1FB0223014632462046FEF7D7
:1046700011FB04B0BDE8F04102B070471B4B186855
:10468000FFF706FA04B0BDE8F04102B07047184FDA
:104690001449E0688DF80C5003AE2B46324605F005
:1046A000A9FC3B68002BACD0124A15689D42A8D2E9
:1046B0004FF080582B1F05F6FC7001E0984207D0A0
:1046C00053F8042F0132F9D0294602A801F008FC62
:1046D000D8F8103023F003031D443B689D42E9D312
:1046E0008FE700BF00B803006041002000420020B7
:1046F000084200200C42002042DF7047704700BF94
:10470000084602F0DFBD00BF82B010B58C4684B011
:1047100049688646DCF800000DF1080CACE803009F
:1047200006A981E80C00039BDA070EEB630C12D597
:104730005A10029B5EF80220D45808AB93E803009D
:104740008DE8030006AB0CCB6046A04704B0BDE883
:10475000104002B07047029CEFE700BF82B08DE8C6
:104760000C00002100F6482002B0FAF77DBD00BF22
:1047700082B010B502A981E80C00BDF80A30152BF3
:10478000044610D8022B1DD9033B122B1AD8DFE8A0
:1047900003F025191D371919191919191D19191996
:1047A000191919193F0040F6B93293420AD100F5A0
:1047B00080544FF0FF31D4F8A002BDE8104002B0A1
:1047C00007F09EBBBDE8104002B07047BDE8104046
:1047D000D0F82C0A036802B01B6B1847002100F6C2
:1047E000641005F061FB04F68810002105F05CFB05
:1047F00004F6AC10BDE81040012102B006F0A6BCE2
:10480000BDE81040D0F8300A036802B09B6A184730
:1048100000F58054D4F8A002BDE8104002B007F0C3
:104820001BBC00BF82B08DE80C00BDF80230152B18
:1048300001D002B0704700F5805002B0D0F8A0025D
:1048400007F014BC38B500F6180504462846FBF7F7
:10485000AFFC40B104F10C00FEF7B8FE38B92846B1
:10486000FBF7AEFC50B9BDE838400CF0EBB8284679
:10487000FBF7FAFCBDE838400CF0E4B82846FBF73B
:1048800049FE0028EFD138BD064A1368591E116051
:104890003BB9054A116821B14189136021F40053E5
:1048A000438170476025002030200020704700BF02
:1048B000064A1368591E11603BB9054A116821B1B7
:1048C000C188136021F40053C38070476025002025
:1048D000302000202DE9F04F2DED048B85B00446EB
:1048E000FAF748FEBD4B0025C4E90135201D01F053
:1048F000F7FFBB4B236003F13C0204F10C0604F10B
:10490000340962603046FEF7C3FC04F14C08B54937
:104910002663092248460CF001F804F16407B24905
:104920000A2240460BF0FAFF04F17C06AF491A2236
:1049300038460BF0F3FFAE491B2230460BF0EEFF7A
:104940002A464946012304F1980004F0F5FC04F1DD
:10495000F80A04F1D00006F0C1F804F5417B4146A5
:1049600022235B22504608F073FF04F55178394644
:10497000122258460BF00CFD04F27C7351465A4645
:10498000404604F2E477029300F0DEF9994B029876
:1049900004F5CD6204F5CA610BF01CFB04F5B862A6
:1049A00004F5B561384601F0B5FE04F5A36204F5DF
:1049B000A66104F2FC7001F0ADFE04F6180208EEE8
:1049C000902A104628224B46009239464246FBF771
:1049D00047F904F668012A23424609EE101A0846F0
:1049E0000093394618EE903AFBF788FED5F8F83F69
:1049F00001330ABF4FF01023D5F8F81F59694FF063
:104A0000805304F6940818691B6900EB4000091AEA
:104A100004F6A40501224046FCF710FE41460022A0
:104A20002846039505F082FA0523C4F8D838C4F85F
:104A3000DC38C4F8E038C4F8E438D4F82837C4F8CF
:104A4000C438D4F82C37C4F8C838D4F83037C4F890
:104A5000CC38D4F83437C4F8D038D4F83837C4F860
:104A6000D438654BC4F8F03804F5BB63C4F8B038EB
:104A700004F5BE63C4F8B43804F5C163C4F8B838AB
:104A800004F5C4633146C4F8BC3804F50B6604F57C
:104A9000C76304F6C40504F6D80904F6F400C4F8A4
:104AA000C0384A460723C4F8E868C4F8EC5808EE52
:104AB000100AFAF7BBFF01230022CDE9002204F51A
:104AC00072711A4604F6641005F0C8F90022CDE9A7
:104AD00000220123022204F58B6104F6881005F000
:104AE000BDF904F5A96803230222012104F6AC10E4
:104AF00006F0EAFA5A464FF0FF33414604F6BC107E
:104B000006F06CFB092104F51F6001F069FC082127
:104B100004F61820FBF782FD384600F05FFCC4F86D
:104B20002C0A384600F044FD039A0092014618EE24
:104B3000103AD4F82C2AC4F8300A04F6342000F0D5
:104B4000BFFD04F5AF625346019204F5AC6A04F56B
:104B5000B262009204F55471524604F64820FAF706
:104B6000E3FB04F59D5018EE902A029B19EE101AF3
:104B70000830FAF7BDFF4FF0000363810121404682
:104B800004F5D0680AF0D8FC40460AF041FC022146
:104B900040460AF03DFAB4F88636184923F480738B
:104BA0003846A4F8863609F0CDFB56F8040B0121EF
:104BB0000AF00AFFB542F8D155F8040B01210AF0BA
:104BC00003FFA945F8D1012150460AF0FDFE204619
:104BD00005B0BDEC048BBDE8F08F00BF78BA0300D0
:104BE000A8B803000090004000A0004000A00140D1
:104BF00000B00140002000406CB80300801A06009D
:104C00002DE9F04F83B0DDE90CABBDF83880002B07
:104C10003CD007460E4691461D46BAF1000F32D0F1
:104C20000F2E02D1B8F1C00F30D1282015F005FDAC
:104C30000446103007F08CFF18202680A4F802905C
:104C400015F0FBFCCDE900AB84466B460246A06044
:104C500003CB4CF80C5B00233E68D360E360CCF8D8
:104C6000043050609160756848F00208C4E9083368
:104C70000C4BA4F80480384653612146A84740B93C
:104C800003B0BDE8F08F1BF0010FC9D16FF47A704B
:104C9000F6E7204602F04AFE204615F0CCFC02481A
:104CA000EEE700BF0947020016FCFFFF30B587B0F2
:104CB00000224FF48053009204460D4602A811468C
:104CC0008022FCF7BBFC01230E4A01A902A8FCF7D5
:104CD00005FC019B7BB10B4901236A4602A8FCF746
:104CE00009FC04F59D500830FAF752FF02A8FCF7C2
:104CF000ADFC07B030BD002DF3D102A8FCF7A6FC37
:104D000007B030BD68B80300A0F10400F7F7DCBDC0
:104D100010B5044A026000230446C38001F04EFE31
:104D2000204610BD78BA030010B5064A0260002381
:104D30000446C38001F042FE204615F07CFC20466C
:104D400010BD00BF78BA03002DE9F04FB74B0360E8
:104D50000023804687B04360CDE9041201F0C0FD16
:104D6000B34BC8F800302923C8F8083002220323C7
:104D7000642108F10C000AF0B3FB03231A466521F5
:104D800008F124000AF0ACFB03230422662108F199
:104D90003C000AF0A5FB08F16C0B032323226721DA
:104DA00008F154000AF09CFB03231C22682158469A
:104DB0000AF096FB08F1840608F19C031C460E22BB
:104DC0000323692130460AF08BFB08F1B40A032360
:104DD00025226A21204602940AF082FB03230B223B
:104DE0006B2150460AF07CFB03230A226C2108F158
:104DF000CC000AF075FB032309226D2108F1E400C1
:104E00000AF06EFB08F1FC0708F58A731D461E22A6
:104E100003236E2138460AF063FB032317226F2118
:104E2000284603950AF05CFB03230C22702108F549
:104E300096700AF055FB03231122712108F5A27028
:104E40000AF04EFB03230122722108F5AE700AF02E
:104E500047FB03230D22732108F5BA700AF040FBCB
:104E600008F5D27503231D22742108F5C6700AF0D7
:104E700037FB08F5DE7903232222752128460AF044
:104E80002FFB03231F22762148460AF029FB08F551
:104E9000EA7408F5F67301931A220323772120465A
:104EA0000AF01EFB03232022782101980AF018FB48
:104EB00003232422792108F501700AF011FB002256
:104EC00003237A2108F507700AF00AFB0323142252
:104ED0007B2108F50D700AF003FB032305228621D0
:104EE00008F513700AF0FCFA032310227C2108F560
:104EF00019700AF0F5FA032308227D2108F51F70C6
:104F00000AF0EEFA032315227E2108F525700AF037
:104F1000E7FA032316227F2108F52B700AF0E0FA46
:104F200003230F22802108F531700AF0D9FA0323F8
:104F30001822812108F537700AF0D2FA03231322D0
:104F4000822108F53D700AF0CBFA01230622832165
:104F500008F543700AF0C4FA01232822842108F5D9
:104F600049700AF0BDFA03231922852108F54F7014
:104F70000AF0B6FA03230722972108F555700AF0C4
:104F8000AFFA03232122982108F55B700AF0A8FAF2
:104F900003231B22992108F561700AF0A1FA03236B
:104FA00027229A2108F567700AF09AFA292203232A
:104FB0009B2108F56D700AF093FA032326229C21A9
:104FC00008F573700AF08CFA029B0499194AC8F824
:104FD000F863C8E9FC37019BC8F80834164B039EF8
:104FE0001960D8F808300599C8F8EC93132BC8E974
:104FF000F9BAC8F8FC63C8F80054C8F80444116052
:105000000CDD1325236820465B6C00219847D8F8F7
:1050100008300135AB4204F11804F3DC43440022AC
:10502000404683F80C2407B0BDE8F08F78BA03003F
:1050300008B903006C440020704400208268811885
:10504000002A91F80C3443F0010381F80C3441DD5F
:105050002DE9F047DFF88090074600F10C0500F2DB
:105060000B464FF0000812E0D3F8003703F440334A
:10507000B3F5003F03D1337843F008033370BB68C6
:10508000A4F20A44E41BA34205F1180520DD95F8BB
:1050900014A0344606F8018F2B682846DB69984730
:1050A0000AF01F020028EAD1BAF1200F34BF4FF0F6
:1050B000A0434B4603EB8203D3F8002702F44032AF
:1050C000B2F5403FD0D1337843F004033370D6E7D4
:1050D000BDE8F087704700BF000300502DE9F041A4
:1050E00081681E4B06460844002990F80C2422F0E3
:1050F000010280F80C24D3F80483D3F80423C3F806
:10510000082325DD164F06F10C0406F20C45BF1BE3
:1051100010E011F0080320464FF0020104BF2046C2
:1051200019460AF06BFCB26801357B199A4204F10A
:1051300018040DDD23682046DB6998470028F2D16A
:1051400029784B07E5D5032120460AF057FCEAE70A
:10515000024BC3F80483BDE8F08100BF006000404B
:10516000F4FBFFFF2DE9F04F06463A4883B099461D
:10517000B3689246D0F804230092002BD0F80423A1
:10518000C0F808232FDD884634460025E36894F8EC
:1051900020B0DB6904F10C0738469847E8B9E368AA
:1051A00038461B6A9847C0B1638A13F4007124D053
:1051B000B8F1000F11D0BAF1000F2BD0BBF1200FC6
:1051C0000BF01F0B244A0BF5E07138BF4FF0A042E3
:1051D00052F8211011F4403F27D0B3680135AB429B
:1051E00004F11804D2DC1B4B0022C3F87C21009A86
:1051F000C3F8042303B0BDE8F08FB9F1000FECD081
:1052000038460AF0FBFBB3680135AB4204F11804E1
:10521000BCDCE8E7384651460AF0F0FBB3680135DC
:10522000AB4204F11804B1DCDDE7C3F30023C3F1A2
:105230000301384601920AF0E1FB019A012303FAC7
:105240000BF3C2F82035B3680135AB4204F1180402
:105250009CDCC8E7006000400003005030B583B01C
:10526000062916D8DFE801F0333F4D18181D040059
:10527000816800290DDD0022438A9C0548BF23F484
:10528000007302F1010248BF43828A4200F1180014
:10529000F2D1002003B030BDFFF720FF002003B0A3
:1052A00030BD002A45D08568002DF2DD014600237F
:1052B0004C8A14F4007F03F1010301F1180103D0BB
:1052C00014680134146085689D42F1DCE1E70190C7
:1052D000FFF7B4FE0122019800231146FFF742FFB9
:1052E000002003B030BD8368034493F80C34DB071F
:1052F00015D5012300221946FFF734FF002003B023
:1053000030BD8368034493F80C34DD070CD50123CA
:105310001A461946FFF726FF002003B030BD019062
:10532000FFF78CFE0198E4E70190FFF787FE0198F4
:10533000EDE76FF47A70ADE710B5044603EB430078
:10534000C4E9022321608000012102F0C3FA002396
:1053500060602382204610BD704700BF10B5034B2C
:105360000360044602F0C2FD204610BD2CB90300C4
:1053700010B5054B0360044602F0B8FD204615F059
:105380005AF9204610BD00BF2CB90300074B1B681B
:10539000834204D01A680649126B8A4203D110B5C1
:1053A0003220FAF781F91846104700BF1842002052
:1053B0008D530200074B1B68834204D01A680649CC
:1053C000D26A8A4203D110B53220FAF76DF9184635
:1053D000104700BF18420020B55302002DE9F041EC
:1053E000414D2B6813F0010382B004460BD03F4DB2
:1053F0002B68DB0712D53E4E337803B33D4D28684A
:1054000002B0BDE8F08101223B48114607F0E6FA00
:1054100001232B60354D2B68DB07ECD41922852145
:1054200003233648324E0AF05BF80123344A3549EB
:1054300032482B6015F0FAF83378002BDED12F4F6D
:10544000072002F023FB384609F0E2FF022138462C
:1054500009F0DEFDFB8823F480733221FB802046B7
:1054600005F092F8F8B9442015F0E7F82249214DEB
:105470000446052202F066FB234B23604C202C607F
:1054800015F0DBF81C490622044600F087F81F4B94
:105490001C602046296802F0FBFD28680123337058
:1054A00002B0BDE8F081502015F0C7F83223052284
:1054B0002146CDE900320F4D0F4B3A46804605F0AC
:1054C00049F85420C5F8008015F0B7F83A463C2357
:1054D0000627CDE900372146074B044605F032F98F
:1054E0000A4B1C60D5E700BF104200201442002088
:1054F000874B0020184200201C420020244200203C
:1055000050250020595302002CB903003C420020D2
:1055100010B5044615F08FF8204610BD10B5034BAA
:105520000360044602F0B4FE204610BD6CB90300CF
:1055300010B5054B0360044602F0AAFE204615F0A4
:105540007AF8204610BD00BF6CB90300074B1B68FA
:10555000834204D01A680649926A8A4203D110B580
:105560003320FAF7A1F81846104700BF3C4200204C
:105570004D550200074B1B68834204D01A68064948
:10558000D2698A4203D110B53320FAF78DF8184654
:10559000104700BF3C4200207555020010B504467C
:1055A00002F0FEFC014B2360204610BD6CB90300E5
:1055B00008B5FFF713FF014B186808BD3C420020F7
:1055C00082B010B58C4684B049688646DCF800008D
:1055D0000DF1080CACE8030006A981E80C00039B60
:1055E000DA070EEB630C12D55A10029B5EF802200C
:1055F000D45808AB93E803008DE8030006AB0CCB4E
:105600006046A04704B0BDE8104002B07047029C5D
:10561000EFE700BF2DE9F04F83B0DDE90CABBDF83B
:105620003870002B41D080460E4691461D46BAF197
:10563000000F3DD00F2E01D1C02F36D1282014F0FD
:10564000FCFF0446103007F083FA18202680A4F8E7
:10565000029014F0F2FFCDE900AB47F00207A780FB
:105660006B4607460246A06003CB47F80C5B00235D
:10567000D8F80060D360E3607B609160506075682B
:105680000D495161C4E908330C4B9D4208D12046B5
:1056900002F04CF9204603B0BDE8F04F14F0CBBF48
:1056A00021464046A8470028F1D103B0BDE8F08F5D
:1056B0001BF0010FBED1F8E7C155020039DA010035
:1056C00030B58DB0044610982160C4E901231B4910
:1056D000E06004F055FCD0B105460DF1140E0069F0
:1056E0006969AA69EB69F446ACE80F00286A696A3F
:1056F000AA6AACE807001CE90F008DE80F002068DB
:105700009EE80E0002F0A6FC284614F094FF0C4B15
:105710001D6885B10B4A0023CDE9052305AB93E84D
:105720000300C0238DE803000293032223460621D1
:105730002846FFF76FFF20460DB030BD9CB903002F
:10574000804300202D5C020070B40B680468D0E92F
:105750000156E31A07EE903A4B68EB1A06EE903AC0
:10576000F8EEE66A8B68F8EEE77A66EEA66AF31A58
:10577000E7EEA76A012A07EE903AF8EEE77AE7EE3D
:10578000A76A35DD02EB420201EB8200B0EE666AE9
:105790000C38D1E90323EB1A07EE903AA21AF8EE7F
:1057A000E77A07EE102A4B69B8EEC77A67EEA77A58
:1057B000F31AE7EE077A0C3107EE103AB8EEC77A23
:1057C000E7EE077AF4EE667AF1EE10FAB4EE676A65
:1057D00048BFF0EE676AF1EE10FA48BFB0EE676AB4
:1057E0008842D6D176EE667A70BC17EE900A704782
:1057F000B0EE666A76EE667A70BC17EE900A704775
:105800002DE9F0472DED068B84B004AC04E90E00C1
:10581000139A029E1D4600230F469A424FF4806160
:10582000C0E90033C0E903118146836083614161AF
:1058300040F3CB80129C9FED788A02EB420204EB8E
:105840008208A246DAE90023F31A07EE903ABA1A60
:10585000F8EEE77A07EE102ADAF80830B8EEC77AE1
:1058600067EEA77AEB1AE7EE077A07EE103AB8EE82
:10587000C77AE7EE077AF5EE407AF1EE10FA00F11A
:10588000AF80B1EEE77A0AF10C0AFDEEC77AF8EEC6
:10589000E77AF4EE487AF1EE10FAC8BFB0EE678A04
:1058A000D045CFD19FED5C9AF7EE00AAF0EE499A71
:1058B000B0EE49AAF0EE498AD4E90012B31A07EE15
:1058C000903A7B1A07EE103AF8EEE77AA368B8EE42
:1058D000C77A67EEA77AE81AE7EE077A07EE100AAA
:1058E000B8EEC77AE7EE077AF5EE407AF1EE10FAF5
:1058F0007DD4F1EEE75AC91B921B5B1B0C3407EEFB
:10590000101AB8EEC76A07EE102AC8EE257AF8EE2C
:10591000C76A07EE103AB8EEC77A86EE255A86EEC9
:10592000A56AC7EE256A77EEEA7AF0EEC55AF4EE7C
:10593000687AF1EE10FAC8BFF0EE678AB0EEC66A78
:10594000B0EEE67AA045A5EEA7AAE6EE279AA7EE66
:10595000279AB1D169EEA97AEAEE0A7AE9EE097AD4
:10596000F5EE407AF1EE10FA4BD4BDEEC87A17EEA0
:10597000103AB1EEE77A4846C9E90165C9F8007006
:10598000C9F818308AEE075AC9EE875A89EE076AB5
:10599000F7EE007AF0EE676AB0EE677AE5EE286A15
:1059A000A5EEA87AE6EE287AFEEECB6ABEEECB7ABA
:1059B000FEEECB7AC9ED036A89ED047AC9ED057A6A
:1059C00004B0BDEC068BBDE8F0879FED139AF0EEB6
:1059D000499AB0EE49AAF0EE498AF0EE497AC8E752
:1059E00017EE900A12F0F8FC07EE100A4BE717EEDC
:1059F000900A12F0F1FCD4E9001205EE900AA368B7
:105A000079E717EE900A12F0E7FCFDEEC87A07EE90
:105A1000100A17EE903AAEE7000000002DE9F04FB3
:105A200093B0161E1190884640F3FA80002206EBD0
:105A3000460C0B46740001EB8C0C15461746D3E957
:105A400000010C330D4453F8041C9C4507440A44E0
:105A5000F5D197FBF6F3099395FBF6F3079392FBC9
:105A6000F6F30393119B099A1A60079A5A60039AF6
:105A70009A60414632461846FFF766FE3444D8F82D
:105A80000030D8F80410D8F808B00A93A8F10C0236
:105A900002EB84026FF0C704E41A10946FF0C7049D
:105AA000641AC3F5C8730B940D936FF0C704C1F566
:105AB000C87305EE900AA4EB0B0400200E93CBF5FF
:105AC000C87305910C9006948246019081460F930D
:105AD000099B1099194402910D99CB1808930799C5
:105AE0000E9B0B44049303990F9B03EB010EDDED1A
:105AF000027A0A9B17EE901AF8EEE74A5D180B9BA4
:105B0000079964EEA44A03EB010C07EE90CAF8EE85
:105B1000E77A059B0399B0EE645AA7EEA75A03EB08
:105B20000C04069B5F1807EE907AF8EEE77AB0EE69
:105B3000456AA7EEA76A012E0BEB0700F0EE466A56
:105B400029DD43461969611A07EE901AD968691A66
:105B500007EE101AF8EEE77A5969B8EEC77A67EEE1
:105B6000A77A411AE7EE077A0C3307EE101AB8EE5F
:105B7000C77AE7EE077AB4EE676AF1EE10FAF4EE50
:105B8000676AC8BFB0EE676AF1EE10FA48BFF0EE80
:105B9000676A9A42D6D176EEC66AF4EEE56AF1EE0D
:105BA00010FA04D5F0EE665A82460194A946C83729
:105BB000BE45B8D1049B0CF1C80C6345A5D1029B2E
:105BC0000899C8339942029391D1099B4B4508D05B
:105BD000019B07930123CDF80CA00C93CDF82490E2
:105BE00076E7079B01998B4206D0019B079301231F
:105BF000CDF80CA00C936BE7039B9A4504D00123CE
:105C0000CDF80CA00C9363E70C9B2BB1119B099A68
:105C10001A60079AC3E9012A119813B0BDE8F08F02
:105C2000002303930793099374001BE782B02DE9C7
:105C3000F04F2DED028BE9B074A98346642081E812
:105C40000C0001F023FF052211460AA807F006F810
:105C500096490BA807F02CF81DAB68A900229A60A2
:105C6000C3E900220C338B42F9D1DBF8080014920F
:105C700003688DF85420CDE91022CDE912220F924D
:105C80009B6ADFF83C82984708EE100ADBF80800B0
:105C90000368FF215B6A9847DBF808003C3003F09B
:105CA000F3FD4FF0020A0023D14605930AA804939E
:105CB0007F4D07F0D9F8049B0FAF2C463E4633B911
:105CC000023444450CD016F8013F002BF8D062781E
:105CD000217850230AA8023407F0D0F84445F2D1C5
:105CE000744C7549226801EB42000F2311F8121021
:105CF00042780AA807F0C2F823680133584200F03E
:105D00000F0003F00F0358BF434223605246494639
:105D1000FF230AA807F0B2F800230093DBF808007D
:105D20001A460AA9103007F0C5F8DBF8040002F0A3
:105D3000A5F80446DBF8040002F0A8F814F52A7F61
:105D40004EDB14F1C80F51DBB4F52A7F51DCC82CAF
:105D5000CCBF4FF003094FF0020910F52A7F3CDB5E
:105D600010F1C80F3FDBB0F52A7F45DCC828CCBF57
:105D70004FF0030A4FF0020A00231C4606E00134EC
:105D8000192C07F101071FD015F8023F9945F6D1EC
:105D90006B785345F3D13A78002AF0D1059FDBF8B0
:105DA000001006AE1DAB304607EB470503EB85053B
:105DB00002F070F996E807007B1CDBB285E807006B
:105DC0000FAA059301231355502001F05FFE059B98
:105DD000192B14D09DF83C3068E74FF0000ACBE750
:105DE0004FF00009B9E74FF0010AC5E74FF001098C
:105DF000B3E74FF00409B0E74FF0040ABCE7059D94
:105E00000CAC2A461DA92046FFF708FE1DAB0195E4
:105E1000009316AD94E80E002846FFF7F1FC19AB8D
:105E20000FCB8DE80F00DBF8000095E80E0002F0C4
:105E300011F9DBF80C0020B120492A461C2304F09C
:105E4000D9F8DBF80800FBF759FFDBF808000BA9CD
:105E500000F13C05204606F021FF002340F2DC5211
:105E6000CDE9003221461A46284603F049FD204676
:105E700006F0A8FE4FF47A7001F008FEDBF8080087
:105E8000FBF73CFFDBF80800036818EE101A5B6AAA
:105E900098470BA806F096FE0AA806F093FE69B094
:105EA000BDEC028BBDE8F04F02B07047A8B903000B
:105EB00010BA030040420020F0B903009CB903006F
:105EC00042BA030029DF704728DF7047022802D159
:105ED000014B01221A707047884B0020704700BFA9
:105EE00070B50C46F9F7C8FBA0B1164D00232B7016
:105EF0004FF0805601E003F095FA3069B4FBF0F002
:105F0000FFF7E2FF03460A20002BF4D12B78002B89
:105F1000FCD070BD0C4A0223C2F80435D2F800341C
:105F2000002BFBD00849C2F80845D1F80034002BFB
:105F3000FBD00023044AC1F80435D2F80034002B0A
:105F4000FBD070BD884B002000E00140F8B50D4645
:105F500014461E46F9F790FB90B11A4F00233B7090
:105F600001E003F05FFA324621462846FFF7AAFF18
:105F700003460A20002BF4D13B78002BFCD0F8BD5F
:105F8000114A0123C2F80435D2F80034002BFBD0AB
:105F9000002E0EDD221F0C4C291F02EB860652F844
:105FA000043F41F8043FD4F800040028FBD0B2427B
:105FB000F5D1054A0023C2F80435D2F80034002B8D
:105FC000FBD0F8BD884B002000E00140F0B50B4647
:105FD00087B09A68496804461868DB6802AD0FC547
:105FE0009DF80860032E3BD84FF08053BDF80A504F
:105FF0001A699DF80930022B0F4602FB05F51ED0E9
:1060000006AB13E90300EC468CE80300721ED3B222
:1060100003EB8303BCE803009B0003F1100CD2B236
:1060200002EB820244F80C0004EB820264442F4429
:106030006160002016719560D76007B0F0BD0498CC
:10604000002102E00131642902D0435C002BF9D128
:1060500000220BF061FC002300900193EC46D5E791
:106060006FF47A70E9E700BF2DE9F04F614A624CA6
:10607000624B4FF0805122440C69D21A85B0B2FBBA
:10608000F4F304FB132301928346002B00F0AE804F
:106090000C691444E41A00234FF08051D1F81080A9
:1060A000D3F8F81F01310ABF4FF01023D3F8F87F5F
:1060B0005F694FF080531B69A7EB8307A74279D92B
:1060C000DFF84891DFF848A108E054F8103C534548
:1060D00073D028F003031C44A7426BD9CDF80C9071
:1060E000039B2268DB439A42EFD16368444A9342A0
:1060F000EBD1A368434A9342E7D102F14E42E368F1
:10610000A2F5A512A2F64F229342DED19BF8001011
:1061100003291CD001EB81004B1C0BEB8000DBB290
:1061200000274FF4E036032B8760C6608BF8003001
:1061300007715DD003EB83000BEB80000231019A05
:106140008660C9B20123C2608BF8001003714FF062
:106150008053002618691D69019BB3FBF5F305FB0D
:106160000300D6F8F83F01330ABF4FF01023D6F8EA
:10617000F85F5D694FF0805303291B69A5EB830528
:106180000AD001EB81030BEB8303013198600220FD
:10619000DD608BF80010187123696169CBF8281055
:1061A000CBF82430A369E169CBF83C10CBF8383048
:1061B000CBF8304005B0BDE8F08F54F8043C124AEB
:1061C000934286D114F8083C002B82D0A4F120061B
:1061D000009400251C46314601355846FFF7F6FE6F
:1061E000A542A6F11006F6D1009C72E7019C52E789
:1061F0001946ACE78C26002014CC030000240020B4
:10620000C615A841C49866C99DD7B1C18F71C46D28
:10621000FE307F590346002210B503F8102B0446C8
:1062200000F14C0103F80C2C1A605A6043E9022279
:1062300014338B42F6D12046FFF716FF204610BDDF
:1062400010B5044A026000230446C38000F0B6FB88
:10625000204610BD78BA030010B5064A026000233C
:106260000446C38000F0AAFB204614F0E4F920465F
:1062700010BD00BF78BA0300F8B545690446002D8B
:106280005ED04FF0804200210123C2F8001113605C
:10629000D2F80031002BFBD0637A2E4A2E4DD35C0E
:1062A000C5F80C35217A2D4BC5F808150022C5F824
:1062B0001025C5F81C35A67AF9F7DEF910B9A672D3
:1062C000C5F82465244BDFF89CC06769244D002085
:1062D00001210826C3F82C050222C3F830154FF619
:1062E000FF7EC3F81465C3F818C5DFF87CC0C3F897
:1062F0003425C3F83CE5C3F838C54FF0180CC3F893
:1063000054C5C3F80475C3F80463C5F880212A6036
:10631000D3F8002242F01002C3F80022C3F80001B3
:106320005960D3F80021002AFBD0E288012142F411
:10633000804200200A43C3F80C019960E280F8BD56
:106340002C2014F07AF92C220646294614F0D5F9AF
:10635000666196E744BA03000010004074696275F4
:1063600000E100E02000040221100100F0B51B4F05
:1063700085B0054600F118062C698CB1E278012A37
:1063800010D0022A05F1200024D001230A216846FA
:1063900006F090FB2B69A3420AD01C46002CEDD1DD
:1063A00005B0F0BD304600F043F92B69A342F4D1AB
:1063B0000222C7F88020BFF34F8FBFF36F8F2B6986
:1063C0005B6A2B61EB7A013BEB7220463A6014F07A
:1063D00032F9D1E700F054F9DCE700BF00E100E05A
:1063E000104B70B500250446C0E900350E4600F09C
:1063F00077FA20460C4B40F8183B214600F014F980
:10640000214604F1200000F037F940F20762C4E9A8
:106410000225064BA680C4E90455E5801C60204691
:1064200070BD00BF78BA030054BA03004442002094
:1064300038B5436943B3C27A032A044621D8C288D7
:10644000D2074CBFC268124A9A622C2014F0F5F8A9
:106450002C220021054614F050F9636900225A628B
:1064600023695BB11A465B6A002BFBD163695362F7
:10647000E37A65610133E372002038BD636923610B
:10648000F6E76FF47B7038BD6FF47A7038BD00BFEB
:1064900016FCFFFF1A4BD3F8002122B10021012284
:1064A000C3F800119A60164BD3F80C2182B1002278
:1064B000C3F80C21D3F8001401290AD0114B1B6832
:1064C000D988C90700D5DA600D4B01229A60704760
:1064D000704710B50B4CD3F848352068C288D207F6
:1064E000C3F1000300D5C360FFF7A2FF2268044B8D
:1064F0005269C3F80425024B01229A6010BD00BF07
:10650000001000404442002010B50446F9F7B4F8EA
:10651000F0B9E38813F0010301D1184610BD0D4B0B
:106520000222C3F88020BFF34F8FBFF36F8F0A4A58
:106530000123C2F810011361D2F81031002BFBD0F7
:10654000E38823F4804323F001030020E38010BD9F
:10655000024810BD00E100E00010004016FCFFFF03
:1065600070B505460E46F9F787F800283CD13EB9CC
:10657000EB8813F0040420D19A072DD4002070BDBD
:10658000EB88044613F001000ED1184A11688C07FD
:10659000F4D543F002030221EB80C2F88010BFF370
:1065A0004F8FBFF36F8F70BD2846FFF7ADFFEB88AD
:1065B00043F004032046EB8070BD23F00402D907AA
:1065C000EA80DBD4F9F758F804460028D6D12846EB
:1065D000FFF752FE204670BD044A23F00203022159
:1065E000EB802046116070BD014870BD00E100E005
:1065F00016FCFFFF03699BB10A4910B40224C1F8DD
:106600008040BFF34F8FBFF36F8F0269526A026100
:10661000C27A013AC2720C6018465DF8044B7047AA
:106620001846704700E100E00022C0E90012704700
:1066300010B5044684B00068FFF7DCFF0022426218
:10664000616889B14B6A33B119465B6A0132002B2C
:10665000FAD1032A0ADC486201231A460921684656
:1066600006F028FA04B010BD6060F5E704B0BDE89C
:10667000104013F0E0BF00BF00224160027070477D
:1066800038B504464068FFF7B5FF0123237005467F
:10669000043006F067FA0023237025B12846BDE8D0
:1066A000384013F0C8BF38BD10B50446006806F086
:1066B00061FF204610BD00BFF8B522EAE27504462E
:1066C00005F10C001F460E4601F0A4F8206006F00C
:1066D00079FF23681D722068476036B12A4631462B
:1066E0000930BDE8F84013F0E0BFF8BD08B500235D
:1066F000194605480122FFF7DFFFBDE80840034ABD
:106700000349014813F092BF484200205025002061
:10671000A966020010B50023044607F023FF024BD0
:106720002360204610BD00BF08A9030070B5A9B3BF
:1067300080EAE0741B4E0D4601F1FF3CC4EBE074AF
:10674000002186FB0423E217C2EBA30202EB8203C3
:10675000A4EB4303002BB8BF5B4230338E460CF8EA
:10676000013F01311446002AEBD1002803DA2D2322
:106770006B540EF1020100236B54284613F0F9FF0D
:1067800001382844854207D22B78027805F8012B7E
:1067900000F801398542F7D3204670BD6FF47A7452
:1067A000FAE700BF67666666014B18600020704715
:1067B0004C420020022908B509D90339012904D81F
:1067C0000368094ADB6893420BD1002008BD002909
:1067D000FBD00368044ADB689342F6D00121984756
:1067E000F3E700219847F0E775E9010070B584B040
:1067F00004AC04E90F00BDF80230012B13D0022BCA
:106800000FD1144C144E04F1F00554F8040F30B1BC
:10681000C3885B0403D503689B68B34217D1AC42BD
:10682000F3D104B070BD0B4C0C4E04F1F00501E047
:10683000AC42F6D054F8040F0028F9D0C3889A046B
:10684000F6D503685B68B342F2D09847F0E7984703
:10685000E5E700BF4C42002059F0010071E901005A
:1068600010B4084C0023224602E001333C2B06D032
:1068700052F8041B8842F8D1002244F823205DF826
:10688000044B70475042002038B50A4D04462A4652
:10689000002302E001333C2B06D052F8041B8C424B
:1068A000F8D1002245F82320204613F0C4FE2046EC
:1068B00038BD00BF5042002010B5084C20884FF66C
:1068C000E853984202D8431C238010BD1520F9F7E5
:1068D0003DF82088431C238010BD00BF44260020C3
:1068E0002DE9F041304C82B02246002302E0013312
:1068F0003C2B05D052F8041B0029F8D144F82300A2
:106900002A4C237813F001030BD1294D2A6842B198
:106910000093102201234FF47A60002102F0CEFC94
:1069200010B102B0BDE8F0812820D5F80080214FD9
:1069300013F083FEC023009301221F4B1021064653
:1069400000F0DCFFD8F800305B68BB4220D1304655
:1069500000F0ECFF304613F06EFE28202E6813F096
:106960006CFEC02300930222134B0F21054600F05A
:10697000C5FF33685B68BB4210D1284600F0D6FFE4
:10698000284613F058FE237843F001032370C8E72C
:106990004046314698470028DFD0D8E729463046A0
:1069A00098470028EFD0E8E750420020894B0020AC
:1069B0008043002039DA0100ED67020010B4084C72
:1069C0000023224602E001333C2B06D052F8041B80
:1069D0008142F8D1002244F823205DF8044B70472F
:1069E00050420020F8B505460E46062813D8DFE8C9
:1069F00000F013131304041304000F4F07F1F00405
:106A000054F8043D32462946184613B11B681B69E9
:106A10009847BC42F4D1F8BD084C04F1F00754F893
:106A2000043F32462946184613B11B681B69984734
:106A3000BC42F4D1F8BD00BF504200204C420020BF
:106A4000084600F03FBC00BF2DE9F04385B004AC20
:106A500004E90F0023490D684FF47A72DDE9020161
:106A6000002313F04FFC85B3DFF87C8006460F4609
:106A70004FF000092C46AD69E3689E4277F10003B0
:106A800021D363697BB109F0D5FFE3692BB3A26918
:106A90009A61A3690BB1E269DA61C4E90699C4F8A5
:106AA000149009F0B9FF09F0C5FFD8F80030C4F818
:106AB00014806BB11A469B69002BFBD19461C4E929
:106AC000063209F0A9FF002DD4D105B0BDE8F0834E
:106AD000C4E90633C8F80040F3E7D4E905321A6088
:106AE000D7E700BF48430020504300202DE9F04F76
:106AF000DFF8A49193B004AC84E80F00D9F800301B
:106B00002BB3614BBDF81040D3F800A0BDF8128044
:106B1000BAF1000F17D000235C4D039340F2FE360C
:106B20001F46D346B442DBF80C30DAF818A04FEA1F
:106B3000134099B203460DD0002944D08C4242D074
:106B4000BAF1000FEDD1A4F2FE33012B79D813B0C6
:106B5000BDE8F08F40F2FF3C6145EDD1002869D1DE
:106B6000039B002BECD1DBF81430ABB109F062FFD2
:106B7000DBF81C30002B00F08280DBF818109961E4
:106B8000DBF8183013B1DBF81C10D961CBE90677BC
:106B9000CBF8147009F040FF09F04CFF2B68CBF8DC
:106BA0001450002B62D019469B69002BFBD1C1F811
:106BB00018B0CBE9063109F02FFF01230393BAF196
:106BC000000FAED1BFE708B14345B9D1DBF81430AF
:106BD0009BB109F02FFFDBF81C303BB3DBF818103A
:106BE0009961DBF8183013B1DBF81C10D961CBE9DF
:106BF0000677CBF8147009F00FFF09F01BFF2B6824
:106C0000CBF814506BB119469B69002BFBD1C1F82E
:106C100018B0CBE9063109F0FFFEBAF1000F80D1C0
:106C200091E7CBE90633C5F800B0F4E7DBE90531BD
:106C30001960D6E7404593D0BAF1000F7FF471AFE9
:106C400081E7D9F80050102300934246104B2146AB
:106C500008A800F053FE2B680E4A9B6893420AD1A5
:106C600008A800F063FE13B0BDE8F08FCBE906334F
:106C7000C5F800B09FE708A928469847F0E7DBE988
:106C8000053119607CE700BF6043002050430020BD
:106C9000ED6A020041DA01004443002038B509F0F2
:106CA000C9FE1F4B1C685CB363697BB109F0C2FE6F
:106CB000E3690BB3A2699A61A3690BB1E269DA6176
:106CC0000023C4E90633636109F0A6FE09F0A4FEBF
:106CD000002323616362256809F0EAFE0146284625
:106CE00009F0F2FE09F0A6FE0E4B1A6822621C6043
:106CF00009F092FE204638BDD4E905321A60DBE780
:106D0000282013F09AFC28220021044613F0F5FCF9
:106D100009F0D2FE0023C4E90003A360D6E700BF58
:106D2000584300205443002038B50B4B1C6823699E
:106D3000DB0707D5094D286830B1626A426200233B
:106D400063620446204638BDFFF7A8FF286000288C
:106D5000F3D1204638BD00BF404300204C43002003
:106D60002DE9F04105460E4617469846FFF796FF77
:106D7000044620B332463B462946006809F0AEFE81
:106D8000256809F095FE011F284609F09BFE0F4B70
:106D90000F492068B8F1000F18BF194609F090FE9E
:106DA00009F048FE0B4A626113685BB11A469B69A1
:106DB000002BFBD19461C4E9063209F02DFE204678
:106DC000BDE8F081C4E906331460F6E78974020077
:106DD00055740200504300202DE9F0414E4D2B78B0
:106DE000DB0782B002D502B0BDE8F0814B4E3060C7
:106DF000FFF754FF4A4B0446186009F01BFE494A4E
:106E000062611368002B70D01A469B69002BFBD17E
:106E10009461C4E9063209F0FFFDFFF73FFF424CE1
:106E20000768206009F044FE011F384609F04AFE59
:106E300023683E49186809F043FE3468002C4DD0A1
:106E4000282013F0FAFBC02300930022384BDFF810
:106E5000E88040F2FF31074600F050FD23685B6890
:106E6000434552D1384600F061FD384613F0E3FB4C
:106E70002820376813F0E1FBC023009300222C4B3D
:106E800040F2FE31044600F039FD3B685B68434543
:106E900035D1204600F04AFD204613F0CCFB0022FD
:106EA0000123002100924FF47A600F2202F006FACB
:106EB0002820366813F0C1FBC023009301221D4B2C
:106EC0000F21044600F01AFD33685B68434510D17A
:106ED000204600F02BFD204613F0ADFB2B7843F04D
:106EE00001032B7002B0BDE8F081C4E906331460E1
:106EF00091E72146304698470028EFD0E8E738462A
:106F0000214698470028CAD0C3E72046394698470B
:106F10000028ADD0A6E700BF8A4B002044430020E4
:106F200040430020504300205C430020497202008F
:106F3000ED6A0200496A020039DA0100024B187852
:106F400000F00100704700BF8A4B0020F0B5304FC1
:106F50003B6883B0002B58D02E4B1B78DB0754D5F1
:106F600005460E46FFF7E0FE45EA0643C360436967
:106F700004467BB109F05EFDD4E9062303B39A61B0
:106F8000A3690BB1E269DA610023C4E906336361E6
:106F900009F042FD09F04EFD1F4A6261136853B3C8
:106FA0001A469B69002BFBD19461C4E9063209F0B3
:106FB00033FDA5F2FE33012B05D8002003B0F0BD50
:106FC00063691A60DCE728203F6813F036FBC023B2
:106FD000324600932946114B044600F08FFC3B6873
:106FE0000F4A5B6893420AD1204600F09FFC20467E
:106FF00013F021FBE1E7C4E906331460D7E721462B
:10700000384698470028D8D0EEE70648D6E700BFB4
:10701000444300208A4B002060430020ED6A0200B8
:1070200039DA010016FCFFFF064B93F800C01CF094
:10703000010F05D020B119B100231A46FFF790BE09
:10704000002070478A4B0020024B1868B0FA80F08D
:10705000400970475043002010B5104C23789A0720
:1070600084B004D50E4B1B6873B104B010BD43F05F
:1070700002002070012302220F21684605F01AFD4C
:10708000074B1B68002BF0D1237823F002032370F9
:1070900004B0BDE81040F8F767BC00BF8A4B002081
:1070A000504300202DE9F0415C4D2C682269D10746
:1070B00027D45B4E3368002B57D06169B1426BD047
:1070C0002B60584F3968994252D09C4242D08C4232
:1070D00042D0554B62699A423ED0206809F0F6FCD6
:1070E000064609F0F5FCA16863682F68361ACB1ACA
:1070F0009E4265D8BB683A682068BDE8F04109F057
:1071000065BE4A4E2068336842F0020222611A6965
:107110001C6842F004021A6109F0DEFC01462046B8
:1071200009F0D2FC3768386809F0D0FC044609F051
:10713000CFFCD7E90123241A9B1A9C4255D8336807
:107140009968186809F083FE2B681A690021920774
:10715000316045D4BDE8F0812A6800219368126847
:10716000BDE8F041084609F031BE2E4F3B682B6068
:10717000130718D42B689C42ECD039680E6809F0CC
:1071800097FC011F304609F09DFC3B6828491868B0
:1071900009F096FC39689AE7A169002908BF1946E9
:1071A00029600B468DE72C60FFF756FF3368002BF4
:1071B000FAD09C422B60CDD039688B4287D1DDE775
:1071C0002C6009F085FC6068203626F01F0610BB95
:1071D000304600F01FFB3118C4E901012F6089E738
:1071E000BDE8F041186809F06CBED5F800802F604A
:1071F00009F06EFC7868203424F01F0440B9204662
:1072000000F008FB0444C7E90104C5F8008096E7D4
:1072100000F03EFBF3E700F03BFBD9E740430020E2
:10722000504300205C430020584300204C43002082
:1072300049720200034B1B78DB0701D5FFF732BF11
:10724000704700BF8A4B002000B5114C114D85B02E
:1072500005E02A68A2B1DA0702D5FFF723FF2378F9
:107260009907F6D443F0020C022201230F2168464D
:1072700084F800C005F01EFC2A682378002AEAD1B1
:1072800023F002032370F8F76FFB2378E3E700BFD6
:107290008A4B00205043002000B583B0FFF756FE14
:1072A00010B103B05DF804FB054B1B78DB07F8D584
:1072B0000190FFF7F7FE019803B05DF804FB00BFF3
:1072C0008A4B002070B5204E3378DA072FD505465B
:1072D000FFF72AFD044601F0D1FF63692844E0600E
:1072E0007BB109F0A7FBE36953B3A2699A61A36973
:1072F0000BB1E269DA610023C4E90633636109F086
:107300008BFB09F097FB114A62611368A3B11A461F
:107310009B69002BFBD19461C4E9063209F07CFB28
:107320003378DB0707D5BDE87040FFF7BBBEBDE88B
:10733000704000F0ABBB70BDC4E906331460EDE7EC
:10734000D4E905321A60D2E78A4B00204843002076
:1073500070B5374D2C6863698BB109F06BFBE3693D
:10736000002B59D0A2699A61A3690BB1E269DA6175
:107370000023C4E90633636109F04EFB2C682D4EEF
:1073800009F058FB33686661002B4DD01A469B69A3
:10739000002BFBD19461C4E9063209F03DFB34684F
:1073A0004CB1A369002223B11C460132A369002B12
:1073B000FAD1032A21DC2B6800221A611C6809F02B
:1073C00077FB0146204609F07FFB09F033FB1A4AA0
:1073D000296813688B421CD02BB11A6A914220D0C5
:1073E0001346002BF9D109F017FB144B1B78DB0770
:1073F00016D5BDE87040FFF755BEE269206893617D
:1074000000F046FA606800F043FA204600F040FAC7
:10741000D1E71B6A1360E6E7D4E905321A60A3E7F7
:1074200070BD0A6A1A62DEE7C4E906333460B4E765
:107430004043002058430020544300208A4B002042
:10744000034B1B78DB0701D5FFF782BF704700BFF6
:107450008A4B002010B50C468047A047044B1B7890
:10746000DB0703D5BDE81040FFF772BF10BD00BFBA
:107470008A4B0020034B1B78DB0700D47047FFF7D3
:1074800067BF00BF8A4B002038B50346144610463C
:107490000D4698472046A847044B1B78DB0700D4CD
:1074A00038BDBDE83840FFF753BF00BF8A4B00200E
:1074B00000283DD02DE9F8431F4F3B78DC0735D538
:1074C0001E4E33681A6952078846044601D15D6A28
:1074D00045B11B49012342462046FFF741FC0020ED
:1074E000BDE8F883186809F0D4FC3268136913F01A
:1074F000020916D143F0010313614046A0473368E7
:107500001869C3F8249020F0010210F004001A61F9
:10751000E6D0387810F00100E2D0FFF719FF4846B6
:10752000DEE723F0030313612846D9E70548D7E7D0
:107530006FF47A70704700BF8A4B002040430020F0
:107540007574020016FCFFFF024B1878C0F3800030
:10755000704700BF8A4B0020054A137818B143F0EA
:1075600004031370704703F0FB031370704700BFF0
:107570008A4B002010B40024C460C0E900115DF8FB
:10758000044B0272704700BFF8B53A4F3B78DA07F8
:1075900000D4F8BD044609F04DFA2568013D256088
:1075A00009F03AFA002DF4DAFFF7BEFB436906460C
:1075B00083B109F03FFAD6E90623002B53D09A6134
:1075C000B3690BB1F269DA610023C6E9063373616E
:1075D00009F022FA09F02EFA04F10C037361E36852
:1075E000002B3CD01A469B69002BFBD19661C6E963
:1075F000063209F011FA09F01DFA23689D4221DDD7
:10760000736983B109F016FAF369002B2ED0B269C1
:107610009A61B3690BB1F269DA610023C6E90633F6
:10762000736109F0F9F909F005FA134A72611368F8
:107630008BB11A469B69002BFBD19661C6E90632D5
:1076400009F0EAF909F0E8F93B78DB07A1D5BDE8D4
:10765000F840FFF727BDC6E906331660F0E7C6E934
:107660000633E660C5E773691A60A9E7D6E9053213
:107670001A60CEE78A4B002050430020036810B503
:10768000C468013303604CB363697BB109F0D2F97C
:10769000E36923B3A2699A61A3690BB1E269DA6174
:1076A0000023C4E90633636109F0B6F909F0C2F9B1
:1076B0000D4A6261136853B11A469B69002BFBD1D6
:1076C0009461C4E90632BDE8104009F0A5B9C4E9E7
:1076D00006331460BDE8104009F09EB910BDD4E92E
:1076E00005321A60D8E700BF50430020F8B5C468DF
:1076F000054634B3194E00272B68626901332B60AD
:1077000072B109F097F9E36923B3A2699A61A36999
:107710000BB1E269DA61C4E90677676109F07CF9C7
:1077200009F088F93368666183B11A469B69002BBA
:10773000FBD19461C4E9063209F06EF9EC68002CC3
:10774000DAD12B7A0BB96B682B60F8BDC4E906332C
:107750003460F1E7D4E905321A60D8E750430020DD
:1077600000680028B4BF404200207047830770B50E
:107770000D4644D100B970BD860809F05BF9D5E922
:107780000040751CA04206D92168002907DB04EBE4
:107790008104A042F8D809F03FF9002070BD21F023
:1077A00000434FEA810C54F82320002A04EB8101A6
:1077B0000EDB0FE022F00042134443F0004222604F
:1077C00054F82320002A04EB83014FEA830C01DAEA
:1077D0008842EFD89D4201D96444D3E7A042DAD968
:1077E00002369E4203D204EB8606B0420AD82368D2
:1077F00023F00043236009F00FF9201D70BD8008BD
:10780000461CBAE75B1B43F0004346F8043C256086
:10781000F1E700BFF8B5074660B3184C23783BB1D9
:1078200017493846FFF7A2FF0446F0B12046F8BDDD
:10783000144D154A2B70166809F0FCF8104A134BCA
:10784000C2E900639B1B9B0843F0004333602B7825
:1078500001332B7009F0E0F8012309492370384601
:10786000FFF784FF04460028E0D11420F8F76EF8F3
:107870002046F8BD04462046F8BD00BF8B4B0020D3
:10788000644300208C4B0020BC25002000F8012020
:10789000B0B10F4B1A68824210B5044602D25B6841
:1078A000834204D8BDE810401E20F8F74FB850F8C6
:1078B000043C002B05DD43F0004344F8043C10BDBC
:1078C00070471E20F8F742F854F8043CF3E700BF75
:1078D0006443002010B501FB00F282B01046019213
:1078E000FFF798FF044628B10123019A03600021A5
:1078F00012F003FF204602B010BD00BF2DE9F04199
:10790000044610300F46BDF8188016461D4605F097
:107910001FF90021C4E90251C4E9081127806680DB
:10792000A4F804802046BDE8F08100BF83889B074F
:1079300010B5044603D5806808B112F07CFE2046DD
:1079400010BD00BF82B070B5046A86B00AA981E894
:107950000C003CB3236963B101221C461B69013250
:10796000002BFAD1092A04DD06B0BDE8704002B050
:1079700070470AAB0FCB02AD85E80F00182012F05C
:107980005CFE06AB064613E903008DE803003046B3
:1079900095E80C0005F002F9266106B0BDE87040DC
:1079A00002B0704705460FC902AC84E80F001820EA
:1079B00012F043FE06AB064613E903008DE8030010
:1079C000304694E80C0005F0E9F82E6206B0BDE8F8
:1079D000704002B0704700BF30B4D0E9004303F1FB
:1079E0000050013804EBC00084420AD8034603E08B
:1079F0009442184605D813461D68A942A3F108020F
:107A0000F6D9406830BC704710B4D0E9004303F1A8
:107A10000053013B04EBC30C64450FD8634603E0FD
:107A200094429C4607D8134618688142A3F1080285
:107A3000F6D9DCF800005DF8044B704754F83300C9
:107A4000F9E700BF10B4D0E9004303F10053013B54
:107A500004EBC30C644513D8634603E094429C4690
:107A600007D8134618688142A3F10802F6D9DCF85A
:107A700000005DF8044B081AB0FA80F04009704726
:107A800054F83300F5E700BF704700BF01F0CABCEF
:107A900001F09CBCFEF788BE38B5084B04460025B3
:107AA000C0E90035FEF71CFFE388054A226043F475
:107AB00080532581E380204638BD00BF78BA03009B
:107AC0009CBA030010B5044A026000230446C38038
:107AD000FEF774FF204610BD78BA03000089704796
:107AE000807A704738B5036881720446DB6A98472C
:107AF0002368074A9B6A9342054603D1A07AA07285
:107B0000284638BD20469847C0B2A072284638BDE6
:107B1000E17A020038B5036801810446DB6A9847C0
:107B20002368074A1B6A9342054603D120892081B6
:107B3000284638BD2046984780B22081284638BD67
:107B4000DD7A0200F8B50025144B03600446456059
:107B500016460F46FEF7C4FE114B236094F83630EC
:107B600025631422228123F00E03022284F836308A
:107B7000A2724FF00113C4E90355C4E90555C4E9E5
:107B80000755C4E90E336762A680E580A586A4F890
:107B9000425084F840502046F8BD00BF78BA030038
:107BA000C4BA0300C26812F5C87F30B580F2848081
:107BB00090F8363013F0020340F08680046914F523
:107BC000C87F66DA90F8361011F0040169D1456972
:107BD00015F5C87F31DA90F8361011F0080134D06D
:107BE000B1FA81F390F836105B0963F3C30180F8B2
:107BF000361090F84030032B08D80133DBB2012B4C
:107C000080F840307DD0042B00F08280B0F8421024
:107C100090F836C0013189B21CF0010EA0F8421074
:107C200061D01D2917D900236FF3000C80F836C0EE
:107C3000A0F8423080F840300DE0B5F5C87F04DD93
:107C400090F8361011F00801CAD0002BD1D190F86D
:107C50004030002BDAD104FB04F3334902FB02333A
:107C600005FB05338B423CD912F5487F45DBB2F565
:107C7000487F44DC14F5487F48DBB4F5487F43DC9B
:107C800015F5487F37DBB5F5487FD4BF00200620C7
:107C900030BDB4F5C87F9ADD90F8361011F00401BC
:107CA00095D190F83650B1FA81F35B0963F3820500
:107CB00080F8365001238AE7B2F5C87F0FDD90F8CF
:107CC000363013F002030AD190F83610B3FA83F37A
:107CD0005B0963F3410180F8361001236EE700234E
:107CE0006CE7072030BD0929B5D9013BA0F842E077
:107CF00080F84030AFE7052030BD032030BD0420C0
:107D000030BDA0F84230A6E7012030BD022030BDD2
:107D100090F83630002243F0010380F83630A0F8A6
:107D200042200B2030BD00BFFF700200D0E90332BB
:107D300030B502FB02F2456903FB032305FB053561
:107D4000B5F5800F85B0044625D9038F002B45D0AB
:107D5000B5F5100F02D9638F002B5ED0B5F1107FFF
:107D600002D9A38F002B4FD0B5F1806F02D9E38FDA
:107D7000002B40D0012384F831302046FFF712FF5A
:107D80000B2814D0A38E83421AD00023A08684F837
:107D9000303005B030BD90F83130042B46D9002387
:107DA000C0E90E332046FFF7FDFE0B28EAD16086BE
:107DB000024601230D21684604F07CFE05B030BD6B
:107DC00094F83030042B12D8628E0133DBB2824239
:107DD00084F83030DDD0052BE9D0DAE701230C221E
:107DE0000D21684604F066FE01232387B0E7638E09
:107DF0008342DCD1CDE701230A220D21684604F03D
:107E000059FE0123E387B5E7012309220D216846C6
:107E100004F050FE0123A387A6E7012308220D21C9
:107E2000684604F047FE0123638797E70133DBB21E
:107E3000A1E700BF30B58BB0016A00F118030CCB8D
:107E400002AD00910446416A284604F01DFE95E803
:107E50000700E38804F10C0523F0020385E807001E
:107E60002046E380FFF762FF0123A1881A4606A897
:107E700004F020FE00200BB030BD00BF10B5036839
:107E800004461B6B9847E06810BD00BF10B503683F
:107E900004461B6B9847206910BD00BF10B50368EE
:107EA00004461B6B9847606910BD00BF036810B59E
:107EB00004461B6B9847E3889B0701D5A06A10BD59
:107EC0002046F4F755FFA06A10BD00BF036810B547
:107ED00004461B6B9847E3889B0701D5E06A10BDF9
:107EE0002046F4F745FFE06A10BD00BF10B5044A14
:107EF000026000230446C380FEF760FD204610BDEB
:107F000078BA030000897047D0E90D1230B5C36B11
:107F10000446C068091A2069121A60691B1AA06910
:107F200000FB01F189126163E16901FB02F2216A40
:107F30008BB001FB03F39B129212A26302ADE363C9
:107F400004F1340200930CCA216C284604F09CFD15
:107F500095E80700012304F1280585E80700A188BA
:107F60001A4606A804F0A6FD00200BB030BD00BFE5
:107F700038B5036801810446DB6998472368074ADE
:107F80005B6A9342054603D120892081284638BD8B
:107F90002046984780B22081284638BD057F0200E0
:107FA000F8B50025114B03600446456016460F46A0
:107FB000FEF796FC0E4B23604FF48063C4E9055333
:107FC000C4E9073314224FF48053C4E90355C4E9CC
:107FD0000955C4E90B55C4E90D55C4E90F5765644B
:107FE000A6802281E3802046F8BD00BF78BA030056
:107FF00004BB030030B5C58815F0040585B023D156
:10800000036804469B6A9847E388A188656223F069
:1080100002034FF4806243F00403C4E90552C4E94B
:108020000722E38003220123C4E90355684604F0D4
:1080300041FDE388054823F0040213F0020FE280BB
:1080400018BF002005B030BD0148FBE714FCFFFF5E
:1080500015FCFFFF84B030B50DF1100C8CE80E005C
:10806000C588044600F10C0EBCE80F00AEE80F0016
:108070009CE8070045F002058EE80700E580BDE8B2
:10808000304004B0704700BFC08800F00200704765
:108090004164704770B50B680C4682B005469B6A18
:1080A000084616469847E26B216CCDE9002604F19C
:1080B000340328460CCB04F095FC284602B070BD72
:1080C00010B5036804469B6A9847A06A10BD00BFBC
:1080D00010B5036804469B6A9847E06A10BD00BF6C
:1080E00010B5036804469B6A9847206B10BD00BF1B
:1080F00070B52DED068B044686B0406CFFF7E6FEAA
:108100000646606CFFF7D2FE236805469B6A204650
:1081100098470223E26B0193216C009204F134032F
:108120000CCB03A804F05EFCDDED047AF8EEE78AE0
:10813000DDED057A3046B8EEE7AA10F0DFF8034629
:10814000304609EE903A10F0A3F80346284609EEAF
:10815000103A10F0D3F8034608EE103A284610F013
:1081600097F868EE887A9DED037A06EE900AB8EEED
:10817000C77A67EEA97A2AEE088AE7EE267A69EED0
:10818000688AE8EE097AEAEE298A17EE900A18EE74
:10819000901A10F0EFF8DFED0E6ADFED0E5A07EEE1
:1081A000900A27EEA67ADFED0C7A87EE256A77EE45
:1081B000C67AF5EEC07AF1EE10FA48BF77EEA67AED
:1081C000FDEEE77A17EE900A06B0BDEC068B70BDA7
:1081D0000000B443DB0FC9400000B44230B503686F
:1081E000044687B09B6A9847E06B216C012504F137
:1081F00034030CCBCDE9000503A804F0F3FBDDED5F
:10820000047AF8EEE77A17EE901ADDED037AF8EECD
:10821000E77A17EE900A10F0ADF8DFED0C7ADFED9B
:108220000C6A07EE100A67EE277A87EEA67AB5EE9B
:10823000C07AF1EE10FA44BFDFED067A37EE277A06
:10824000FDEEC77A17EE900A07B030BD0000344348
:10825000DB0F49400000B443C3885A0714D49B077E
:1082600010B5044606D5636C20464BB1BDE81040FE
:10827000FFF73EBFFFF7BEFE636C2046002BF5D133
:10828000BDE81040FFF7AABF0048704715FCFFFF8C
:1082900010B5044A026000230446C380FEF78EFB3B
:1082A000204610BD78BA03000089704740897047A6
:1082B000FF299ABF017300206FF47A70704700BFE6
:1082C000007B7047704700BF10B54A890B8982B0A8
:1082D000CDE9003200231A461031044604F0F8FEBE
:1082E000204602B010BD00BF10B5074B044640F851
:1082F000103B04F067FC054A226000232046E3801F
:10830000FEF75CFB204610BD3CBB030078BA0300BF
:1083100010B5094B044640F8103B04F053FC074AE3
:1083200022600023E3802046FEF748FB204612F03F
:1083300082F9204610BD00BF3CBB030078BA0300A1
:10834000F8B51F460B4B03600023044643600E46FE
:108350001546FEF7C5FA2046074B40F8103B2AB2F7
:1083600031B204F07BFCFF23237326816581A78053
:108370002046F8BD78BA03003CBB03006FF47D7063
:10838000704700BF6FF47D70704700BF6FF47D7061
:10839000704700BF6FF47D70704700BF10B584B0A8
:1083A00003688DF80F20002400941C6A0DF10F0261
:1083B0000123A04704B010BD10B584B004688DF847
:1083C0000C20002200928DF80D30246A022303AAAB
:1083D000A04704B010BD00BF10B5012384B00468ED
:1083E000CDE900330DF10F03E46AA04708B99DF809
:1083F0000F0004B010BD00BF2DE9F84F9DF82870A4
:10840000002A54D0002B1D4651DD93460268DFF848
:10841000A4809368434506460C4636D11369DFF8BD
:1084200098A0534538D1B5F1010918D0023D5D44FB
:108430000BF1FF3404E004F8013FA5420DD032688F
:10844000526952454FF00B03F5D00021304690475A
:10845000C3B204F8013FA542F1D13268CB4453695D
:1084600053450DD10B208BF8000037B93368DB681A
:10847000434518D13846BDE8F88F0020BDE8F88F95
:10848000012130469847C0B2EDE798473268DFF8DF
:1084900028A013695345C6D044F00101C9B2304643
:1084A00098473268BFE7304698473846E6E76FF4AA
:1084B0007A70E3E78D830200958302002DE9F0478F
:1084C0009DF82070002A37D0002B994634DD1446E1
:1084D0000268DFF870809568454506468A4624D1D3
:1084E0001269174DAA4219D1A14404E001344C4548
:1084F00009D033681A69AA42F8D02178304601348D
:1085000090474C45F5D137B93368DB6843450FD107
:108510003846BDE8F0870020BDE8F0875FFA8AF1B1
:108520003046904733681A69DEE7A8473268D7E7D4
:10853000304698473846EFE76FF47A70ECE700BFB3
:10854000958302008D8302002DE9F04186B0044638
:108550009DF834508DF80F201E460F4695B10268E5
:1085600001230093156A0DF10F02A84738B923685B
:1085700000909D6A0C9B324639462046A84706B0BB
:10858000BDE8F0810368DFF824C0D3F81C809DF8B3
:108590000F20E04508D100951D6A8DF817200123B2
:1085A0000DF11702A847E1E7C047DFE79D8302000E
:1085B000024A026000218180704700BF7CBB03003B
:1085C0006FF47D70704700BF40797047417170470C
:1085D00011B370B506460868904214460D4610D097
:1085E00020B102680E49126E8A420CD134B1236860
:1085F0000C4ADB6D93420AD1002333712C600020BA
:1086000070BD002070BD9047002CF0D1F6E700222D
:10861000314620469847F1E76FF47A70704700BF03
:108620004D270200492702000EB42DE9F04787B01C
:108630000FAB044653F8046B0093317839B92AE044
:10864000236820469B6901369847317819B325295C
:10865000F6D1009A73781768101D252B009006F14B
:10866000020659D0583BDAB2202A19D8202B17D845
:10867000DFE803F057161616161616161616164CC1
:10868000331616161616161616161616161616265D
:10869000161616168A0007B0BDE8F04703B07047FB
:1086A00023683F219B692046984723683F219B69A7
:1086B0002046984723683F219B6920469847C4E796
:1086C00017F8011B0029C0D0236820469B699847F2
:1086D000397801370029F7D1B7E7002301A93846D7
:1086E000CDE90133CDE903330593FEF71FF89DF87B
:1086F00004100029A9D00DF10505236820469B69C7
:10870000984715F8011B0029F7D19EE72368F9B2B5
:108710009B692046984798E7236820469B699847BD
:1087200093E74FF000094FF01C0A08254FF00008AE
:1087300012E0B9F1000F2AD003F1570C236861460B
:108740009B6920464FF001089847013D15F0FF0551
:10875000AAF1040A3FF479AF27FA0AF303F00F03F2
:1087600003F13002392A5FFA82FCE2DC302A4FF052
:1087700030012046E2D1B8F1000F01D1012DE4D142
:1087800023689B699847E0E74FF00109CBE703F1C5
:10879000370CD3E7C389DB0600D4704710B5044615
:1087A00084B0818901230422684604F083F9E389B7
:1087B00023F01003E38104B010BD00BFC388DB06C3
:1087C00000D4704710B5044684B081880123042288
:1087D000684604F06FF9E38823F01003E38004B0E7
:1087E00010BD00BFC3895B073FD52DE9F041836908
:1087F000B3F90270002F84B005460E4615DD00F176
:108800001808002401E0A7420FD021B2404604F02E
:1088100073FEB04204F10104F5D10123A9891A467F
:10882000684604F047F9A742EFD1EB8C95F8242075
:108830009BB20133B3FBF2F102FB11332A8D9BB2E1
:108840009A421DD0EA8C296A92B28E54EB84EB696D
:10885000002B03DBEA8C92B2934207D0EB8943F002
:108860001003EB8104B0BDE8F08170474FF0FF3397
:10887000EB61A98901230222684604F01BF9EDE7A8
:10888000A98901230322684604F014F904B0BDE865
:10889000F08100BFC3891B0719D530B5838EC16A2B
:1088A00002689BB20446C95C926985B09047A58E68
:1088B00094F83030628EADB20135B5FBF3F103FBB5
:1088C0001155ADB2AA4203D0A58605B030BD7047A0
:1088D000022240F2FF310123684604F0EBF82368DE
:1088E00001219B6820469847A58605B030BD00BF92
:1088F000C3895A0770B5044607D5036800219B68F1
:108900009847206AFEF7C4FFE38994F8240023F017
:1089100004039DB2E581FEF77DFF206260B123680C
:10892000002645F004055B68E6842685E58131462E
:1089300020469847304670BD6FF47B7070BD00BF15
:108940002DE9F04F2DED028B85B08846C98900AF27
:10895000CC0708EE100A7B6000F1DF804B079346DE
:1089600040F1CB80B8F82650B8F82890ADB241F06D
:108970000101A945A8F80E1000F01281DBF80030C3
:10898000D8F82000B3F902104D460029465D25DDD8
:1089900000244FF0FF3A21B2584604F0ADFDDBF859
:1089A0000010B1F902100134B04208BFAA46A1423A
:1089B000F1DC98F82440B8F82600013580B295FB28
:1089C000F4F604FB1655A84200F0AA80BAF1FF3F66
:1089D00044D1D8F820000029465DD9DC98F824401D
:1089E000B8F8263001359BB295FBF4F604FB16551A
:1089F000AB42CAD17B68012B00F09A807B68022BC6
:108A000040F08380594607F10C0008F1180404F087
:108A10003BFD07F10C01204604F046FD0121B8F8AA
:108A20000C00FEF739FC07F10C0004F08FFCB8F8DD
:108A3000262092B202F1FF3A1AB998F8243003F1D5
:108A4000FF3A07F10C0004F029FD07F10C01204664
:108A500004F02AFD07F10C0004F078FCBAF1000FD5
:108A600053DBCA45BDBF98F82450A5EB0905554412
:108A7000AAEB090505F1080222F007026C46ADEBEE
:108A8000020D00216A1C684611F037FE1FFA8AF3B6
:108A90009945D8F820E098F8240069460FD00DF1E8
:108AA000FF3609F10102B2FBF0FC00FB1C221EF8AC
:108AB00009C006F801CF1FFA82F94B45F1D1B8F889
:108AC000283001332B442AB2B8F80E5025F00105A6
:108AD000A8F80E5093FBF0F500FB1533A8F82830EA
:108AE00018EE100A04F0AAFCA54618EE100A143776
:108AF000BD46BDEC028BBDE8F08F4046FFF7F8FEA7
:108B000000283FD1B8F80E102CE7B8F80E1021F06D
:108B1000010118EE100AA8F80E1004F0BFFCE4E7FB
:108B20007B68012B25D1BAF1FF3F97D1D8F82000FF
:108B3000B8F826309BB2AB42FAD00029445D27DD5D
:108B400000264FF0FF3A31B2584604F0D5FCDBF86E
:108B50000010B1F902100136A04208BFAA46B14286
:108B6000F1DC98F82400013595FBF0F400FB145576
:108B7000D9E77B68022B7FF471AFBAF1FF3F7FF436
:108B80006DAF3FE7014618EE100A04F0E7FBACE7D3
:108B900098F82430013595FBF3F403FB1455C7E72F
:108BA0007B68012B04D07B68022B3FF42BAFAEE730
:108BB000DBF80030D8F82000B3F90210B8E700BFA6
:108BC0002DE9F0471E46224B03600025214B8360B0
:108BD00004468580C5600830884617469DF8209079
:108BE000BDF824A0FDF77CFE1B4B23603833A36047
:108BF000C4E9048704F1180004F050FC01364FF07A
:108C0000FF3309F10109E361E58404F110014246F3
:108C1000A4F80CA084F8246084F830902562E56202
:108C200025856586A5862046FFF7D2FC3A4604F1E5
:108C300014012046FFF7CCFC084B1A6832B1E389D7
:108C400043F480432046E381BDE8F0871C60F6E7EB
:108C5000B8BB030078BA0300C4BB03006C43002018
:108C600010B50446002937D001291BD0022917D19D
:108C7000C3895B073AD5E28C238D92B2934219D116
:108C80000221A089FEF762F9E38C94F824209BB2BC
:108C90000133B3FBF2F102FB1133E361FEF7CAFAD1
:108CA000238D07E0E3895A070FD5E28C238D92B21A
:108CB0009342F7D0216A94F82420C85C0133B3FBB7
:108CC000F2F102FB1133238510BD2046FFF710FEA1
:108CD0000028EAD0238DEDE7C38959070BD5E28C34
:108CE000238D92B29342E5D1054810BDFFF700FEF7
:108CF0000028C0D0D4E7FFF7FBFD0028EFD0CFE776
:108D00000CFCFFFF38B50C1E06DB0368DB6805466C
:108D1000984700B9AC6338BD6FF47A7038BD00BFB6
:108D2000828E438E92B29A4206D990F83010828E8B
:108D30000B4490B2181A7047808E80B2181A704790
:108D40000A4B10B503F10802403304460260836009
:108D5000183004F0FBFA064AA260002304F1080070
:108D6000E381FDF72BFE204610BD00BFBCBB030016
:108D700078BA030008B5C06803681B6B98470020E9
:108D800008BD00BF08B5C06803689B6A984700200B
:108D900008BD00BFF0B5054683B014461F4607F076
:108DA00049FEEE68697C336801919A6CDD6B304650
:108DB00090470A2C77F1000338BF0A240219019961
:108DC0003046A84703B0BDE8F04007F025BE00BF1D
:108DD00070B5044607F02EFEE06803689B6C984768
:108DE000D4E9083162686060821A9B182362A36824
:108DF0001A4441F10001B2F57A7F6162A26012D398
:108E0000D4E90631013341F10001581CA2F57A7210
:108E10000D4641F10001B2F57A7F1E460346F4D2B9
:108E2000C4E90665A260BDE8704007F0F5BD00BF6B
:108E300010B50446FFF7CCFFD4E9060110BD00BF12
:108E40002DE9F04F466B83B0002EBDF83410BDF80D
:108E500030B09DF838A001913DDDC46A07469046C8
:108E60009946002103E0B14204F1180433D0258A69
:108E70000131002DF7D13846FFF7AAFF3B6A7A6A25
:108E800018EB030349EB0202BAF1000F28D1514657
:108E90005046C4E90232019B63820F9B6361C4E9BF
:108EA0000010A4F810B007F0C5FD3B6B3BB1D3E94F
:108EB0000203A168E268814272EB030305D23C63BE
:108EC00042464B463846FFF765FF07F0A5FD0020F8
:108ED00003B0BDE8F08F6FF47B7003B0BDE8F08F96
:108EE00041464846D5E700BFF0B4456BC36A002150
:108EF0008D4201631DDD0A461C8A013254B139B12D
:108F00009E688F68CC68BE42DE6876EB040401D2AE
:108F100003631946AA4203F11803EDD149B1036A6C
:108F20008A68D21A0A2AB8BF0A22F0BCD317FFF700
:108F300031BFF0BC704700BF2DE9F04F06468BB043
:108F400069B1C468017C23680591DD6B9B6C204688
:108F50009847364A059903461A442046A8473046A2
:108F6000FFF736FF726BF46A002A45DD0025A9463B
:108F7000012718E0D4E900BA5BEA0A08628A41D105
:108F8000306B0023A042238243D0CDE900EC02974E
:108F900006A803F0B5FD726B09F101090135AA427B
:108FA00004F1180425DD218A0029F7D0D6F820E045
:108FB000A368D6F824C0E0689E457CEB000AD9D2AD
:108FC0006369DB07EAD5FEF7BFFA60B1D6E908307E
:108FD000174A13EB020ED4E9021240F1000C71455E
:108FE00072EB0C0217D3726B0135AA4204F118041C
:108FF000D9DCB9F1000FB6D130460BB0BDE8F04F67
:10900000FFF772BF13EB0B0340EB0A00C4E9023019
:10901000BBE73363B9E7CDE900300297052240F2A0
:10902000FF3106A803F06CFDDDE700BF80969800D5
:10903000A0860100084B1B6801465BB1187C01410A
:1090400011F0010103D001211846FFF775BF184642
:10905000FFF772BF704700BF74430020416BC36AC3
:1090600001EB410103EBC1018B424FF0000024D220
:109070001A8AF2B15A69D2071BD5C8B130B49C68BC
:109080008568C268AC42DC6874EB02020AD318330C
:1090900099420BD91A8A002AF9D05A69D407F6D511
:1090A0000028ECD1184618339942F3D830BC7047E9
:1090B000184618339942DBD870477047F8B5054613
:1090C0000C4607F0B7FCE86803689B6C98476A6831
:1090D0002B6A6860821A9B182B62AB681A446B6A11
:1090E000AA6043F10003B2F57A7F06466B6212D3A1
:1090F000AB69E969013341F1000C591CA2F57A72A0
:1091000060464CF1000CB2F57A7F1F460B46F4D254
:10911000C5E90670AA60E86803681B6B984707F00A
:109120007BFC0023C4E90063D5E90801F8BD00BF5A
:109130002DE9F843DDE908680546174607F07AFC93
:1091400056EA080335D02B6A9B192B626B6A48EBF1
:1091500003036B624FF47A7200233046414611F0EC
:10916000D1F8AB690446E418EB69AC610A463046B5
:1091700043EB02064146EE614FF47A72002311F090
:10918000C1F8A8688318B3F57A7FAB6010D3601C70
:1091900046F10001421CA3F57A730C4641F100012F
:1091A000B3F57A7F06461046F4D2C5E90664AB6093
:1091B0006F602846FFF70CFE6B6BD5E9080703EBE1
:1091C000430E00232B63EB6A0A3003EBCE0E47F10C
:1091D0000007734515D333E0D3E902128142BA4147
:1091E00001D2C3E902072A6B3AB196689968D2683E
:1091F000DC68B14274EB020200D22B6318339E4547
:109200001ED91A8A002AF9D0D3E9004654EA060288
:10921000E2D09A68D968A21846EB0101824271EB4C
:10922000070CE0D212EB040C904662468C4641EBF0
:109230000601824271EB0709F4D3C3E9028CD2E73D
:10924000E86803689B6C9847EB680A4A196802440F
:10925000CE6B297C04461846B0472B6B33B1E868C7
:10926000697C036804F10A02DB6B9847BDE8F843A8
:1092700007F0D2BB80969800704700BF064B10B530
:109280001C682CB12046FFF7A3FDD4E9060110BDF0
:109290000020002110BD00BF74430020064B10B514
:1092A0001C682CB12046FFF793FDD4E9080110BDDE
:1092B0000020002110BD00BF7443002010B5094CF0
:1092C000246884B064B10193069B03930B4601218B
:1092D0000092029102462046FFF7B2FD04B010BD95
:1092E0000148FBE77443002016FCFFFF70B50E4DEC
:1092F0002C68B4B12046FFF76BFD0C4B266A42F296
:10930000107098472C682046FFF762FD236A0849D1
:10931000053B9B1B42F210720020B2FBF3F30B6083
:1093200070BD044870BD00BF744300206525002057
:109330007043002016FCFFFF70B516461E4A0260FF
:109340001E4A43740A230446C160436310600D46FD
:1093500006740121F020FEF7BDFA00230022C4E9C3
:109360000B030023C4E90623C4E908232B6814492E
:10937000DA698A421AD1134AEA603146124ADB6B33
:1093800028469847E06803685B6A9847E068036886
:109390000022A2609B6C9847E36860601A681846D8
:1093A000936A9847FFF7A2FF204670BD28460549FB
:1093B0009047E5682B68E0E720BC03007443002079
:1093C000C1FB01003590020080969800F8B5114E5F
:1093D0003468E4B1104B0546186890B92046FFF791
:1093E000F7FCD4E908072D1847F100073468204638
:1093F000FFF7EEFCD4E90823AA42BB41F6D30020D4
:10940000F8BD05FB00F0054B98470020F8BD044867
:10941000F8BD00BF74430020704300206525002084
:1094200016FCFFFF4FF47A7303FB00F0FFF7CEBF8B
:10943000064B1B68014613B11846FFF73FBE0022DA
:109440000023C0E9002319461046704774430020EA
:1094500010B5084C246882B04CB1CDE90023024617
:109460000B462046FFF764FE002002B010BD024804
:10947000FBE700BF7443002016FCFFFF084B1B688E
:109480005BB110B504461846FFF7E8FD20B1D0E9FE
:109490000223C4E90023012010BD1846704700BF15
:1094A00074430020C3880D4A23F4005310B50446CA
:1094B0000260C3802C3003F085FB04F1240003F02C
:1094C00045FF04F11C0003F041FF054A2260002320
:1094D0002046E380FDF772FA204610BD30BC030041
:1094E00078BA0300C3880F4A23F4005310B504462A
:1094F0000260C3802C3003F065FB04F1240003F00C
:1095000025FF04F11C0003F021FF074A226000231D
:10951000E3802046FDF752FA204611F08CF82046F1
:1095200010BD00BF30BC030078BA0300F8B50025B9
:10953000144B0360044645600F461646FDF7D0F90C
:10954000114B2360A76004F10C0003F01BFA04F137
:109550001C0003F0A3FF04F1240003F09FFF04F1BB
:109560002C0003F075FB4FF4405384F82250256320
:10957000A680E3802575E582258325842585204600
:10958000F8BD00BF78BA030030BC03002DE9F041FC
:109590000446806884B00121103003F067FD94F91F
:1095A0002230042B06DCE269B4F92010B2F9022063
:1095B0008A421CDC01335DB2A06884F82250036843
:1095C000DB6998470130854202D004B0BDE8F081E4
:1095D000E269B4F92030002184F82210B2F90220A7
:1095E0009A4232DD0133238404B0BDE8F08104F1F6
:1095F0001C0003F081FF04F10C050146284603F02E
:10960000D3F9064680B394F92230A068C3F104036D
:1096100001279F400368DB6998470138FFB2013E8C
:1096200000255FFA80F816F8013F1F4205D1013589
:10963000052DF8D194F92230BCE7A0682AB2FF23A7
:109640004146103003F01AFCF1E701231A46217558
:109650006846A18803F02EFA01231A4640F2FE3133
:10966000684603F027FAB0E72021284603F09CF96A
:109670000646C8E730B5436AB0F92810B3F902309E
:1096800085688B4285B0044605F1100510DC202169
:1096900000231A46284603F0A3FC626AB4F9283076
:1096A000B2F902209A4208DB0133238505B030BDB0
:1096B000243003F021FF0146EAE701230020A188BE
:1096C00020751A46684603F0F5F901231A4640F260
:1096D000FE31684603F0EEF905B030BD10B5044622
:1096E000806886B0103003F0BFFBA068B4F930206A
:1096F0000023009304F12C01103003F0DBFB10B9C0
:1097000094F8333053B994F932303BB1218E0122B1
:109710000B44238684F8332006B010BD01230021BA
:109720001A46217502A8A18803F0C4F901231A463C
:1097300040F2FE3102A803F0BDF906B010BD00BF33
:1097400030B504468068B4F93050036887B0DB69EF
:109750009847E36A94F932105B88CB1A1844854223
:1097600002DC94F833307BBBB4F93020002A12DCE1
:10977000A068002304F12C010093103003F09AFB41
:1097800094F9321079B1228E0123114484F83330D8
:10979000218607B030BDA0684942103003F066FC56
:1097A000B4F93020E4E701231A46217502A8A18804
:1097B00003F080F9012340F2FE311A4602A803F0BB
:1097C00079F994F93210DEE7237D062B10D00123BE
:1097D0000020A18820751A4602A803F06BF9012326
:1097E0001A4640F2FE3102A803F064F907B030BD1A
:1097F000A068103003F038FBE9E700BF037DFBB140
:1098000010B5038BC28A04339BB29A4284B00446DB
:10981000038313D8037D0022022B028327D0237DEC
:10982000032B2BD0237D042B24D0237D052B08D0A4
:10983000237D062B05D0237D072B08D004B010BD57
:1098400070472046FFF77CFF237D072BF6D10123CD
:1098500000211A4621756846A18803F02BF90123DF
:109860001A4640F2FE31684603F024F9E6E7FFF7B6
:109870008DFED4E72046FFF731FFD6E72046FFF7FD
:10988000F9FECFE7FFF7BABF10B5037D84B00446F9
:1098900033B9A068103004B0BDE8104003F0E4BA5A
:1098A000012300211A4601758188684603F002F9F8
:1098B00001231A4640F2FF31684603F0FBF8E8E75F
:1098C00038B5141E16DB037D054613B1037D012B4D
:1098D0000ED1A868002310301A4603F081FB2CB18A
:1098E00000200723EC8228832B7538BD204638BD25
:1098F000024838BD6FF47A7038BD00BF12FCFFFF1C
:1099000070B582B0079D002D1BDB0446007D10B1B1
:10991000207D012813D1069EA068F6B21BB212B2B8
:109920001030009603F0C6FA15B9284602B070BD93
:1099300000200723E5822083237502B070BD024812
:10994000F4E76FF47A70F1E712FCFFFF2DE9F043C2
:1099500085B00D9E002E58DB9846037D04460F46C9
:10996000914623B90AE0FDF797FC257D35B194F8BF
:1099700014C001218C4540F2FF30F4D1237D002B2F
:1099800041D1394603A803F089F9237D13B1237D22
:10999000012B26D10C99A068C9B200910FFA88F367
:1099A0000FFA89F2103003A903F084FA96B100226D
:1099B0000723E6822283237503A803F003F901211C
:1099C0000720FDF769FC124B984210D0002005B02B
:1099D000BDE8F08303A803F0F5F8304605B0BDE814
:1099E000F08303A803F0EEF8002EEFD0E7E7237D25
:1099F0002BB9EBE707F026F8237D002BE6D0237D7B
:109A0000012BF7D1E2E70348E8E76FF47A70E5E766
:109A100016FCFFFF11FCFFFF70B5161E15DD037D60
:109A2000044613B1037D012B0DD1002584F822508B
:109A3000258404F11C0003F037FD0223E682258310
:109A40002375284670BD024870BD6FF47A7070BDF2
:109A500012FCFFFF2DE9F041171E069E30DD027D4E
:109A60000446884602BB16F1FF0FC3F1000520D063
:109A700036B284F832502686414604F12C0003F0B9
:109A8000E3F9079B002D18BF3D46002B4FF0000067
:109A900007F1FF3214BF0623052384F83300E58263
:109AA00022832375BDE8F081027D012ADBD00648C0
:109AB000F8E7A0680368DB699847461936B2D8E72B
:109AC0006FF47A70EEE700BF12FCFFFFF0B5151ED1
:109AD00085B03BDD1E46037D04460F4623B90AE0F0
:109AE000FDF7DAFB207D30B194F814C001218C45DC
:109AF00040F2FF30F4D1237D33BB394603A803F095
:109B0000CDF80B9801900A98009033462A4603A995
:109B10002046FFF79FFF03A803F054F80121072018
:109B2000FDF7BAFB0B4B984202D0002005B0F0BD08
:109B3000237D2BB9F9E706F085FF237D002BF4D0B8
:109B4000237D012BF7D1F0E70348EFE76FF47A703C
:109B5000ECE700BF16FCFFFF11FCFFFF10B5054B43
:109B600003F10802383304460260C360FDF7AAFF20
:109B7000204610BD4CBC030010B5074B03F1080292
:109B8000383304460260C360FDF79CFF204610F0A6
:109B900052FD204610BD00BF4CBC0300C388DB044F
:109BA0005ED530B5036889B05B6A04469847237E6A
:109BB00020B30B2B28D80133DBB2082B237623D814
:109BC000012B2AD9E28802F00305012D23D1FFF7EA
:109BD00055FB6369C01A40F2DC5361F10001984201
:109BE00071F1000317D3E388A18843F00203E380F7
:109BF00005222B4604A802F05DFF0CE06BB1013B8F
:109C0000DBB2082B2376DBD9E288D10729D502F015
:109C10000305012DDBD009B030BDE288D307F6D5AE
:109C200022F00302E280A18801230222684602F0AA
:109C300041FF657E012DC5D1FFF720FB6369C01A86
:109C400061F10001B0F57A7F71F1000328BF0422B1
:109C5000A1882B4638BF032204A802F02BFFB1E7EE
:109C60007047012342EA0300A188E0801A4604A855
:109C700002F020FF238901332381FFF7FFFA237EBF
:109C800060619DE738B5C36900F10C050446D868EA
:109C9000A8421CD020B10268194613689847E369AE
:109CA000A27E18680E49DD60012ADA88456C16BF6D
:109CB00022F4807242F4807292B28D42DA800AD12C
:109CC000E08840F40050E08000F0010038BDE088FA
:109CD00000F0010038BD94F820101846A847EFE7BF
:109CE0005916020038B5044600F10C05284601213A
:109CF000FEF76CFCE0690A4A03685B6893420CD18A
:109D00006FF47D70A47E241AB4FA84F428460021EE
:109D10006409FEF75BFC204638BD9847F2E700BFB8
:109D20008506020038B5C388027C23F40053002561
:109D3000C380CD6072B10368094A9B6993420446AF
:109D40000AD1084B03603033C360FDF7BBFE2046E9
:109D500010F071FC002038BD9847002038BD00BFCE
:109D6000799B020054BC030030F8063C027910B520
:109D700023F40053002420F8063CCC6092B150F844
:109D80000C3C0B4A9B699342A0F10C040CD1094B8B
:109D900040F80C3C303303602046FDF793FE20462C
:109DA00010F049FC002010BD20469847002010BD4F
:109DB000799B020054BC03002DE9F041044684B0B5
:109DC00051B1C388002223F00303C38002810276CD
:109DD000002004B0BDE8F081C369DB889B05F7D59E
:109DE00003681C4A5B6A93422FD100F10C0630468F
:109DF0000D460121FEF7EAFBE069174A03685B683C
:109E0000934207D130462946FEF7E0FB002004B01C
:109E1000BDE8F081984794F81A80074629463046F5
:109E2000FEF7D4FBB845D3D1E088A18801231843BD
:109E300003251A46E0802576684602F03BFE0123A2
:109E40002381FFF71BFA6061C2E798470028BFD063
:109E5000EAE700BFE59C0200850602002DE9F84311
:109E600004460F4616461D469DF820809DF8249016
:109E7000FDF712FE0B4BE76103F108023833E36094
:109E8000002384F82090A680657684F81A80204606
:109E90002260238263612376FFF7F4FE2046BDE84B
:109EA000F88300BF4CBC030041767047F0B5044610
:109EB00040682268036885B000256E461F690095DA
:109EC000022301953146B847174B009A9A4202D1B6
:109ED000019805B0F0BDA068CDE90035E8B14FF4B8
:109EE0008072002110F009FC96E8030002AA82E8C3
:109EF0000300134603CBA26810605160D4E9001040
:109F000003689B699847D4E90102036821685C698A
:109F10004023A047019805B0F0BD4FF48070FDF7D5
:109F200079FCA060DBE700BFA10D0C00F8B50023B1
:109F3000171E8360044641600B680D4608460FDB20
:109F40001B6898472A680346926828461D46904732
:109F500000FB075020602046FFF7A8FF2046F8BD11
:109F60005B6898472B6806469B682846984700FB25
:109F7000176020602046FFF799FF2046F8BD00BF1C
:109F80002DE9F04780468946FFF790FF074638B332
:109F90003020D8F8004010F050FB30220021064657
:109FA00010F0ABFB002F04F1080416DD002502E0E1
:109FB0000135AF4218D0D8F8040001682246D1F824
:109FC00010A00C233146D0473146484610F0C7FB5D
:109FD00030340028ECD1AF4206D03046BDE8F087DF
:109FE00006463046BDE8F087304610F024FB0026D8
:109FF000F3E700BF2DE9F04F0446A7B008460D4631
:10A0000092461E4610F0B5FB00F10108B8F1100FA2
:10A0100000F2FC80202E00F2F98029462046FFF74E
:10A02000AFFF074688B132465146103010F02DFB85
:10A0300081463846B9F1000F05D110F0FCFA4846C8
:10A0400027B0BDE8F08F10F0F6FA4246294602A884
:10A0500010F02BFB3246514606A810F026FB204696
:10A060002668FFF723FF3022009000210EA810F091
:10A0700044FBA0680836002800F0BF804FF48072CF
:10A08000002110F03AFB009B002B40F3BC8000271E
:10A0900001974FF002081AAD0DF198096068026847
:10A0A0000EA9D2F810A00C233246D04702A90EA860
:10A0B00010F055FB002844D0A3680DF1380E03EBD7
:10A0C000880ABEE80F00AC46ACE80F00BEE80F00FF
:10A0D000ACE80F009EE80F008CE80F00AB46DC46B2
:10A0E000BCE80F00CC450AF1100A0BF1100B4AF83E
:10A0F000100C4AF80C1C4AF8082C4AF8043CEED123
:10A10000009B0137BB4206F1300608F10C08C5D1AF
:10A1100003EB4307019ABF000237002A41D0D4E97C
:10A12000001003689B699847D4E90102036821681D
:10A130005C694023A0474FF00009484627B0BDE8BE
:10A14000F08F354B1A93009B1B932B4603CBA368D0
:10A1500018605960A3680DF1080A03EB880CBAE88F
:10A160000F00AE46AEE80F00BAE80F00AEE80F00F1
:10A170009AE80F008EE80F00AB46DE46BEE80F00FF
:10A18000CE450CF1100C0BF1100B4CF8100C4CF8E8
:10A190000C1C4CF8082C4CF8043CEED10123019324
:10A1A000AEE7052B35D0BB0000981B4A1A92013050
:10A1B0001B902A4603CAA76838607960A76802AE78
:10A1C0001F440FCEAC460FC50FCE0FC596E80F004B
:10A1D00085E80F000DF1980E65460FCD754507F126
:10A1E00010070CF1100C47F8100C47F80C1C47F83E
:10A1F000082C47F8043CEFD191E74FF48070FDF74D
:10A2000009FBA0603AE708231AADCDE76FF47A792D
:10A2100015E76FF47B7912E7A10D0C002DE9F04FE3
:10A220009BB004468946FFF741FE002800F08E806F
:10A2300007463022002102A8256810F05EFAA068C7
:10A24000083500286FD000214FF4807210F055FAC5
:10A250003F4BCDE90E370EAB03CBA368002F186040
:10A26000596066DD002601964FF0020860680268BA
:10A2700002A9D2F810A00C232A46D047494602A8CA
:10A2800010F06DFA002842D0A3680DF1080E03EB20
:10A29000880ABEE80F000DF1380CE346ACE80F0069
:10A2A000BEE80F00ACE80F009EE80F008CE80F003E
:10A2B000DC46BCE80F00CAF80C301AAB9C450AF12A
:10A2C000100A0BF1100B4AF8100C4AF80C1C4AF853
:10A2D000082CEDD108F10C080136B74205F1300524
:10A2E000C4D1019B2BB3D4E9001003689B69984744
:10A2F00060682168026807EB4707BB005569A268E0
:10A300000233A847002318461BB0BDE8F08F104B5E
:10A310000E937B1E0F930EAB03CBA368186059609E
:10A3200001230193D8E74FF48070FDF773FAA06022
:10A3300089E7074BA268CDE90E370EAB03CB054B7F
:10A340001060184651601BB0BDE8F08F014BDAE792
:10A35000A10D0C000CFCFFFF03681B6B184700BF2E
:10A3600001892DE9F0414FF47A76044606FB01F1AC
:10A370002148FDF749FB214BA17AA3FB00239B0950
:10A3800023811F48FDF740FB656CA0722B68B4F871
:10A390004C805F6AE38813F4807320D141462846DD
:10A3A0002022B84728BB606C016810234D6AB4F8BE
:10A3B0004C102222A847E0B9656CA17A2B6810489E
:10A3C0005E6AB4F84C40FDF707FB60F07F00C3B253
:10A3D000232221462846B04758B9BDE8F08121899B
:10A3E000054806FB01F1FDF7F7FA40F00700C3B29C
:10A3F000D4E70448F1E700BF90BC0300D34D6210DE
:10A4000088BC03000EFCFFFF10B5034B036004463D
:10A41000FDF76CFD204610BD08BD030010B5054BCF
:10A4200003600446FDF762FD204610F004F9204663
:10A4300010BD00BF08BD030008B5C288034659B16E
:10A44000D10507D5016822F4824242F40072C96A3C
:10A45000C2808847002008BD9105FBD522F4007218
:10A4600042F48042DA80002008BD00BFF0B5C38806
:10A47000DA0585B005462ED4026843F48243D26AD9
:10A48000C38090470126314FA86C0268C488526887
:10A4900084F48074BA424FF00003C4F3002415D151
:10A4A0009C424FF027020DD1686C95F84C10036860
:10A4B0001B6B984710F008040FD1002EE4D1204602
:10A4C00005B0F0BD002EDFD13446F8E79047B0FA72
:10A4D00080F35B09E4E70026D5E7686C01210622DA
:10A4E0000368CDE90021A822DC6AB5F84C1002AB64
:10A4F000A047044640BBBDF90830BDF90A20A87A40
:10A50000002BB8BF1F335911002ABDF90C30ADF82C
:10A510000810B8BF1F325211002BADF80A20B8BF87
:10A520001F3310FB02F25B115242ADF80C30AA61EE
:10A5300010FB03F32A6810FB01F15B42526B2846C3
:10A54000C5E907139047BAE7014CB8E78506020052
:10A550000EFCFFFFF8B504460E4615461946BDF839
:10A560001C20BDF81870FDF7EDFA064B23600023A0
:10A57000C4E91165E380A4F84C702046FFF7F0FEB3
:10A580002046F8BD08BD030008B503680F221B6B09
:10A59000C9B29847A0F13300B0FA80F0400908BD75
:10A5A00003689B6A184700BF018938B54FF47A7574
:10A5B000044605FB01F11548FDF726FA144BA3FBF1
:10A5C00000239B0999B205FB01F123810F48FDF798
:10A5D00003FAC3B2A06CE2880168D2054D6AB4F8F0
:10A5E000501058BF43F003036022A84758B9A06C2D
:10A5F000E3880268B4F85010546AC3F3002362225F
:10A60000A04700B938BD034838BD00BF40BD0300B6
:10A61000D34D62100EFCFFFF10B5034B03600446E0
:10A62000FDF736FE204610BD70BD030010B5054B8A
:10A6300003600446FDF72CFE20460FF0FCFF204689
:10A6400010BD00BF70BD030008B5C288034659B1F4
:10A65000D10507D5016822F4824242F40072C9692B
:10A66000C2808847002008BD9105FBD522F4007206
:10A6700042F48042DA80002008BD00BFF0B5C388F4
:10A68000DA0585B005462ED4026843F48243D269C8
:10A69000C38090470126294FE86C0268C48852683D
:10A6A00084F48074BA424FF00003C4F3002415D13F
:10A6B0009C424FF067020DD1A86C95F850100368CA
:10A6C0001B6B984710F008040FD1002EE4D12046F0
:10A6D00005B0F0BD002EDFD13446F8E79047B0FA60
:10A6E00080F35B09E4E70026D5E7A86C0121062288
:10A6F0000368CDE90021E822DC6AB5F8501002AB0E
:10A70000A0470446C0B9BDF90830BDF80A2003EBE4
:10A7100083034FF66A71C3EB031312FB01F25B0074
:10A72000C5E90D23BDF80C302A6813FB01F3D26A8A
:10A73000EB6328469047CAE7014CC8E7850602004C
:10A740000EFCFFFFF8B504460E4615461946BDF847
:10A750001C20BDF81870FDF723FC054B2360C4E9ED
:10A760001265A4F850702046FFF71EFF2046F8BD82
:10A7700070BD030082B08DE80C00014802B0704744
:10A7800016FCFFFF002070470029806905DD08B92D
:10A7900004E010B10139406AFBD17047704700BF37
:10A7A00082B010B58C4684B049688646DCF800005B
:10A7B0000DF1080CACE8030006A981E80C00039B2E
:10A7C000DA070EEB630C12D55A10029B5EF80220DA
:10A7D000D45808AB93E803008DE8030006AB0CCB1C
:10A7E0006046A04704B0BDE8104002B07047029C2C
:10A7F000EFE700BF002975D0F0B5846985B0074642
:10A800000D464CB966E0A3889B0708D52A682368E3
:10A810009A4217D0646A04B3AB889A07F3D42268CB
:10A820002B689A42F6D1A268AB689A42F2D1EA68E4
:10A83000E3689A42EED1B4F90420A388002A4CDBE5
:10A840002A4827E0A968A06802F0DCFE0028E1D0D1
:10A85000EA68E3689A42DDD1EDE7D7F818C0BCF1A9
:10A86000000F37D02A886046634600E00B461988FF
:10A87000914211D2596A18460029F7D163451CD07C
:10A88000596A69625D62012340F2FD31684602F057
:10A8900011F9002005B0F0BD1C46034609E06088B0
:10A8A00069888842EAD2666A2346002EE6D031885B
:10A8B00034468A42F3D06345E2D119888A4203D2F2
:10A8C000C5F824C0BD61DEE7DAD1588869888842BE
:10A8D000D6D9F5E72A88BD61D5E7C3F30E0303484F
:10A8E000A380D7E76FF47A70704700BF16FCFFFFB4
:10A8F00000293FD0F0B5846985B0002C37D01F4FB8
:10A900000D46002605E0A268AB689A420DD0646A45
:10A910001CB3AA88A38853409907F8D49207F2D5AC
:10A92000A968A06802F06EFEE8B12B8813B12288F6
:10A930009A42ECD16B8813B162889A42E7D1A3881E
:10A9400022883B43A3804FF47F710123684602F0C5
:10A95000B1F8646A0136002CDBD1002EC8BF204656
:10A9600005DD05B0F0BDAB889B07D0D4CBE76FF415
:10A970007A70F6E76FF47A70704700BF0080FFFFCF
:10A980002DE9F04183885F0782B0064603D59D0616
:10A990002ED4DC0639D443F00403B38006F110054D
:10A9A00006F1180816E0F468B76895E80F000094FF
:10A9B000B847B388DA0618D5346AB4B194E80F0002
:10A9C000276985E80F00204637620FF034FEFCF758
:10A9D00031FCB38898070ED4D907E4D495E80F006A
:10A9E000B468A047B388DA06E6D423F00403B38042
:10A9F00002B0BDE8F08198E8030095E80C008DE80E
:10AA00000300B06802F0E2FDD3E700F1180393E819
:10AA1000030006F110030CCB8DE803003046FCF771
:10AA200091FFE5E730B51C4B8DB003F108022833E8
:10AA300004460260C36006A802F08AF80F231820BB
:10AA400002930FF0FAFD15490246002542F80C4B1F
:10AA5000CDE90015C56055606A460346CDE9040599
:10AA600003CA0F4A5A6158609960204602A912230E
:10AA7000ADF80C30CDE90A55FFF73AFF02A8FCF714
:10AA800055FF084BE36004F10C006582FBF796FF6D
:10AA900020460DB030BD00BFB8BD03001DAD0200A3
:10AAA000A1A7020078BA0300A0F10C00FFF7BABF1B
:10AAB00010B50446FFF7B6FF20460FF0BCFD204658
:10AAC00010BD00BF10B5A0F10C042046FFF7AAFF8F
:10AAD00020460FF0B0FD204610BD00BF70B5254BDD
:10AAE000254A0446002582B02260C4E902530C3096
:10AAF0002561FBF7F5FE214B23602033E360C4E9B9
:10AB000006552562E58428200FF097FD0646103093
:10AB100002F01EF81A4B336018200FF08EFD194A10
:10AB200000920246019542F80C4BC56055606A469A
:10AB30000346C6E9020503CA996013495860C22258
:10AB4000596120463146C6E90855B280FFF752FEEA
:10AB500048B90E4B1A6812B1204602B070BD2046AB
:10AB60001C6002B070BD3046FCF7E0FE30460FF0CE
:10AB700062FDEEE778BA0300A8BD0300C0BD030084
:10AB80000F0002001DAD0200A1A7020080430020BB
:10AB90002DE9F04184693CB3002706463D46B4F9EF
:10ABA0000430A288002B06DB2546646A002CF6D10F
:10ABB0003846BDE8F0815307F6D4D4F8248085B137
:10ABC000C5F82480B368204603B198472046FCF7B7
:10ABD000ADFE204644460FF02EFD0137002CDED19D
:10ABE000E6E7C6F81880EDE727463846BDE8F0816D
:10ABF0002DE9F0418469002C46D0DFF894800D46A1
:10AC0000164601270CE0A38803F0C003A3F1C0039C
:10AC1000B3FA83F35B09B34215D00027646A3CB3EF
:10AC200023882988994201D0002BF7D163886A884C
:10AC30009A4201D0002BF1D1FCF780F90028E2D133
:10AC40000123B342E9D1B4F90430B4F804E0002B95
:10AC5000E3DB95E80F0004F1100C1EF0400F8CE8C8
:10AC60000F0008D02046FFF78BFE646A002CD7D176
:10AC70003846BDE8F081FCF761F90028F2D02146A2
:10AC80004046FCF715FCC9E701273846BDE8F081CE
:10AC900081A90200F0B5012287B0076A04460D467B
:10ACA000FFF7A6FF10B9E38C092B01D907B0F0BD5F
:10ACB00095E80F0002AE86E80F0018200FF0BDFCEB
:10ACC00006AB054613E903008DE80300284696E825
:10ACD0000C0001F063FF05F0ADFE67B13B692B612D
:10ACE0003D612B695BB1E38C0133E38407B0BDE8C0
:10ACF000F04005F091BEE3692B61E561F2E7256262
:10AD0000F1E700BF82B008B502A9C1E90023FFF74F
:10AD1000C1FFBDE80840002002B0704782B038B5DE
:10AD200004A981E80C000446FFF732FF0FE0E38C32
:10AD3000013BE38405F070FE294600222046FFF720
:10AD400057FF28460FF077FCFCF77EF970B105F04D
:10AD500071FEE5692DB12B69E361002BE7D1236218
:10AD6000E5E7BDE8384002B005F056BEBDE8384022
:10AD700002B07047024B1888421C1A80704700BF0F
:10AD800046260020C08800F00300A0F10300B0FABE
:10AD900080F04009704700BF82B010B58C4684B087
:10ADA00049688646DCF800000DF1080CACE80300A9
:10ADB00006A981E80C00039BDA070EEB630C12D5A1
:10ADC0005A10029B5EF80220D45808AB93E80300A7
:10ADD0008DE8030006AB0CCB6046A04704B0BDE88D
:10ADE000104002B07047029CEFE700BF10B5034B64
:10ADF00003600446FCF766FE204610BD04BE030057
:10AE000010B5054B03600446FCF75CFE20460FF0CE
:10AE100012FC204610BD00BF04BE03002DE9F04F18
:10AE200083B0DDE90CABBDF83870002B41D0804613
:10AE30000E4691461D46BAF1000F3DD00F2E01D1AE
:10AE4000C02F36D128200FF0F8FB0446103001F057
:10AE50007FFE18202680A4F802900FF0EEFBCDE9CB
:10AE600000AB47F00207A7806B4607460246A0608A
:10AE700003CB47F80C5B0023D8F80060D360E36095
:10AE80007B609160506075680D495161C4E9083379
:10AE90000C4B9D4208D12046FCF748FD204603B0EC
:10AEA000BDE8F04F0FF0C7BB21464046A847002839
:10AEB000F1D103B0BDE8F08F1BF0010FBED1F8E770
:10AEC00099AD020039DA010082B070B588B00CA9E2
:10AED00081E80C004289BDF83050BDF8323095420F
:10AEE00004460AD0022B44D0052B2FD0012B20D0B2
:10AEF00008B0BDE8704002B07047022B86896CD064
:10AF0000052B5ED0012BF3D1C388B54243F001037A
:10AF1000C38018BF03F002030ED0002BE8D001233A
:10AF20001A46A18804A801F0C5FD238901332381B5
:10AF3000DEE78689B54203D1E38843F00203E3806C
:10AF4000E38803F00103002BD2D0E8E78689B542FD
:10AF500003D1E38843F00803E380E38803F00403AC
:10AF6000002BC5D0A1880123052204A801F0A2FD71
:10AF7000BEE71646E388D90751D4954232D0A1895D
:10AF80008D4208466CD0A37B012BB1D10123032253
:10AF9000294604A801F08EFD6289A08995422ED130
:10AFA000E18821F001039BB28542E3802BD021F0A0
:10AFB0000501E18095429BD1E38823F01003E380F3
:10AFC00096E7C388B54243F00403C38018BF03F07B
:10AFD0000803BED0002B8BD0C4E7AE42CAD0E388B2
:10AFE0009B071CD4E188CB064DD4A37B012B4CD10D
:10AFF00001F00403002BC9D001230422C8E78542D5
:10B000007FF476AFE38823F002019542E18031D0EE
:10B0100023F00A039BB223F02003E38068E70123B7
:10B02000A1880222684601F045FD63899D422FD028
:10B03000A289AA4241D0A1880123032204A801F0D9
:10B0400039FD6289B24203D1E38843F01003E38003
:10B05000A089B042A2D1E38843F02003E3809DE7BA
:10B060009E06CFD4A07B012801D0084696E703F0C6
:10B070000803BFE723F006018542E1809AD123F05F
:10B080001E039BB2C7E7A0898BE7A189084685E725
:10B09000E28802F004010029CDD0B34211D0A38987
:10B0A000B342C8D102F00802002AC4D0A18801230B
:10B0B000042204A801F0FEFCC3E7E28802F00801C4
:10B0C000E9E702F00402EFE72DE9F0430446DFF878
:10B0D000749089B098460E461546FCF7DDFC184B77
:10B0E0002360D9F80030A4F8048000276681A58188
:10B0F000A77303B3DFF850800597CDF8108004AA3A
:10B1000092E803008DE803003146C02618463A460F
:10B1100023460296FFF782FECDE9068708AB02962A
:10B1200013E903003A468DE803002346D9F80000EE
:10B130002946FFF773FE204609B0BDE8F08300BF43
:10B1400004BE030080430020C9AE02008173704733
:10B15000C3889A0610B5044608D4406A036821469D
:10B16000DB699847E38843F02003E380DB0606D4DD
:10B17000D4E90A309842B4BF0020012010BD00205D
:10B1800010BD00BF10B50446406A074B026803F1CA
:10B1900008013833126A2160E36021469047204657
:10B1A000FEF7DCFC204610BD24BE030010B50446AB
:10B1B000406A094B026803F108013833126AE36000
:10B1C0002160214690472046FEF7C8FC20460FF03C
:10B1D00032FA204610BD00BF24BE0300F0B50026A1
:10B1E00083B01D46174601230A89CDE9006604464F
:10B1F000FEF734FE0B4B23603033C4E90A56676216
:10B20000E3602046FFF7A4FFB54207DAE3884FF476
:10B21000FA72C4E90A6243F01003E380204603B0E7
:10B22000F0BD00BF2CBE030038B5044600F10C058C
:10B2300028460121FDF7CAF9E0690A4A03685B68FC
:10B24000934207D128466FF47D740021FDF7BEF9C3
:10B25000204638BD9847002104462846FDF7B6F938
:10B26000204638BD8506020070B5044600F10C0684
:10B2700030460D460121FDF7A9F9E069094A036846
:10B280001B68934205D130460021BDE87040FDF7B0
:10B290009DB92946984730460021BDE87040FDF72A
:10B2A00095B900BF51160200C288D30630B511D43B
:10B2B0001E4A622301FB03F382FB03544900DB17A0
:10B2C000C3EB641382FB0142C917C1EB621119443D
:10B2D000C16230BD836A33B38B42B8BF0B46134D96
:10B2E000622404FB03F385FB03EC4900DB17C46A0B
:10B2F000C3EB6C1385FB01ECC917C1EB6C11013C6E
:10B300001944C4628162002CE3D101EB810385FB07
:10B310000345DB17C3EB65130231194422F0100219
:10B320008162C28030BD0B46D9E700BF1F85EB515B
:10B3300010B50446FEF7F6FC606A036821461B6AF6
:10B340009847E38823F020030020E38010BD00BF6E
:10B3500038B50446A0F10C052846FEF7E3FCA069C9
:10B36000036829461B6A984734F8063C23F02003FB
:10B37000002024F8063C38BD30B4456B002D16DDA6
:10B380008446021D002302E001339D420FD052F893
:10B39000044F8C42F8D16A1C02335CF82220013D34
:10B3A000CCF83450002030BC4CF8232070476FF4A8
:10B3B0007A7030BC704700BF82B010B58C4684B044
:10B3C00049688646DCF800000DF1080CACE8030083
:10B3D00006A981E80C00039BDA070EEB630C12D57B
:10B3E0005A10029B5EF80220D45808AB93E8030081
:10B3F0008DE8030006AB0CCB6046A04704B0BDE867
:10B40000104002B07047029CEFE700BF38B5456BB3
:10B410000A2D1CD0002D844608460EDD0CF10402D6
:10B42000002301E09D4208D052F8044F844203F10A
:10B430000103F7D16FF47A7038BDAB1C01354CF8BD
:10B440002300CCF83450FFF7EFFE002038BD6FF436
:10B450007B7038BD82B02DE9F04708A981E80C0067
:10B46000426B002A804619DD314F051D002401265C
:10B4700003E0A24283F8306010DD55F8043FD8693C
:10B480000168896CB94204F10104F2D08847D8F808
:10B4900034202B68A24283F83060EEDC0120FCF7F8
:10B4A000F5FAD8F83000DFF88CA003681B68534524
:10B4B00036D10027D8F83420B946002A26DD0024EA
:10B4C00008F10405264602E00134A24219DD55F8D0
:10B4D000040F90F83030002BF6D0FFF7A5FE0128BE
:10B4E000286802D0836ABB4204DC80F83090394679
:10B4F000FFF7DAFED8F834200134A24206F1010643
:10B50000E5DC174416B1B7F57A7FD6DDD8F8300000
:10B5100003681B68534506D1BDE8F04702B0704789
:10B5200001219847C5E7BDE8F047002102B0184760
:10B530002927020051160200F0B5204B1D68204B50
:10B5400003608DB004465DB306A8A788012601F00C
:10B55000FFFA1820ADF80870ADF80A600FF06DF82A
:10B560000146002241F80C4BCDE90402C260CDE94E
:10B570000A224A60242200920196EC460346BCE867
:10B580000300104A996058605A612B680E4A9B6804
:10B5900012219342ADF80C100CD102A8FCF7C6F9A9
:10B5A0000A4A226000232046E380FBF707FA204680
:10B5B0000DB0F0BD614628469847EEE78043002075
:10B5C00068BE0300B9B3020041DA010078BA030093
:10B5D00010B50446FFF7B0FF20460FF02CF82046C8
:10B5E00010BD00BF70B5074B00250446C0E900350B
:10B5F0000E46FBF775F9044B23602563A68065634F
:10B60000204670BD78BA030068BE03000020704772
:10B61000704700BF704700BF002070470048704768
:10B6200016FCFFFF0020704741607047406870477C
:10B630000048704716FCFFFF704700BFC1607047AD
:10B64000C068003818BF0120704700BF0023C360E6
:10B65000704700BF006903681B69184700690368E9
:10B660005B691847006903689B6918470369416073
:10B670001A681846D3691847C06810B103681B6878
:10B6800018470148704700BF12FCFFFFC06882B036
:10B690008DE80C0018B1036802B01B68184702B0AF
:10B6A000704700BFC160704710B5044601F07AFDD5
:10B6B000204610BD10B504460EF0BDFF204610BD5B
:10B6C00010B5064B03F10802403304460260836064
:10B6D000183001F095FD204610BD00BFBCBE030030
:10B6E00010B5074B03F10802403304460260836043
:10B6F000183001F085FD20460EF09DFF204610BD5C
:10B70000BCBE030082B010B58C4684B04968864642
:10B71000DCF800000DF1080CACE8030006A981E894
:10B720000C00039BDA070EEB630C12D55A10029B38
:10B730005EF80220D45808AB93E803008DE80300BC
:10B7400006AB0CCB6046A04704B0BDE8104002B089
:10B750007047029CEFE700BF4B7F10B504462BB14A
:10B7600009690B681B689847204610BD0B77183194
:10B7700001F03CFD204610BD30B5457F85B0044644
:10B780003DB1C068E8B103681B6805B0BDE8304052
:10B79000184701690B6868461B689847694604F1B9
:10B7A000180001F035FD684601F02AFD0123A28A48
:10B7B0002377684640F2FF3101F07CF9284605B056
:10B7C00030BD0148FBE700BF12FCFFFFA0F10800FD
:10B7D000FFF7D2BF406810B103681B6818470148E3
:10B7E000704700BF12FCFFFF38B50C4B0A680446D7
:10B7F000002503F10800403352682060A3602161F6
:10B800000846E56004F10801904720696560036817
:10B810002946DB699847204638BD00BF00BF0300BA
:10B8200038B5134B0A680446002503F1080040337D
:10B8300052682060A36021610846E56004F10801B8
:10B840009047206903682946DB6965609847094B82
:10B8500003F108024033A36004F11800226001F0F4
:10B86000A1FC4FF48073A582A383204638BD00BF9E
:10B8700000BF0300BCBE0300417741B92DE9F04190
:10B88000858A82B004461DB102B0BDE8F0817047E0
:10B89000FFF770FA204BA082D3F800800746B8F17A
:10B8A000000FF1D028200EF0C8FE0646103001F03F
:10B8B0004FF940F2FF331820338077800EF0BDFE41
:10B8C000164A00920246019542F80C4BC56055603D
:10B8D0006A460346C6E9020503CA58609960D8F86B
:10B8E00000200F4952680F4858618A424FF01203F6
:10B8F000C6E90855B38008D13046FCF717F8304642
:10B9000002B0BDE8F0410EF096BE31464046904789
:10B910000028B9D0F0E700BF804300208DB60200B8
:10B9200039DA010005B7020010B50549054A816002
:10B93000002304460260C380FBF740F8204610BD98
:10B9400080BF030078BA030010B50749074A816039
:10B95000002304460260C380FBF730F820460EF057
:10B960006AFE204610BD00BF80BF030078BA030006
:10B9700090F84430012B08D9C388DB0610B5044683
:10B9800002D590F845300BB110BD70474830FBF739
:10B99000E7FE0028F8D10F4B1868FDF749FAD4E903
:10B9A0001632C01A61EB0201322871F10003EBD3A9
:10B9B000E068E388026823F01003D269E380012184
:10B9C0009047E388022223F0200384F84420E38098
:10B9D00010BD00BF744300202DE9F04FC1682DED6C
:10B9E0000A8B0B688FB081461B6805A89847D9F869
:10B9F0000C00059A036804321B690092984730F0E6
:10BA0000040307460BD0082800F0E5814FF480734B
:10BA1000C9F818300123DFEDCB8A1A4606E08023EF
:10BA2000C9F818300223F7EE008A1A46059B5B8896
:10BA3000B3FBF2F30193002B00F0D5810023DFED7F
:10BA4000C29A9FEDC29A9FEDC2BADFEDC2AADFEDA6
:10BA5000C2BA9FEDC2AA02931646D9F81850019BAC
:10BA60009D4200F3FF80009C25440023A542CDE9C0
:10BA70000A33CDE90C3340F2C281CDF80C90DFF8E7
:10BA8000E482DDF808B0B9469A461F4601E09DF809
:10BA90002C7058F8293020469847002818BF4FF0DE
:10BAA000010B002F00F022815045C0F21F819DF84C
:10BAB0003430002B00F00D810C9B9842C0F20981BC
:10BAC0003444A542E3D8009CCDF808B000232746B3
:10BAD00047F6FE7B1C460DE00C9A904200F0DB809E
:10BAE000A04200DD04B258453744B8BF0FFA80FBCE
:10BAF000BD4214D958F82920384690475045EBD11B
:10BB00009DF82C20002AE7D000220EAB03EBC202E6
:10BB100037444FF00003BD4202F80C3CEAD80BF169
:10BB20002802A2424F462346DDF80C9000F3E6803F
:10BB3000A3EB0B0404EBD47444F34F0308EE103A68
:10BB40006FF02702A2EB0B034FF0000A009CCDF828
:10BB50000C90D346B9461F46204658F829309847DE
:10BB60003444384420EAE070A5420BF1010B00FB9D
:10BB700000AAF1D89AFBFBF107EE901AF8EEE77AEB
:10BB80004F46F5EE407AF1EE10FADDF80C9000F138
:10BB90002F81B1EEE7CAB8EEC88A99ED097A28EE8E
:10BBA000288AC8EE297A67EE877AC7EE897A17EE77
:10BBB000900A0CF0E1FB07EE100AF3EE047A67EE50
:10BBC000277A99ED0A7AF4EEC77AF1EE10FA40F18D
:10BBD000AD8089ED077AB9F80630D9F8182043F01E
:10BBE0002001A9F806100199891A019100991144C0
:10BBF0000091990709D499ED077AD9ED047AB4EE4A
:10BC0000E77AF1EE10FA00F3AF805A0709D499ED04
:10BC1000077AD9ED057AB4EEE77AF1EE10FA00F181
:10BC2000B38099F83C30002B74D0D9ED107AF4EE43
:10BC3000CC7AF1EE10FA01D589ED10CADFED487A21
:10BC4000B4EEE7CAF1EE10FA2CDDD9F83830002155
:10BC50000133C9E90D13012289F83C20019B002B17
:10BC60007FF4FBAE09F148042046FBF779FD00287C
:10BC7000029B40F3A180002B40F0A280B9F806306F
:10BC8000DB0600F1A18005A801F0BAFA0FB0BDEC07
:10BC90000A8BBDE8F08F9DF83420002A3FF420AFD6
:10BCA000012232E7D9F83830023B0B2B06D8D9ED08
:10BCB000107AF4EEEB7AF1EE10FA75DAD9F8343046
:10BCC00089ED10AA00220133C9E90D3289F83C2020
:10BCD000C4E701230EAA02EBC3034FF0010243F8AD
:10BCE000100CDDF828A003F80C2CE9E64FF0010356
:10BCF0008DF83430CDF830A00023EBE70BF10102D2
:10BD000012B2A2EB0B0202EBD27242F34F0308EE27
:10BD1000103A15E7B4EEEACAF1EE10FAC2DDD9F82E
:10BD20003430132BBEDD89ED10CA8EE7F0EEE76AE2
:10BD3000F4EE4B6AF1EE10FA88BFF0EE477AC9EDE7
:10BD4000077A48E70000804300FEFF46ACC5A737EE
:10BD5000FFFF7F7F00004843000096430000000083
:10BD60000000C8426C2500200123B9F8041002220B
:10BD700006A800F09FFEB9F8063023F0040343F054
:10BD80000203A9F806304CE701231A46B9F804105B
:10BD900006A800F08FFEB9F8063023F0020343F046
:10BDA0000403A9F806303CE7B9F80410012308227F
:10BDB00006A800F07FFE81E7002B7FF464AF5DE70B
:10BDC0002046FBF793FC5EE70D4B1868FDF730F853
:10BDD000C9E9160157E74023C9F818300423DFEDFD
:10BDE000098A1A4622E609F14800FBF7B9FC45E743
:10BDF00017EE900A0CF0F0FA0CEE100ACBE6FFDE1C
:10BE0000744300200000000008B590F84430012B76
:10BE10000CD9C388DB0603D5FFF7DEFD002008BD83
:10BE200090F84530002BF7D1002008BD013380F891
:10BE30004430002008BD00BF08B590F83C30012B0D
:10BE40000ED930F8023CDB0604D50838FFF7C4FDF4
:10BE5000002008BD90F83D30002BF6D1002008BD31
:10BE6000013380F83C30002008BD00BF2DE9F843C5
:10BE700000259846204B4560036004460E46174651
:10BE8000BDF82890FAF72CFD1C49E66001F1080383
:10BE900030312A462360A16004F148002946FBF7AF
:10BEA00069FBE388DDED097AA4F8445043F40053BC
:10BEB00043F01103E3803368C4ED0A7A5A68DDED7C
:10BEC000087AA4F804900023E36123640123236328
:10BED00084F82C3080233046C4F814802761C4EDE8
:10BEE000097A6563A56384F83C5004F10801A361F5
:10BEF00090472046BDE8F88378BA030050BF03009E
:10BF000070B54F4E044630680D46FCF791FFE3884C
:10BF1000C4E91601D80608D4E06843F01003E380B2
:10BF200003680221DB699847E388990621D594EDDF
:10BF3000077ADFED447ADFED446A77EE677A6A1CB0
:10BF400067EEA67A08BF236BF5EEC07A18BF2B46C2
:10BF5000F1EE10FA4CD4DFED3D6AF4EEE67AF1EE44
:10BF600010FA51DD022B08D0B5EE407AF1EE10FA4E
:10BF700003D104F14800FBF707FB3068FCF758FFDA
:10BF800094ED077ADFED2F7ADFED2F6A77EE677A8F
:10BF90006B1C67EEA67A08BF256BF5EEC07AF1EE52
:10BFA00010FAC4E9160126D4DFED286AF4EE667AA9
:10BFB000F1EE10FAC8BFF0EE667A022D1FD0F2EE55
:10BFC000026AF4EEE67AF1EE10FA0EDBB3EE056AE1
:10BFD000F4EEC67AF1EE10FA07D877EEE67A9FED26
:10BFE0001C7AF7EE086AA7EEA67A17EE100A70BD63
:10BFF000022BB9D1BDE7022DDFED167ADFD1B0EE0D
:10C00000677A17EE100A70BD022B16D0F2EE026AA4
:10C01000F4EEE67AF1EE10FAA6DBB3EE056AF4EE82
:10C02000C67AF1EE10FA9FD877EEE67A9FED087A9D
:10C03000F7EE086AA7EEA67A96E7B0EE677A93E77E
:10C0400074430020000050420000AA4000007F43DB
:10C05000000018420000000090F8452001324FF027
:10C06000FF3180F84520FFF74BBF00BF90F8453007
:10C07000013B80F84530704781627047806A003824
:10C0800018BF0120704700BF8068704781600020A2
:10C09000704700BFF0B5CB680D6A9D42A8BF1D4632
:10C0A00083B00C46012201F110070646294601A87B
:10C0B00001F07EF801A9384601F0AAF801A801F0C4
:10C0C0009FF82069A1692A4604300EF0EEFA236A2F
:10C0D000A2695B1B2A44002B2362A26125D1636AFB
:10C0E000002BC4BF03F1FF33636293B1E36962695C
:10C0F0002362002BA26104DDA06A03681B689847D5
:10C10000236A33B13946304601F070F8304603B047
:10C11000F0BD636A002BF5D194F82C30002BF1D0E0
:10C1200004F13000FBF7AAFAECE7E5DCEAE700BF30
:10C1300038B504460C4B40F8103B04F1300501F0D3
:10C1400031F8002201212846FBF714FA00210122D0
:10C150004FF480732846C4E902232464A162FBF7EC
:10C1600013FA204638BD00BF8CBF030010B504464B
:10C17000806A88B1002A0FDD73B1C4E90511016836
:10C180004FF0000C096884F82CC06362C4E90722F0
:10C19000884794F82C3003B910BD04F13000BDE895
:10C1A0001040FBF7F1B900BF0078704790F900002C
:10C1B000704700BF00887047B0F90000704700BFAB
:10C1C0000068000A704700BF00680012704700BF97
:10C1D00000687047006870470170704701807047C1
:10C1E000018070470A120B1401704270837070470F
:10C1F00001607047016070474069704708299ABF25
:10C20000416100206FF47A70704700BF2DE9F04F54
:10C210002DED028BD1ED087A87B08946FDEEE77AE5
:10C220000390CDED027A00F0BDFFD9F8100002684E
:10C2300012699047D9F81470824617B9C9F81400EA
:10C240000746D9F8101001370A6807EBD7777B103B
:10C250001268009304A89047D9F8142004990AF1B1
:10C26000010808EBD87801324FEA680802EBD27275
:10C27000B8EB620F4B8893FBF8F700F08B80009BC4
:10C2800007FB03F31946012205A808EE103A00F057
:10C290008FFF039805A900F0BBFF05A800F0B0FFD1
:10C2A000039B049C1D68002F04F1040405F10405A0
:10C2B0007ADD4B460026DFF8FCB00196B9461F46F2
:10C2C0005BF82A202046904797F8282001364444FE
:10C2D00022B1019B03440193029BC01A07EE900A0E
:10C2E00097ED077A7B6A7A69F8EEE77A284667EE77
:10C2F000877AFDEEE77A17EE901A1943009B1D44EA
:10C300002B4B53F822209047B145D9D13B464F469D
:10C31000994699F82820FAB1DDED017A99F829209B
:10C32000B8EEE77A07EE907AF8EEE77AC7EE276A7A
:10C330003AB1F6EE007A66EEA76A99ED087AE7EE72
:10C34000276AD9F818100122C9ED086A89F829204E
:10C3500089B9012289F82A20039C18EE101A204678
:10C3600000F0E8FF04A800F04BFF204607B0BDEC4A
:10C37000028BBDE8F08FFDEEE67A029B17EE902A65
:10C38000D21A002AB8BF52429142E5DD012289F853
:10C390002A20E1E7039804A900F03AFF009B07FB7D
:10C3A00003F308EE103A7BE700230193B1E700BFE7
:10C3B000902500206C250020017070472DE9F04188
:10C3C0000446DDE9068517461E46FFF70DFA144BB5
:10C3D00023603833A360214604F12C00FFF720FAD4
:10C3E0000023B8F1080F4FF0000298BFC4F8148082
:10C3F0002262E76184F82860636284F82930A561CD
:10C400003EB1B5FA85F35B0984F82A302046BDE8D1
:10C41000F081012384F82A302046BDE8F08100BF76
:10C42000B8BF03002C30FFF7A7B900BF2430FFF7D7
:10C43000A3B900BF10B5074B03F10802403304460F
:10C44000026083602C30FFF73BF92046FFF7F4F8D9
:10C45000204610BDB0BF0300094B10B503F1080220
:10C4600040330446026083602C30FFF729F92046F0
:10C47000FFF7E2F820460EF0DEF8204610BD00BFC0
:10C48000B0BF03004369586903681B69184700BFC0
:10C490004369586903685B69184700BF0346002277
:10C4A000C3E9061208461A62704700BF2DE9F04141
:10C4B000074600F1140400F13C06002554F8043F3F
:10C4C00018464BB11B681B6A9847A84204DD2068D8
:10C4D00003681B6A98470546B442EFD17869036840
:10C4E0002946DB69BDE8F041184700BF00F114039D
:10C4F00000F13C0253F8040F78B110B4C4688C42C8
:10C5000008D093420DD053F8040F0028F9D0C46826
:10C510008C42F6D15DF8044B70479342EAD100207B
:10C52000704700205DF8044B704700BF436910B5A9
:10C530000446586903689B699847D4ED067A07EE6C
:10C54000100AF8EEE77AC7EE277A17EE900A10BDC8
:10C550000164704770B50C460546FFF767F8A042C6
:10C5600000D170BD21462846FFF75EF86869036870
:10C570002146DB68BDE87040184700BF10B5054B89
:10C5800003F108024433044602608360FFF754F865
:10C59000204610BD44C0030010B5074B03F108024C
:10C5A0004433044602608360FFF746F820460EF0ED
:10C5B00042F8204610BD00BF44C00300094B10B52F
:10C5C00003F1080234330446C0E900230C3000F0C4
:10C5D00017FE054A62600023201D6381FAF7EEF919
:10C5E000204610BDF4BF030078BA0300F0B583B055
:10C5F00001F10C07044601A80D4600F0D3FD01A986
:10C60000384600F015FE064601A800F0F9FD5EB1BF
:10C6100069690B6801A81B68984701A9384600F0B2
:10C62000F7FD01A800F0ECFD3946204600F0DEFDE4
:10C63000204603B0F0BD00BF70B5036C82B0044665
:10C640002BB11B7803F0FF000BB902B070BD04F1F1
:10C65000140504F13C0655F8043F184613B11B6855
:10C66000DB6A9847AE42F6D101A800F09BFD01A914
:10C6700004F10C0000F0CCFD01A800F0C1FD014860
:10C68000E3E700BF12FCFFFF0B4B10B503F10802FC
:10C6900034330446C0E900230C3000F0B1FD074AF2
:10C6A000626000236381201DFAF788F920460DF0AF
:10C6B000C2FF204610BD00BFF4BF030078BA0300DC
:10C6C00038B50C4B03F108023433044640F8042C0F
:10C6D00040F8083B00F094FD074A22600023251F24
:10C6E000E3802046FAF76AF928460DF0A4FF2846B1
:10C6F00038BD00BFF4BF030078BA030038B500F1BD
:10C7000014020D46002352F8044FAC4204D001330A
:10C710000A2BF8D1002038BD026906330024013A03
:10C7200040F82340026185B12B680B4A9B6A934213
:10C730000DD10A4B2B603C33AB602846FEF77CFFE3
:10C7400028460DF078FF012038BD012038BD28466D
:10C750009847012038BD00BF99C502004CC00300B6
:10C7600038B50B4B054603F108023433044640F854
:10C77000042C45F80439083000F042FD054A2260D7
:10C7800000232046E380FAF719F9284638BD00BF98
:10C79000F4BF030078BA0300F8B5074600F11403AC
:10C7A000002453F8045F2DB101340A2CF9D100267E
:10C7B0003046F8BD24200DF040FF064608200DF05D
:10C7C0003CFF0C4B4560014603603046FFF70CF818
:10C7D000094B3A6933603C330634B36001231A4491
:10C7E00047F82460C6E9063535627761F5603A613D
:10C7F0003046F8BD98BE03004CC003002DE9F04F51
:10C800008B692DED028B012B08EE100A83B0914647
:10C8100059D04B69586903681B690C46984700F169
:10C820000108D9F80030A1695E8808EBD8784FEA92
:10C830006808074696FBF8F6012296FBF1F101A87D
:10C8400001FB088100F0B4FC06FB08F6019D002EF8
:10C8500005F1040541DDDFF88CA004364FF0040B30
:10C86000D9F800005AF8273058449847D4E90731DE
:10C870000844A16901338B42C4E907300BF1010B75
:10C880000ADB90FBF1F1164B284653F82730984706
:10C890000023C4E9073345445E45E1D101990431E1
:10C8A000691A01A800F046FD01A918EE100A00F06F
:10C8B0009DFC01A800F0A4FC18EE100A03B0BDEC2A
:10C8C000028BBDE8F08F114600F090FC18EE100AC4
:10C8D00003B0BDEC028BBDE8F08F0021E1E700BFA3
:10C8E000902500206C25002030B50D4649690B6865
:10C8F00085B004461B6902A8984702A903A800F066
:10C9000075FC4FF0FF33294603AA0093204600230D
:10C91000FFF774FF03A800F073FC02A800F070FC9E
:10C92000204605B030BD00BFF8B50446124B036089
:10C930000026124B43600430A6600D461746F9F7F7
:10C94000CFFF0F4B03F1080234336360226004F120
:10C950000C0000F027FC2822314665612781266102
:10C96000266404F118000DF0C8FE2B6828465B68A9
:10C97000214698472046F8BD4CBF030078BA030013
:10C98000F4BF0300024A11687E22C0E9001270471A
:10C99000B4250020034A034692E8030083E803001D
:10C9A0001846704778430020A1F120035E2B07D87A
:10C9B000006805236FF09F0213FB012108447047B4
:10C9C00000207047034A044B11687E22C3E900121D
:10C9D000704700BFB42500207843002001704270EA
:10C9E0004360704782B010B401AC84E80C0001AA27
:10C9F00003468C4607CA9DF8104083E80700A4B19F
:10CA00009CF80100B0B9DCF80420022A1AD0032AED
:10CA100034D0012A2CD0012C1ED0022C05D1D3E910
:10CA2000011249425242C3E901125DF8044B184613
:10CA300002B0704752424942C3E90112DCF80420B7
:10CA4000022AE4D1D3E90012012CC1F10001C2F1A4
:10CA50000002C3E90012E0D1D3E900109A685DF842
:10CA6000044B5242C3E900019A60184602B0704775
:10CA7000D3E900215242C3E90012CCE7D3E9001206
:10CA80005242C3E90021C6E782B010B582B004ACBF
:10CA900084E80C00069B0A78CDE9003204AB0CCB8D
:10CAA0000446FFF79FFF204602B0BDE8104002B0E9
:10CAB000704700BF70B5018082B0428004461D46B9
:10CAC000FCF7ECFBC4E9020115B9204602B070BDC9
:10CAD000094B1D68002DF8D02A68084B16689E4245
:10CAE000F3D004F1080393E803008DE8030028461F
:10CAF00094E80C00B047E8E78043002075A70200E7
:10CB000070B582B09DED067B9DF82030018080EDF0
:10CB1000027B0446428013B9204602B070BD0A4B26
:10CB20001D68002DF8D02A68084B16689E42F3D085
:10CB300000F1080393E803008DE80300284694E819
:10CB40000C00B047E8E700BF8043002075A7020053
:10CB500010B5002303600446FCF7A0FBC4E9020102
:10CB6000204610BD30B50B4B1C6883B024B1216842
:10CB7000094A0D68954201D103B030BD00F10802A9
:10CB8000034692E803008DE8030020460CCBA8473B
:10CB900003B030BD8043002075A7020082B038B5D5
:10CBA000002504A90560044681E80C00FCF776FB2B
:10CBB00004AB0FCB256184E80F002046BDE8384068
:10CBC00002B0704710B50446006800F0D3FC204660
:10CBD00010BD00BF2DE9F04716460622804601FB36
:10CBE00006200F461D46FAF715FEC8F8000000F0B3
:10CBF000E9FCD8F800401FFA87FA1FFA86F9A4F872
:10CC000002A0A4F80490DDB1002F17DDB145A8BF44
:10CC1000B146BA45A8BFBA460634B9F1000F0DD0E7
:10CC200000262946204652460DF03FFDD8F8003038
:10CC300001365B88B1453D441C44F2D1BDE8F08724
:10CC400009FB0AF22946A01DBDE8F0470DF055BDCD
:10CC5000014B0360704700BF68C2030070B50D1E32
:10CC6000044615DB002A164612DB062005FB0200EF
:10CC7000FAF7D0FD206000F0A5FC206805FB06F265
:10CC800045808680002106300DF037FD204670BDBE
:10CC9000014B2360204670BD68C2030010B50B68CD
:10CCA00004461846236000F049FC204610BD00BF32
:10CCB0002DE9F041064684B000296BD00A780D4674
:10CCC000002A6DD04FF0000C0B4667466446604664
:10CCD00007E00A2A52D008B10134002013F8012FCE
:10CCE00042B1A2F130010929F3D813F8012F012034
:10CCF000002AF6D10FFA8CF3002B48DB38B200285B
:10CD000045DB062203FB00201FFA8CF4BAB29046E2
:10CD100002FB04F41FFA8CF7FAF77CFD306000F098
:10CD200051FC306822464780A0F80480002106307C
:10CD30000DF0E3FC37682B780637DBB101AC2246F7
:10CD40004FF0000804E002F8013B15F8013F8BB1F9
:10CD5000A3F130010929F6D9A24282F80080F4D962
:10CD600020460DF08EFC07F8010B15F8013F224616
:10CD7000002BEDD1304604B0BDE8F08100B10134A4
:10CD8000A445B8BFA446002401372046A6E7074FB4
:10CD90003760D0E7054B0360304604B0BDE8F08152
:10CDA0001446904617460620B6E700BF68C2030047
:10CDB00010B5044629B10846216000F0BFFB2046AB
:10CDC00010BD024B0360204610BD00BF68C20300C7
:10CDD0002DE9F0410D1E064627DB002A174624DB0D
:10CDE000062005FB02001C4605FB02F8FAF712FDBF
:10CDF000306000F0E7FB33685D809F80D4B1B5B14F
:10CE00000633A7B14FF00008214618462A460DF018
:10CE10004CFC326808F101085288034647452C440F
:10CE20001344F1D13046BDE8F081064B3360304603
:10CE3000BDE8F08142462146981D0DF05EFC30466B
:10CE4000BDE8F08168C2030038B50B68044600688D
:10CE5000984206D00D4600F08DFB2868206000F057
:10CE60006DFB204638BD00BF0068438882880021E2
:10CE7000063003FB02F20DF040BC00BF0068B0F8C2
:10CE800002C0614512DA00B5B0F804E072450ADA72
:10CE9000002908DB002A06DB08440CFB0202002004
:10CEA00093715DF804FB6FF47A70FAE76FF47A70AF
:10CEB000704700BF2DE9F047074688463C689DF85B
:10CEC000200061888A424EDAA588AB424BDAD8F856
:10CED00000C0BCF8026002EB060ABAF1000F42DDA6
:10CEE000BCF8049003EB090EBEF1000F3BDD002AF5
:10CEF0003CDBA1EB020AB245A8BFB246002B59DBCE
:10CF0000ED1AA945A8BFA9460CF1060522EAE2726E
:10CF1000A61D0BB101FB03221644A0B3B9F1000F0B
:10CF200021DD002108460AF1FF3EBAF1000F10DDB5
:10CF30006B1EB44605EB0E0213F8014F14B18CF8CA
:10CF40000040013093420CF1010CF5D13C68D8F857
:10CF500000C0BCF8023001311D44638889451E447D
:10CF6000E3D1BDE8F0870020BDE8F0878A45A8BF7F
:10CF70008A46002B2CDBED1AA945A8BFA9460CF167
:10CF80000605AD1AC2E7B9F1000FEDDD04462946EA
:10CF9000304652460DF089FBD8F800305B881D44BE
:10CFA0003B6801345B88A1451E44F0D10AFB09F0BF
:10CFB000BDE8F087AE45A8BFAE46F1460CF10605C8
:10CFC000002106FB13131D4422EAE272A61DA3E70B
:10CFD000AE45A8BFAE46F1460CF106055142F0E75A
:10CFE0002DE9F043054683B0684616461C460F46B9
:10CFF000FFF7D0FC2B685A88964234DA9B889C4213
:10D0000031DA1F2F2FD9019B9F422CDC394668460D
:10D01000FFF7CAFC102700F10508B44600212B6871
:10D02000B3F802E0F44510DA9A889442634447FA70
:10D0300001F20ADA90F800900EFB043319EA020FAD
:10D0400014BF4FF0FF3200229A71013105290CF113
:10D05000010CE4D10130404504F10104DDD1002090
:10D0600003B0BDE8F0836FF47A70F9E703682DE947
:10D07000F0410E1E5F8827DDBE4203F1060419DA77
:10D080009B88A3B18046BF1B0025A11920463A46C4
:10D090000DF00BFB3246E01900210DF02EFBD8F805
:10D0A00000305A889B8801359D421444EDDB0020F6
:10D0B000BDE8F0819A88002107FB02F220460DF0BE
:10D0C0001CFB0020BDE8F0816FF47A70F0E700BF30
:10D0D0002DE9F84F00AFD1F80080FE6AB8F8025091
:10D0E0001C46BB6A02EB030BAB45814604EB06030F
:10D0F0003EDABBF1000FD8BFAB46B8F80460B342CC
:10D1000002DA002BC8BF1E460BFB06F3073323F0E1
:10D11000070305FB0422ADEB030D08F10605A6424B
:10D120001544EA46C8BF6B460CDD294618465A46E8
:10D130000DF0BBFA0134B8F802200346A6421544AC
:10D140003344F2D10FFA8BF100290ADB32B2002A04
:10D1500007DB48465346FFF73DFD4846BD46BDE860
:10D16000F88F044BC9F800304846BD46BDE8F88F3B
:10D17000AB46C2E768C2030010B5064C0648206003
:10D1800000F0DCF92046054A0549BDE810400DF0E5
:10D190004DBA00BF8443002068C203005025002020
:10D1A000C5CB0200014B0360704700BF70C2030093
:10D1B00070B50D1E04460CDD281D1646FAF72AFB35
:10D1C000206000F0FFF92068012E458005D0204640
:10D1D00070BD054B0360204670BD2A460021043017
:10D1E0000DF08BFA204670BD70C2030010B50B68BD
:10D1F00004461846236000F0A1F9204610BD00BF88
:10D2000010B50446006800F0B5F9204610BD00BF17
:10D2100038B50B6804460068984206D00D4600F009
:10D22000A9F92868206000F089F9204638BD00BFC0
:10D230000068096888420ED008B54A8843889A4237
:10D2400001D0002008BD043104300DF01EFAB0FA00
:10D2500080F0400908BD0120704700BFB2F1000C0A
:10D2600019DB0068428808B51FFA8CFE96450FD876
:10D2700033EA230328BF1346A2EB0C029A4200F1C3
:10D280000400A8BF1A4660440DF037FA002008BD1C
:10D290006FF47A7008BD6FF47A707047002B70B528
:10D2A0000E46154602DA03685B889B1A002D21DBC7
:10D2B00000684288591991421CDCA9421ADBCBB1A3
:10D2C00036F0004116D05942B14214DAB34212DDB1
:10D2D00000F1040C002E65441FDB9C1BA91922469B
:10D2E00028460DF0F0F9324628190021BDE87040BB
:10D2F0000DF003BA70BDA9B28A42FBD333EA23030F
:10D3000028BF1346521B04309A422844A8BF1A462D
:10D31000BDE8704000210DF0F0B929469A19744219
:10D32000A81B0DF0D0F9224628460021BDE8704028
:10D330000DF0E3B9002906DB03685A888A4202DB54
:10D340005980002070476FF47A70704710B504461A
:10D35000006800F00FF9204610BD00BF30B50B4645
:10D3600085B0044601A91846F9F7E0F901A80DF0C7
:10D3700000FA05460530FAF74DFA206000F022F970
:10D3800020682A46458001A904300DF08EF92068F6
:10D390000544002320462B7105B030BD70B504460E
:10D3A00011B10B780D461BB90D4B2360204670BDA3
:10D3B00008460DF0DEF906460530FAF72BFA206034
:10D3C00000F000F9206832464680294604300DF00E
:10D3D0006CF92068304400230371204670BD00BF03
:10D3E00074C20300F8B517460A683B68B2F90250E8
:10D3F000B3F902301D440446681D0E46FAF70AFAD6
:10D40000206000F0DFF8206831684580B1F9022023
:10D41000043004310DF049F9326823683968B2F9F3
:10D420000200B1F902200433184404310DF03DF933
:10D4300023682B4400221A712046F8BDF8B5054632
:10D4400049B10B780C4633B1084616460DF091F9F8
:10D45000B7B2874203D90B4B2B602846F8BD701D2D
:10D46000FAF7D8F9286000F0ADF82868324647800E
:10D47000214604300DF019F92A6832440023137153
:10D480002846F8BD74C2030010B50B680446184660
:10D49000236000F053F8204610BD00BF014B03602D
:10D4A000704700BF74C2030038B50B6804460068BB
:10D4B000984206D00D4600F05DF82868206000F024
:10D4C0003DF8204638BD00BF70B515686E8804462B
:10D4D00066B10B685B881BB1FFF784FF204670BD07
:10D4E0000560284600F02AF8204670BD08682060D4
:10D4F00000F024F8204670BD002907DB0368B3F96B
:10D5000002208A4202DD19440879704700207047E2
:10D5100010B5064C0648206000F010F82046054A79
:10D520000549BDE810400DF081B800BF88430020D8
:10D5300074C20300502500204DD3020003884FF62B
:10D54000FF729BB2934214D0012B10B5044601D058
:10D55000DB0702D41E20F2F7F9F9BFF35B8FD4E8A2
:10D560005F3F0233C4E8523F002AF8D1BFF35B8F1C
:10D5700010BD704703884FF6FF729BB2934218D0DC
:10D58000012B10B5044610D0DB070ED5BFF35B8F1F
:10D59000D4E85F3F9A1EC4E8512F0029F8D1BFF3A9
:10D5A0005B8F9BB2032B05D010BD1E20F2F7CEF986
:10D5B000ECE770472046BDE8104000F001B800BF1E
:10D5C000FAF766B903230380704700BF82B030B515
:10D5D00083B006A981E80C0008AB8646844693E830
:10D5E00003005EF8045B8DE8030006AB0CCBDCF8AF
:10D5F000144071462846A04703B0BDE8304002B051
:10D60000704700BF08B502680B689A4201D000203D
:10D6100008BD1022043104300DF037F8B0FA80F064
:10D62000400908BD042070470429024808BF0020B3
:10D63000704700BF16FCFFFF8268054B106993FB23
:10D64000F0F007EE900AF8EEE77A17EE900A7047CE
:10D6500040420F00837D43F020038375704700BF75
:10D66000807DC0F34010704710B50C310446FFF7C1
:10D67000BDFD204610BD00BF807D00F0100070474A
:10D6800030B5837D13F0100483B002D1204603B07F
:10D6900030BD8468054601A8FFF784FD03F0CAF990
:10D6A000E37D7F3304EB830101A8FFF7B1FD03F0B5
:10D6B000B3F90023EC7D1D481A4602F1510109011E
:10D6C000415801B10133944202F101022AD0082AE3
:10D6D000F3D1174B019A101D48F68804C15AA14294
:10D6E000034414D052881044AA68927D984298BF8F
:10D6F000A3EB420C08D9520001E0984204D9995A90
:10D70000A1429C461344F8D1BCF900302B822C8AEC
:10D7100001A824B2FFF774FD24EAE474A4B2204601
:10D7200003B030BD013B5B00D4E700BF0070004098
:10D730002EF8FFFF072914D8032A12D810B4C37D8E
:10D7400001761B0103F1804342EA012403F5E04323
:10D75000427644F480540020C3F818455DF8044B29
:10D7600070476FF47A7070478176704710B5044641
:10D770008069036800219B6B9847A06903684FF498
:10D780007A51DB6C9847A07D216901280346B8BF18
:10D79000012303EB8303B1FBF3F3B3F5807FA8BF51
:10D7A0004FF480735B104BD000225B1002F101023A
:10D7B000FBD107EE901AF8EE677AB3EE007A0128F3
:10D7C00067EE877A2DD9082A4FF00103A8BF0822F7
:10D7D00003FA02F207EE102AF8EEC76A194B87EE39
:10D7E000A67A0021C3F8F415C4F80422A0690368DE
:10D7F0000021DB6BFDEEC77A17EE902A9847A369EC
:10D80000114A5B69114801210224C3F80012C2F8D1
:10D81000084503F5A074C2F81845C2F81C05D96084
:10D8200010BD012303FA02F106EE901A0549F8EE45
:10D83000E66AC1F8F42587EEA67AC4F80432D5E783
:10D840001A46B6E70070004000F001400470004046
:10D850002DE9F04F87B000250193D64B456003605A
:10D86000044603920E46F9F73BF8D34BDFF860838A
:10D87000A66103F10801303304F13806A360C4F84F
:10D880001C802160A58104F11C01646204F1280060
:10D890000291FFF787FC029984F832503046FDF779
:10D8A000BFFFA36A84F8335002275B88E3853046C4
:10D8B0004FF400762686A7862946A58584F836503B
:10D8C000FDF7DAFF04F1740904F15801C4F8588037
:10D8D000246604F164000291FFF764FC029984F865
:10D8E0006E504846FDF79CFF636E48464FF00109B5
:10D8F00084F86F905B88A4F86A30A4F86C60A4F890
:10D9000070702946A4F8685084F87250FDF7B4FF8F
:10D9100004F1B00B04F19401C4F89480C4F89C4065
:10D9200004F1A0000291FFF73DFC029984F8AA508F
:10D930005846FDF775FFD4F8A03084F8AB705B88CB
:10D94000A4F8A6305846A4F8A860A4F8AC702946FC
:10D95000A4F8A45084F8AE50FDF78EFF04F1EC0B50
:10D9600004F1D001C4F8D080C4F8D84004F1DC0040
:10D970000291FFF717FC029984F8E6505846FDF72C
:10D980004FFFD4F8DC3058464FF0030B84F8E7B073
:10D990005B88A4F8E230A4F8E460A4F8E8702946B3
:10D9A000A4F8E05084F8EA50FDF766FF04F5947A95
:10D9B00004F58671C4F80C81C4F8144104F58C7028
:10D9C0000291FFF7EFFB029984F822515046FDF7D0
:10D9D00027FFD4F81831042184F823115B88A4F8B8
:10D9E0001E315046A4F82061A4F824712946A4F8F9
:10D9F0001C5184F82651FDF73FFF04F5B27A04F577
:10DA0000A471C4F84881C4F8504104F5AA70029189
:10DA1000FFF7C8FB029984F85E515046FDF700FFFE
:10DA2000D4F85431052184F85F115B88A4F85A3189
:10DA30005046A4F85C61A4F860712946A4F85851D6
:10DA400084F86251FDF718FF04F5D07A04F5C2712D
:10DA5000C4F88481C4F88C4104F5C8700291FFF7C2
:10DA6000A1FB029984F89A515046FDF7D9FED4F8EB
:10DA70009031062184F89B115B88A4F896315046BA
:10DA8000A4F89861A4F89C712946A4F8945184F8EC
:10DA90009E51FDF7F1FE04F5E071C4F8C081C4F8B1
:10DAA000C84104F5EE7804F5E6700291FFF77AFBC1
:10DAB000029984F8D6514046FDF7B2FED4F8CC3135
:10DAC000072184F8D7115B88A4F8D2312946404653
:10DAD000A4F8D871A4F8D46104F5FE78A4F8D05164
:10DAE00084F8DA51FDF7C8FEA7194046FFF75AFB44
:10DAF0003846FFF757FB019B039AA3802261A68259
:10DB000031462A46C4F80492A57584F8085205A83F
:10DB1000FFF74EFB4FF0FF332A4605A88821FFF799
:10DB20009DFB05A94046FFF773FB05A8FFF768FBBF
:10DB3000A18A224E2A4605A8FFF73AFB4FF0FF3391
:10DB40002A4605A88821FFF789FB05A93846FFF773
:10DB50005FFB05A8FFF754FB194BE57580271C6098
:10DB6000C6F88070BFF34F8FBFF36F8F154A164B07
:10DB70001649C3F800552320C3F8F0B5C3F80403D1
:10DB8000C2F808952046C2F81015C2F81435FFF700
:10DB9000EDFD86F80753A069C6F880710368376009
:10DBA0005B6A9847A06903681B6B9847204607B0DB
:10DBB000BDE8F08F78BA0300F0C2030000E100E096
:10DBC0008C43002000F001400070004004710040D0
:10DBD000C8C20300F0B5584D85B0D5F84026009274
:10DBE000D5F844260192D5F8482602920023C5F8BC
:10DBF000FC3F0122D5F8FC1FC5F8FC2F0099C5F8A1
:10DC000040160199C5F844160299C5F84816032133
:10DC1000C5F80035C5F8F01523210446C5F80413EE
:10DC2000844683751E46184617E05FFA8EF0A0758D
:10DC3000BCF834109CF8337049BA41F4805105EBBC
:10DC4000071789B2C7F81815C3F800250132092A49
:10DC5000C3F804650CF13C0C1ED0531EC3EB031338
:10DC600004EB8301130191F8327003F18043110139
:10DC700017F0100700F1010E03F5E04301F18041B8
:10DC8000D3D101F5E0410132092AC1F800750CF148
:10DC90003C0CC1F80475E0D108B905B0F0BD264EC2
:10DCA00001252046C6F80055FFF760FDE77DA18AF3
:10DCB00000227F3703A8FFF77BFA04EB87074FF0BA
:10DCC000FF330022882103A8FFF7C8FA03A93846CA
:10DCD000FFF79EFA03A8FFF793FAE27DA37DD4F83D
:10DCE000041204EB820203FB01F1D2F8FC2103F1E0
:10DCF00000430432013BC6F82C2602EB4302A38A00
:10DD0000A94093FBF1F001FB10315B1A03EBD373D5
:10DD10002B41C6F83036094B35600321C3F8041592
:10DD200048F6880184F8085213889BB28B42FBD0D6
:10DD3000012005B0F0BD00BF0070004000F00140C0
:10DD400010B5F1B190F8083203F0FF0173B11D4B2B
:10DD50001D4A0324C3F80845D2F80034DB07FBD47E
:10DD60000123936090F80832002BFBD1174B184A1F
:10DD7000197013681749C3F3C0130B7083B90020DF
:10DD800010BD144B1B78A3B9104B1B78002BF6D099
:10DD900090F80832002BF2D1FFF71CFF002010BDD5
:10DDA0008023C2F88030BFF34F8FBFF36F8F002006
:10DDB00010BD074B80221A60044B1B78002BDED06D
:10DDC000E6E700BF00F00140007000408E4B0020ED
:10DDD00000E100E08D4B002007EE901AB7EE007ACC
:10DDE000F4EEC77AF1EE10FA10B5044606D49FEDB2
:10DDF0001F7AF4EEC77AF1EE10FA10DD23681C4AA0
:10DE00009B6993422BD1A3681A481B6990FBF3F0DE
:10DE100007EE900AF8EEE77A17EE900A10BDC7EE0B
:10DE2000276A806890F80832FDEEE66ADBB1124B93
:10DE30000322C3F80825114AD2F80034DB07FBD4CB
:10DE40000123936090F80832002BFBD190F8083240
:10DE5000C0ED046A002BD1D1FFF7BCFECEE720460F
:10DE6000BDE810401847C0ED046AC7E700247449B4
:10DE700039D6020040420F0000F00140007000401F
:10DE800031B38B7DDA0601D50020704790F8083257
:10DE900010B573B1104B114A0324C3F80845D2F8EA
:10DEA0000034DB07FBD40123936090F80832002B89
:10DEB000FBD18B7D43F010038B7590F8083203F093
:10DEC000FF041BB9FFF786FE204610BD002010BDE1
:10DED0006FF47A70704700BF00F00140007000409E
:10DEE000F8B50D460446097D14481746F9F7AAFD12
:10DEF00050B1297D1148F9F76FFD461E2FB9370142
:10DF0000B81B04EB80001C30F8BDC6EB061104EB17
:10DF100081011C312046FFF7B3FF2B68084ADB6DF7
:10DF200093424FEA061702D100232373E8E72846FD
:10DF3000002204F108019847E2E700BF78C203001D
:10DF40004927020071B38B7DDA0621D590F80822AB
:10DF500002F0FF0302B3154B154A10B50324C3F8B2
:10DF60000845D2F80034DB07FBD40123936090F816
:10DF70000832002BFBD18B7D03F0EF038B7590F8FB
:10DF8000083203F0FF042BB9FFF724FE204610BD32
:10DF900000207047002010BD8A7D184602F0EF0374
:10DFA0008B7570476FF47A70704700BF00F00140C6
:10DFB0000070004010B5837D0229044603F0100371
:10DFC0000DD0012900D910BD002BFCD0806821465E
:10DFD000FFF7B8FFA37D03F0EF03A37510BD002B7F
:10DFE000F1D180682146FFF74BFFA37D43F010037A
:10DFF000A37510BD38B50C460546097D0F48F9F7E5
:10E0000021FD90B1217D0D48F9F7E6FC431EC3EBDD
:10E0100003139C0004F11C0129442846FFF792FFDA
:10E020002B1993F83220D206FBD42B7B1BB12B6823
:10E0300028469B699847002038BD00BF78C203007E
:10E04000A0F10800FFF7D6BF2DE9F04F9946837D78
:10E0500085B013F0100F0E9F837E054656D0002B1F
:10E0600055D10E687388B2EB530F4FEA630450DA50
:10E07000043606EB440406EB4206A046023CA21B13
:10E08000521092FBF9F309FB1322002AF5D1B4F9DF
:10E0900000302B82AB7D9B063BD5B9F1010F4ED0F2
:10E0A000B5F91200EB68011DB04519445B8830D901
:10E0B00014464FEA4909924605F10C0B07E0B5F901
:10E0C00012209A4219D0B04523D9B5F912009842CE
:10E0D00004F1010420D0B6F90020BC4292444E4421
:10E0E000EDD19AFBF4F221F8022B6A8A023212B2C5
:10E0F00000249A426A82A246E5D105F11C00CDE9CE
:10E100000013FDF739FBDDE90013DCE70BB1013B40
:10E11000AB7605B0BDE8F08F0122B5F9141003A865
:10E12000FFF746F803A95846FFF772F803A8FFF770
:10E1300067F8E96800236B824B880431CBE705F16F
:10E140000C00FFF765F8EB685B886B8205F11C003B
:10E1500005B0BDE8F04FFDF70FBB00BF2DE9F04360
:10E16000434BD3F8042185B006461AB9D3F81431CD
:10E17000002B44D096F81790DFF8F48009F10103E2
:10E1800003F00103F375D8F8341609F17F0906EBA3
:10E190008909490048460024FFF7CCF806F11C0520
:10E1A000274603E0082C05F13C051DD004F151037E
:10E1B0001B01013458F80330002BF3D0494603A863
:10E1C000FFF714F8D6F80412B37D00913A462846BA
:10E1D00003A9FFF739FF03A8FFF712F8082C07F18E
:10E1E000010705F13C05E1D1214BD3F8042112B11F
:10E1F0000022C3F804211E4BD3F8142132B91C4C61
:10E20000D4F8003163B905B0BDE8F0830022184CA2
:10E21000C3F8142186F80822D4F80031002BF2D07C
:10E22000F57DB18A013505F00105002205F17F0772
:10E2300003A8FEF7BDFF06EB87074FF0FF33002270
:10E24000882103A8FFF70AF806EB850603A93846DC
:10E25000FEF7DEFF03A8FEF7D3FFD6F8FC3100225D
:10E260000433C4F82C36C4F8002105B0BDE8F083AF
:10E2700000700040024B186808B1FFF76FBF70478D
:10E280008C430020F8B5134B036003F128020546C8
:10E29000826000F50070FEF7B3FF05F5FE70FEF733
:10E2A000AFFF0D4F05F5EE742E1F44F81C7C204681
:10E2B000FDF706FAA4F110003C3CFEF7A1FFB442C2
:10E2C000F3D1064A2A6000232846EB80F8F776FB54
:10E2D0002846F8BDF8C20300C8C2030078BA03009C
:10E2E000F8B5154B036003F128020546826000F57E
:10E2F0000070FEF785FF05F5FE70FEF781FF0F4FFA
:10E3000005F5EE742E1F44F81C7C2046FDF7D8F965
:10E31000A4F110003C3CFEF773FFB442F3D1084A6D
:10E320002A600023EB802846F8F748FB28460CF0CB
:10E3300082F92846F8BD00BFF8C20300C8C2030036
:10E3400078BA0300174B99421ED9174B994298BFD0
:10E350004FF080621AD9154A4369914210B44FF0C8
:10E36000C8604FF0000408BF4FF0C462C3F8004516
:10E37000C3F8240508BFC3F82425062200205DF851
:10E38000044BC3F8002570474FF0CC72436900215D
:10E39000C3F80015C3F824250622C3F80025002081
:10E3A000704700BF8FD003007F1A0600801A060056
:10E3B000704700BF10B504460CF03DF9204610BD73
:10E3C000F0B585B01E468DF80F209DF82C30026800
:10E3D0000093176A01230DF10F0204460D46B8475A
:10E3E00038B9236800909F6A0A9B32462946204626
:10E3F000B84705B0F0BD00BFC3688B4210B50446F6
:10E400000ED003698B420BD023793BB12368094AB4
:10E410009B6B934220460AD10CF00DF9002010BDF1
:10E4200023680022DB6B114620469847ECE79847AB
:10E43000002010BDB5E30200C368002B3CD070B5CE
:10E4400004460069002836D0036801211B689847FC
:10E45000E068036801211B6898470420F9F718FB5E
:10E460000025E068036802219B689847014600BBCD
:10E47000206903681B6898470420F9F709FB2069A5
:10E48000036801211B68984701350420F9F700FB58
:10E49000092DE6D1E068036800211B689847042035
:10E4A000F9F7F6FAE0680368BDE870401B680121DF
:10E4B0001847002DEED170BD704700BF38B50B4630
:10E4C0000446154600F10C011A46FAF781F82A466F
:10E4D00004F110012046FAF77BF86269E368002531
:10E4E000C2F80055F3B12369E3B101212046FAF7E0
:10E4F0006DF80621E06801F04BFA0621206901F071
:10E5000047FA2046FFF798FFE068036802219B68FE
:10E5100098472069036802219B689847294620464E
:10E52000FAF754F80A20F9F7B3FAD4E90423B2B1A0
:10E53000157DE26882B1107DC3F808554FF0CC71AB
:10E540000622C3F80C05C3F824150A20C3F80025D9
:10E55000F9F79EFA002038BD4FF0FF30ECE74FF09E
:10E56000FF35E6E7F8B504461D460E461746FAF7AE
:10E570001FF8114B23600023C4E9023323615DB10E
:10E58000284602F00BFB606160B13A4631462046F6
:10E59000FFF794FF2046F8BD012002F01DFB6061EB
:10E5A0000028F2D15A20F1F7D1F93A4631462046F7
:10E5B000FFF784FF2046F8BD2CC303002DE9F0418E
:10E5C00043698EB282B09C590546002C5AD1364F11
:10E5D0004FF001080BE0D3F8482592B9632C51DCC9
:10E5E0000A20F9F755FA6B699A59002A4AD1D3F8EB
:10E5F000242132BBBC4224DCD3F850210134002A50
:10E60000E9D1632CECDDD3F8602152B1D3F80022BC
:10E61000D10506D5D3F848211AB9C3F81C80144691
:10E62000DEE7D3F86021002ADAD0D3F80022920581
:10E63000D6D5D3F80421002AD2D1C3F814801446C9
:10E64000CEE7D3F8C414C3F8C4140022C3F82421BD
:10E65000D3F82421019201220199144C1A625A61C3
:10E6600001E0013C18D00A20F9F712FA6B69D3F8DF
:10E670000431002BF5D00E4CA86838B9204602B002
:10E68000BDE8F081A86800240028F7D0F9F700FA67
:10E69000204602B0BDE8F0812B682A69DB6BE9688F
:10E6A000034C28469847E7E740420F00A086010048
:10E6B0000EFCFFFF70B44469C1F34701C4F888152C
:10E6C0000021C4F8041189B0D4F804510695069DC0
:10E6D000C4F82411D4F824510595059DC4F860119F
:10E6E000D4F860510495049DC4F85C11D4F85C51D1
:10E6F0000395039DC4F85011D4F850510295029D22
:10E70000C4F84C11D4F84C519DF830600195019D2E
:10E71000C4F84425C4F8483576B14FF4807201231B
:10E72000C4F80022A360D4F848210ABB4FF4A471B6
:10E7300009B070BCFFF742BF4FF400720123C4F868
:10E740000022A360D4F8482162B12362C4F8486172
:10E75000D4F848310793079B4FF4827109B070BC1D
:10E76000FFF72CBF4FF4827109B070BCFFF726BFD2
:10E770002362C4F84811D4F848310793079BD5E7C2
:10E7800070B54469C1F34701C4F888150021C4F885
:10E79000041188B00546D4F8040106900698C4F820
:10E7A0002411D4F8240105900598C4F86011D4F818
:10E7B000600104900498C4F85C11D4F85C010390E3
:10E7C0000398C4F85011D4F8500102900298C4F88C
:10E7D0004C11D4F84C019DF8306001900198C4F8B8
:10E7E0003425C4F8383586B94FF480520123C4F873
:10E7F00000222360D4F84821DAB94FF48271284608
:10E8000008B0BDE87040FFF7D9BE01232360D4F8FB
:10E81000482132B12362C4F84811D4F84831079333
:10E82000079B4FF4AE712846FFF7C8FE48B108B009
:10E8300070BD2362C4F84861D4F848310793079B40
:10E84000DBE76B6901224FF4A4712846DA6108B056
:10E85000BDE87040FFF7B2BE0D4B10B503F10801E3
:10E8600003F1340240330446C0E902230160303032
:10E87000FEF7C6FC04F12C00FEF7C2FC054A22603C
:10E8800000232046E380F8F799F8204610BD00BF2A
:10E890006CC3030078BA030038B5446991F814C01A
:10E8A00000234FF0FF3504EB83020133D2F86015EB
:10E8B000614508BFC2F86055042BF4D1037C13B145
:10E8C00003689B699847002038BD00BFA0F10C0089
:10E8D000FFF7E2BF0E4B03F1080103F134024033AE
:10E8E00010B504460160C0E902233030FEF788FC11
:10E8F00004F12C00FEF784FC064A22600023E3802A
:10E900002046F8F75BF820460BF095FE204610BD38
:10E910006CC3030078BA03002DE9F0412DED028BA2
:10E92000002408EE103A5B4B0360446005460F4636
:10E930001646BDF82080F7F7D3FF574B2B6003F145
:10E940002C023833AA60EB606F612C8205F12C0039
:10E95000FEF728FC05F13000FEF724FC9FED4F7A0E
:10E960004F4B68696E63C7EE087A4FF08022C3E9A7
:10E970000022C3E902224B4BAB61A5F804802C8531
:10E98000EC612346C0F80045B0EE677ABEEECE7A61
:10E9900017EE101AB1F5004F78DB013341FA03F49A
:10E9A000B4F5004FF9DA072B15DC04FA03F100295E
:10E9B000B8BF0F31091107EE901ADFED386AC0F8C1
:10E9C0000C35F8EEE77AC0F8084586EEA77AC5ED73
:10E9D000097A85ED087A00230222C0F8043532490D
:10E9E000C0F81025C0F84835C0F82835C0F84C35B7
:10E9F000C0F82C3540F201136B830123C0F81435A5
:10EA0000302404238842C0F80032C0F8044321D0E7
:10EA1000264988422DD0264A90420ED032680123E2
:10EA200052682B7605F10801C0F800353046904752
:10EA3000BDEC028B2846BDE8F0811E4A1E4C956055
:10EA40001E4A9168A2F54062C1F8C840C2F88431FC
:10EA50005360E3E7194B174A99681560A3F54063C3
:10EA60004FF08052164CC1F8B040C3F880211A60B4
:10EA7000D4E7104B134C5D60104B9968A3F54063CD
:10EA8000C1F8C440C3F884215A60C7E717EE104AA2
:10EA90008DE700BF78BA030074C3030000247449F3
:10EAA000904300200000010100C00140001002401E
:10EAB00000200240A043002039ED020000ED00E0FC
:10EAC0008DED0200E1ED02004369D3F808057047BF
:10EAD0009FED1C7A07EE901AC7EE277A8446B0EEB7
:10EAE000677ABEEECE7A17EE102AB2F5004F22DB1F
:10EAF0000023013342FA03F1B1F5004FF9DA072B95
:10EB00001DDC01FA03F2002AB8BF0F32121107EE22
:10EB1000902ADFED0C6ADCF81400F8EEE77AC0F812
:10EB20000C3586EEA77AC0F808150020CCED097ADE
:10EB30008CED087A704717EE101A0023E3E70248BD
:10EB4000704700BF0024744900407AC407EE901A51
:10EB5000FEEECE7A844617EE901AB1F5004F22DB16
:10EB60000023013341FA03F2B2F5004FF9DA072B23
:10EB70001DDC02FA03F10029B8BF0F31091107EEBD
:10EB8000901ADFED0C6ADCF81400F8EEE77AC0F8B2
:10EB90000C3586EEA77AC0F808250020CCED097A5E
:10EBA0008CED087A704717EE902A0023E3E76FF4A4
:10EBB0007A70704700247449406A704743690020A6
:10EBC000C3F81015704700BF43698176C27649B11A
:10EBD000012004213022C3F81405C3F80012C3F841
:10EBE000042370473022C3F81415C3F80012C3F889
:10EBF0000823704770B590F9293082B00446002B85
:10EC00003BD1C0690D46A8B9A37E002B41D0637EDD
:10EC1000002B3ED0E37E002B3BD16169234A01EB00
:10EC200045110823C1F82025C1F82435012384F8B3
:10EC3000293020E0616B0B6805F10B061B6801A809
:10EC400004EB8606984701A93046FEF7E1FA01A8D1
:10EC5000FEF7D6FA04EB85036169DB6AE26958883E
:10EC600001EB451140100433013AC1F82035C1F8D9
:10EC700024050120E26102B070BD426901235360A6
:10EC8000D2F80431002BFBD0E36900256576258599
:10EC900013B9002002B070BD2268013BD269E36164
:10ECA00020469047284602B070BD00BF9043002028
:10ECB00038B5C369817E01330446C36119B1637EEF
:10ECC00063B1002038BDFFF795FFC8B16369012229
:10ECD0009A60A37E002BF2D1002038BD012594F864
:10ECE000281065762046FFF785FF94F828302B44DE
:10ECF0002B4084F828303BB9636901229A60E0E731
:10ED0000E37E002BE5D0E1E7E36913B900236376E6
:10ED1000D7E729462046FFF76DFF94F828300133E6
:10ED200003F0010384F82830002BEFD1E4E700BFA3
:10ED3000A0F10800FFF7BCBF38B5134B9C6834B195
:10ED40006369D3F8102172B9D3F8143103B938BD0F
:10ED5000002584F8285001212046FFF74BFF636906
:10ED6000C3F8145138BD012384F82830002120460F
:10ED7000FFF740FF63690022C3F81021D3F8143174
:10ED8000002BE4D0E4E700BFA043002038B5134BCC
:10ED90001C6834B16369D3F8102172B9D3F8143107
:10EDA00003B938BD002584F8285001212046FFF71B
:10EDB00021FF6369C3F8145138BD012384F828305A
:10EDC00000212046FFF716FF63690022C3F81021D7
:10EDD000D3F81431002BE4D0E4E700BFA0430020B7
:10EDE00038B5134B5C6834B16369D3F8102172B93C
:10EDF000D3F8143103B938BD002584F82850012117
:10EE00002046FFF7F7FE6369C3F8145138BD0123AC
:10EE100084F8283000212046FFF7ECFE63690022C9
:10EE2000C3F81021D3F81431002BE4D0E4E700BF7D
:10EE3000A0430020426900230376C2F800357047E2
:10EE4000032A37DC70B50C4602F5AC754169237DA9
:10EE500051F825209A42064618D0236817491A6EA1
:10EE60008A421BD11A6816498A421ED1DB6D154AA7
:10EE70007169207D41F82500934209D10023337444
:10EE8000E38843F008030020E38070BD002070BDDC
:10EE9000002206F10C0120469847F1E720469047F2
:10EEA000236807491A688A42E0D00021204690472B
:10EEB0002368DBE76FF47A70704700BF4D270200CC
:10EEC000511602004927020070B505680F4C2A6AE6
:10EED000A24218D144698446087D00234FF0FF36D2
:10EEE00004EB83020133D2F86015814208BFC2F8F7
:10EEF0006065042BF4D19CF8103013B1AB69604607
:10EF00009847002070BDBDE87040104799E80200A6
:10EF1000C3688B420AD070B505460C46164613B13D
:10EF200003681B6E98472671EC6070BD704700BF88
:10EF300090F804C01CF0020F29D0002924DB002A1D
:10EF400022DD002B20DDB4294FF47A7CA8BFB42148
:10EF500030B50CFB01F10F4D046802EBD27E89083D
:10EF6000A5FB0151A3EB6E030CFB03F3890802FB25
:10EF70000131094A246BCB1782FB0121C3EBA1119C
:10EF80002346BDE8304018476FF47A707047034855
:10EF9000704700BF176CC116D34D621016FCFFFFFF
:10EFA000C08800F00500003818BF0120704700BF7E
:10EFB000037D0B49202B38BF4FF0A0410122D1F82F
:10EFC000141503F01F0302FA03F30B4206D1C088A5
:10EFD00000F00A00003818BF012070471046704743
:10EFE00000030050C08810F0030018BF01207047D4
:10EFF000C08800F00C00003818BF0120704700BF27
:10F0000003684FF47A729B6B02FB01F1184700BF53
:10F01000027D0F4B202A38BF4FF0A04302F01F02A1
:10F0200003EB82030129D3F80027417122F00C027F
:10F0300007D0022908BF42F00C02C3F800270020C5
:10F04000704742F00402C3F800270020704700BF59
:10F0500000030050D0F8103521EA0301C0F818155C
:10F06000704700BFD0F810351940C0F81815704728
:10F0700038B5037D202B0446184838BF4FF0A04018
:10F0800003F01F0301229A40D0F8143513421BD11C
:10F090000D46D9B9C0F80C251146FFF7E3FF217DD5
:10F0A0000E4B202938BF4FF0A043D3F8143513423C
:10F0B00012D0236820461B6E9847236829461B6898
:10F0C00020469847002038BD002038BDC0F80825EC
:10F0D0001146FFF7BFFFE2E7014838BD00030050CB
:10F0E00012FCFFFF38B5C3889B0704460D4604D5C4
:10F0F000C068A8B3F9F768FA90BB236820461B6E76
:10F100009847FDB9227D274B1F2A02F01F014FF0BF
:10F11000010098BF4FF0A0438840C3F80C051F2A98
:10F12000204BE28898BF4FF0A04303EB810342F0ED
:10F130000202D3F8001741F00101C3F800170020C4
:10F14000E28038BD227D174B1F2A02F01F014FF0CD
:10F15000010098BF4FF0A0438840C3F80805DEE7E0
:10F160007DB1237D0F4A202B4FF0010138BF4FF0B6
:10F17000A04203F01F0301FA03F3C2F80835002090
:10F1800038BD237D074A202B4FF0010138BF4FF0D7
:10F19000A04203F01F0301FA03F3C2F80C3500206C
:10F1A00038BD00BF0003005038B503799A071FD55A
:10F1B000C3885B07044617D50E4B1868C0B10122FF
:10F1C0002146FEF78DFE054690B1E06810B1F9F7D3
:10F1D000FBF918B9E38843F00403E3802846FEF7FF
:10F1E0004FFAC0F30F1038BD03681B6E9847E3E772
:10F1F000014838BD7044002016FCFFFFC3881B0780
:10F2000039D570B51D4D1E4C28682DED028B08EECA
:10F21000101AFFF759FCF8EE487A08EE900A17EE3C
:10F22000901A2868FFF792FCF8EEE88A04F10806C5
:10F230002388286807EE903AB8EE678AFFF744FC07
:10F2400007EE900AF8EEE77A67EE887A87EEA87AFA
:10F25000BCEEC77A17EE103A24F8023BB442E7D16D
:10F26000084B0749186808220123FCF77FFFBDEC13
:10F27000028B002070BD0448704700BF744400201A
:10F28000784400208044002016FCFFFF08B5C388A6
:10F290001B0701D4064808BD064B1868FFF78CFC15
:10F2A00007EE900AFCEEE77A17EE900A08BD00BF61
:10F2B00016FCFFFF744400200368244A9B6A9342B3
:10F2C00010B5044630D1C3885B052CD4E068B0B1DA
:10F2D000F9F77AF998B9E068E388026843F4806343
:10F2E0001268E38021469047194BE2681B6803B11E
:10F2F0000C339A421CD0227D0023E36000E0227D83
:10F30000144B202A38BF4FF0A04302F01F0203EB3A
:10F310008203E288D3F8001702F4306221F440310E
:10F32000C3F80017E28010BD98470028CED010BD6A
:10F33000094B227D181D4FF0FF0C13F9011B914260
:10F3400008BF03F801CC9842F7D1D5E7D9260200CF
:10F350007444002000030050B825002002680F49C3
:10F36000D26B8A4208B513D1C3881B0701D40C485D
:10F3700008BD0C4B1868FFF71FFC07EE900AFCEE67
:10F38000E77A094B17EE900AA3FB0030800908BD0D
:10F390009047054BA3FB0030800908BD8DF20200A9
:10F3A0003689410074440020D34D621070B5056861
:10F3B000154E6B6CB34204461FD10A46017D134BB8
:10F3C0004271202938BF4FF0A04301F01F0103EB29
:10F3D0008103012AD3F8001721F00C010AD0022A78
:10F3E00008BF41F00C01C3F8001720466B68BDE868
:10F3F0007040184741F00401F5E79847256820461A
:10F400006B68BDE87040184711F00200000300501F
:10F4100038B5C388DB07044606D5C06800283FD04E
:10F42000F9F7D2F800283BD1236820461B6E984795
:10F43000227D294B2068202A38BF4FF0A04302F0DC
:10F440001F0103EB8103456CD3F80017234821F01B
:10F450000301C3F80017E188854241F00101E18012
:10F4600002F01F0C617930D1D3F80007012920F098
:10F470000C0027D0022908BF40F00C00C3F8000799
:10F4800015491F2A8CBF0A464FF0A0420123D2F82B
:10F49000102503FA0CF3134214BF0120002038BDDD
:10F4A000237D0D4A202B38BF4FF0A04203F01F03ED
:10F4B000D2F81015012202FA03F30B4214BF1046D2
:10F4C000002038BD40F00400D8E72046A847227D40
:10F4D00002F01F0CD4E700BF0003005011F002003F
:10F4E00038B515464FF48072C280018100220E4962
:10F4F00003712F2D4FF00103C0E903220446057567
:10F50000016043710CD80949094B41F825404FF07F
:10F510000042C3F80423074B402220461A6038BD3E
:10F520003220F0F713FAEEE7B8C30300AC43002033
:10F530000060004000E100E00379DB074FD52DE9D2
:10F54000F041C388DA0682B004460D463CD42368F5
:10F5500020461B6E9847012D236842D05B682046E9
:10F56000984723682420D3F85C800BF066F80023CA
:10F57000CDE900332146012322890746FAF76EFCC4
:10F580002F4B984507F10C064CD1E3689E4207D0FB
:10F590001BB1236820461B6E984701233B74E6602D
:10F5A000E38823F400639BB243F01103012DE38051
:10F5B00011D0002E42D056F80C3CDB69A6F10C00AD
:10F5C00002B0BDE8F0411847C3F3C0238B42BED15F
:10F5D000012DC668EDD1002EEDD13368FFDE19484C
:10F5E00070473420D3F85C800BF027F8164B214687
:10F5F0001A684FF0FF330746FBF7F0FD104B9845B4
:10F6000007F10C0614D1E3689E4207D01BB12368B2
:10F6100020461B6E984701233B74E660E38843F461
:10F620000063C1E7314601222046C047E668B7E7DC
:10F6300031462A462046C047E668EFE73368FFDEDA
:10F6400011EF020016FCFFFF6C440020C188C1F3DB
:10F65000C021FFF771BF00BF10B5C388590684B041
:10F66000044614D49A060AD41B0606D5236923B18E
:10F67000012004B0BDE81040184704B010BD0123BC
:10F68000218902226846FDF715FAE388ECE7018933
:10F69000002305226846FDF70DFAE3684BB1D96AED
:10F6A000029ADA626846521A0023CDE90223FDF776
:10F6B00059FAE388D6E700BF10B5C388590684B06D
:10F6C000044614D49A060AD41B0606D5236923B12E
:10F6D000002004B0BDE81040184704B010BD01235D
:10F6E000218903226846FDF7E5F9E388ECE7018903
:10F6F000002304226846FDF7DDF9E3684BB1D96ABF
:10F70000029ADA626846521A0023CDE90223FDF715
:10F7100029FAE388D6E700BF2DE9F04BD0F8204561
:10F7200084B006466CB3DFF890800D4601274FF099
:10F730001F0BB4FA84FCABEB0C03591907FA03F264
:10F7400058F8219024EA0204B9F1000F17D0B9F853
:10F75000062012F0E00F06EB83030ED0D3F800274B
:10F7600082F48032C3F80027D3F80037DA03484622
:10F770001CD5FFF771FFB9F80620930508D4002CBB
:10F78000D5D14FF0FF33C6F8203504B0BDE8F08B7B
:10F79000F7F7DAFE0028F2D00123052240F2FF310C
:10F7A0006846FDF787F9002CC1D1EAE7FFF784FF2F
:10F7B000B9F80620E1E700BFAC43002008B5094BCB
:10F7C000D3F87C2102B908BD0021C3F87C114FF0A9
:10F7D000A040FFF7A1FFBDE8084003482021FFF744
:10F7E0009BBF00BF0060004000030050C38813F0BF
:10F7F000E00F70B504460D4621D103685B68984759
:10F80000227D3A49202A02F01F0338BF4FF0A04161
:10F8100001EB830302F01F02D3F8006726F44036A1
:10F82000C3F8006788BBD3F8000740F40030C3F882
:10F830000007012303FA02F2E388C1F820255A06E3
:10F840000ED423F0E0039BB2022DE38018D0032DE9
:10F8500022D0012D17D143F08003E380002070BD3A
:10F86000032D37D0E068036821461B689847E3887A
:10F8700023F0E00300229BB2022DE260E380E8D196
:10F8800043F02003E380002070BDD3F8000740F46C
:10F890004030C3F80007CCE743F04003E38030205A
:10F8A0000AF0CBFE2146054608F04EFCF9F7F6FCBF
:10F8B00023680F4ADE6DE862964212D1E2689542F3
:10F8C000E1D012B11B6E2046984701232B71E560F1
:10F8D000002070BD23F0E00343F04003E3800020EC
:10F8E00070BD012229462046B047CCE700030050F6
:10F8F00011EF0200032910B50C460BDC00291ADCBD
:10F9000016D1C28812F0F00219D003681B6E984716
:10F91000204610BD04290BD102680B49D26A8A42E5
:10F920000FD1C188C1F3C021FFF706FE002010BD32
:10F930006FF47A7010BDFFF759FF002010BD10461C
:10F9400010BD9047002010BD4DF6020038B5036889
:10F9500004465B680D469847E3885B0609D4236834
:10F960000A4A5B6D93424FF00301204607D1FFF72F
:10F970003DFFE0682946BDE8384008F0FFBB9847E6
:10F98000E0682946BDE8384008F0F8BBF5F8020009
:10F99000072913D8027D0B4B202A38BF4FF0A04314
:10F9A00002F01F0203EB82030020D3F8002722F4A9
:10F9B000E06242EA0121C3F8001770476FF47A70E1
:10F9C000704700BF00030050007D0B4B002914BF9F
:10F9D0004FF440710021202838BF4FF0A04300F0C1
:10F9E0001F0003EB80030020D3F8002722F4E0621D
:10F9F0000A43C3F80027704700030050027D0B4BF9
:10FA0000202A38BF4FF0A04302F01F0203EB82030D
:10FA1000D3F8000720F44030C3F80007D3F80027DC
:10FA200042EA0141C3F80017704700BF00030050CD
:10FA3000F0B5164C236883B02BB1154D2E688EB1EE
:10FA4000002003B0F0BD44200AF0F7FD0546FCF7A6
:10FA50006FFB284625600E4D0321FCF717FB2E682F
:10FA6000002EEDD138200AF0E8FD13230746226866
:10FA700000930849084BFEF74FFF384601223146F4
:10FA80002F60FFF7A1F8002003B0F0BD80440020F4
:10FA90007444002000C001400000484203799B07E5
:10FAA00063D5B1F5806F2DE9F0410E465FD2C38872
:10FAB0001A07054641D52F4F297D3A464FF0FF34AE
:10FAC000002312F9010B884208BF1C460133042BA6
:10FAD000F7D1631C35D0DFF8B480E86840B3F8F79D
:10FAE00073FD28B3D8F80000FEF7EEFF07EE906A2A
:10FAF0009FED216A2149224BB8EEE77AF7EE007AB2
:10FB0000E7EE467AF0EE676A07EE900AF8EEE77ADB
:10FB1000186867EEA67A0123FDEEE77A17EE902AC1
:10FB200021F814200822FCF721FB0020BDE8F08119
:10FB3000EB8843F00803EB80D4E703681B6E98471B
:10FB4000B9E72846FFF774FF0E4BDFF840801C78BA
:10FB5000D8F80000013404F003041C7022462B7D09
:10FB60003B552946FFF76CF9B7E7074870476FF434
:10FB70007A70DBE7B82500200000803A7844002046
:10FB8000804400204926002016FCFFFF744400201A
:10FB900070B5184D2DED028B044608EE101AFFF7D4
:10FBA00047FF2868FFF708F8DFED137A07EE100A21
:10FBB000B4EE677AF1EE10FA15D1DFED107A9FED11
:10FBC0000E7A2368B8EE488A204628EE278ADB683A
:10FBD000C8EE077ABDEC028BBDE87040FDEEE77A17
:10FBE00017EE901A184717EE901A2868FEF7AEFF26
:10FBF000E3E700BF7444002000409C4600008044BE
:10FC000021B9436E4FF40472C3F8082300207047F3
:10FC1000B1F5614F34D00DD847F61223994229D05F
:10FC2000B1F5164F13D14FF41D03426E0020C2F8F8
:10FC300024357047B1F5612F1FD0134B994211D174
:10FC4000426E4FF080530020C2F824357047426E58
:10FC50000E4BB1F5165F18BF4FF0EB730020C2F8E2
:10FC600024357047B1F5613F14BF4FF0EB734FF08F
:10FC70006C73DAE74FF40003D7E74FF07063D4E713
:10FC80004FF46B03D1E700BF40420F000050270044
:10FC900070B504460E4615462046F9F741F800288F
:10FCA000FADC94F83C3003F0FF00002BF4D1636ED3
:10FCB000317D2A7DC3F80C15C3F8142570BD00BF33
:10FCC00010B584B004468DF8071002E094F83C307B
:10FCD0001BB100F09BFE0028F8D000F097FE636E89
:10FCE00060B10022C3F82021D3F8201103910399B9
:10FCF000C3F85821D3F858210292029A01220DF13B
:10FD0000070184F83C20C3F84415C3F848259A60DD
:10FD100000F07CFE98B1636E00E091B9D3F8202129
:10FD2000D3F85811002AF8D059B90122DA60D3F873
:10FD30005821002AFBD00020002384F83C3004B076
:10FD400010BD0148F8E700BF09FCFFFF0021F8F7EC
:10FD500087BF00BF90F83C3003B1704710B584B046
:10FD60000446F8F7DDFFB8B1A28EA38E94F83010E8
:10FD70009BB20133B3FBF1F001FB103392B2206868
:10FD8000E16A9BB2A386895C836920469847A38E6B
:10FD9000628E9BB29A4201D004B010BD01230222B0
:10FDA00040F2FF316846FCF785FEF5E710B5A9B9CA
:10FDB000C3895A07044617D5636E04F14401202213
:10FDC000C3F834150020C3F838254FF4047101221C
:10FDD0002064C3F804131A60002010BD0129FBD170
:10FDE000FFF7B8FF002010BDF8F782FDE3895B073D
:10FDF000E2D4002010BD00BF10B5224B224A0446B9
:10FE0000406E236003F13C01A16082B0C0F808237A
:10FE100000F034FF00280DDB43091C490122203388
:10FE200000F01F0002FA00F041F82300BFF34F8FEB
:10FE3000BFF36F8F636ED3F80022012122F02002FE
:10FE40000020C3F800225960C3F85801D3F85821A4
:10FE50000192019AD960D3F85821002AFBD04FF0C3
:10FE6000FF320021C3F800151846C3F80C25C3F86B
:10FE7000142500F0D5FE2046F8F762FF204602B0B8
:10FE800010BD00BF2CC403001403420000E100E0D9
:10FE9000A0F10800FFF7B0BF10B50446FFF7ACFFB4
:10FEA00020460AF0C8FB204610BD00BF10B5A0F1E7
:10FEB00008042046FFF7A0FF20460AF0BCFB2046BE
:10FEC00010BD00BF70B50446406E0E4600F0D6FE71
:10FED000054646B3E18911F0200124D12368384A50
:10FEE0009B68934268D1636E4FF40472C3F8082391
:10FEF0002046F8F715FF0028FADC94F83C30002B78
:10FF0000F6D1002D47DB6B092E490122203305F085
:10FF10001F0502FA05F541F82350BFF34F8FBFF3D9
:10FF20006F8F002070BD002D0DDB6B099B0003F16E
:10FF3000604303F5614305F01F05012202FA05F550
:10FF4000C3F880511D6023681F4D5B68AB422BD105
:10FF5000E3895A0721D5636E04F144022021C3F8D6
:10FF60003425C3F838154FF4047200212164C3F816
:10FF7000042301221A602046F8F7D2FE002806DD8D
:10FF800023685B68AB4213D12046FFF7E3FEA16B09
:10FF90002046F8F7B7FE002070BD2046F8F7A8FC11
:10FFA000E3895B07E7D5D6E7002120469847E2E7DB
:10FFB000012120469847EAE72046984798E700BF86
:10FFC00001FC020000E100E0ADFD0200A0F108002C
:10FFD000FFF778BFF0B50C268DB01D461423CDE990
:10FFE0000036044616460F46F8F7EAFD4A4A2260F4
:10FFF00000233C3284F83C30A26063662364002D09
:020000023000CC
:100000007ED0284600F0CAFD0390606600287DD0AF
:100010004FF0EB73C0F824350023C0F86C35204650
:10002000F8F77EFE0028FADC94F83C3003F0FF0578
:10003000002BF4D1606E3A7D337DC0F80C25C0F8FA
:100040001435C0F80851D0F808310B930B9BC0F859
:100050001051D0F810310A930A9BC0F82051D0F803
:1000600020310993099BC0F82451D0F8243108931A
:10007000089BC0F84451D0F844310793079BC0F85F
:100080005851D0F858310693069BC0F84C51D0F81F
:100090004C310593059BD0F80032204D204943F0A8
:1000A0002003C0F800322246C0F8045300F01AFEC4
:1000B000606E00F0E3FD00281BDB430900F16042A5
:1000C00002F561429B0003F16043202182F8001396
:1000D00003F5614300F01F00012202FA00F0C3F8AB
:1000E00080011860636E08222046C3F800250DB019
:1000F000F0BD0C4B00F00F00034420221A76F1E70C
:10010000102000F069FD6066002881D15A20EFF7C9
:100110001DFC606E7CE700BF2CC4030014034A0082
:1001200071010300FCEC00E030B5436ED3F83C55A0
:10013000026CAA4283B0044606DA0022C3F8082102
:10014000D3F808310193019B236C9D420BDD236C96
:100150005A1C2344226493F844102046F8F742FBCB
:10016000236CAB42F3DB0023236403B030BD00BF3C
:1001700070B5456ED5F8083188B00446B3B1002695
:1001800010E0C5F80861D5F808310193019B236C94
:100190005A1C2344226493F84410F8F723FBD5F843
:1001A00008311BB1236C1F2B2046EADDD5F8103136
:1001B000002B3AD1D5F84C3173B10023C5F84C313E
:1001C000D5F84C31626E0393202104F14403039867
:1001D000C2F83435C2F83815D5F8243153B10023AC
:1001E000C5F82431D5F824310493049BD5F8803424
:1001F000C5F88034D5F8443133B10023C5F8443113
:10020000D5F844310593059BD5F82031C3B9D5F80D
:10021000583143B10023C5F85831D5F85821079219
:10022000079A84F83C3008B070BD0023C5F810313F
:10023000D5F8103102932046029BFFF775FFB9E70E
:100240000023C5F82031D5F820210692069A84F8BB
:100250003C302046F8F764FD002802DC0123EB6007
:10026000D5E72046F8F716FBD1E700BF10B5034BE2
:1002700003600446FBF760F9204610BD8CC4030000
:1002800010B5054B03600446FBF756F920460AF00B
:10029000D2F9204610BD00BF8CC4030010B504463F
:1002A000D4E90E2352694FF47A50002BD2F844154A
:1002B000C2F844051BDA1D490020C1F81005616B26
:1002C000013393FBF1F001FB1033002B4FF00101E0
:1002D000E363D1600ADB0233144A54F82330DB694C
:1002E0001B7D1B0243F00113C2F8103510BD023311
:1002F00054F82300FAF7D8FFD4E90E230B495269CA
:100300000020C1F81005002BD9D1616B012908D05C
:10031000012090FBF1F301FB03F3C31AE363D06008
:10032000D9E74FF0FF33E363D16010BD00600040B8
:1003300082B08DE80C00436B13B102B0FFF7AEBF83
:1003400002B0704770B5104C236886B073B102AD2F
:100350002846FCF7FDFB24680C4B2268566A9E4237
:1003600006D1636B13B12046FFF798FF06B070BD4E
:1003700006AB13E903008DE80300204695E80C0066
:10038000B04706B070BD00BF8444002031030300B5
:1003900070B50D4611460446FBF724F91C4A2B683C
:1003A0001C499B6B14600026C4E90E562160284648
:1003B00031469847A06B184D03684FF47A51DB6CB7
:1003C0009847A06B03684FF47A52DB6B314698472D
:1003D000A06B124B42690168C3F820554432C3F840
:1003E00024250422C3F80425CB690D4A934209D180
:1003F0000C4BC3604B6A9847A06B03689B6A984795
:10040000204670BD07499847A06B0168F2E700BF1E
:10041000844400208CC403000061004000F00140CF
:10042000C1FB01004503030038B50D460446FAF749
:10043000EDFF00212846FAF717FF636B012B03D16C
:10044000A06B03685B6B9847002038BD38B50D463C
:100450000446FAF791FF00212846FAF705FF636B7F
:1004600013B9024AC2F81035002038BD00600040C0
:10047000007A704790F91030002B11DB5A0910B444
:1004800060320A4C03F01F03012101FA03F344F820
:10049000223043695DF8044B012200201A60704746
:1004A000436901221A600020704700BF00E100E0AC
:1004B00090F91030002B08DB5809054903F01F03A1
:1004C000012202FA03F341F820300020704700BFF8
:1004D00000E100E090F91030002B0DDB5A090748CD
:1004E0000121203203F01F0301FA03F340F8223008
:1004F000BFF34F8FBFF36F8F0020704700E100E024
:10050000012904D0022902D009B1002070474369B3
:100510000020C3F804157047437A013B99420FDC71
:1005200010B44FF48033446901F5A87003FA01F167
:1005300044F820200020C4F804135DF8044B7047F1
:100540006FF47A70704700BF437A013B994212DC26
:1005500010B4446904EB8100D0F840351A444FF4DC
:10056000803303FA01F1C0F840250020C4F80413D9
:100570005DF8044B70476FF47A707047437A013B23
:10058000994208DC42694FF4803303FA01F1C2F862
:100590000813002070476FF47A707047032907D85A
:1005A000DFE801F01710090243690322C3F80825A8
:1005B00001720020704743690222C3F808250172C6
:1005C0000020704743690022C3F80825017200200B
:1005D000704743690122C3F8082501720020704763
:1005E00010B5044A026000230446C380F6F7E6F91A
:1005F000204610BD78BA030010B5064A02600023F9
:100600000446C380F6F7DAF920460AF014F82046CB
:1006100010BD00BF78BA030090F91030002B09DB41
:1006200003F1604303F561434901C9B283F8001344
:1006300000207047044A03F00F031A444901C9B26D
:1006400011760020704700BFFCEC00E0B1F57A5F46
:1006500013D800234FF47A5C2CFA03F2914204D3AE
:1006600042690020C2F8103570470133092BF3D1DD
:1006700042690020C2F8103570476FF47A707047F5
:100680000368104A1B6B934210B5044617D190F9CA
:100690001030002B0DDB5A090B480121203203F0EA
:1006A0001F0301FA03F340F82230BFF34F8FBFF36B
:1006B0006F8F636901225A6000201A6110BD98474C
:1006C000F7E700BFD504030000E100E090F9102037
:1006D000002A70B5044636DB53099B0003F16043E2
:1006E00001682148096B03F5614302F01F021D6890
:1006F000814225FA02F505F0010521D1012101FA17
:1007000002F2C3F88020BFF34F8FBFF36F8F63698E
:100710000122DA64D3F84C657DB1236813499B6AE2
:100720008B421CD194F91030002B06DB590903F0E1
:100730001F039A400E4B43F82120304670BD002520
:1007400020468847E3E70268074B116B9942F6D1D0
:1007500043690122DA64D3F84C65304670BD204607
:100760009847304670BD00BFD5040300B1040300B4
:1007700000E100E090F91020002A38B5044635DB8E
:1007800053099B0003F1604301681F48096B03F59F
:10079000614302F01F021D68814225FA02F505F04F
:1007A00001052AD1012101FA02F2C3F88020BFF32A
:1007B0004F8FBFF36F8F62690123D360D368002B23
:1007C000FCD18DB12368114A9B6A934218D194F9E8
:1007D0001030002B08DB58090D4903F01F030122DC
:1007E00002FA03F341F82030002038BD0268064BBE
:1007F000116B99424FF00005DDD020468847DAE7BB
:1008000020469847002038BDD5040300B1040300FA
:1008100000E100E010B5034629B390F9101000295B
:100820001FDB4A09920002F1604202F5614201F0C9
:100830001F01146824FA01FC1CF0010F11D0C488B8
:10084000036844F001041B6BC480164CA34226D1FC
:10085000012303FA01F1C2F88010BFF34F8FBFF3F9
:100860006F8F002010BDC288D107FAD519680E4CD1
:10087000896A22F00102A142DA800ED193F9103088
:10088000002BEEDB58090949012203F01F0302FA8D
:1008900003F341F82030002010BD8847E1E7984776
:1008A000DFE700BFD5040300B104030000E100E06E
:1008B0000F4B70B553F82050CDB100236C6918462A
:1008C0004FF0010E1E4604EB83020EFA03FCD2F831
:1008D0004011013321B14CEA0000C2F84061C0B2BE
:1008E000042BF0D1EB6813B1BDE87040184770BD20
:1008F000884400200020FFF7DBBF00BF0120FFF786
:10090000D7BF00BF0220FFF7D3BF00BF0320FFF710
:10091000CFBF00BF0420FFF7CBBF00BFF8B5344BFB
:1009200003600027476004460E461546F5F7D8FFDA
:10093000304A3149E7600323964263726661257449
:10094000216049D002F58052964235D002F58032BE
:10095000964243D1294A002D42F8234032DB6809F0
:10096000274B0121203005F01F0501FA05F543F85A
:100970002050BFF34F8FBFF36F8F94F9105066690B
:10098000002D7160316120DB2B44402283F800236D
:1009900001234FF47A52092B22FA03F103F10100EB
:1009A00002D0B1F57A7F20D80322C6F81035204650
:1009B000C6F808252272F8BD104A0223002D42F81D
:1009C0002340CCDA0123736033610E4B05F00F0531
:1009D0002B4440221A76DBE70123BBE70A4B9E42F9
:1009E00018BF3B46B6D10423B4E70346D3E700BFA4
:1009F00078BA030000900040BCC403008844002083
:100A000000E100E0FCEC00E000B00140014B93F994
:100A1000000070478F4B0020054A1378013B5BB202
:100A2000002B01DD137070470023137062B670470E
:100A30008F4B002072B6024A13780133137070474F
:100A40008F4B002020BF70474FF08053596E186EB7
:100A5000704700BFBFF34F8F0549064BCA6802F4C9
:100A6000E0621343CB60BFF34F8F00BFFDE700BFD1
:100A700000ED00E00400FA05704700BF08B50B4B1D
:100A80000122C3F8402502210022930003F1A04374
:100A90000132202AC3F80017C3F8001AF5D1FFF776
:100AA000EBFFBDE80840ECF7A7BC00BF00E0014049
:100AB00000487047000002204020F6F7ABBE00BFA0
:100AC0008163704741637047C1637047C06B704773
:100AD000EFF30880704700BF406B7047C0E9001219
:100AE0008360704710B5054B054C4FF48072A168C8
:100AF000184609F0DAFDA06010BD00BF00280020F4
:100B000000ED00E02DE9F047DFF88C90D9F8008087
:100B100082B007460C461546B8F1000F0DD01B4EAB
:100B2000394640460022FEF78BF930682A462146B6
:100B300002B0BDE8F04700F07FBA302009F07DFD3B
:100B4000124E824600F060FA3820C6F800A009F084
:100B500074FD1323824632680D4900930D4BFDF757
:100B6000DBFE424650460121C9F800A0FEF72CF8F2
:100B70004146D9F80000FEF721F80649D9F80000EF
:100B8000FDF7A6FFD9F80080CAE700BFA044002007
:100B90000020024000504349A444002030B50C4DD1
:100BA0000C4A2C68864605234FF0010C0CFA03F121
:100BB000214203F1FF3302D1D06B704505D0591C9F
:100BC000A2F10C02F2D1002030BD2143296030BDDA
:100BD000A844002014C50300F0B40F4D0F4E2C683C
:100BE000324605234FF0010C0CFA03F1214202D1E9
:100BF000576C384207D1013B591CA2F10C02F3D1CA
:100C00000020F0BC704703EB4303214356F8230058
:100C10002960F0BC704700BFA844002014C5030041
:100C2000144B984215D003F5E04398421AD0A3F52F
:100C30003433984218D003F50433984216D0B0F1FB
:100C4000402F15D0A3F50033984208BF002001D0F3
:100C500070470520084901220B68824023EA0203FD
:100C60000B6070470420F5E70320F3E70220F1E76B
:100C70000120EFE700800240A844002008B5174B90
:100C8000984218D0B0F1402F1ED003F5003398429F
:100C90001CD0A3F5043398421AD003F5343398429C
:100CA00018D0A3F5E043984216D05A20EEF74EFE36
:100CB0004FF0FF3008BD0023094A03EB430302EB6A
:100CC000830393F9040008BD0123F5E70223F3E74A
:100CD0000323F1E70423EFE70523EDE700300040AD
:100CE00014C5030038B5184B98420D46144620D061
:100CF000B0F1402F1FD003F5003398421DD0A3F56B
:100D0000043398421BD003F53433984219D0A3F52D
:100D1000E043984208BF052304D05A20EEF716FEA0
:100D20004FF0FF3309490A4A41F8235042F8234063
:100D300038BD0023F6E70123F4E70223F2E703239B
:100D4000F0E70423EEE700BF00300040AC44002091
:100D5000C4440020024A034B10681B68184700BFB8
:100D6000C4440020AC440020024A034B50685B6836
:100D7000184700BFC4440020AC440020024A034B83
:100D800090689B68184700BFC4440020AC44002012
:100D9000024A034BD068DB68184700BFC4440020F8
:100DA000AC440020024A034B10691B69184700BF7E
:100DB000C4440020AC440020024A034B50695B69E4
:100DC000184700BFC4440020AC440020002815D0C0
:100DD000006041608260C360046145618661C761F3
:100DE000444604624C464462544684625C46C46293
:100DF000644604636E46466374468463002906D0E5
:100E0000C46B043C043925680D60B442F9D1946B7D
:100E1000A646566BB546002B06D0D46B043C043B6B
:100E20001D682560B442F9D1146BA446D46AA34668
:100E3000946AA246546AA146146AA046D769966984
:100E400055691469D36851681068926870470060EA
:100E500041608260C360046145618661C761444648
:100E600004624C464462544684625C46C4626446F2
:100E700004636E46466374468463C46B043C043961
:100E800025680D60B442F9D1C7698669456904696E
:100E90007047006041608260C360046145618661A3
:100EA000C761444604624C464462544684625C46D0
:100EB000C462644604636C46446374468463046994
:100EC0007047846BA646446BA546046BA446C46A6F
:100ED000A346846AA246446AA146046AA046C7693A
:100EE000866945690469C36882680068416870471B
:100EF0000649074A074B9B1A03DD043BC858D050EC
:100F0000FBDC00F0E1F8FFF7B9FD000014CC0300B2
:100F10000024002000280020FEE7FEE7FEE7FEE7B1
:100F2000FEE7FEE7FEE7FEE7FEE7FEE781617047CA
:100F3000012070472DE9F84F0C4689682369074660
:100F400003F1640B8B454FF00102B8BF8B46FCF7F1
:100F50002FF93E68B6F802E00EF1040E321DB644D9
:100F600096454FD9D4F814804FF40040434648F2D8
:100F70000C0A48F205091AE021693231A3F1320561
:100F8000C3F1310C99424FEAE5050CF0070C10DB78
:100F9000E168495D41FA0CFC1CF0010F14BF514699
:100FA00049461180023201339645636107D9312BDE
:100FB000E2DC10800232013396456361F7D8AEEB74
:100FC0000603053B5B08053608F10108764588BF36
:100FD000002343449B4504DC237F63B93846BDE8C6
:100FE000F88FA06903681B68984763695B45F3DA6B
:100FF0003846BDE8F88F04F12000F6F73FFB38468D
:10100000BDE8F88F6369E5E738B50546094B45F853
:10101000203B0446012100222846F6F7ABFA0022C5
:101020004FF480732846A261A360F6F7ADFA20461C
:1010300038BD00BF64C5030038B50446806968B197
:10104000002A0BDD0368D2001B680025C4E90312E7
:101050000122656122779847237F03B938BD04F1E7
:101060002000BDE83840F6F78FBA00BFBFF34F8FBE
:101070000549064BCA6802F4E0621343CB60BFF334
:101080004F8F00BFFDE700BF00ED00E00400FA0550
:101090004FF08052D2F83031591C05D00D2BD2F8C8
:1010A00034010BD0002070474FF07043D3F8E80FA5
:1010B00093F8E03F0D2BC0F30310F3D101288CBF50
:1010C00000200120704700BF08B5FFF7E1FF40B1E5
:1010D0004FF080430022C3F80C21C3F81021C3F85D
:1010E0003825FFF7D5FF002846D04FF08052594BE6
:1010F000D2F80414C3F82015D2F80814C3F8241544
:10110000D2F80C14C3F82815D2F81014C3F82C1513
:10111000D2F81414C3F83015D2F81814C3F83415E3
:10112000D2F81C14C3F84015D2F82014C3F84415A3
:10113000D2F82414C3F84815D2F82814C3F84C1573
:10114000D2F82C14C3F85015D2F83014C3F8541543
:10115000D2F83414C3F86015D2F83814C3F8641503
:10116000D2F83C14C3F86815D2F84014C3F86C15D3
:10117000D2F84424C3F87025FFF78AFF48B14FF036
:101180008043D3F80024D10744BF6FF00102C3F8B5
:101190000024314AD2F8883043F47003C2F8883012
:1011A000BFF34F8FBFF36F8F4FF01023D3F80C2294
:1011B000D20731D4D3F80022002A07DBD3F8043257
:1011C000002B03DB254B264A1A6008BD254A012364
:1011D000C2F80435D2F80034002BFBD04FF01023B6
:1011E0001221204AC3F80012D2F80034002BFBD0A1
:1011F0004FF0102312211B4AC3F80412D2F8003416
:10120000002BFBD000231749C2F80435D1F8003475
:10121000002BFBD0FFF72AFF124A0123C2F8043546
:10122000D2F80034002BFBD04FF010210D4AD1F83A
:101230000C3223F00103C1F80C32D2F80034002B39
:10124000FBD000230749C2F80435D1F80034002B45
:10125000FBD0DFE700C0004000ED00E0C02500202B
:101260000090D00300E0014030B484688D68C3680A
:10127000CA68A54272EB03032CBF0120002030BCDA
:10128000704700BF38B5224B1B782BB1044618B10C
:10129000037F03F0FF0513B90025284638BD1D481C
:1012A00000F01AFB1C4B1A685B6880181B4AD2E9D5
:1012B000001243F10003884273EB020203D210F1E3
:1012C000807043F10003D4E902128842934119D39C
:1012D000236903B92377D4E9053098472369002BA4
:1012E000DAD0227F02F0FF05002AD5D0D4E902210E
:1012F000D31841F10001C4E902310948214600F048
:1013000075FCCAE70648214600F070FCC5E700BF3F
:10131000904B0020C4250020483D0020503D002077
:101320008CC503002DE9F04F83B0814600F0AAFA86
:1013300040B1734AD2E9003113F1807341F10001E9
:10134000C2E900310021484600F0B6FA6D4D002890
:1013500040F0CC800121484600F0AEFA002840F071
:10136000AE80694801A900F077FB002834D0674CB3
:10137000674F654E09E02BB301A9304600F09EFB94
:1013800001A9304600F068FB30B30378012B11D07F
:10139000022BF0D120464FF0000800F03BFC30B1AA
:1013A00080F81C80204600F035FC0028F8D101238D
:1013B0003B70E1E72B684168994275D0204600F008
:1013C00033FCD9E741680B7F002BD5D101230B7784
:1013D000204600F00BFCCFE74C4E4E4FDFF820814B
:1013E00031E0304600F016FC04463846D4E902AB42
:1013F00000F072FA484BD8F80420D3E900E1D8F89D
:101400000030C31842F10002734572EB010103D2B0
:1014100013F1807342F10002BAEB03036BEB02029B
:10142000012B72F100022DDBB3F5350F32D2A26829
:101430004FF496030021384600F09EF9E0B10D28E4
:1014400024D000232B60304600F0EAFB2B6870B3F9
:10145000002BC6D02B6884689968C268DB688C4210
:1014600072EB03030BD22B681B7F002BB9D02968CA
:10147000304600F0BBFBB4E72B688BB12C6003B0A7
:10148000BDE8F08F0021384600F00CFA2046FFF747
:10149000F9FED6E7384600F01FFA204A0244C7E7B3
:1014A000484600F03BF9E9E700232B6064E7002B96
:1014B000E5D1484603B0BDE8F04F00F033B9154818
:1014C00000F00AFA0E4B1A685B688018124AD2E9DB
:1014D000004143F10003A04273EB010103D210F17C
:1014E000807043F10003C2E900033AE72B68002B48
:1014F0003FF430AF2868FFF7C5FE00232B6029E7D3
:10150000483D002048450020384500208CC5030098
:10151000904B0020C4250020503D0020FFFFB40068
:1015200010B5134B13491C68134882B00823582286
:10153000019400F015FA044610B1204602B010BD27
:101540000E4A0F4801A900F0A3F804460028F4D180
:101550000B48012100F08EF901231946094A084879
:1015600000F0E4F8084B012220461A7002B010BDCA
:1015700088C50300E04400203845002025130300FF
:10158000C4250020FFFF7F00904B00204AB1A1F14D
:1015900001010368B1FA81F14909C3E9041200208D
:1015A00070470720704700BF037F0BB100207047D2
:1015B00030B5044683B0A2611A480D4600F08CF99C
:1015C000194B1A685B688018184AD2E9001243F177
:1015D0000003884273EB020203D210F1807043F1E2
:1015E00000032818226943F10003C4E9020302B191
:1015F00025610F4801A900F0EDF9034648B1002527
:101600000B481D705C6001A900F016FA20B903B008
:1016100030BD042003B030BD024800F061F9284617
:1016200003B030BDC4250020483D0020503D0020BF
:101630003845002030B5044683B000250C48257796
:1016400001A900F0C7F980B103460122027001A987
:1016500007485C6000F0F0F908B903B030BD0548F8
:1016600000F03EF9284603B030BD042003B030BD81
:1016700038450020C4250020014800F053B800BFC1
:10168000C4250020014800F049B800BFC42500204F
:1016900030B51F4C437944F823201E4C04EBC302A1
:1016A000127992BB02680D88C2F8085590F904209F
:1016B0008978002A4FEAC30E20DB4FEA521C02F160
:1016C000604549014FEA8C0C05F56145C9B20CF142
:1016D000604C85F800130CF5614C02F01F020121EB
:1016E00001FA02F2CCF88021CCF80020A6440122B5
:1016F0008EF8042044F83300002030BD064D02F07F
:101700000F024901C9B2A954F0E7082030BD00BF5B
:10171000544500204C45002014ED00E003680122F0
:101720001A607047036801225A60704730B401F1B3
:10173000500C4FEA8C0C00681FFA8CFC4FF480347C
:101740008C400025C0F80843C0F8484340F80C50CE
:1017500082B050F80C50019501F5A87122F07F423B
:10176000019D40F82120C0F844430BB1C0F8044368
:1017700002B030BC704700BF2DE9F04F04684FF451
:10178000803801F1500508FA01F80746AD0004EB76
:101790008100C4F84883ADB2C4F8088322F07F49C1
:1017A0004FF0000AD4F80425D0F84065C0F8402571
:1017B00044F805A0A6EB020C85B0625902922CF009
:1017C0007F4CBCF1010F029A9B464FEA810640D044
:1017D000D4F80455C4F84483A9EB050222F07F42F3
:1017E000012A24D0264409F1FF33C6F84095D4F8E5
:1017F0000415CBF1FF125B1A02F57F4223F07F4301
:101800009A4210D33BB10020C4F84483C4F8048347
:1018100005B0BDE8F08F09F10102C6F84025D4F803
:1018200004359942EFD00D2005B0BDE8F08F01F5E9
:10183000A8710F4B09F1010244F8212043F0010384
:101840004FF4806098473C68D4F804359D42DAD064
:10185000E9E7074A019142F001024FF480609047A6
:101860003C68019944F805A062590392039AAFE7D6
:10187000D0A7030003680222C3F8442309B1C3F8C8
:10188000042370470368D3F8040100B970470022AD
:1018900082B0C3F80421D3F804310193019B0120E5
:1018A00002B0704702684FF4803303FA01F1C2F8C6
:1018B0004813C2F80813704750318900036889B291
:1018C000585800B9704700225A5082B05B580193B3
:1018D000019B012002B070470368D3F804057047EC
:1018E00090F90430002B09DB5A09054803F01F0367
:1018F0000121403201FA03F340F82230704700BF63
:1019000000E100E0024A034B10681B68184700BF63
:101910004C45002054450020D2B11368DB43D9B1B7
:10192000014410B40D4C013801F1FF3C10F8011FC7
:1019300008224B405908DB074CBF81EA04030B46E1
:10194000013AF7D16045F1D1D8435DF8044B7047B7
:101950004FF0FF330029E3D1D84370472083B8ED1F
:1019600099B110B4B2FBF3F403FB1424A4B244B94C
:10197000C0E9001484608281C38120465DF8044B75
:10198000704709205DF8044B70470E20704700BF78
:1019900082B050E8022FC188B2EB324F4FF0000303
:1019A00017BF92B241EA014142EA014104E04268B4
:1019B000B2EB324F08BF012340E80212002AE8D1FF
:1019C0008DF807309DF80730002B0CBF1120002048
:1019D00002B0704710B483B050E8013F1FFA83FC97
:1019E000C489A4448489A44528BFACEB040C0489B1
:1019F000A44502BFBFF32F8F002207E0CCEA030CFF
:101A000040E801C4002CE7D14FF001028DF803201B
:101A10000193019C9DF803200C6032B1006810FA1C
:101A200084F003B05DF8044B704702F0FF031846E2
:101A300003B05DF8044B70470A884B889A4201D086
:101A40000020704750E8012FC2EA024240E801231B
:101A5000002BF7D10120704710B483B050E8023F4B
:101A60001FFAA3FCC488A44502BFBFF32F8F002236
:101A70000EE0C489A4448489A44528BFACEB040CBF
:101A8000C3EA0C4C40E802C4002CE7D14FF001023D
:101A90008DF803200193019C9DF803200C6032B166
:101AA000006800EB144003B05DF8044B704702F08F
:101AB000FF03184603B05DF8044B70470A884B8853
:101AC0009A4201D00020704750E8022FC2EA224219
:101AD00040E80223002BF7D10120704733DF704725
:101AE000064A074B10B5002414701C60BFF35F8FCB
:101AF0000449054800F064F8204610BD924B0020D0
:101B00006045002098C5030058450020F8B5264ED2
:101B100004460121304604F0F9FFBFF35F8FD8B9C6
:101B2000042C3AD0214B1A7832BB214F01223C7051
:101B30001A70204D6B682BB90FE000F04BF86B6802
:101B40003C7853B11B682046984703462846002B33
:101B5000F3D1BFF35F8F3360F8BD023C012C0FD986
:101B600003F024FAE0B94FF080430122C3F80025C6
:101B7000BFF34F8F20BFFDE7BFF35F8F3060F8BD2D
:101B8000BFF34F8F0C490D4BCA6802F4E062134358
:101B9000CB60BFF34F8F00BFFDE7054F3C78C8E730
:101BA000FFF79CFFDFE700BF60450020924B00205D
:101BB000914B00205845002000ED00E00400FA059C
:101BC000D1E900329342C0E9001304BF002343600F
:101BD000704700BF436843B10268D2E901210B445A
:101BE0009342436004BF00234360704770B544686C
:101BF000064620680D4618B908E02468206828B118
:101C0000B368294698470028F7D1206828602560E6
:101C100070BD00BF4368186808B102681A60704759
:101C200043681868704700BF4368186818B908E02F
:101C30000346006828B18142FAD10A681A6001207F
:101C4000704770476DDF704779DF70477DDF704701
:101C500064DF70472DE9F04F85B099460E9E0388EA
:101C6000BDF83CA00091174632880192002B53D05A
:101C70004FF00008C3464546804605E0B8F800200E
:101C80000BF1010B5A4529DDD8F8041051F82B004F
:101C9000039000220DF10B0103A8FFF7D9FF0446C2
:101CA00030BB9DF80B20BA42E8D12DB33288D11950
:101CB000514536DC4A440DF10B0103A80125FFF71D
:101CC000C7FF002832D131889DF80B200A443280AA
:101CD000B8F800200BF1010B5A45D5DCE5B133888B
:101CE000019A013B9B1A9BB2FF2B1AD809F80230CC
:101CF000204605B0BDE8F08F3288511C3A440232CC
:101D0000524589B20DDC009B318009F801303288E0
:101D1000013292B23280CDE70024204605B0BDE802
:101D2000F08F0C24204605B0BDE8F08F0446204615
:101D300005B0BDE8F08F00BF2DE9F04790F82D30D9
:101D4000144600222788228086B006460D46002BC6
:101D500040F0F080B378002B40F0E480F178002967
:101D600040F012817368B3B12288D11CB94200F2ED
:101D7000DD8093F900100223AB54238801339BB21A
:101D80000A222380EA54238801339BB22380E9543A
:101D90002388013323803389002B40F00A81338A62
:101DA000002B40F03D81338B002B40F05581336A8E
:101DB000002B45D0B4F800E00EF10602BA4200F262
:101DC000B5801A88052A40F2A2816FF4486802EBB8
:101DD000080189B24FF27D30814240F298815988E2
:101DE000052940F294816FF4486C8C441FFA8CFCF6
:101DF000844540F28C814FF6FF70824202D08A42C5
:101E000000F28581052205F80E202288013292B267
:101E100012212280A9542288013292B2228019888C
:101E2000A9542A44090A51702288023292B22280AF
:101E30005B88AB542A441B0A5370238802332380E7
:101E4000736A002B2FD09988B4F800C0881C0CF15D
:101E500002020244BA4269D8FE2867D8033105F865
:101E60000C102288013292B2FF212280A9542288CC
:101E7000013292B222801988A9542A44090A517069
:101E80002088023080B220809A8862B199680393DA
:101E9000002900F03C81284408F007FC039B9A8845
:101EA00023881344238096F82C30002B40F0ED80DB
:101EB000307800283BD03388012B00F0288123881C
:101EC0009A1CBA4232D8012804D1717802311944DF
:101ED0008F422BD3023FFF1ABFB2A81804A9ADF856
:101EE0001070FFF7B3FE10BB3378022B00F01781A0
:101EF0007178BDF810209142C0F00D819742C0F07A
:101F00000A8117460922FE2F10D82388791CE9542C
:101F1000238801339BB22380EA54238801331F4472
:101F2000278004E023880433BB425DD90C2006B02F
:101F3000BDE8F087082FF9D904A8FFF783FE002831
:101F4000F5D123880822EA54238801339BB21B224F
:101F50002380EA542388DDF8112001339BB22380CB
:101F6000EA502B44BDF815209A8023889DF8102054
:101F700006339BB212F0FE0218BF01222380EA54FE
:101F8000238801332380E5E62388DA1CBA42CDD8C2
:101F90000222EA542388012213449BB22380EA548C
:101FA000238813449BB22380E9542388134423805D
:101FB000D8E606F108080222CDE900472B46114673
:101FC0004046FFF747FE0028B1D1CDE90047404623
:101FD0002B4610220621FFF73DFE0028A7D1338AA9
:101FE000002B3FF4E0AE1BE004A8FFF72DFE002815
:101FF0009DD123880322EA54238801339BB21922FE
:102000002380EA542388BDF8102001339BB223803B
:10201000EA542B44120A5A702388023323809DE627
:1020200006F11008CDE900472B4602220321404665
:10203000FFF710FE00287FF47AAFCDE90047404655
:102040002B4610220721FFF705FE00287FF46FAF13
:10205000338B002B3FF4ABAE06F11808CDE90047F7
:102060002B46022214214046FFF7F4FD00287FF49E
:102070005EAFCDE9004740462B4610221521FFF701
:10208000E9FD00283FF493AE51E7B16A00293ED044
:102090004FF000094B464FF0160A2BE02388E85416
:1020A000238801339BB2238005F803A023880133E2
:1020B0009BB2238031F82220EA542B44120A5A7032
:1020C0002088023080B22080B8F8042028444AB129
:1020D000D8F80810D9B108F0E8FAB8F80420238835
:1020E0001344238096F82C205FFA89F39A427FF6F6
:1020F000DFAEB16A03EB430201EB820809F101098B
:10210000B8F80430D81C0233FE2BC7D90EE70720DD
:1021100006B0BDE8F087012B08D00822F3E6BDF831
:1021200010309F42F9D31F460922ECE68F42F4D3C8
:102130000F460822E7E600BF75DF704776DF70477D
:102140007ADF70477BDF704770B51D4D2B8884B2F6
:10215000A34282B011D11B4E297A327B91420ED319
:10216000337C00222A72F3B9736933B100228DF8EF
:102170000420ADF8064001A8984702B070BD05F1F3
:102180000A011846FFF7D8FF40B11128F5D0B3690E
:10219000002BF2D002B0BDE8704018472B7A013313
:1021A0002B7202B070BD3B212046FFF7C7FF30F015
:1021B0000803D9D0B369002BD6D09847D4E700BF25
:1021C000804500206445002010B4019C6388834250
:1021D00012D38B4210D840F2F3118A42A08894BFE8
:1021E000931A531A834207D80A44824234BF00200C
:1021F00001205DF8044B704700205DF8044B7047E8
:1022000010B50B46497A82B0024691B9104C93F84A
:1022100008C0D4E90110BCF1000F18BF014658688E
:10222000FFF7C2F988B1A3697BB102B0BDE81040E5
:102230001847074949690020187231B101238DF808
:102240000430ADF8062001A8884702B010BD00BFD9
:102250006445002070B50388122B82B050D015D889
:10226000102B2AD0112B0FD1394C828823889A4207
:102270000AD16068FFF7DEF918B1364B9B6903B1EC
:1022800098474FF6FF73238002B070BD502BFBD1EF
:10229000304CC288E3899A42F6D1038A022BF3D1EB
:1022A0002B4D83882E889E42EED1123000F098FA92
:1022B000002844D02946304633E0C37B012BE3D1CC
:1022C000234C22884FF6FF739A422FD18588224BE8
:1022D0001030009003CB0022C4F80E10C4F80A009E
:1022E000238A2272A189E28960892580FFF76CFF29
:1022F000184B6072DB89002BC6D12146284610E0BE
:10230000134C838825889D42BED10830A189238A39
:102310000090E2896089FFF757FF0346214628466F
:10232000637202B0BDE87040FFF76ABF094B9B695A
:10233000002BA9D0042002B0BDE87040184768689F
:10234000FFF778F900289FD0A369002BF3D19BE712
:1023500080450020644500209445002070B3F8B506
:1023600086460768164E174D0446BEE80F00B44671
:10237000ACE80F009EE8070035608CE80700BFB1AD
:102380003846FFF7DDFE90B923681868596803C521
:102390000D4B0E490E4A18464FF6FF7440F8041FC5
:1023A0001C800021FFF7F2F8002818BF0320F8BDB9
:1023B0002846FFF7C7FE0028EAD0F8BD0E20704778
:1023C000644500209445002080450020583D0020B1
:1023D0004921030070B582B006460191019D6DB19F
:1023E00000242546214601A804F03CFB18B106EB69
:1023F000450301359C800134142CF3D130463560FF
:1024000002B070BD2DE9F04F0388B0F80480103B96
:102410008DB007460A2B31D8DFE803F0064730308D
:1024200030303030304E3300364EB368DB430093EB
:102430007168684604F08CFB009901A8FFF7CAFF99
:10244000DDF804A0BAF1000F12D00DF106097C36B8
:102450004FF0000B39F8025F2B4C2046294604341C
:1024600004F0F4FAA642F8D10BF1010BD345F1D1F7
:10247000B8F1130F29D9042003F0DEF90DB0BDE83F
:10248000F08F037A21483F2B4FEA131441462CD991
:1024900004F0C2FA1E48414604F0BEFA1D48414607
:1024A0000DB0BDE8F04F04F0B7BA1B4841460DB07F
:1024B000BDE8F04F04F0CABA037A002BDED1437AAC
:1024C00012481B074146F2D5EAE71348414604F09B
:1024D000A3FA0D48414604F09FFAFB7B012BCDD0B7
:1024E0000E48414604F098FAC8E704F0AFFA032C0E
:1024F000D0D00748414604F0A9FA022CCED00548B6
:102500004146D4E79C450020A0450020B44500206A
:10251000B0450020AC450020A4450020A84500207F
:102520001328014601D900207047014804F09ABAE7
:10253000A04500201328014601D90020704701481A
:1025400004F090BAA0450020132801D9002070475C
:1025500010B504462146074804F084FA08B9002063
:1025600010BD2146044804F07DFA002814BF022063
:10257000012010BDA0450020A4450020132801D94A
:102580000020704710B504462146064804F06AFA58
:1025900008B9002010BD21460348BDE8104004F0F2
:1025A00061BA00BFA0450020AC450020132801D926
:1025B0000020704710B504462146064804F052FA40
:1025C00008B9002010BD21460348BDE8104004F0C2
:1025D00049BA00BFA0450020B0450020132801D90A
:1025E0000020704710B504462146064804F03AFA28
:1025F00008B9002010BD21460348BDE8104004F092
:1026000031BA00BFA0450020B445002030B5094BC9
:1026100083B09B68019300252C46214601A8013414
:1026200004F020FA00B10135142CF6D1284603B08D
:1026300030BD00BF9C45002030B50C4AD36883B044
:10264000DB4300939168684604F082FA0025009B02
:1026500001932C46214601A8013404F003FA00B18D
:102660000135142CF6D1284603B030BD9C4500201E
:1026700010B5034B04465968FFF7ACFE204610BD69
:102680009C45002010B5084AD36882B0DB43019313
:102690009168044601A804F05BFA20460199FFF70F
:1026A00099FE204602B010BD9C45002008B51821B7
:1026B000024804F0E1F9C0B208BD00BF9C4500200B
:1026C00070B50C4E044630460D4604F0CBF908B107
:1026D000132C01D9002070BD2146301D04F0C2F931
:1026E0000028F7D0E81D214606EB8000BDE87040C9
:1026F00004F0B8B99C450020F8B50F4F04463846A1
:102700000D46164604F0AEF908B1132C00D9F8BDF9
:102710002146381D04F0A6F90028F8D0E91D07EB82
:10272000810021461EB1BDE8F84004F075B9BDE84E
:10273000F84004F08BB900BF9C450020F0B50F4B6A
:1027400083B09B6801930746A0B1019D7DB1002530
:102750000E462C46214601A804F084F90346314672
:10276000A0B201340BB1B8470135142CF2D1284680
:1027700003B0F0BD0546284603B0F0BD9C450020DF
:10278000F0B5154E83B004460F4601463046154657
:1027900004F068F918B90026304603B0F0BD0634DD
:1027A00006EB840463680193002FF4D0019B002B97
:1027B000F1D000263446214601A804F053F903461F
:1027C0002946A0B201340BB1B8470136142CF2D11E
:1027D000304603B0F0BD00BF9C450020AADF704723
:1027E000008800F0010070470088C0F34000704787
:1027F00030B591B013460A888C78ADF80C200022D1
:10280000ADF800208DF802204A7C012C38BF01244D
:10281000013A8DF80E40042A09D8DFE812F0C8000A
:10282000CC00D000D400050022228DF800208A7C44
:10283000013A042A09D8DFE812F0CA00CE00D2001B
:10284000D600050022228DF80120CA7B91F80CC029
:102850004CEAC20C0A7C4CEA021C9DF802200CF0E7
:10286000190C22F019024CEA020C0A7D002A14BF4E
:102870000222012262F3420C4A7B8DF802C000243E
:1028800012F0300FCDE90944CDE90B44CDE90D44F8
:102890000F946FD10022CDE9072206924A7B8DF872
:1028A00024208C688A7BB1F804C08DF8252003AA07
:1028B000CDF814D0ADF81CC004921CB1CA8808949D
:1028C000ADF818208C69002C36D04FF0000C8DF834
:1028D00006C0ADF804C0B4F800C06568ADF82CC0FF
:1028E00001AAB4F802C00D92227BADF82EC0013AC5
:1028F0000A95042A2CD8DFE802F08E9296822800EE
:1029000022228DF80520A27A94F808C04CEAC20C65
:10291000E27A4CEA021CA27B002A9DF806200CF009
:10292000190422F0190244EA020414BF022201220F
:1029300062F342048DF80640CA6902B10C9204AAFF
:1029400009A9FFF74BFF11B030BD22228DF80420FA
:10295000627B013A042AD6D801A555F822F000BFBF
:10296000072A03000F2A0300EF290300F7290300B9
:1029700001290300CA7CADF80840013A8DF80A40ED
:1029800002AC042A07D8DFE802F0525E5A56030070
:1029900022228DF809209DF80A200E94012464F368
:1029A00042028DF80A2011228DF8082072E71122C8
:1029B0008DF800203BE721228DF8002037E73122F7
:1029C0008DF8002033E712228DF800202FE7112226
:1029D0008DF8012039E721228DF8012035E73122D9
:1029E0008DF8012031E712228DF801202DE73122E8
:1029F0008DF8052087E712228DF8052083E7122243
:102A00008DF80420A4E711228DF805207BE7212210
:102A10008DF8052077E711228DF8042098E7212210
:102A20008DF8042094E731228DF8042090E71122DC
:102A30008DF80920AFE712228DF80920ABE731228B
:102A40008DF80920A7E721228DF80920A3E700BF10
:102A500090DF7047A5DF7047B5DF704708B90E20DB
:102A600070474FF01712172302604FF01B0C41F60E
:102A70001B32016180F804C0C38083608281002022
:102A8000704700BF8288002A3CD130B50388242BD0
:102A900085B00C4611D80F2B30D9103B142B2DD8F4
:102AA000DFE803F073942C2C2C2C2C2C2C2C2C2CAD
:102AB0002C2C2C2C2C2C2C9B5F003A2B36D0552BFD
:102AC0001CD1C388C988A272172B38BF17238B4229
:102AD00028BF0B4623811046FFF7BEFFE37A6BB990
:102AE00022695AB12189ADF80C1040F67720ADF873
:102AF0000800ADF80A3002A920469047A37A53B9DE
:102B000005B030BD70471128237B4AD1627B01217B
:102B10009A42A17248D3E1880020FFF79BFF00286A
:102B2000EED14FF48073638105B030BD4389C9880D
:102B300025698B4228BF0B46172B38BF17232381EB
:102B400065B1E17A51B140F67721ADF80810ADF8E2
:102B50000A20ADF80C3002A92046A8470023638163
:102B6000CEE70B69027A4A73002BC7D000214DF6DD
:102B70007A208DF80D10ADF80800ADF80A108DF828
:102B80000C2002A920469847B8E7C27B0B790B734B
:102B9000012A0CBF2188C988228908BFE1808A42A6
:102BA00032D3627B9A42A9D200209BB26A4602A924
:102BB000ADF80830ADF80A30ADF80C00ADF80E00F5
:102BC0000090ADF80400FFF743FF97E7172341F6A5
:102BD0001B32CB808B608A8192E7037A0A7B934217
:102BE0004FF0000028BF134602A96A46ADF808302E
:102BF000ADF80A30ADF80C00ADF80E000090ADF85D
:102C00000400FFF725FF79E70020FFF723FF0028E6
:102C10007FF479AF0122237BE272C2E72DE9F04114
:102C2000DFF89C8000238AB04FF6FF70CDE90033B7
:102C300088F8003000F01EFD4FF6FF76B04220D03D
:102C4000044648F2096707E000F0C0FC204600F0A7
:102C500011FDB042044614D0A4F58045ADB26A46D9
:102C600002A9284603F034FE0346BB422046EBD0BF
:102C7000284603F079FD48F207629042034618D0D7
:102C800013B90AB0BDE8F0810022CDE90522CDE9F3
:102C9000082207214FF6FF7205A88DF81410ADF831
:102CA00018400793ADF8162000F058FA0AB0BDE8B6
:102CB000F081012388F800300AB0BDE8F08100BF40
:102CC000934B002010B58389017886B003F58043CB
:102CD00000229BB20429CDE90122CDE9032205920D
:102CE000ADF8083043D02CD84A1E022A39D843F612
:102CF000FE729342C38957D8D0E90120A1F10301A4
:102D0000B1FA81F149098DF80C308DF80D1004905D
:102D1000002A4FD19DF81430082243F001038DF8AA
:102D200004208DF81430294C4FF6FF7301A8ADF83C
:102D3000063000F013FA2378BBB1FFF76FFF06B03F
:102D400010BD05290DD143684BBB13238DF804300A
:102D50004FF6FF7301A8ADF80830ADF8063000F06B
:102D6000FDF91A4C2378002BE7D106B010BD43F6CD
:102D7000FE729342F5D8C289002AF2D14268F2B1BC
:102D80000B238DF804300392104C01224FF6FF7391
:102D900001A82270ADF8063000F0E0F9E2E7142255
:102DA0008DF804200393D3E703F58044A4B2944242
:102DB000A2D9D6E709238DF804300592B3E70A2299
:102DC00018468DF8042000F001FCDDE7934B00204D
:102DD00030B5184889B003F003FB38BB03F018FB8B
:102DE0000546F8B900F0B6FBCDE903550CE003F059
:102DF00057FC019B9C8804F5804405A8A4B203F00D
:102E00007DFC204600F0AEFB05A903AA4CF20700AA
:102E100003F03EFD034601A905A8002BE7D0284694
:102E200009B030BD8625284609B030BD03252846A7
:102E300009B030BDC52C0300F0B5FF2887B007D816
:102E400001290C4617461E4606D00B1F052B03D939
:102E50000725284607B0F0BD0023A0F58040A4F563
:102E60008041CDE9013380B289B201AB03AA03F0FE
:102E7000F3FCF8B901A903A803F012FC0546C8B990
:102E8000019BBC705B883B808EB136687868029984
:102E90009C00A64228BF2646324607F006FCB442F4
:102EA0000CD803A803F02AFC284607B0F0BD029B0B
:102EB0007B60F6E70525284607B0F0BD0C25C8E77E
:102EC000024B0022C3E90022704700BF18460020D1
:102ED00070B5012886B004460E46154602D0031F81
:102EE000052B1CD8A4F580400E4A80B203A903F03C
:102EF000CFFC20B901A903A803F0D2FB10B1002038
:102F000006B070BD019AAC70938852882A8003F590
:102F10008043029A6A6003A8338003F0EFFB01202C
:102F200006B070BD1846002030B5FF2889B006D81D
:102F30008B78012B154606D01A1F052A03D90724C2
:102F4000204609B030BDA3F580430A884C689BB287
:102F5000A0F58040ADF80A3019460023CDE90342C0
:102F6000CDE9003380B26B4605AAADF8080003F046
:102F700073FCF0B902A905A803F0EEFB48F2066362
:102F800004469C421ED007D804BB002DD8D0294649
:102F900005A803F0BDFCD3E748F207639C4219D0B3
:102FA00048F20D639C4214BF03241124204609B04B
:102FB00030BD02A905A803F0CBFB48F20663044626
:102FC0009C42E0D18624204609B030BD032420462F
:102FD00009B030BD1124204609B030BD4FF6FF7056
:102FE00000F0C0BAFF2806D808B500F0DBFAFFF7FA
:102FF00015FE002008BD0720704700BF00F0FABA98
:1030000000F002BB00F036BB00F054BB10B41D4C06
:1030100000232246B2F800C0844502F10C0208D019
:103020000133042BF6D14FF0000C60465DF8044BE1
:10303000704703EB430C04EB8C0C9CF802208A4293
:1030400013D00133032B03D9EDE70133042BEAD06E
:1030500003EB43024FEA820C34F822208242F4D17F
:10306000A4449CF802208A42EBD19CF80A209207E3
:10307000E7D1DCF80420002AE3D160465DF8044B78
:10308000704700BF7047002010B582B08278417A47
:10309000044600232F48CDE900338DF8022000F0CC
:1030A000A9FF88B3237AA2788DF8022003EB83036B
:1030B0009B00013A0190ADF80030072A08D8DFE8FC
:1030C00002F00407070707042C430123ADF8003082
:1030D0002246694632F8040BFFF726FF112827D055
:1030E00005D8A0B1072818BF032002B010BD86285C
:1030F0000AD1A37A184A23F0030343F00103012104
:10310000A372117002B010BD032002B010BDA37AEB
:1031100023F00303A37202B010BD2246142332F839
:10312000040BADF800306946FFF7FEFE1128D7D139
:10313000A37A094A23F0030343F00203012100208C
:10314000A372117002B010BD838809339B08ADF8DB
:103150000030BDE760470020944B00202DE9F04788
:10316000564F0646C06886B03D463A460023516831
:10317000884202F10C0200F096800133042BF6D154
:1031800000243378092B00F08180132B57D0082BB3
:1031900058D04FF00008304600F038FB304601F0C0
:1031A0005BFD304604F05EFB3046454E04F00EF900
:1031B0003378BBB1002434704FF0010904EB4403B1
:1031C00005EB83034FEA440A9B7A9A070DD53846EC
:1031D00086F80090FFF758FF98B90134042C07F1E6
:1031E0000C07EBD106B0BDE8F087DB07F5D586F814
:1031F0000090B8F1000FF0D03846FFF745FF0028E7
:10320000EBD054444FF6FF7235F82430ADF8062069
:103210008628ADF808304BD007238DF80430039092
:1032200001A800F0F3FA01A801F016FD01A804F0CE
:1032300019FB01A804F0CAF806B0BDE8F0874FF00A
:103240000108A8E7737A002BA3D1002C34D0227A8E
:103250006AB1DFF870909846617A4144C9B2484635
:1032600000F0E0FE237A08F101089845F4D34FF608
:10327000FF732380A370002363609846A37A23F032
:103280000303A3724FF47F43238184E7737A002BF7
:103290007FF47FAF84B1A27A094E636042F00202EC
:1032A000A272984686E703EB430305EB830468E7C5
:1032B00006238DF80430B3E7A0466CE77047002082
:1032C000944B00206047002030B5174D002283B09A
:1032D0002B464FF6FF7C4FF0FF0E144602EB4201E7
:1032E00005EB8101A3F800C083F802C083F809E070
:1032F000887A0C33013220F00300042A887203F824
:10330000044C43F8084CE9D15024CDE90024074B84
:10331000074908484FF4A07200F002FE002818BFC9
:10332000032003B030BD00BF70470020A04700203D
:1033300020460020604700202DE9F84FDFF8B880D4
:103340000546434600241A88AA4203F10C030BD019
:103350000134042CF7D12846FFF744FE10B10728AA
:1033600018BF0320BDE8F88F04EB4403214E08EB9F
:1033700083034FF6FF774FF0000999782846FFF74F
:1033800045FE834600B3037A73B14FF0000A9BF801
:10339000091051443046C9B200F044FE9BF8083091
:1033A0000AF1010A9A45F2D39BF80A30ABF8007093
:1033B0004FF47F4223F003038BF80270CBF80490A4
:1033C000ABF808208BF80A30621C032AC3D804EB40
:1033D000440408EB840302E00132042ABBD099893B
:1033E000A94203F10C03F7D102EB420308EB83037C
:1033F0001446C2E760470020704700200023FFF713
:103400001BBD00BF002B41D02DE9F0411E46CB1F54
:10341000012B0F4629D8531E032B144625D880466E
:10342000FFF7F4FD054698B3037AA3422BD1697ADE
:10343000FF291DD04FF0000824482C7200F0DAFD5F
:1034400088B304EB840212010332C2F38D02B77019
:1034500070603280B8F1000F04D0082F02D19200C2
:10346000063A82800020BDE8F0810720BDE8F081A7
:103470002146164800F06AFDFF280146687216D002
:103480004FF00108D8E70F20BDE8F0810E2070470B
:10349000FF214FF6FF70FFF7B9FD054628B1A0F8F0
:1034A00000808770C3E70320E0E71120DEE7AB7AF6
:1034B000A9704FF6FF72002023F003032A804FF417
:1034C0007F4268602A81AB721120CFE760470020FD
:1034D00070B5FFF79BFDE0B1037A05465BB10E4E78
:1034E0000024697A21443046C9B200F09BFD2B7A52
:1034F00001349C42F5D3AB7A4FF6FF724FF47F4113
:10350000002023F00303AA7029812A806860AB722F
:1035100070BD052070BD00BF60470020CB1F012B90
:1035200014D870B5064610460C461546FFF766FDE2
:1035300050B121463046FFF769FD48B184700580DF
:10354000BDE87040FFF7A0BD072070BD07207047A1
:10355000052070BD02484022002107F0CEB800BF10
:10356000A44700204FF6FF73984210B50DD0FF28F6
:10357000044602D94FF6FF7010BD0948214603F0FA
:1035800057FA0028F6D1204610BD05484FF4807147
:1035900003F072FA80B2B0F5807FEBD010BD00BFAF
:1035A000A447002008B54FF6FF73984202D0FF28C9
:1035B000014601D9002008BD034803F039FA00286C
:1035C000F8D1012008BD00BFC4470020FF2800D962
:1035D000704710B504462146044803F037FA2146E7
:1035E0000348BDE8104003F031BA00BFA4470020F3
:1035F000C4470020FF28014601D900207047014838
:1036000003F030BAA4470020F8B54FF6FF73984294
:103610002AD0013084B2FF2C22D8144D03E09CB292
:10362000B4F5807F1CD02146284603F01BFA631CAA
:103630000028F4D00E4FA7F120062146384603F0AB
:1036400011FA78B10134A5B207E02946304603F0FB
:1036500009FAACB201350028EFD1B5F5807FF4D17D
:103660004FF6FF742046F8BD0024D6E7A44700209B
:10367000C447002038B54FF6FF73984216D001308A
:1036800084B2FF2C0ED80A4D03E09CB2B4F5807FC3
:1036900008D02146284603F0E5F9631C0028F4D041
:1036A000204638BD4FF6FF74204638BD0024EAE7B7
:1036B000C447002070B50024064E254621463046FA
:1036C00003F0D0F90134B4F5807F0544F6D12846E3
:1036D00070BD00BFA4470020074B1B7803B970479B
:1036E00010B5044604F026FB204601F00DFB2046F1
:1036F000BDE8104003F056BF964B00202DE9F04F77
:1037000087B083464FF6FF708A4691460193FFF7D4
:1037100077FC0423039302AB0025059304AA03ABB3
:103720000621044602950495FFF786FB072844D03E
:103730004FF6FF770346B8464FF0FF360AE0052BF9
:1037400015D1FFF75DFC03AB04AA06210446FFF781
:1037500073FB03462046002BF1D1029BAB4224BFF2
:10376000A0461D46B3423CBF27461E46E9E74FF63A
:10377000FF739C4203D0032007B0BDE8F08FA04543
:1037800019D0A7420CBF05200020BBF1000F01D0CB
:10379000ABF80080BAF1000F01D0CAF80050B9F1BF
:1037A000000F01D0A9F80070019B002BE4D01E602F
:1037B00007B0BDE8F08F0520E7E7052007B0BDE8BA
:1037C000F08F00BF0D4B70B51C7864B10C4D0D4EE1
:1037D00000231A4629463046FFF790FF052805D0FA
:1037E000B0FA80F46409084B1C7070BD00232B6094
:1037F000054B4FF6FF7232801C7070BD964B002057
:10380000E44700207A4B0020984B00202DE9F0433C
:10381000044687B0808804F005FA23786080083B6E
:10382000032B08D8DFE803F038271702634B1A7818
:10383000002A40F08D80624F3B784BB1614E0025ED
:1038400056F8043B204698473B7801359D42F7DB0C
:1038500007B0BDE8F083594D2B78002B35D15A4B7A
:103860001B78002BE7D0594AA38812889A42E2D1EC
:10387000FFF7A8FFDFE7637A002BDCD154490A6821
:10388000002AD8D0E0688242D5D152480B60026845
:10389000E360013A0260CEE7637A9BB94C490A685B
:1038A0001AB1E068824200F08380474B1B78002BFE
:1038B000C1D0464BA2881B889A42BCD1237A062BE2
:1038C000B9D1D5E7012BB6D1EFE74FF6FF70FFF77F
:1038D00097FB4FF6FF7398420646C0D1FFF792FB65
:1038E000B042BCD1364F00230DF104080C220193E5
:1038F000C8E90133C8E903338DF804203A782B7006
:10390000ADF80800ADF80600A2B12E4E1D46B14636
:1039100059F8043B204698473B7801359D42F7DB38
:1039200043B1002556F8043B404698473B780135A3
:103930009D42F7DB244B1B78002B89D0234AA388B8
:1039400012889A4284D107B0BDE8F043FFF73ABF2E
:1039500000250DF104081A4F1D70A3680195C8E9F0
:103960000355C8F8045003933B784FF6FF720D21BE
:103970008DF80410ADF80820ADF80620002B3FF4B8
:1039800067AF104EB14659F8043B204698473B7844
:1039900001359D42F7DB002B3FF45AAF002456F867
:1039A000043B404698473B7801349C42F7DB4FE7A5
:1039B000064AA0880B601080E3603CE7954B00202E
:1039C000974B0020E8470020984B00207A4B0020BE
:1039D000F4470020E447002078B1F8B5074F3B7862
:1039E00053B1074E0546002456F8043B2846984735
:1039F0003B7801349C42F7DBF8BD7047974B0020C1
:103A0000E8470020F8B5074F3B7853B1064D06460E
:103A1000002455F8043B304698473B7801349C42DB
:103A2000F7DBF8BD974B0020E8470020F8B5074FBB
:103A30003B7853B1064D0646002455F8043B30460A
:103A400098473B7801349C42F7DBF8BD974B002048
:103A5000E8470020F8B5074F3B7853B1064D0646BE
:103A6000002455F8043B304698473B7801349C428B
:103A7000F7DBF8BD974B0020E847002010B5FFF7B3
:103A8000A7F9D8B9FFF720FCC0B901F005F9A8B92A
:103A900000F080FB90B903F00FFD78B903F0EEFE63
:103AA00060B9074A074C0849084B20604FF6FF7C75
:103AB000A2F800C0012208701A7010BD032010BDCA
:103AC0007A4B0020F4470020984B0020964B0020B2
:103AD0000A4B1B786BB10A4A1378022B0BD810B42F
:103AE000591C084C117044F8230000205DF8044B69
:103AF0007047082070470420704700BF964B002095
:103B0000974B0020E8470020034B1B780BB101F0D6
:103B100015B90820704700BF964B002008B5054B2B
:103B20001B782BB101F02CF9082808BF112008BD23
:103B3000082008BD964B002009B101F01FB970475D
:103B4000024B1B7803B9704703F00CBE964B002064
:103B5000034B1B780BB100F0E3BF0820704700BF98
:103B6000964B0020024B187800B97047FFF74CBA0B
:103B7000964B0020034B1B780BB104F083B8082050
:103B8000704700BF964B002010B4054C24781CB140
:103B90005DF8044BFFF7B2BD08205DF8044B704799
:103BA000964B00202DE9F041394B1B7888B0002B53
:103BB00039D0384B384C054693E80300237801AEE2
:103BC00086E803002BB3354F3C683CBB344BDFF831
:103BD000DC801B88AB42D8F800302ED05A1C27D08E
:103BE00001332E4AC8F8003031462846FFF79CF9C9
:103BF0000446A0B1D8F800300022013B11283A60F9
:103C0000C8F800300AD0862809D0072818BF032436
:103C100005E0FFF7D7FD2378002BD4D111242046EF
:103C200008B0BDE8F0810824204608B0BDE8F08166
:103C30001324204608B0BDE8F081002BD0D0082323
:103C40002846CDE90344CDE905448DF80C300794AE
:103C500003F0E8FF9DF81C30124FADF80E0064F33E
:103C600000038DF81C303B78ADF810500622ADF8FB
:103C700014200694002BD2D00B4E254656F8043B58
:103C800003A898473B7801359D42F7DBC7E700BFA3
:103C9000964B0020A4C50300984B0020F447002059
:103CA0007A4B0020974B0020E8470020E447002093
:103CB00076DF704710B5044682B059B901A9FFF705
:103CC00047FF43F20202904200D0C8B99DF8043089
:103CD0009B0713D400212046FFF720FF70B1112865
:103CE0000CD00D2813D00B2808D043F202029042CA
:103CF00004D002B0BDE8104001F09EBD02B010BD7E
:103D000001F09AFD9DF804309B07F7D4E2E71321F8
:103D1000204602B0BDE81040FFF7CABF017839B1B4
:103D2000072900D0704780680028FBD001F084BDCF
:103D30004088FFF7BFBF00BF2DE9F041037886B090
:103D40000446142B0FD8DFE803F0630E750E0E0E39
:103D5000110E0B0E0B0E0E0E0E0E0E0E0E224B0043
:103D60006A4B01221A7006B0BDE8F081684C2378D6
:103D7000002BF8D1654D2B78002B00F0878002F0E6
:103D800031FD002840F09F8001232370EBE761495B
:103D90005F4A5E4B0C68604F002515701D7004F182
:103DA00008084FF6FF76624202F0070204F00703AC
:103DB00058BF5342013437F81320B2420BD001A848
:103DC0000295CDE9035527F81360ADF80820019559
:103DD0000595FFF7B1FF4445E5D106B0BDE8F08198
:103DE00083684B4948F20D6200209342087002D06C
:103DF000B3F5064FB7D10023062201A8CDE9013360
:103E0000CDE9033305938DF80420FFF795FFAAE76A
:103E10008088FFF7C7FE86281CD011281AD01328E7
:103E200003D83E4BC340DB079DD406B0BDE8F0414C
:103E300001F002BD037A012B95D8002382880593F7
:103E400001A8CDE90133CDE90333ADF80820FFF730
:103E500073FF88E72F4830490268A48821F8124090
:103E6000531C594201F0070103F0070358BF4B42AE
:103E700000220360062301A80192CDE90222CDE9C8
:103E800004228DF80430FFF757FF6CE701A802F019
:103E900049FD38BBBDF80A30002B14BF01230023B5
:103EA0002B707FF46CAF002301AA19461846FFF768
:103EB0006BFE064668B1431F012B7FF654AF3046B8
:103EC00001F0BAFC4FE748F2076290423FF44BAF73
:103ED000ABE7BDF80400FFF74DFE064670B90123BD
:103EE0002B704CE701F0A8FCBDF80A30002B14BF82
:103EF000012300232B707FF436AFD4E701F09CFC44
:103F00000122731F93422A70D9D82CE74A26002039
:103F1000994B0020F8470020CC250020C100080064
:103F200030B4DDE9024570B169B163B105FB04FC51
:103F3000944508D83CB135B1C0E90245C0E9001349
:103F400030BC00207047072030BC70472DE9F0419D
:103F500000284AD003680646002B46D04068002857
:103F600043D0B368002B40D000250F46FF242946DC
:103F70000DE0FF2C08BF2C462B1B0133BB4235D074
:103F8000B3680135EDB29D4229462ED2706802F029
:103F90004FFDBFF35F8F0028EBD0FF2C01D1FF2432
:103FA000EEE7AC42FBD201343268E4B204E0A54251
:103FB000F5D932680134E4B2631E5FFA83F8002A4F
:103FC000F5D070680028F2D0B8F1FF0FF2D0BFF33F
:103FD0005F8F414602F046FD0028E8D07068BFF3CD
:103FE0005F8F414602F032FDE1E7FF242046BDE845
:103FF000F08100BFA0B138B50368044673B14068D2
:1040000060B1FF290D4609D0BFF35F8F02F02AFD92
:1040100020B1E168206801FB050038BD002038BDF3
:104020000020704748B138B50368044623B14068A2
:1040300010B1FF290D4601D138BD7047BFF35F8F26
:1040400002F010FD0028F7D06068BFF35F8F2946AB
:10405000BDE8384002F0FABC7EDF70477FDF704772
:1040600086DF704710B58C4686B010490024097869
:1040700003940494ADF80E208DF8103022460323EB
:1040800001948DF80CC08DF80430ADF80600029450
:104090000594FEF731FBBDF8060003F04FFDADF8C7
:1040A000080001A800F090FD06B010BD4C260020CD
:1040B00030B5164B0C46221E87B018BF0122197866
:1040C0000546FEF719FB124BA4F10102B2FA82F287
:1040D000197828465209FEF70FFB002301222846D3
:1040E0000193CDE90233CDE904338DF80420ADF816
:1040F00006508DF80C4003F021FD034601A8ADF8F1
:10410000083000F061FD07B030BD00BF4E26002032
:104110004D26002070B51A4B88B00D4619780192D3
:104120000446FEF7CDFA04F5807200284FF007012F
:1041300090B214BF01260226FFF7CAF9019B08B10D
:10414000052807D12A463146204608B0BDE8704010
:10415000FFF788BF0022CDE90322CDE906220590B2
:10416000072220468DF80C20ADF80E4003F0E6FC47
:10417000ADF8100003A800F027FD019BE2E700BFA7
:104180004D260020024B0A781978FEF7B5BA00BF19
:104190004B260020F8B5184C2378182B28D0174D43
:1041A0002B78182B20D0164E3378182B18D0154F9B
:1041B0003B78182B10D02378182B0BD02B78182B8A
:1041C00008D03378182B05D03B78182B0CBF032070
:1041D0000020F8BD0320F8BDFEF768FA3870EAE762
:1041E000FEF764FA3070E2E7FEF760FA2870DAE76B
:1041F000FEF75CFA2070D2E74C2600204E26002005
:104200004D2600204B2600202DE9F04190B00E46AF
:1042100017460546FEF78EF92022044600210DEBD5
:10422000020006F06AFA012C34D0ECB19EB12846A7
:1042300003F084FC3378DB071ED503AB05F58070F3
:1042400080B201220721FFF7DDF8112809D00028EC
:104250005BD0032005E0852108AB00222846FFF74C
:10426000FDFE10B0BDE8F08143F2020010B0BDE8E1
:10427000F0813278D207E1D40021314B0B970F93B4
:10428000012CE9D108AB32462846FFF7E7FE10B013
:10429000BDE8F081DFF8AC80002298F800102846D5
:1042A000FEF72AFA7EB3284603F048FC4FF6FF7368
:1042B0009842BFD098F800102846FEF701FA00286F
:1042C000B8D1CDE90300042203ABCDE90500079086
:1042D00028468DF80C200193ADF80E5003F02EFC0B
:1042E000019BADF81000184600F06EFC98F8001025
:1042F0002846FEF7E5F9019B0028BAD13378D907A3
:1043000001D48521B9E78521BCE7014650220498F4
:1043100006F0F3F904990A4A0B46284603F8344B91
:10432000089301F118030C934B1C11310B970F925A
:104330000D9303F019FC08B90146A1E7082090E7A6
:10434000FC4700204B26002038B505460C46FEF7FA
:10435000F1F8012802D043F2020038BD3CB12146F9
:104360002846FFF779FE042808BF112038BD2046F3
:1043700038BD00BF2DE9F04F0388113B8BB00446D8
:10438000092B23D8DFE803F0392205592222222203
:1043900096258088FEF7CEF80128024600F07A8143
:1043A00034F8040F0023CDE9083304340522CDE9A5
:1043B000053307948DF81420ADF8160003F0BEFB0A
:1043C000034605A8ADF8183000F0FEFB0BB0BDE8C1
:1043D000F08FBD4B80881978FEF772F905460028EA
:1043E000F4D1A088FEF7CAF80146002840F0098100
:1043F000A088012341F20602FEE0027A8588B34BD1
:104400003D2A197841F23D0228460CBF14464FF46C
:104410008854FEF755F90028D8D0AB4B28461978B8
:10442000FEF74EF9002800F0E380002221462846DE
:104430000BB0BDE8F04FFFF76DBE00F1100630463F
:1044400003F0CAFB4FF6FF7305469D420746A0885E
:1044500000F09980294603F00BFC9C4BA08819784A
:1044600001900122FEF748F901980021FFF720FE94
:1044700003AA07212846FEF7C1FF002800F0AC8000
:10448000002500231A46A0882946FFF7E9FD0828E1
:1044900003469BD0002840F0F080A37EDA0795D534
:1044A000002D93D1A0882B4641F206022946FFF742
:1044B000D9FD8BE7057A8688002D76D1834B2A4675
:1044C00019783046FEF718F9637A5B0740F1F380FC
:1044D00006F580791FFA89F903AB012207214846C6
:1044E000FEF790FF8046002840F09A80304603F0A7
:1044F00025FB4FF6FF7398420546074600F01381EF
:10450000C24605AF48462A460721FFF707F80028AC
:1045100000F0F280862800F0DB804FF00008CDF834
:1045200014800723C7E90188C7E90388079030464C
:104530008DF81430ADF8166003F000FBADF81800EC
:10454000384600F041FB637AA0888DF81D8013F097
:10455000040F14BF012302238DF81C3002238DF8B1
:104560001430ADF8160003F0E9FA03463846ADF80A
:10457000183000F029FBBAF1000F3FF427AF2846AE
:1045800003F080FB22E703F0D9FA504B0546197877
:10459000A08801900122FEF7AFF801980021FFF7F3
:1045A00087FDBD423FF46CAF62E7484A437A117819
:1045B000304603F00304FEF783F800283FF406AF0B
:1045C000414B30461978FEF77BF8A9B2002800F07D
:1045D000A580224630462BE7A37ED8077FF550AF53
:1045E000049D95F84430D90740F1E680343548E71A
:1045F00003460146224628460BB0BDE8F04FFFF7C0
:1046000031BD324BA08819782A46FEF775F8A0888C
:10461000ADF8160002238DF81430ADF81C50CDE62D
:10462000072307903046CDE90555CDE908558DF8AB
:104630001430ADF8166003F081FA05AF0346384632
:10464000ADF8183000F0C0FA637AA088ADF8160013
:1046500013F0040F14BF0123022302228DF814204B
:104660008DF81C308DF81D5003F068FA034638466B
:10467000ADF8183000F0A8FAA8E60022A088079349
:104680000721CDE90522CDE908228DF81410ADF8F7
:10469000160093E6257A0D4BA0881978019005F055
:1046A0000105C5F10205EDB2FEF726F8019829468D
:1046B000FFF7FEFC74E60223A0888DF81430ADF8F5
:1046C0001600ADF81C3079E64E2600204C2600205E
:1046D000002305930622C7E90133C7E903333046B7
:1046E0008DF81420ADF8166003F028FA034638461A
:1046F000ADF8183000F068FA637AA08813F0040F60
:1047000014BF01220222022101238DF81410ADF8FA
:1047100016008DF81C208DF81D30A5E70A462346AB
:104720000146304668E70146049803F0E7F9B842CD
:104730000546824633D0DFF8E0B00146304603F04C
:1047400097FA9BF800103046FDF7BAFF8246002822
:104750007FF4D6AE0423CDE90500CDE9070009902A
:1047600030468DF81430ADF8166003F0E7F905AF68
:10477000ADF81800384600F027FA9BF800103046D4
:10478000FDF79EFF034600287FF4BCAE627AA08846
:1047900012F0040F14BF012202220221B5E7FEF736
:1047A0001DFC5045054610D02946304603F060FAFE
:1047B0004FF0010A05AFA5E6314605F1460003F0CA
:1047C000F1F900287FF412AF5AE60723CDE90588F6
:1047D00030468DF8143004230793CDE90888ADF8EE
:1047E000166003F0ABF905AF03463846ADF8183054
:1047F00000F0EAF9637AA088ADF8160013F0040F10
:1048000014BF0123022302228DF814208DF81C30DE
:104810008DF81D8028E700BF4B26002038B30378B1
:1048200003F08202802A21D0C3F30212042A1DD889
:1048300003F0F202322A19D0427881788A4215D8E0
:10484000062A13D9102911D8C27812F0040C0DD100
:10485000017911F0040F09D10A43110706D4DB07CF
:1048600006D512F0030018BF0120704700207047E2
:1048700012F0030F0CBF01200020704731F0080335
:1048800022D070B511298AB00C461BD00D290546DF
:104890001BD00023CDE90533CDE90733099303F09D
:1048A0004DF907238DF81430ADF81650ADF8180007
:1048B00005AD0FCD6E460FC62B6833606846029477
:1048C000FFF78AF80AB070BD70470023CDE90533C1
:1048D000CDE907331646099303F030F903238DF829
:1048E0001430ADF81650ADF8180005AC0FCC6D467D
:1048F0000FC523682B607EB1337803F00103C3F149
:104900000203DBB241F2011268468DF80830ADF8BF
:104910000A20FFF761F8D5E70223F3E72DE9F0411C
:10492000244B8EB00026CDE90A661B68099309ACBA
:104930000546884694E8070001AF87E80700CDE9FF
:104940000C6609962846A66003F0F8F805238DF852
:104950002430ADF82800ADF826500FCC0DF1100C26
:10496000ACE80F002368CCF8003004A8CDF818801C
:104970000797FFF731F8104B01991A682846FFF79F
:1049800043FC0E4BA0F11102B2FA82F219780446F0
:1049900052092846FDF7B0FE094B324619782846E1
:1049A000FDF7AAFE019A21462846FFF767FF0EB0E1
:1049B000BDE8F081484800203C48002052260020F5
:1049C000512600200021FFF7A9BF00BF2DE9F047C5
:1049D00006468EB090461F460C46002950D13D4BEE
:1049E0000A911B68099309AD0B91CDE90C1195E86B
:1049F00007000DF1040989E807003046099403F027
:104A00009DF84FF0050A8DF824A0ADF82800ADF808
:104A10002660AC46BCE80F0004AD0FC5DCF80030E2
:104A2000CDF81C9004A82B60FEF7D6FF2A4BDDF8CA
:104A300004901B789BB3494642463046FFF784FCFE
:104A4000264B11281978054631D000223046FDF753
:104A500053FE112D0AD80D2D15D8DFE805F02614C8
:104A600014141414141426141426142643F20204E5
:104A7000A54218BF03244FB920460EB0BDE8F08709
:104A80004FF00009D7E70324002FF5D030464A46FF
:104A90002946FFF7F3FE20460EB0BDE8F0879DF8EB
:104AA0000D30002BC7D15446E6E72C46E3E7012240
:104AB0003046FDF721FE0A4B224619783046FDF7B5
:104AC0001BFE084B424619783046FDF715FE0024C0
:104AD000D1E700BF484800209A4B00205126002013
:104AE000502600204F26002010B50B4B82B01978BD
:104AF0000446FDF7E5FD094B024619780192204670
:104B0000FDF7DEFD019A01460123204602B0BDE813
:104B10001040FFF75BBF00BF4F260020502600204B
:104B200000294FD0F0B583B006460C46FDF70CFDCA
:104B3000054670B3304603F001F8A5F102050746BB
:104B40004FF6FF70381A2378B5FA85F518BF0120A3
:104B50006D0923F0090345EAC0051D432570304661
:104B6000FDF70CFD237860F3410323703046FDF719
:104B70001DFD237860F3820323703046FDF72EFD80
:104B8000054650B12378002065F30413237003B069
:104B9000F0BD43F2020003B0F0BD3046FDF7EEFC7D
:104BA00006460028EED06A4638460721FEF726FC66
:104BB0000028E7D1019B93F8443013F0010F18BF90
:104BC0003546DFE70E20704770B50378052B82B0BD
:104BD000044615D0122B0DD11E4B1A68BAB140886D
:104BE000FDF7CCFC0546A0B90246608801232946A2
:104BF000FFF7ECFE204602B0BDE87040FEF7ECBEC9
:104C00008168408802B0BDE87040FFF787BE01258B
:104C1000EBE7237A6088C3F34006C3F30002B600D3
:104C200046EAC206C3F3800346EA031601A9E0235D
:104C30008DF80430FFF774FF06F01C069DF8043071
:104C4000F6B220B936EA030314BF012500252A462F
:104C50000025CAE74848002008B503780B2B02D886
:104C6000072B02D808BD132BFCD1074B0749187836
:104C70000022FDF785FD064B064918780022BDE8A5
:104C80000840FDF77DBD00BF52260020C549030046
:104C900051260020E94A030010B5174C2378182B41
:104CA0000DD0164C2378182B10D0154C2378182BC8
:104CB00013D0144C2378182B16D0002010BDFDF70C
:104CC000F5FC20700D4C2378182BEED1FDF7EEFC8F
:104CD00020700B4C2378182BEBD1FDF7E7FC2070EC
:104CE000084C2378182BE8D1FDF7E0FC1828207039
:104CF000E3D1032010BD00BF512600204F26002025
:104D0000502600205226002008B5FFF733FB074B42
:104D1000074918780022FDF733FD064B064918783D
:104D20000022BDE80840FDF72BBD00BF5226002041
:104D3000C549030051260020E94A030038B504465E
:104D400080B1FFF76BFD58B1094B206818602179DD
:104D5000084D094A197101212B601170002038BDDE
:104D6000072038BD0349044B086001221A7038BD82
:104D700040480020484800209A4B0020FFF702BA24
:104D800000230A461946FFF721BE00BF10DF704717
:104D900011DF704710B582B00C4904466846FCF735
:104DA0000FFF019B23B90EE0FCF714FF019B53B1E9
:104DB000D3E900312046984703466846002BF3D1DB
:104DC000112002B010BD002002B010BDB0C503001C
:104DD0000B4991F81623EC2352091341DB0707D541
:104DE000084B9A6842B11A6842F480021A60704710
:104DF00042F2020000F020BD4FF480030B607047C8
:104E000000E100E0DC48002070B5284D2C7884B02B
:104E1000002C46D1264E012320463370FFF7BAFFFF
:104E200011283BD0234902A8FCF7CAFE039B4BB1D3
:104E3000D3E900310020984702A8FCF7CBFE039B82
:104E4000002BF5D11C4B00221B68019302A88DF8A2
:104E5000082000F001FD194901A8FFF797FFB0FAFB
:104E600080F304465B099DF808002B7000F01AFDE2
:104E7000A4B9134B34701C70FFF7AAFF0D4902A8A8
:104E8000FCF79EFE039B4BB1D3E90031012098470C
:104E900002A8FCF79FFE039B002BF5D1204604B02F
:104EA00070BD0824204604B070BD00BF9C4B00209C
:104EB0009B4B0020C8C50300ACC50300AD3B0200FE
:104EC0009D4B0020F0B52C4D2B7883B0002B44D0A7
:104ED0002A4E01203070FFF75DFF112839D0284994
:104EE0006846FCF76DFE019B4BB1D3E9003102200F
:104EF00098476846FCF76EFE019B002BF5D1002712
:104F000068468DF8007000F0A7FCFFF741FF0446EB
:104F10009DF800002F7000F0C5FCDCB9194B34700F
:104F20009A68F2B11A6822F480021A60144968463D
:104F3000FCF746FE019B6BB1D3E900310320984793
:104F40006846FCF747FE019B002BF5D1204603B0D5
:104F5000F0BD0024204603B0F0BD0824204603B075
:104F6000F0BD094B4FF48002C3F88020BFF34F8F90
:104F7000BFF36F8FDAE700BF9C4B00209B4B0020F4
:104F8000C8C50300DC48002000E100E0054B1B78A9
:104F900033B1054B1B780BB1FFF794BFFFF734BF5C
:104FA000082070479B4B00209C4B0020014B187839
:104FB000704700BF9C4B00200C4B1B7803B9704717
:104FC0000B4B9A683AB11A6822F480021A60094BB6
:104FD00001221A707047084B4FF48002C3F88020FA
:104FE000BFF34F8FBFF36F8FF1E700BF9C4B0020E3
:104FF000DC4800209D4B002000E100E010B5084C8B
:10500000237813B1074B1B7803B910BD064B4FF43F
:105010008002C3F80021FFF7DBFE0023237010BDE0
:105020009D4B00209C4B002000E100E0034B1B78CF
:1050300013B1034B18787047012070479C4B002038
:105040009D4B002000B583B008496846FCF7B8FDC9
:10505000019B43B1D3E9002090476846FCF7BAFDB5
:10506000019B002BF6D103B05DF804FBBCC5030027
:1050700060DF704769DF704761DF7047154B1B7851
:1050800033B330B5144D91B034240DF1020103A8AF
:10509000ADF80240FFF7F0FF88B9294601A8FCF7F8
:1050A0008FFD029B002BF0D0D3E9003103A8984775
:1050B00001A8FCF78FFD029B002BF5D1E5E7052841
:1050C00001D111B030BD11B0BDE8304000F0B4BB2B
:1050D000704700BF9E4B0020D4C50300002941D07B
:1050E00070B584B000240D461F4A0A60CDE9014422
:1050F000012606238DF8040001A92020ADF8083010
:1051000003948DF80660FFF7B5FF2A68039401A9A0
:105110004020CDE901448DF80560FFF7ABFF042383
:105120000DEB03012A6803943046CDE901448DF864
:105130000430FFF79FFF4FF4E4632A68039401A94A
:10514000A120CDE90134FFF795FF2A68039401A956
:10515000A020CDE901448DF80460FFF78BFF2046C5
:1051600004B070BD0E2070470024002008B5FFF782
:105170007FFF10B9014B01221A7008BD9E4B002021
:105180004BDF704710B5124C84B001A8FFF7F8FF51
:10519000A8B9214602A8FCF713FD039B002BF4D00D
:1051A000D3E900310198984702A8FCF713FD039B4F
:1051B000002BF5D101A8FFF7E3FF0028E9D005286F
:1051C00001D104B010BD04B0BDE8104000F034BB04
:1051D000E0C5030000207047A8DF7047ADDF7047CF
:1051E000AEDF7047B0DF704762DF70473CDF70476B
:1051F0003DDF7047704700BF00282ED0F0B5038810
:10520000512B89B0044629D00AD8102B1CD0112B61
:1052100004D1334B81889A8891421AD009B0F0BDED
:10522000532BFBD12E4DC288EB889A42F6D12B7EB0
:10523000002BF3D000F0B2F90028EFD06B69022008
:1052400009B0BDE8F0401847254B82889A8009B024
:10525000F0BD4FF6FF729A80E0E77047204D8088DE
:10526000AB889842DAD1A379022BD7D12189EA8879
:105270009142D3D1A27B043A022ACFD900220492D0
:10528000CDE9052207926989029301AF02AA8DF840
:1052900010300397FFF7A2FF064690B140F2FD13CE
:1052A000ADF81430A88804A9FFF79CFF1128F9D0A5
:1052B000BDF81430002BB1D104F1080000F00EF954
:1052C000ACE73846FDF790FA0028E7D09DF8163095
:1052D000ADF8146043F001038DF81630E2E700BF2B
:1052E0004C48002000B5154B87B000228646CDF80B
:1052F0000B2098888DF80F20DA888DF8061003238C
:105300004FF0020CADF8023020238DF80430ADF8D8
:10531000082001AB0DEB0C0202A9CDE904238DF8A6
:1053200005E08DF80AC0FFF75BFF20B9BDF8023039
:10533000032B18BF0C2007B05DF804FB4C4800207D
:1053400010B54FF0FF310020FFF752FF044608B1BF
:10535000204610BDB121FFF749FF04460028F7D1D0
:10536000044B01205B6998470220FCF7CFFB2046E5
:1053700010BD00BF4C48002010B51B4B84460FCB1E
:1053800086B002AC84E80F00604650B3174BDCF8DF
:1053900000205A614FF6FF70002198801976EAB11B
:1053A000124800F05FF808B106B010BD01204FF6BA
:1053B00059630F4A8DF8060001A9ADF80430FFF7D4
:1053C0000BFF0028F0D109492046FFF70DFF002808
:1053D000EAD1064800F060F806B010BD054A5A61EF
:1053E000DEE70E2006B010BDECC503004C480020DF
:1053F0004E480020F55103004FF0030C00DF7047CA
:1054000016490B68BBB14B68ABB110B50831984772
:10541000082803460ED0124C70B9226801210220E0
:105420005376FFF75FFF28B123680320BDE81040E3
:105430005B69184710BD70472368002206215A7621
:105440000220FFF74FFF18B1236803205B699847DC
:1054500023680220BDE810405B6918478848002097
:1054600084480020034618B1024A002013607047A8
:105470000E2070478448002008B501F0BBFD00B144
:1054800008BD0448FFF7B8FF0028F9D1BDE808407F
:1054900001F0BEBD8848002010B588B00446202227
:1054A0000021684605F029F922464FF0030C12F856
:1054B000063B8DF802301723ADF804306088ADF854
:1054C00000C04FF00133694642F60104ADF80C40CC
:1054D0000493FDF78DF908B010BD00BF70B5044608
:1054E000007B01281FD0022812D1627B531E132B90
:1054F00029D90521264DFFF7F5FE18B12B680320A9
:105500005B6998472B680220BDE870405B691847CB
:105510001F4D0221FFF7E6FE0028F3D02B68032081
:105520005B699847EEE71A4D2B685E7E1EBB1876C6
:105530000146FFF7D7FED8B12B6811281E76207BD5
:1055400024D00421E6E7134E114D04F10E01301D65
:1055500005F0ABF82B68627B5B7EB2614BB90E49FC
:10556000304651F8083B984718B92B6801225A7603
:1055700070BD207BE5E70621FFF7B4FE0028F7D0D9
:105580002B680320BDE870405B6918470621C1E71E
:1055900084480020684800208848002008B5044B53
:1055A0001B6800205B699847BDE80840FFF7C8BE4C
:1055B00084480020A8DF7047F0B5074689B014463C
:1055C0001E460D46E9B1C4B120220021684605F00F
:1055D00094F80E4BADF8007002228DF80D2018885B
:1055E0000E9AADF804406946ADF8064002958DF874
:1055F0001160FDF7FDF809B0F0BD204600F01CF980
:10560000E2E7084600F018F9DDE700BF7C4B002018
:1056100070B501238EB041F60A057D4AADF80C50F5
:1056200003A9044618468DF80E30FFF7C3FF054660
:10563000002840F092802288002A40F09180228940
:10564000002A40F09D80228A002A40F0A880228B08
:10565000002A40F0B380228C002A40F0BE80228DC8
:10566000002A40F0C780236B002B35D01A688DF8D4
:1056700010201A6894F83C60120A8DF811205A889C
:105680008DF81220DA788DF813205A688DF81420DE
:105690009B688DF815301A0A8DF816201B0C2022F5
:1056A000002106A88DF8173005F027F842F62323CD
:1056B000ADF818304FF00813079304AB089302239A
:1056C0008DF82530524B534A18888DF8296006A969
:1056D000FDF78EF800284FD1636B5BB11A7919681A
:1056E0004D4B009394F83C3042F62A20FFF764FFBC
:1056F000002841D1A36B83B31A788DF810205A8803
:105700008DF81120120A8DF812209A888DF8132036
:10571000120A8DF81420DB8894F83C408DF815307F
:10572000190A20228DF8161006A8002104F0E5FFC2
:10573000374B3A4A18888DF8294042F65023ADF885
:1057400018304FF00713079304AB089306A9022300
:105750008DF82530FDF74CF8054628460EB070BD93
:105760002F4994F83C300091616842F62920FFF7F8
:1057700023FF00283FF463AF054628460EB070BDF6
:10578000284994F83C300091E16842F62420FFF764
:1057900013FF0028F0D1228A002A3FF458AF224993
:1057A00094F83C300091616942F62520FFF704FF30
:1057B0000028E1D1228B002A3FF44DAF1B4994F819
:1057C0003C300091E16942F62720FFF7F5FE002802
:1057D000D2D1228C002A3FF442AF154994F83C30D4
:1057E0000091616A42F62620FFF7E6FE00283FF4AA
:1057F00036AFC1E70F4994F83C300091E16A42F6B8
:105800002820FFF7D9FE00283FF42DAF0546B4E766
:105810007C4B0020D4480020BC480020B448002025
:10582000A4480020AC480020C44800209C48002028
:1058300094480020CC48002000B585B003460021E4
:1058400001AA44F20100CDE901110393EEF7AEF98C
:1058500005B05DF804FB00BF70B4EFF3108472B6BE
:105860000D4B9A68AAB9012199600C490C4ED1F8E8
:10587000805035401D60C1F88060D1F884505D6073
:105880004FF0FF33C1F88430027004B962B670BCC7
:10589000704701230370F8E7DC48002000E100E0D6
:1058A000FC06FFBD094B9A687AB170B910B4EFF3EA
:1058B000108172B6064A1C6814605C685460986077
:1058C00001B962B65DF8044B70477047DC480020B0
:1058D00000E100E0194B00EB800003EB80000B6857
:1058E000426802F580502BB35A88033203EB8203DF
:1058F000834217D210B54FF6FF7E1A68013213D0DB
:105900005A88033203EB820290420DD3B3F804C0ED
:10591000F4450BD01C884CB19C68013406D00B6058
:10592000012010BD00207047002010BD9042FBD91F
:105930001346E2E702F10803DAE700BF244900203A
:1059400070B5426882B006460C461AB11E4BD96843
:105950008A421DD2002525800195002005E0019B8B
:105960003268996891420DD0208801A9FFF7B2FFF3
:105970000028F4D1238801339BB22380002BEBD085
:1059800002B070BD114A73601389338102B070BDDB
:105990001B699A42DED812F00303DBD10B49008960
:1059A00009898842D6D1306891688842D2D10849A5
:1059B00049688A4203D901F580518A4201D31846C9
:1059C000DEE723800120DBE7782600200C49002059
:1059D0002449002010B4104C104A638803EB830361
:1059E00002EB8302D36853B94FF0040C516884F87A
:1059F00000C00B485DF8044B012201F025B9094AAB
:105A00000520022120709180054811685DF8044B43
:105A10000023012201F018B90C490020244900207C
:105A200078260020D84900202DE9F0411C469B88AB
:105A30003BB9174F80460D461646387828B10123EA
:105A4000A38048F2096019E0A0882146FFF742FFD1
:105A5000B0B12368B8F1000F04D09988B8F80020DD
:105A60009142F1D11DB119882A889142ECD19968EF
:105A7000084A12893281C6E900130020BDE8F0818E
:105A8000A388206001339BB2A380002BD5D0D8E738
:105A9000244900200C490020F0B502231A4D0B8048
:105AA00000F5805E4FF6FF7408300126036801336D
:105AB0001ED0478807F1030C00EB8C0CE6451CD385
:105AC0008388A34215D003889BB18368B3F1FF3F5D
:105AD0000FD0D5F800C09C4500D22B600B88033353
:105AE0003B440B804388033300EB83008645DDD8BD
:105AF000F0BD002AF2D01670F0E70AB1012313704E
:105B00004FF480630B80F0BD1C49002030B5104C71
:105B100083B06088211DFFF7DDFE20B903B0BDE82A
:105B20003040FFF757BF0B4B626899881B680A48E3
:105B300003EB81015388033300259BB24FF0030C24
:105B40009B00009584F800C001F04AF803B030BD16
:105B50000C490020D8490020782600202DE9F04F7C
:105B6000A64FDFF8BCA2DFF8BC92DFF8BC828BB096
:105B700006463C68002C00F0B98023785A1E052A9E
:105B800000F26883DFE802F041242403034E002E74
:105B900040F0D88094F804B0BBF1010F00F04F82C0
:105BA000BBF1020F00F04582BBF1000F00F028822C
:105BB000CDE907660596099605AD48F20E66023BEB
:105BC0000696042B4CD8DFE803F085716545A100EB
:105BD000B4F814B0002E40F09D80894DA17D0BEBF0
:105BE0008B0205EB82024FEA8B061089526802EBAA
:105BF0008002062900F22983DFE811F06801910193
:105C00007E01A20156013D011801002E40F0E38102
:105C10002279032A00F2AD80DFE812F0E4002E02C0
:105C20009D00C500002E40F0E28198F80B30002B5B
:105C300000F0AA8098F8003088F80B60013B062B32
:105C40005BD8DFE813F03B02C501A601A3015A00AF
:105C500028028E0104238DF81430E388ADF820303B
:105C6000684C04F1100654F8043B284603B19847E9
:105C7000A642F8D15146002648463E60FBF71EFF7B
:105C80006148012100F088FF00287FF472AF0BB05B
:105C9000BDE8F08F03238DF81430E1882289E36892
:105CA0000793ADF82010ADF82220D9E702238DF834
:105CB0001430A37D2289A188ADF82020A3F106032A
:105CC000B3FA83F3E26807925B09ADF822108DF80E
:105CD0002430C5E701238DF814302189A288E368B8
:105CE0000793ADF82010ADF82220B9E75146484699
:105CF000FBF7B2FE044638603FE7002305AD05938D
:105D0000C5E902332B6148F20E66069605238DF82D
:105D10001430A5E7A17DE288394D022907D90BEBA4
:105D20008B0005EB8000D11C0689314401814FEACC
:105D30008B065E4405EB8605C2F57F426989FD321C
:105D40000A446A8105AD002205924FF40646C5E972
:105D500002222A6133E72D4A2D481168002323715E
:105D600002249480012200F06FFF00288FD03C684D
:105D70002378284905AD002205924A60C5E9022230
:105D80002A6148F20D661AE798F80030072B00F2F6
:105D9000DB81DFE813F0EF01D901D9011201AC0179
:105DA000E600E600BF01194E1B4A19484FF0000BF0
:105DB00084F804B0CDF800B00823316800F010FF7B
:105DC000B8F8025005EB85030D4D05F823B005EB3F
:105DD000830533686A686B60B3882B810223326065
:105DE000B380C2E7094B0D4A1968094801232371A2
:105DF00000230093082300F0F3FEB6E720490020BB
:105E000024490020F4480020D4490020D84900202B
:105E1000782600200449002000C6030008C60300BD
:105E200018490020C44900200C490020E28821467E
:105E300041F61D5006EB0B0C05EB8C0CD41CBCF88A
:105E400008E07444ACF808405E4405EB8605C2F5F2
:105E50007F420C466989FD320A446A8105AD41F6EC
:105E60001D5200269042C5E90066C5E902662E6112
:105E70003FF4A5AED8E1AA4BAA4A5968AA4BAB4851
:105E80001B8803930623A37500230093042300F0CB
:105E9000A7FE40BB039B03EB830305EB83050123B4
:105EA0002B740BB0BDE8F08F9D48A36903609E4939
:105EB000039200234360FFF743FD039A0023002869
:105EC00000F0B98111460222A27503E00223A375F6
:105ED00011460023009304239448E21800F080FE4A
:105EE00000283FF4D4AEA07D3968E2880B78022800
:105EF00048F20D60A8D99DE723698C48002B14BF98
:105F000003230123A375002302F10801009304F188
:105F10000C02042300F064FE0028E4D1B7E6032B52
:105F20000CBF05230623A3750023111D00937F4892
:105F3000042304F1080200F053FE0028D3D1A6E6A2
:105F4000E3880120A075002002F10C019B0022696A
:105F50000090764800F044FE0028C4D10BB0BDE8A4
:105F6000F08F072388F8003000230093C8F804302E
:105F70006F4B704A19686D48082300F031FE002805
:105F80003FF485AE3C6805AD237868E7FFF722FD56
:105F9000F5E7D8F8042066485388848801680333FD
:105FA00000209BB201EB8401009003249B005F481A
:105FB00088F8004000F014FEE1E75D4AD8F80430AC
:105FC0005988938803330B449380022388F8003068
:105FD000FFF79CFDD3E7002305AD0593564A2B61DF
:105FE000C5E9023353604FF40646069638E605AD20
:105FF000002305934FF40646C5E902332B6184E67E
:10600000022305AD23710DF11201E36805932846C3
:10601000CDE90666FFF794FC002840F0C08048F206
:1060200009660023C5E90033C5E902332B612378F3
:10603000C5E5CDE907660596099605ADBFE53E4B7A
:106040001B78A01D002B00F0E48005AD3B4B2A46D9
:106050003146FFF7E9FC394B002800F0C980C3E95D
:10606000006648F2096398428ED1C5E90066C5E929
:1060700002662E612378A2E5314D2B78022B40F089
:10608000AC800023009369682B702E4A27480823B0
:1060900000F0A6FD69E6B8F80220294D93001344EC
:1060A00005EB8305002369680093062388F8003018
:1060B000244A1E48082300F093FD60E798F80A3050
:1060C00043B11F4DEB68002288F80A2013B92A7CDF
:1060D000002A7DD105AD0023059388F80030C5E97D
:1060E0000233A8F80230C8F804302B610DE6B8F886
:1060F0000220134D0E4902EB820305EB830308686F
:106100005C6858608888188102238B800C6002FAD2
:1061100003F3C4E7012388F8003098F80A30CFE78A
:10612000E8480020FCC503007E4B002078260020B4
:10613000D849002008C6030004490020E449002093
:106140002449002000C60300013B062B3FF6D5ADD5
:1061500001A252F823F000BFBD600300D15F03002D
:10616000935F03008D5F0300FB5C030097600300F7
:10617000635F03003C4DB8F808202B780132B3FA76
:1061800083F3A8F8082000225B09A8F8022088F809
:106190000B20012288F80A3088F8002090E7069941
:1061A000324A8B88E3800B88238131480096042390
:1061B000BDF8124000F014FD002838D12A4B04EB42
:1061C000840403EB8404012323740BB0BDE8F08F37
:1061D000A8F80230FFF79AFCD1E6264A05AD002365
:1061E000012105931170C5E902332B615360FCE670
:1061F00000969C881D4A06991D48042300F0F0FC77
:10620000A8B9194B04EB840403EB840484F810B0A0
:106210003DE5194B0996CDE90566CDE90766C3E969
:10622000006605AD48F2016023780646C7E43C6885
:1062300048F20D66F5E6CDE90500CDE907000990C5
:10624000237805AD48F20966B9E4E288214648F2B0
:106250000E60EFE505AD00230593C5E902332B6120
:1062600048F20E630693FBE424490020FCC50300BA
:106270007826002004490020E44900204068FFF708
:106280006DBC00BF2DE9F04F4F4C257883B0002D39
:106290005ED00C46002972D0098898464FF6FF73ED
:1062A00099424FD06388002B4CD0666816F00306E5
:1062B0005FD10746002A65D0B2F800B0B2F802906C
:1062C000424801A9FBF786FB4FF0000AC0F800A086
:1062D000C0F810A0C0F814A0C0F804A0C0F808A02E
:1062E000C0F80CA0C0F818A080F8008063680361B3
:1062F0000546A0F814B00121354800F041FC238880
:106300002B81B8F1030F6388E860AB80A5F8069095
:1063100024D02E48A5F80AA001A9FBF78DFB3FB1B8
:10632000E9682C4A00231289BB72C7E900133A813D
:106330002948012100F018FC044628B9FFF70EFC9B
:10634000264601E048F20366304603B0BDE8F08F10
:1063500048F20166304603B0BDE8F08F3B68AB61A0
:10636000042301A9A5F80AA0AB751848FBF764FB44
:10637000D6E748F20266304603B0BDE8F08F48F237
:106380000466E1E7B4F8089009F1030040F2FE3337
:1063900080B2984214D8114A13783BB951891389B5
:1063A0000B4403449BB2B3F5806F05D948F20666EF
:1063B000304603B0BDE8F08F01445181B3467FE71A
:1063C00048F20866C0E700BF04490020C449002025
:1063D0001C4900200C490020D449002024490020F9
:1063E000094A116804290BD038B51568074C0346D3
:1063F0000121104644F8253000F0C2FB002038BDD2
:1064000048F20B60704700BFE0490020F4480020CC
:106410002DE9F04F954D89B02A780023CDE903335B
:10642000CDE905330793002A4ED1281D02F0FF085D
:1064300000F0BEFB20B10024204609B0BDE8F08F7B
:10644000D8F8F83F5C1C4AD04FF08052116952696D
:10645000874F88493B610022A3F500533846FB6013
:1064600000F0B2FB04460028E6D11C238249834891
:10647000DFF824A2DFF824B28C22FBF771FA0223A2
:1064800026460093A146FB68F018F35800F0E1801F
:106490005B4530D143687A4A93424BD001329342F4
:1064A0002BD1B8F1000F40F09480764B76491860FC
:1064B00000220193FFF7F0FA019B9B88022B0CBF8F
:1064C000042308231C434CE0704C04F1100554F8DD
:1064D000043B03A803B19847A542F8D1ABE74FF0BE
:1064E00010234FF080525B6911695269581C08BF34
:1064F00002FB01F3ACE701330BD1031D00F5805122
:1065000002E0994200F08F801A68013203F104031F
:10651000F7D0009B013B9BB2009309EB89030AEB88
:10652000830209F10109506003220AF823201FFAAF
:1065300089F916E009EB89030AEB830299005060A0
:1065400001F1100208314FF0000C524451440AF896
:1065500023C0FFF7A1FA09F1010944F002041FFA70
:1065600089F906F58056B6F5005F8CD1009B012BAA
:106570002CD9E4B2062C0ED1444C012200232A70FF
:106580006B6004F1100554F8043B03A803B198476D
:10659000AC42F8D14FE702D814F0FD0F16D03748BF
:1065A00002A9FBF717FA053C0023012203604360B0
:1065B0008360C3600361436183610270062C1DD850
:1065C000DFE804F02B1C2B1C1A2E1A0048F20A6478
:1065D00032E709EB890C0AEB8C020221294B0AF8FD
:1065E0002C1011812A49A1F802901968516009F113
:1065F00001091FFA89F959E70323037102A91F480A
:10660000FBF71AFA2348012100F0AEFA04460028ED
:106610007FF411AFFFF7A2FA0EE701230371EDE754
:1066200002230371EAE7174B1A68CAB1184A09EB4B
:1066300089010AEB8103A2F80290022209F1010903
:106640000AF8212058601FFA89F91A8144F00104E0
:1066500087E75A1C3FF451AF5B453FF44EAF58E714
:10666000022218609A804FF00108EFE704490020E9
:10667000782600201CC6030038490020C4490020A9
:10668000FE011EF1D8490020DC490020F44800201A
:106690000C490020D449002024490020DEC0ADDE92
:1066A00030B370B50D4682B0F1B10DF1060104466C
:1066B000FFF746F918B948F2096002B070BDBDF89D
:1066C00006000D4B666800EB800003EB80000121A3
:1066D0000C3000F055FA636801220C330020C5E944
:1066E0000063A27202B070BD48F2046002B070BDD7
:1066F00048F20460704700BF2449002010B310B571
:1067000082B00DF106010446FFF71AF9B0B1BDF8E9
:1067100006300E4A03EB830302EB8303DA684AB1C7
:10672000A27A3AB1DA680021013A0846DA60A17229
:1067300002B010BD48F2056002B010BD48F2096019
:1067400002B010BD48F20460704700BF2449002029
:1067500002230022FFF796BD18B103230022FFF7A2
:1067600091BD48F20460704770B51B4B1B7882B036
:106770001BB34FF6FF739842054628D001A917486E
:10678000FBF728F900240522012644600460C58037
:1067900002708460C460046144618461067101A96F
:1067A0000E48FBF749F90E48314600F0DDF9054681
:1067B00040B12546284602B070BD48F20165284622
:1067C00002B070BDFFF7CAF9284602B070BD48F2AA
:1067D0000365284602B070BD04490020C44900206A
:1067E000D449002010B5184B1B7882B00BB301A917
:1067F0001648FBF7EFF803460022062102605A60B4
:106800009A60DA601A615A619A6119700F4801A999
:10681000FBF712F90E4B1A780AB10122DA720D4811
:10682000012100F0A1F9044640B10024204602B045
:1068300010BD48F20164204602B010BDFFF78EF98A
:10684000204602B010BD00BF04490020C44900200A
:106850000C490020D449002010B582B0ADF80600E4
:106860000A48ADF80410047844B15AB153B101A9F3
:106870000DF10600FFF7D8F802B010BD48F2016034
:1068800002B010BD48F2046002B010BD04490020FF
:1068900000B50E4B83B01B78ADF806005BB179B143
:1068A00072B1134600200A460DF10601FFF7BCF84D
:1068B00003B05DF804FB48F2016003B05DF804FB2F
:1068C00048F2046003B05DF804FB00BF04490020F7
:1068D00000B50E4B83B01B78ADF806005BB179B103
:1068E00072B113460DF106000A460021FFF79CF82D
:1068F00003B05DF804FB48F2016003B05DF804FBEF
:1069000048F2046003B05DF804FB00BF04490020B6
:1069100020B119B103680B600020704748F2046091
:10692000704700BF384B1B78002B67D0002868D019
:1069300030B50022354C026042608260B4F80AC073
:106940002389C260022101806168028263449BB294
:10695000002934D02E4A0D68954230D12D4A4D6819
:106960002A44012A2BD8E2684280C3F5806292B2A1
:10697000A0F808C0438102B1828101F108034FF6FB
:10698000FF7E01F580511A68013216D05A88033211
:1069900003EB8202914225D39A88724512D01A885D
:1069A00082B19A6801320DD08288013282805A8881
:1069B000033203EB82039942E5D8002030BD012267
:1069C0000280D0E7B0F806C0C2890CF1010CA0F833
:1069D00006C05C8803322244C2815A88033203EB2A
:1069E0008203E8E7C289C488CB1A02EBA30301340F
:1069F0000122C480C3810274002030BD48F20160CE
:106A0000704748F204607047044900202449002080
:106A1000DEC0ADDE02FEE10E4B0901F01F024FF0B9
:106A2000010C0CFA02F100EB830000F085B800BF06
:106A30004B0910B501F01F040121A14000EB8300B8
:106A400000F06EF8E04000F0010010BD01F01F0200
:106A5000012303FA02F24B0900EB8300D14300F05B
:106A600077B800BF4B0901F01F0150F82300C84060
:106A700000F00100704700BF2DE9F04F01F1FF3A2F
:106A800083B04FEA5A130D46044601934FF00009B4
:106A90004FF0010854F8293004EB89066FEA030B24
:106AA0009BFAABFBBBFA8BFBBBF1200F25D00BEBAA
:106AB000491B5D454FEA49170CD81EE03368DB439C
:106AC00093FAA3F3B3FA83F3202B07EB030B14D051
:106AD0005D4512D90BF01F034FEA5B1008FA03F172
:106AE00004EB80009A4600F01BF820FA0AF0C30776
:106AF000E4D4584603B0BDE8F08F019A4A4509F145
:106B0000010301D09946C5E7AB46F2E7034653E8D7
:106B1000000F0A4643E8002C9CF0000FF7D17047A5
:106B2000034653E8000F40EA010243E8002C9CF0C2
:106B3000000FF6D1704700BF034653E8002F42EA2A
:106B4000010043E8000C9CF0000FF6D1704700BF35
:106B5000034653E8002F02EA010043E8000C9CF0D2
:106B6000000FF6D1704700BF034653E8000F00EB5B
:106B7000010243E8002C9CF0000FF6D1704700BFE3
:106B8000034653E8002F02EB010043E8000C9CF0A1
:106B9000000FF6D1704700BF034653E8002FA2EB69
:106BA000010043E8000C9CF0000FF6D1704700BFD5
:106BB0000346012253E8000F40EA020143E8001CAB
:106BC0009CF0000FF6D1704740B139B110B40C6899
:106BD0000160234611465DF8044B18470E207047AC
:106BE0002DE9F047DDF820A048B342B306684EB364
:106BF0001D460BB34768D7F80490B3FBF9F809FBBF
:106C00001838B8F1000F17D142EA0104A4078E46E4
:106C10000FD1C468A1420CD3046901F1FF3E754451
:106C2000A54206D8CDF820A0F468A446BDE8F047F8
:106C300060471020BDE8F0870920BDE8F0870E20EE
:106C4000BDE8F0870820F5E7D8B1F0B50668D6B101
:106C5000AAB1446827687C1E0C428E460DD1C468D8
:106C6000A1420AD34C1E07FB024E0469A64504D874
:106C70003469A446BDE8F04060471020F0BD09200B
:106C8000F0BD0E2070470820F0BD00BF29DF70471F
:106C900028DF704703689A6852B310B586B00023A6
:106CA000CDE902330093049303798468059401913C
:106CB0008BB1012B03D06846904706B010BDC36866
:106CC000416904911B0302208DF80000029368467D
:106CD000904706B010BDD0E9031443690493012026
:106CE0008DF80000CDE902416846904706B010BD1E
:106CF000704700BF0846704700207047024B187A63
:106D0000003818BF01207047884A0020034B187ACA
:106D10000122B0FA80F05A7440097047884A002076
:106D200008B510461A4603F0C0FC002008BD00BF9D
:106D300010B5064B06480024C3E90044C3E90244E9
:106D40001C61FAF725FE204610BD00BF884A0020CE
:106D5000784A002010B50A4C0A4B43602046FFF7E2
:106D600027FF08B1002010BDFEF720F9024622746B
:106D7000054906481C238C22FAF7F2FD002010BDBD
:106D8000884A002010C60300EC490020784A002001
:106D900038B5254D2B7AFBB1244B1C6802232B728E
:106DA000237923B3012B0CD020460321FFF772FF78
:106DB00000232B726B601E491E48BDE83840FAF76D
:106DC0007DBED4E903031844FFF762FF18B311280E
:106DD000EAD101232B7238BD15491648FAF73CFE5B
:106DE000124B044618600028D8D1686038BDD4E939
:106DF0000523D21AB2F5805F28BF4FF48052920863
:106E0000E1682069012A38BF012219441844FFF7BC
:106E10003DFF0028DBD12B7C002BDCD1BDE83840C6
:106E2000022000F009B800BF884A0020A04A0020D4
:106E30009C4A0020784A002010B5254C237A93B153
:106E4000022B06D103280FD1E3680133082B2AD87F
:106E5000E360637C1BB9BDE81040FFF799BFBDE854
:106E60001040FEF793B810BD1A4B00221B68E26079
:106E70001A79FAB1012AECD1D3E9042101328A420C
:106E80001A61E6D10022022822720CBF11460D21A0
:106E90001846FFF7FFFE10491048FAF70FFE637C13
:106EA000002BDCD1D7E70B4B00221B68E26022727B
:106EB0000D21EDE7D3E90512A1EB020CBCF5805FD3
:106EC00094BF624402F5805291429A61C1D1D9E7E0
:106ED000884A0020A04A00209C4A0020784A0020CE
:106EE000831E012B01D8FFF7A7BF704700F0FD03F9
:106EF000012B00D07047A0F10100044BB0FA80F0E4
:106F0000002240095A741874FFF742BF884A0020D3
:106F1000F0B585B007460C46184803A915461E462D
:106F2000FAF758FD30B38446240B866007600123CE
:106F3000CCF80C40124E1148CCF814500024CCF878
:106F4000044003A9CCF81040CCF818408CF8043069
:106F5000FAF772FD301DFFF72BFE10B1204605B089
:106F6000F0BD737C002BFAD10190FFF711FF01985F
:106F700005B0F0BD042005B0F0BD00BF784A002088
:106F8000884A0020F0B585B006460F46164803A98A
:106F900015461C46FAF71EFD10B384460A9B066090
:106FA00083600761114ECCF8144000240E48CCF8E1
:106FB0000C5003A9CCF80440CCF81840FAF73CFD7B
:106FC000301DFFF7F5FD10B1204605B0F0BD737C14
:106FD000002BFAD10190FFF7DBFE019805B0F0BD60
:106FE000042005B0F0BD00BF784A0020884A002088
:106FF00013DF70470023D3F8F80F421C01D0FFF7CE
:10700000F7BF4FF010235869431CF8D10420704794
:107010000148FFF7EDBF00BF00C00100A0DF7047CF
:10702000A1DF7047ADDF7047B3DF7047B4DF704753
:1070300030B50D4B83B01A68019242F6A6230125A4
:1070400001AA69460446ADF80030ADF80250FFF7DA
:10705000E5FF08B103B030BD044B2A46197820463D
:10706000FBF74AFB03B030BD3CC603009F4B00203A
:1070700070B54FF6FF738AB000249842CDE9004402
:10708000CDE902440494ADF802001CD0054600F09E
:1070900049FC1128064643D017D8E0B10B2829D166
:1070A0000F23BDF802008DF8003000F047FD0346C5
:1070B0006846ADF80430FCF7A5FC2246194B28467B
:1070C0001978FBF719FB0AB070BD43F2020398422E
:1070D00010D12246F2E70E23BDF802008DF80030F1
:1070E00000F02CFD03466846ADF80430FCF78AFC3E
:1070F0003246E3E7002407232846CDE90544CDE9DD
:1071000008448DF81430ADF81650079600F016FDBF
:10711000034605A8ADF81830FCF774FC2246CDE70D
:107120000122CBE7A24B0020FFF7A2BF2DE9F047D9
:10713000DFF8548188B098F800100746FBF7C0FAD2
:1071400010B108B0BDE8F0870446384600F050FCA6
:1071500011280CD8112825D8DFE800F07D2424243C
:10716000242448244F24242424242424243A43F28D
:10717000020290422CD043F20142904212D1384692
:10718000FFF776FF01263F4B324619783846FBF76A
:10719000B3FA98F800102246384608B0BDE8F04728
:1071A000FBF7AABA0023CDE90333CDE906330590F6
:1071B000072338468DF80C30ADF80E7000F0BEFC99
:1071C000034603A8ADF810300126FCF71BFCDAE7F4
:1071D0000126D8E701AB294603AA38460493FFF7F6
:1071E00021FF18B9BDF80430002BCCD1384600F08F
:1071F000A5FC00F019FC0026C5E70DF10600FFF71D
:1072000013FFBDF80630012BF0D90026012502A995
:107210004FF0020942F6021A09E0BDF80830534562
:10722000D8D0BDF806300135ADB2AB42DED9284624
:107230000022CDE90391FFF7F9FE42F6052300286D
:10724000D4D102A9002EE8D1BDF80860F61AB6FA2A
:1072500086F67609E5E7002310223846CDE90333A8
:10726000CDE9053307938DF80C20ADF80E7000F0D2
:1072700065FC0124034603A8ADF810302646FCF750
:10728000C1FB80E7A44B0020A54B002030B50121B5
:1072900087B005462948FFF739FCBFF35F8F08B177
:1072A00007B030BD0446284600F0F0FA86280246B2
:1072B00023D00FD8C8B1112833D1214B012219781E
:1072C0002846FBF719FABFF35F8F1C4B00221A60A8
:1072D00007B030BD43F20203984222D1184B224638
:1072E00019782846FBF708FAEDE7154B1978284678
:1072F00007B0BDE83040FBF7FFB9CDE903440623F2
:10730000CDE9014428468DF80430ADF806500594C7
:1073100000F014FC034601A8ADF80830FCF772FB3E
:10732000DCE700240723CDE90144CDE904448DF8CE
:1073300004302846ADF806500392E9E7A44A00203D
:10734000A34B0020037803B1704730B5044683B0E7
:107350004088FFF78DFE6588284600F033FBA0B912
:107360006488204600F0EAFB00236A460921FBF707
:1073700063FD052818D0104B104918780022FBF740
:10738000FFF9024640B103B030BD0D4B0122197820
:107390002846FBF7B1F9E3E70A4B0B49187803B02D
:1073A000BDE83040FBF7ECB9064B012219782046C6
:1073B000FBF7A2F9DFE700BFA34B00208D720300AB
:1073C000A44B0020A04B00203170030070B503785F
:1073D000082B82B009D0314C314920780022FBF7CC
:1073E000CFF9024650B302B070BD467A0446002E73
:1073F000F1D1057A072D29D0082D45D0012DEAD1EC
:1074000080886A462946FBF7F9FF06460028E2D144
:10741000019B1B78002BDED0A08800F003FC4FF608
:10742000FF739842D7D01F4C2A462178FBF764F9A6
:107430001D4920783246FBF7A3F9CCE71B4B1C49CA
:10744000187802B0BDE87040FBF79AB98088134CF9
:1074500000F0E8FB4FF6FF7398420546BCD0217858
:107460000122FBF749F9284600F068FB33466A46DB
:107470000921FBF7E1FC0528AED10C4B012219785C
:107480002846FBF739F9A7E70A4B1A68012AA2D167
:10749000BFF35F8F014C1E609EE700BFA34B00202F
:1074A0008D720300A44B00202D710300A04B00201F
:1074B00031700300A44A00202DE9F843FBF7F6F8E9
:1074C0001E4C1F4D2070FBF7F1F82870FBF7EEF80B
:1074D0001C4E1D4F3070FBF7E9F83870FBF7E6F8EB
:1074E000DFF87080DFF8709088F80000FBF7DEF8B6
:1074F00089F80000FBF7DAF82378144A182B10708B
:1075000019D02B78182B16D03378182B13D03B7842
:10751000182B10D098F80030182B0CD099F80030A8
:10752000182B08D0182806D0094B00201860BFF38C
:107530005F8FBDE8F8830320BDE8F883A34B0020EC
:10754000A24B0020A44B0020A54B0020A14B002003
:10755000A44A0020A04B00209F4B002030B50D4BCB
:1075600083B000220C4619780B4B0192054600931C
:10757000FBF7C2F809490A4B2846002C08BF0B4606
:10758000019300F0DBFA00226946FBF7CDFC03B063
:1075900030BD00BFA04B00200100090040C6030021
:1075A00044C6030070B503888588353B86B0044621
:1075B0001F2B2AD8DFE803F061102929292929295E
:1075C000292929292929292929292929292929292B
:1075D0002929298429A32938554E28463178FBF7D3
:1075E0006FF890B1317800222846FBF785F8E188E2
:1075F000002940F08980E389012B03D1217C0039E7
:1076000018BF01212846FFF7A9FF4A4C4A4B4B49B6
:1076100018780022FBF7B4F849492078002206B018
:10762000BDE87040FBF7ACB8002611232846CDE931
:107630000166CDE903668DF804300596ADF8065075
:1076400000F07CFAADF8080000F0EEF93D4B394C43
:10765000197832462846FBF74FF8217832462846FB
:10766000FBF74AF8BDF8060000F068FA034601A8E7
:10767000ADF80830FCF7C6F9C8E7334E2846317834
:10768000FBF71EF80028C0D0002231782846FBF70F
:1076900033F8E288002A39D02C4B264C19782C4B31
:1076A00000222846CDE90132FBF726F8294B029348
:1076B000284600F043FA002201A9FBF735FCA5E7B4
:1076C000037B012BA1D1827A012A9ED1018942F646
:1076D0000213994299D1204C28462178FBF70CF8E7
:1076E00000221E492078FBF74BF8024600288CD177
:1076F000164B1B4918780F4CFBF742F886E72846D3
:10770000FFF7B6FC0B4C81E700217BE7A689012E31
:10771000C2D1E1892846FFF783FC0028BCD1044B85
:10772000044C197832462846FAF7E6FF6EE700BFA8
:10773000A14B0020A44B0020A24B00202971030084
:107740002D710300A54B00209F4B0020A04B002073
:107750000100090040C60300A34B00208D72030006
:10776000317003002DE9F0418CB000F01DF901A843
:10777000FAF77EFF019EDFF85480DEB100244FF659
:10778000FF7703E00134A4B2B44213D20CAB03EB95
:10779000440333F8285C284600F0D0F9B842F1D110
:1077A000013498F8001001222846A4B2FAF7A4FF89
:1077B000B442EBD3044998F8000000220CB0BDE8B5
:1077C000F041FAF7DDBF00BF2D710300A44B00208C
:1077D000AFDF7047B1DF7047B2DF7047B3DF70478C
:1077E00070B51E4B1E4C93E80300238888B04FF6FB
:1077F000FF7601ADB34285E8030007D127E020887A
:10780000FBF7FEFBB0420346208020D01846002242
:107810002946FBF789FB03460028F0D00022208888
:107820000792112BCDE90322CDE90522ADF8100016
:107830000DD0862B0DD007228DF80C20059300F07B
:10784000F1F9034603A8ADF80E30FCF7EFF808B0E5
:1078500070BD06238DF80C30F1E700BF48C6030069
:10786000804B0020044A12884FF6FF739A4200D1E1
:107870007047FFF7B5BF00BF804B0020024B4FF6AB
:10788000FF721A8000207047804B00202DE9F041E4
:1078900082B0074600F052F94FF6FF7398423AD093
:1078A000064601224FF003086B4608213046551C5E
:1078B000FBF7A8FD0446ADB203233846E4B9019AAC
:1078C000911D42F8048BFFF787FF034608213046DD
:1078D000CBB10C2B03D1FBF7FBFD2A46E4E70821D3
:1078E000052B18BF1C46FBF7F3FD002818BF032427
:1078F000204602B0BDE8F081072C08BF0C242046CA
:1079000002B0BDE8F0813246FBF708FE044620468F
:1079100002B0BDE8F08143F20204204602B0BDE8A7
:10792000F08100BF2DE9F04182B0064600F006F973
:107930004FF6FF7398422CD1002703243D464FF0A9
:10794000010823463A4629463046FFF743FF0428FC
:107950000AD008280AD00B280AD0B8F1000F08BFB7
:107960000B2002B0BDE8F0811120F6E70020F4E71B
:1079700014F0020404D13DB127463D46032400E043
:1079800001244FF00008DCE7002FEAD003242F4643
:10799000F7E76A460821FBF731FD0028CCD1019DAD
:1079A000AF882C680635CAE708B54FF6FF70FBF7BD
:1079B00027FB034B1880BDE80840FFF711BF00BF4D
:1079C000804B002000B585B00DF10703039300F054
:1079D000B5F802AA0121FBF711FD20B9039B187825
:1079E00005B05DF804FB002005B05DF804FB00BFA6
:1079F00070B50C4E04463046FFF7F0FE78B931887A
:107A000043F203054FF6FF722046FFF7E1FEA8425E
:107A100000D070BD3188013189B23180F2E7032096
:107A200070BD00BF824B002000B5084B844693E830
:107A3000030083B06B4683E80300002219466046CA
:107A4000FBF772FA03B05DF804FB00BF50C60300F9
:107A500046DF70472DE9F041102205460E46013001
:107A6000013102F012FE78BB04462B4605F11001ED
:107A700013F8012F52BB9942FAD16F7C96F811800E
:107A800087EA080313F0FE0F16D106F1120105F183
:107A90001200062207F0FE0702F0F7FD042F0FD0B8
:107AA000062F0DD008F0FC08B8F1040F08D0B0FA8A
:107AB00080F04009BDE8F08107F0FE07042F13D1E4
:107AC00004F00100BDE8F0810024D6E7334606F15A
:107AD000100113F8012F2AB98B42CED013F8012FD1
:107AE000002AF9D00124C8E7062FE9D008F0FC08E5
:107AF000B8F1040FE4D00020E4E700BF70B584B013
:107B000005460E46FBF7DCF902AA0DF10601072037
:107B1000FBF7DEF9034628465BB1BDF80640B442E8
:107B2000F2D00399FFF796FF0028EDD0204604B06D
:107B300070BD4FF6FF74204604B070BD13280DD8F9
:107B400010B50446FAF7ECFC28B1064B04EB8404AC
:107B500033F8140010BD4FF6FF7010BD4FF6FF70E4
:107B6000704700BFA84A0020132816D838B504462D
:107B70000D46FAF7D5FC68B1094804EB840400EB24
:107B800044040020E388D4F80220AB80237A2A60E2
:107B9000AB7138BD43F2020038BD43F202007047BA
:107BA000A84A002010B504884CB9821C00F10A0CC8
:107BB00012F8013B1BB99445FAD1002010BD0B8887
:107BC000A342FAD108220231023002F05EFDB0FA7F
:107BD00080F0400910BD00BF30B585B00546FBF709
:107BE0006FF90CE0039C04F14601FFF7DBFF03464D
:107BF00004F12A01284683B9FFF7D4FF68B902AA25
:107C00000DF106010720FBF763F903462846002B18
:107C1000E8D14FF6FF7005B030BDBDF8060005B0E5
:107C200030BD00BF4FF6FF7398422DE9F04118D0E8
:107C30000024DFF838800746254601E0642C10D088
:107C400038F81430BB42AEB204F1050405F1010569
:107C5000F4D13046FAF764FC0028EFD03046BDE896
:107C6000F0814FF6FF763046BDE8F081A84A00204B
:107C7000132804D8024B00EB800023F81010704743
:107C8000A84A0020F8B54FF6FF7398421FD0002491
:107C9000114F0646254603E0642C05F1010515D079
:107CA00037F81430B34204F10504A8B2F4D1FAF75E
:107CB00037FC0028F0D03046FBF73EFB28B905EB37
:107CC00085054FF6FF7327F81530F8BD3046BDE83F
:107CD000F840FBF731BB00BFA84A002010B58CB0BC
:107CE000144610306B460DF1100E10F801CD03F85C
:107CF00001CB9E45F9D10023049391F800C08EF882
:107D00000C30CEE901334A788B788DF81E20684616
:107D10008DF81D308DF81FC0FFF79AFE9DF82F10CB
:107D20009DF82E209DF82D3021706270A3700CB04C
:107D300010BD00BF0388102B2CD1F0B500F1040C4E
:107D4000BCE80F0095B00DF1280EAEE80F00BCE8BE
:107D50000F00AEE80F009DF82C609CE8030006F0D1
:107D6000FE07062F8EE8030015D1BDF828304E49D6
:107D7000BDF830400B9803EB83035B00CA18D48036
:107D80004FF6FF74CC529DF832301372C2F80200E5
:107D900015B0F0BD7047FBF793F89DF82C30032B1E
:107DA0004FEA530253D9022ADFD105AC0DF1060583
:107DB000224629460720FBF78BF8002860D0042FC5
:107DC000F6D10C9B0698ADF810301B0C8DF81230D4
:107DD000BDF82D30ADF8083003AA9DF82F308DF88E
:107DE0000A30013004A9FFF779FFBDF80820BDF87B
:107DF0000C309A42DCD19DF80E309DF80A209A4250
:107E0000D6D1BDF82810284BBDF806500B9801EBD1
:107E1000810252009D521344BDF83020DA804FF6A3
:107E2000FF72C3F8020095429DF832001872AFD07D
:107E300000232046ADF816108DF81430ADF8185018
:107E4000FBF708FE2046FFF77DFA15B0F0BD05AC44
:107E50000DF10605224629460720FBF739F80622D0
:107E600070B106994B7C734013F0FE0F01F11201C3
:107E7000F0D10DF12D0002F008FC0028EAD1C0E796
:107E8000BDF8283008490B9803EB83035B00CA1840
:107E90004FF6FF74CC52BDF830109DF83230C2F866
:107EA0000200D180137273E7A84A002082B010B597
:107EB0008C4684B049688646DCF800000DF1080C59
:107EC000ACE8030006A981E80C00039BDA070EEB7F
:107ED000630C12D55A10029B5EF80220D45808ABEE
:107EE00093E803008DE8030006AB0CCB6046A04787
:107EF00004B0BDE8104002B07047029CEFE700BF3D
:107F00002DE9F04F83B0DDE90CABBDF83870002BE4
:107F100041D080460E4691461D46BAF1000F3DD035
:107F20000F2E01D1C02F36D1282002F086FB044647
:107F30001030F4F70DFE18202680A4F8029002F00D
:107F40007CFBCDE900AB47F00207A7806B460746F4
:107F50000246A06003CB47F80C5B0023D8F8006012
:107F6000D360E3607B609160506075680D4951613A
:107F7000C4E908330C4B9D4208D12046EFF7D6FCEC
:107F8000204603B0BDE8F04F02F055BB2146404605
:107F9000A8470028F1D103B0BDE8F08F1BF0010F16
:107FA000BED1F8E7AD7E030039DA01002DE9F043D8
:107FB0008DB00446149FDDF85490884616461D4641
:107FC0005FB306A8F4F7C4FD1820ADF80880ADF83B
:107FD0000A6002F032FB0146CDE9007941F80C5B02
:107FE0000023EC460246C3604B60BCE803005060CF
:107FF0002068916005930D498568049251610C4A8F
:108000000A9312219542ADF80C100B9309D102A8E6
:10801000EFF78CFC0DB0BDE8F08319F0010FD0D163
:10802000F8E761462046A847F1E700BFAD7E0300B0
:1080300041DA010070B583681A49DA88B3F808C0DC
:10804000194E86B000250491059506A9044680F8CE
:108050002850034611E90300C2F30022C2F10502D1
:108060008DE8030092B261463068FFF79FFF0F4B27
:10807000CDE9023502AB93E8030042F210728DE8BD
:108080000300234630682321FFF790FF00220023DE
:1080900004F11000C4E90823E56006B0BDE87040B3
:1080A000EFF724BB69CE010080430020A1CE010080
:1080B00090F82830054A10B5044602600BB92046F6
:1080C00010BDFFF7B7FF204610BD00BF68C6030014
:1080D00090F82830084A10B50446026023B92046BB
:1080E00002F0A9FA204610BDFFF7A4FF204602F0D7
:1080F000A2FA204610BD00BF68C6030090F82830E1
:1081000010B5044683B9237963B123680C4A9B6890
:1081100093420CD194F828300A4A22605BB9204679
:1081200002F089FA002010BDFFF784FFEBE720463C
:108130009847002010BD2046FFF77CFFEFE700BF07
:10814000D180030068C6030070B50B4B0360044682
:10815000002500F1100685802A4681600121304605
:10816000EFF708FA3046E560E56284F82850EFF74B
:108170000BFA204670BD00BF68C603002DE9F04130
:1081800090F8283088B004460D46002B36D1806820
:10819000314A03685B6D93425AD1304B04934FF0E0
:1081A0000008CDF8148004AB0789C2882C4E93E8F0
:1081B00003008DE80300C2F300223946C02702976E
:1081C000C2F10502306892B22346FFF799FE254BB3
:1081D00002970693CDF81C8008AB13E903008DE8E5
:1081E00003003068204E234642F210722321FFF72D
:1081F00087FE3378EBB1012384F828308DB9002253
:108200000023C4E90823002304F11000E360EFF722
:10821000BBF9E068154B002808BF184608B0BDE858
:10822000F081F1F73BF8281841EBE571C4E908014A
:10823000E9E70093232242F2107342F2107000210A
:10824000F1F73CF801233370012384F82830D5E797
:1082500003219847A068A0E74127020069CE0100EA
:1082600080430020A1CE0100A64B002011FCFFFF9F
:10827000024B1868BFF35B8F704700BFDC250020FE
:10828000024B1868BFF35B8F704700BF704B002034
:10829000194A20F0004393421DDDB3F1FF4F06DB86
:1082A00007EE900A77EEE77A17EE900A704700B56E
:1082B00083B0694600F0CAF900F00302012A01996F
:1082C00000980BD0022A11D06AB1012200F0D2FE30
:1082D00003B05DF804FB002100F0F4BA00F0CAFE20
:1082E00080F00040F4E700F0EDFAF1E700F0EAFA80
:1082F00080F00040ECE700BFD80F493F1B4A20F058
:10830000004393421EDDB3F1FF4F06DB07EE900AF8
:1083100077EEE77A17EE900A704700B583B06946AA
:1083200000F094F900F00300012801990ED0022812
:1083300015D078B1009800F0C5FA80F0004003B085
:108340005DF804FB0021002200F094BE009800F0CC
:10835000B9FAF4E70098012200F08CFEEFE70098EC
:10836000012200F087FE80F00040E8E7D80F493F87
:10837000E4F7C6BD00F054B808B52DED028B08EE49
:10838000100A00F0FBF8B4EE488AF1EE10FA03464A
:108390000ED6B5EEC08AF1EE10FA09D8B5EE408AD5
:1083A000F1EE10FA08D101F07FF92222084B0260A9
:1083B000BDEC028B184608BD01F076F9BDEC028BCE
:1083C000034621221A600348BDE8084000F0D0BFF0
:1083D000000080FFA8B6030008B52DED028B08EE63
:1083E000100A00F067FAB4EE488AF1EE10FA06D6E9
:1083F000DFED0A8AB4EEE88AF1EE10FA02D4BDECA1
:10840000028B08BD01F050F9C8EEA87ABDEC028BD2
:10841000034621221A6017EE900A08BD00000000F2
:1084200010B582B007EE900A0191019B23F0004243
:10843000B2F1FF4F32DC20F00041B1F1FF4F844632
:108440002CDCB3F17E5F4BD09C1704F0020444EAAD
:10845000D07459B3B2B3B2F1FF4F48D0B1F1FF4F6E
:1084600030D08A1AB2F1F45F4FEAE2513DDA002BC4
:1084700049DA3C3147DA0020012C5CD0022C4DD087
:1084800094B106EE900ADFED337A9FED337A76EE03
:10849000A77A77EEC77A17EE900A05E09DED017A8C
:1084A00077EE277A17EE900A02B010BD022C15D095
:1084B0009FED2A7A032C0CBF17EE100A17EE900AD4
:1084C00002B010BDDFED267A9FED267ABCF1000FD9
:1084D000B4BF17EE100A17EE900AE5E72248E3E76B
:1084E00002B0BDE8104000F017BE2048C4E7B1F16B
:1084F000FF4F04F1FF3421D0022C26D81C4B03EB94
:1085000084042068D0E79DED017AC7EE877A17EEE4
:10851000900A00F0E1FE00F0FFFDADE706EE900AE4
:10852000DFED0C7A9FED0C7A76EEA77A77EE677A1C
:1085300017EE900AB8E700F10040B5E7022C06D824
:108540000C4B03EB84042068AEE70020ACE70A483C
:10855000AAE700BF2EBDBB33DB0F4940DB0F49C08C
:10856000DB0FC93FDB0FC9BFDB0F4940DB0FC93F42
:1085700080C6030074C60300DB0F493F08B530F026
:1085800000432DED028B07EE100A2DD0002836DBBC
:10859000B0F1FF4F47DAB0F5000F3BDB0022C31507
:1085A0007F3B1344DA0F03EBD37307EE903AC2F12B
:1085B0007F02C0F3160040EAC250B8EEE78A00F02E
:1085C00053FF9FED1C7ADFED1C6A07EE900A27EE41
:1085D000877ADFED1A7AA8EE267AA8EE277ABDEC24
:1085E000028B17EE100A08BD9FED157ADFED157AA4
:1085F000C7EE277ABDEC028B17EE900A08BD77EE26
:10860000477A9FED107AC7EE877ABDEC028B17EEA2
:10861000900A08BDDFED0C7A67EE277A6FF018023A
:1086200017EE900ABBE7BDEC028B77EE077A17EEE8
:10863000900A08BDD95BDE3EDB27543580209A3E88
:10864000000000CC000000000000004C70B58B4A18
:1086500020F00044944286B00D466FDD884A944273
:10866000064622DC0028DFED877A874A07EE100AEB
:1086700024F00F0440F3E980944277EE677A09BF53
:10868000DFED826A9FED827A9FED827A77EEE67A5D
:10869000012077EEC76A77EEE67AC1ED006A77EEE1
:1086A000C77AC1ED017A06B070BD7B4A944255DDB0
:1086B000B4F1FF4F48DAE215863AA4EBC25307EE55
:1086C000903ABDEEE77ADFED756AB8EEC77A77EEDD
:1086D000C77A8DED037A67EEA67ABDEEE77AB8EE3B
:1086E000C77A77EEC77A8DED047A67EEA67AF5EE53
:1086F000407AF1EE10FACDED057A40F09580B5EEB6
:10870000407AF1EE10FA14BF02230123644901916B
:108710000221009103A8294600F05CF9002EC2DA7C
:1087200095ED007AD5ED017AB1EE477AF1EE677AF0
:1087300085ED007AC5ED017A4042B4E72860002259
:1087400000204A6006B070BD07EE900A77EEE77A27
:108750000020C1ED017AC1ED007AA4E700F0BCFD74
:10876000DFED506ADFED475A07EE100AF6EE007AA9
:10877000E7EE267ADFED466AFDEEE77A17EE900A1D
:10878000B8EEE76A1F28F0EE477AE6EE657A26EE45
:10879000267AF1EE465A1EDC434A411E24F0FF03BE
:1087A00052F82120934216D077EEC76AC5ED006AD1
:1087B00077EEE67A002E77EEC77AC5ED017ABFF63E
:1087C00072AFF1EE666AF1EE677AC5ED006AC5ED4B
:1087D000017A404267E777EEC76AE21516EE903AF3
:1087E000C3F3C753C3EBD454082CDFDD9FED277AC6
:1087F000DFED286AB0EE675AA5EE875A77EEC57AA4
:10880000E5EE877AD6EE267A75EE676AB0EE677A7D
:1088100016EE903AC3F3C753D21A192A06DCF0EECB
:10882000457AC5ED006AC3E703236FE7DFED1F6AF2
:10883000DFED1F4AF0EE457AE5EEA67A35EE677A6F
:10884000A5EEA67A96EE247AAEE7944277EE277AE2
:1088500009BFDFED0E6A9FED0E7A9FED0E7A77EE7F
:10886000A67A4FF0FF3077EE876A77EEE67AC1EDB1
:10887000006A77EE877AC1ED017A14E7D80F493F95
:10888000E3CB1640800FC93FD00FC93F00443537B6
:108890004344353708A3852E800F494300008043A9
:1088A0000CC7030084F9223F8CC6030000A3852E69
:1088B00032318D2407EE900AF1EEE77A17EE900A36
:1088C000704700BF20F00043B3F1485F06EE100A86
:1088D00007EE901A2EDABDEEC67A17EE103A002B8C
:1088E00064D066EE066A9FED337A9FED334ADFED82
:1088F000334A9FED335ADFED335AA6EE874A9FED98
:10890000327AE6EE844AA6EEA45AA6EE857AE6EE20
:10891000875A66EEA55A67EEC67AB6EE006AE6EEAC
:10892000A57AB7EE007AD6EE867A77EE677A17EEFA
:10893000900A704766EE066A9FED1E7A9FED1E4A0A
:10894000DFED1E4A9FED1E5ADFED1E5A1F4AA6EEAE
:10895000874A93429FED1C7AE4EE264AA4EEA65A7B
:10896000A5EE267AE7EE265A65EEA65AD3DD184A1A
:10897000934216DC03F17F4307EE103AB7EE005A3C
:1089800035EE475A67EEC67AB6EE006A96EE867AFC
:10899000E6EEA57A77EE677A75EE677A17EE900ABB
:1089A0007047B6EE075AB5EE027AEBE74FF07E500D
:1089B000704700BF4ED747ADF6740F317CF293B4C9
:1089C000010DD037ABAA2A3D610BB6BA9999993EF1
:1089D0000000483F2DE9F04F2DED048BDBB01C4625
:1089E00003930691A74B6899089253F82150111DE3
:1089F000824604F1FF38C0F2B882D31E48BF131D6F
:108A0000DB1002930133DB000793DDE907239B1A98
:108A10000593029B15EB0801A3EB080216D4013164
:108A20009FED997A699811441EAB002AA4BF50F8B3
:108A3000224007EE904A02F10102ACBFF8EEE77A5D
:108A4000F0EE477A8A42E3EC017AEED1002DC0F2D3
:108A5000FC82039B1EAA02EB830446AE4FEA830C02
:108A60004046EF180AEB8301B8F1000FDFED867A7C
:108A700009DB22465346F3EC016A32ED017A8B4260
:108A8000E6EE877AF7D10130B842E6EC017A04F1DC
:108A90000404E9D109AB0AAF03EB850907EB8503B1
:108AA000083B9FED7B9ADFED798ADDF814B00493E3
:108AB0000AEB0C042B4646AE00955AAA02EB830241
:108AC000002B52ED146A4FEA830516DD06EB830294
:108AD000394666EE897AB0EE667AFDEEE77A32EDD7
:108AE000016AF8EEE77AB242A7EEE87A77EE866A94
:108AF000BDEEC77AA1EC017AEBD116EE900A594689
:108B0000019300F039FC08EE100AF4EE007A68EEEA
:108B1000277A17EE900A00F0E3FB06EE900AF0EEDB
:108B2000487AB2EE007AE6EEC77ABBF1000F019BFD
:108B3000FDEEE79AB8EEE98A37EEC88A75DD03F1F3
:108B4000FF3ECBF1080057F82E1041FA00FC0CFA5A
:108B500000F0081ACBF1070219EE901A40FA02F25F
:108B60006144002A47F82E0009EE901A65DCB5EE44
:108B7000408AF1EE10FA40F0C580009903F1FF3C05
:108B800061450EDC03F18041013907EB81010020D2
:108B900051F80459494540EA0500F9D1002840F050
:108BA000FC80009A013A57F82220002A40F0F08019
:108BB000049A012552F8041901350029FAD003F16D
:108BC000010E1D447146039A1344029A02EB0E0CE7
:108BD0000CF1804C699A0CF1FF3C02EB8C0C1EAA44
:108BE00006EB8E0E02EB8300DCED017A9FED267A18
:108BF000F8EEE77AB8F1000F0CF1040CC0ED007A42
:108C0000024600F1040009DB534601E072ED017AEF
:108C1000F3EC016AA342A6EEA77AF7D10131A9428B
:108C2000AEEC017AE0DD2B4647E740F0A7805A1E04
:108C300057F82220D211002A99DD19EE901A002B44
:108C400001F1010109EE901A40F3A581386800286E
:108C500040F08A80012B27D039464FF0010C51F8A3
:108C6000040F002800F084800CF10101C0F5807031
:108C70008B4247F82C0016DD57F821003D4407EBE6
:108C800081010AE050CA0300000000000000804398
:108C90000000803B0000C93F0868C0F1FF0041F8B8
:108CA000040BA942F8D10120BBF1000F0DDDBBF18F
:108CB000010F00F05281BBF1020F06D15D1E57F883
:108CC000251001F03F0147F82510022A7FF44FAF2D
:108CD000F7EE007A37EEC88A00283FF448AF17EE67
:108CE000900A59460992019300F046FB07EE900A5C
:108CF00038EE678A099A019BB5EE408AF1EE10FAC8
:108D00003FF43BAFCDE90132DDE9073218EE100A3E
:108D1000991A009D00F030FB5FED246A07EE900A7F
:108D2000F4EEE67AF1EE10FADDE90132C0F25B8191
:108D30001FED297A059927EE877A0831BDEEC77AAB
:108D40000591B8EEC77A03F1010BE7EE667ABDEE46
:108D5000C77AFDEEE77A17EE901A47F8231017EE60
:108D6000103A47F82B302FE001214FF0000C7DE73F
:108D70000CF1010C9C457FF472AF95E7F6EE007A9A
:108D8000B4EEE78AF1EE10FA80F2F4800022EEE60B
:108D900003F1010E7146754615E70599009DA1F195
:108DA000080057F82C100590E34669B903F1804399
:108DB000023B07EB8303014653F804090BF1FF3B29
:108DC00008390028F8D00591059900924FF07E509F
:108DD00000F0D2FABBF1000F07EE100A009AC0F2C1
:108DE00027814FEA8B0E46AB03EB0E060EF1040C07
:108DF0005FED596A07EB0C03311D73ED017AF8EE54
:108E0000E77ABB4267EE877A27EE267A61ED017A30
:108E1000F3D1002D1FED616A4FF0000420DB934871
:108E2000DFED937AB0EE467A3146002303E09C42B0
:108E300008DBB0EC017AF1EC016A01339D42E6EE09
:108E4000877AF4DA5AAB03EB8403A34543ED287A1F
:108E5000A6F1040604F1010305D0002D1C46DEDA5C
:108E6000DFED837AEEE7689902291CDC002900F324
:108E700094800FD132ABDFED7E7A9C443CED017AD9
:108E8000634577EE877AF9D10AB1F1EE677A069BEE
:108E9000C3ED007A19EE903A03F007005BB0BDEC29
:108EA000048BBDE8F08F689B032BF3D1BBF1000F5F
:108EB00000F0D3800EF5B4736B4432A913ED287A19
:108EC00001EB8B0373ED017AF0EE476A37EE277AF8
:108ED000994277EEC77A83ED007A77EEA67AC3EDF2
:108EE000017AEFD1BBF1010F40F3B7800BF1804B5A
:108EF0000EF5B4730BF1FF3B0DEB030E4FEA8B0B3A
:108F00000BF104031EED287A0B4433A873ED017AAC
:108F1000F0EE476A37EE277A984277EEC77A83ED0C
:108F2000007A77EEA67AC3ED017AEFD10BF1080B48
:108F3000DFED4F7A01EB0B03083133ED017A9942F3
:108F400077EE877AF9D1002A55D10699329A339B68
:108F50000A604B60C1ED027A9CE75D1E57F8251050
:108F600001F07F0147F82510AFE60823079300239F
:108F700002934AE519EE902A002B02F1010209EE54
:108F8000902AC8BF02223FF761AEF7EE007A37EEB3
:108F9000C88A0222EBE5002086E632A9DFED347AAA
:108FA00001EB830333ED017A994277EE877AF9D1A9
:108FB0009DED327A8ABB069BBBF1000FC3ED007AB0
:108FC00077EE677A0BDD33A90123B1EC017A013327
:108FD0009B4577EE877AF8DA0AB1F1EE677A069B5D
:108FE000C3ED017A56E7FDEEE77A9B4617EE901A3D
:108FF00047F82310E8E6DDED326A9DED337A069BF3
:10900000F1EE666AB1EE477AF1EE677AC3ED006A77
:1090100083ED017AC3ED027A3CE7069BF1EE676AC5
:10902000BBF1000F77EE677AC3ED006ACBDCD4E7C3
:10903000689B022B0DDC002B14DC7FF42BAFDFEDE3
:109040000C7A002A3FF423AF1FE7039B4FEA830CFF
:1090500020E5689B032B7FF41DAFDFED057A002A26
:10906000C9D172E7DFED027AA2E700BF28CA030088
:109070000000000020F00043B3F1485F07EE900AC3
:1090800006EE901A04DABDEEE77A17EE103A83B3D3
:1090900027EEA77A9FED176ADFED174A9FED175A63
:1090A000DFED175AE7EE064A9FED166AA4EE875ADF
:1090B00027EE874AE5EE075AA5EE876A42B9DFED4B
:1090C000126AE7EE066AE6EE847A17EE900A7047B7
:1090D00026EE446AF6EE005AA6EEA56ADFED0B5ABC
:1090E000D6EE076AE4EE256A77EEE67A17EE900A86
:1090F00070477047D3C92E2F342FD7B21BEF3836A5
:10910000010D50B98988083CABAA2ABEABAA2A3EF9
:1091100021F00041704700BF38B520F00044B4F1A1
:10912000A14F07EE900A05460DDBB4F1FF4F5FDC5F
:10913000DFED567A9FED567A0028D4BF17EE100A5D
:1091400017EE900A38BD534B9C4262DCB4F1445F89
:1091500053DB4FF0FF3367EEA76ADFED4F4ADFEDD9
:109160004F5A9FED4F5A9FED4F4A26EEA67AB0EE2A
:10917000666AE7EE245A5A1CDFED4B4ADFED4B6A74
:10918000A5EE875AE7EE246ADFED495ADFED494A3A
:10919000E6EE875AA5EE074A9FED475ADFED476A8C
:1091A000A5EE875AE4EE074ADFED455AE4EE876AFA
:1091B000E5EE075A66EE866A25EE877A40D0414A88
:1091C00002EB830276EE876A92ED007A3E4A96EED3
:1091D000A77A02EB8303002DD3ED006A77EE677A5E
:1091E00076EEE77A17EE900AACDA80F0004038BDF0
:1091F00077EEA77A17EE900A38BD9FED347A37EEF6
:10920000877AF7EE006AB4EEE67AF1EE10FAA0DDA6
:1092100038BD00F061F82E4B9C4207EE100A16DCB8
:10922000A3F5D0039C4227DCF0EE007AFFEE006A43
:10923000E7EE276A002337EE277AC6EE877A8AE7B9
:1092400076EE876AE6EEE77A17EE900A38BD214B94
:109250009C420BDCF7EE087AF7EE006AE7EE276A2D
:10926000022337EE677AC7EE267A74E7FFEE006ACC
:10927000C6EE877A03236EE7F7EE007A77EE676A29
:1092800037EE277A0123C6EE877A64E7DB0FC93F02
:10929000DB0FC9BFFFFFDF3ED769853C59DA4B3D85
:1092A000356B883D6E2EBA3D21A215BD6BF16EBDAA
:1092B00095879DBD2549123E388EE3BDABAAAA3ED7
:1092C000CDCC4CBE6CCA03005CCA0300CAF2497123
:1092D000FFFF973FFFFF1B4020F00040704700BF9B
:1092E000C0F3C7537F3B162B07EE900A20F00042D5
:1092F00028DC002B16DB1C4A1A4110421FD09FEDC0
:109300001B7A37EE877AB5EEC07AF1EE10FA16DDE9
:10931000002804DA4FF4000141FA03F3184420EA6C
:10932000020070479FED117A37EE877AB5EEC07A6A
:10933000F1EE10FA03DD00280CDB0020704717EE79
:10934000900A7047B2F1FF4FF9D377EEA77A17EE84
:10935000900A7047BFEE007A002A14BF17EE100A79
:1093600017EE900A704700BFFFFF7F00CAF24971F5
:10937000004870470000C07F82B00190019830F033
:10938000004330D0B3F1FF4F25D210F0FF4F2DD165
:109390009DED017ADFED2D7A2D4B67EE277A99420C
:1093A000CDED017A3ADB0198C0F3C753193B0B446A
:1093B000FE2B1FDDDFED277ADFED276A019B002BF7
:1093C000B0EE677AB8BFF0EE667A67EE877A17EE8E
:1093D000900A02B07047DDED017A77EEA77A17EEBA
:1093E000900A02B07047019802B07047DB0D0B4441
:1093F000FE2BDFDC002B0BDC13F1160F17DA4CF21F
:1094000050339942D6DCDFED157ADFED156AD5E7EA
:1094100020F0FF4040EAC35002B07047DFED0F7A02
:109420009DED017A67EE277A17EE900AD9E7193396
:1094300020F0FF4040EAC35007EE100ADFED097A42
:1094400067EE277A17EE900ACBE700BF0000004CCA
:10945000B03CFFFFCAF24971CAF249F16042A20D65
:109460006042A28D0000003330F0004207EE100A87
:1094700003462DD0002834DBB0F1FF4F43DAB0F5BE
:10948000000F37DB4FF0000C7048C3F3160108449F
:1094900000F4000282F07E520A43DB1507EE102A28
:1094A0007F3B6B4A634401F10F0CF7EE007A0CEA44
:1094B000020237EE677A03EBD0534ABBB5EE407A2F
:1094C000F1EE10FA67D1002B40F09F80002070472A
:1094D0009FED607ADFED607AC7EE277A17EE900A8B
:1094E000704777EE477A9FED5C7AC7EE877A17EE82
:1094F000900A7047DFED597A67EE277A6FF0180C03
:1095000017EE903AC0E777EE077A17EE900A7047A9
:10951000F0EE007A77EE277A06EE903AC7EE273A19
:109520004F48C1F55712084402F522720243002A3F
:10953000DFED4C2A9FED4C4A9FED4C5A9FED4C3A83
:10954000DFED4C4ADFED4C7A9FED4C6A63EEA35A97
:10955000B8EEE62A65EEA56AA6EEA24AE6EE834AD2
:10956000A4EE265AA4EEA66AE5EE267A67EEA57A60
:10957000E6EE267A2EDDF6EE006A67EE266A66EEE5
:10958000876A7BBB77EEA67AE7EEE36A77EE667AC8
:1095900017EE900A7047F6EE006A9FED396AF0EE1A
:1095A000667AE7EE467A67EE076A66EEA76A002BF0
:1095B000ECD007EE903ADFED335A9FED336AF8EEC8
:1095C000E77AE7EEE56A36EEC77A97EE867A17EE27
:1095D000100A704743BB77EE677AA7EEE37A17EE7F
:1095E000100A70479FED276ADFED275A77EEA67ABB
:1095F00022EE066AA7EEA36A76EEC66A36EEC77A50
:1096000092EE257A17EE100A704707EE903A9FED1A
:109610001D7ADFED1D6AF8EEE77A27EE877AA7EE6E
:10962000A67A17EE100A7047DFED166A9FED166AEC
:1096300077EE677A66EEC26AE7EEA36A36EEC77A1D
:1096400092EE067A17EE100A704700BF20FB4A0020
:10965000F0FF7F00000000CC000000000000004C84
:10966000305CCFFF9788173E25333A3E2549923E1E
:109670004FD01C3E298E633EABAA2A3FCDCCCC3EB8
:10968000ABAAAA3ED1F717378071313F10B5054C10
:1096900013462CB10A4601460220AFF3008010BDEC
:1096A0002046FCE700000000014B1868704700BF2F
:1096B000E025002008B5074B044613B10021AFF3A5
:1096C0000080054B1868836A03B19847204600F074
:1096D000ABFF00BF000000007CCA030070B50D4D59
:1096E0000D4C641BA4100026A64209D10B4D0C4C56
:1096F00001F05CF8641BA4100026A64205D170BDE1
:1097000055F8043B98470136EEE755F8043B984777
:109710000136F2E75426002054260020542600206B
:1097200074260020024B0146186800F0EEBF00BF0F
:10973000E025002038B5074D0023044608461146B1
:109740002B6000F069FF431C02D12B6803B123603A
:1097500038BD00BF744B0020012B2DE9F04701D02C
:10976000242B06D9FFF7A0FF162303600020BDE8D5
:10977000F087DFF8E4C00D462E4615F8014B14F8CB
:109780000C7017F00807F7D12D2C32D12C78012757
:10979000B51C002B5BD0102B09D1302C07D12C78B5
:1097A00004F0DF04582C4DD16C781023023507F1FA
:1097B000004808F1FF384FF0000CB8FBF3F966469B
:1097C00003FB198AA4F1300EBEF1090F16D87446B6
:1097D000A34224DDBCF1000F1EDBB1451CD301D137
:1097E000A24519DB06FB03464FF0010C15F8014BAF
:1097F000E8E72B2C04BF2C78B51CCAE7A4F1410E76
:10980000BEF1190F01D8373CE2E7A4F1610EBEF1B9
:10981000190F04D8573CDBE74FF0FF3CE6E7BCF1FB
:10982000000F05DA22230360464642B930469EE720
:1098300007B17642002AF9D0BCF1000F00D0691EB2
:109840001160F3E73024002BB1D10823AFE7302CAF
:10985000A5D00A23ABE700BF81CA030013460A461E
:10986000014602480068FFF777BF00BFE0250020EF
:109870002DE9F043364F86460D46284615F8014B34
:10988000E65D16F00806F8D12D2C2FD12C78012694
:10989000851C002B57D0102B09D1302C07D12878EC
:1098A00000F0DF00582849D16C78102302354FF0C2
:1098B000FF380027B8FBF3F803FB08F96FEA090942
:1098C0003846A4F1300CBCF1090F14D86446A34209
:1098D00022DD002F1DDB80451BD301D1A14518DB04
:1098E00000FB0340012715F8014BEAE72B2C04BFCE
:1098F0002C78851CCDE7A4F1410CBCF1190F01D8DF
:10990000373CE4E7A4F1610CBCF1190F04D8573CD3
:10991000DDE74FF0FF37E6E7002F07DA2223CEF826
:1099200000304FF0FF3032B9BDE8F08306B140425D
:10993000002AF9D007B1691E1160F5E73024002B29
:10994000B5D10823B3E7302CA9D00A23AFE700BF75
:1099500081CA030013460A46014602480068FFF721
:1099600087BF00BFE025002081F0004102E000BF7A
:1099700083F0004330B54FEA41044FEA430594EACF
:10998000050F08BF90EA020F1FBF54EA000C55EA0A
:10999000020C7FEA645C7FEA655C00F0E2804FEADB
:1099A0005454D4EB5555B8BF6D420CDD2C4480EABD
:1099B000020281EA030382EA000083EA010180EAED
:1099C000020281EA0303362D88BF30BD11F0004F3B
:1099D0004FEA01314FF4801C4CEA113102D0404271
:1099E00061EB410113F0004F4FEA03334CEA1333AC
:1099F00002D0524263EB430394EA050F00F0A780C4
:109A0000A4F10104D5F1200E0DDB02FA0EFC22FABE
:109A100005F2801841F1000103FA0EF2801843FAB2
:109A200005F359410EE0A5F120050EF1200E012AA3
:109A300003FA0EFC28BF4CF0020C43FA05F3C018E1
:109A400051EBE37101F0004507D54FF0000EDCF15A
:109A5000000C7EEB00006EEB0101B1F5801F1BD303
:109A6000B1F5001F0CD349085FEA30004FEA3C0C07
:109A700004F101044FEA445212F5800F80F09A80FD
:109A8000BCF1004F08BF5FEA500C50F1000041EB01
:109A9000045141EA050130BD5FEA4C0C404141EB05
:109AA0000101013C28BFB1F5801FE9D291F0000F00
:109AB00004BF01460020B1FA81F308BF2033A3F1AF
:109AC0000B03B3F120020CDA0C3208DD02F1140CA6
:109AD000C2F10C0201FA0CF021FA02F10CE002F1E1
:109AE0001402D8BFC2F1200C01FA02F120FA0CFCDA
:109AF000DCBF41EA0C019040E41AA2BF01EB045123
:109B0000294330BD6FEA04041F3C1CDA0C340EDC20
:109B100004F11404C4F1200220FA04F001FA02F363
:109B200040EA030021FA04F345EA030130BDC4F121
:109B30000C04C4F1200220FA02F001FA04F340EA16
:109B40000300294630BD21FA04F0294630BD94F0C7
:109B5000000F83F4801306BF81F480110134013DAE
:109B60004EE77FEA645C18BF7FEA655C29D094EA1F
:109B7000050F08BF90EA020F05D054EA000C04BF9D
:109B80001946104630BD91EA030F1EBF0021002088
:109B900030BD5FEA545C05D14000494128BF41F027
:109BA000004130BD14F580043CBF01F5801130BD8B
:109BB00001F0004545F0FE4141F470014FF0000016
:109BC00030BD7FEA645C1ABF194610467FEA655CC7
:109BD0001CBF0B46024650EA013406BF52EA033569
:109BE00091EA030F41F4002130BD00BF90F0000F57
:109BF00004BF0021704730B54FF4806404F1320493
:109C00004FF000054FF0000150E700BF90F0000F4B
:109C100004BF0021704730B54FF4806404F1320472
:109C200010F0004548BF40424FF000013EE700BF42
:109C300042004FEAE2014FEA31014FEA02701FBFD2
:109C400012F07F4393F07F4F81F06051704732F004
:109C50007F4208BF704793F07F4F04BF41F400215B
:109C6000704730B54FF4607401F0004521F00041B9
:109C70001CE700BF50EA010208BF704730B54FF043
:109C800000050AE050EA010208BF704730B511F044
:109C9000004502D5404261EB41014FF4806404F17C
:109CA00032045FEA915C3FF4D8AE4FF003025FEA02
:109CB000DC0C18BF03325FEADC0C18BF033202EB86
:109CC000DC02C2F1200300FA03FC20FA02F001FAE0
:109CD00003FE40EA0E0021FA02F11444BDE600BF83
:109CE00070B54FF0FF0C4CF4E06C1CEA11541DBF32
:109CF0001CEA135594EA0C0F95EA0C0F00F0DEF8FD
:109D00002C4481EA030621EA4C5123EA4C5350EAE1
:109D1000013518BF52EA033541F4801143F4801332
:109D200038D0A0FB02CE4FF00005E1FB02E506F0C3
:109D30000042E0FB03E54FF00006E1FB03569CF018
:109D4000000F18BF4EF0010EA4F1FF04B6F5007F1E
:109D500064F5407404D25FEA4E0E6D4146EB060690
:109D600042EAC62141EA55514FEAC52040EA5E5019
:109D70004FEACE2EB4F1FD0C88BFBCF5E06F1ED8C3
:109D8000BEF1004F08BF5FEA500E50F1000041EBFA
:109D9000045170BD06F0004646EA010140EA0200A7
:109DA00081EA0301B4EB5C04C2BFD4EB0C0541EAC9
:109DB000045170BD41F480114FF0000E013C00F3DE
:109DC000AB8014F1360FDEBF002001F0004170BD02
:109DD000C4F10004203C35DA0C341BDC04F114041B
:109DE000C4F1200500FA05F320FA04F001FA05F2A7
:109DF00040EA020001F0004221F0004110EBD37074
:109E000021FA04F642EB06015EEA430E08BF20EA9F
:109E1000D37070BDC4F10C04C4F1200500FA04F342
:109E200020FA05F001FA04F240EA020001F00041D4
:109E300010EBD37041F100015EEA430E08BF20EA47
:109E4000D37070BDC4F1200500FA05F24EEA020E8F
:109E500020FA04F301FA05F243EA020321FA04F0BE
:109E600001F0004121FA04F220EA020000EBD37075
:109E70005EEA430E08BF20EAD37070BD94F0000F75
:109E80000FD101F00046400041EB010111F4801FA9
:109E900008BF013CF7D041EA060195F0000F18BF5A
:109EA000704703F00046520043EB030313F4801F96
:109EB00008BF013DF7D043EA0603704794EA0C0F50
:109EC0000CEA135518BF95EA0C0F0CD050EA410666
:109ED00018BF52EA4306D1D181EA030101F00041E3
:109EE0004FF0000070BD50EA410606BF104619460B
:109EF00052EA430619D094EA0C0F02D150EA013617
:109F000013D195EA0C0F05D152EA03361CBF104657
:109F100019460AD181EA030101F0004141F0FE41F6
:109F200041F470014FF0000070BD41F0FE4141F47A
:109F3000780170BD70B54FF0FF0C4CF4E06C1CEA7A
:109F400011541DBF1CEA135594EA0C0F95EA0C0F2F
:109F500000F0A7F8A4EB050481EA030E52EA0335EA
:109F60004FEA013100F088804FEA03334FF080550B
:109F700045EA131343EA12634FEA022245EA111538
:109F800045EA10654FEA00260EF000419D4208BFE9
:109F9000964244F1FD0404F5407402D25B084FEA96
:109FA0003202B61A65EB03055B084FEA32024FF442
:109FB00080104FF4002CB6EB020E75EB030E22BF9F
:109FC000B61A754640EA0C005B084FEA3202B6EB5F
:109FD000020E75EB030E22BFB61A754640EA5C000E
:109FE0005B084FEA3202B6EB020E75EB030E22BF9E
:109FF000B61A754640EA9C005B084FEA3202B6EB9F
:10A00000020E75EB030E22BFB61A754640EADC005D
:10A0100055EA060E18D04FEA051545EA16754FEABF
:10A0200006164FEAC30343EA52734FEAC2025FEADD
:10A030001C1CC0D111F4801F0BD141EA00014FF06C
:10A0400000004FF0004CB6E711F4801F04BF01433D
:10A050000020B4F1FD0C88BFBCF5E06F3FF6AFAE59
:10A06000B5EB030C04BFB6EB020C5FEA500C50F1E9
:10A07000000041EB045170BD0EF0004E4EEA11316C
:10A0800014EB5C04C2BFD4EB0C0541EA045170BD73
:10A0900041F480114FF0000E013C90E645EA060EB7
:10A0A0008DE60CEA135594EA0C0F08BF95EA0C0FE5
:10A0B0003FF43BAF94EA0C0F0AD150EA01347FF42D
:10A0C00034AF95EA0C0F7FF425AF104619462CE704
:10A0D00095EA0C0F06D152EA03353FF4FDAE104667
:10A0E000194622E750EA410618BF52EA43067FF4B8
:10A0F000C5AE50EA41047FF40DAF52EA43057FF448
:10A10000EBAE12E74FF0FF3C06E000BF4FF0010C52
:10A1100002E000BF4FF0010C4DF804CD4FEA410CB6
:10A120007FEA6C5C4FEA430C18BF7FEA6C5C1BD083
:10A1300001B050EA410C0CBF52EA430C91EA030F04
:10A1400002BF90EA020F0020704710F1000F91EA61
:10A15000030F58BF994208BF90422CBFD8176FEA2F
:10A16000E37040F0010070474FEA410C7FEA6C5CFD
:10A1700002D150EA013C07D14FEA430C7FEA6C5C04
:10A18000D6D152EA033CD3D05DF8040B704700BF30
:10A190008446104662468C461946634600E000BF7E
:10A1A00001B5FFF7B7FF002848BF10F1000F01BD50
:10A1B0004DF808EDFFF7F4FF0CBF012000205DF81B
:10A1C00008FB00BF4DF808EDFFF7EAFF34BF0120A0
:10A1D00000205DF808FB00BF4DF808EDFFF7E0FF39
:10A1E00094BF012000205DF808FB00BF4DF808ED8A
:10A1F000FFF7CEFF94BF012000205DF808FB00BFF1
:10A200004DF808EDFFF7C4FF34BF012000205DF8D2
:10A2100008FB00BF4FEA410212F5001215D211D51A
:10A220006FF47873B3EB625212D94FEAC12343F053
:10A23000004343EA505311F0004F23FA02F018BFD5
:10A24000404270474FF00000704750EA013005D19E
:10A2500011F0004008BF6FF0004070474FF0000061
:10A26000704700BF4FEA4102B2F1E04324BFB3F5AB
:10A27000001CDCF1FE5C0DD901F0004C4FEAC0027D
:10A280004CEA5070B2F1004F40EB830008BF20F061
:10A290000100704711F0804F21D113F13872BCBF1B
:10A2A00001F00040704741F480114FEA5252C2F170
:10A2B0001802C2F1200C10FA0CF320FA02F018BFB9
:10A2C00040F001004FEAC1234FEAD32303FA0CFC0C
:10A2D00040EA0C0023FA02F34FEA4303CCE77FEA9B
:10A2E000625307D150EA01331EBF4FF0FE4040F4E5
:10A2F0004000704701F0004040F0FE4040F4000094
:10A30000704700BF53B94AB9002908BF00281CBFD5
:10A310004FF0FF314FF0FF3000F074B9ADF1080C91
:10A320006DE904CE00F006F8DDF804E0DDE9022373
:10A3300004B070472DE9F047089D04468E46002B77
:10A340004DD18A42944669D9B2FA82F252B101FAE9
:10A3500002F3C2F1200120FA01F10CFA02FC41EAF9
:10A36000030E94404FEA1C48210CBEFBF8F61FFA7E
:10A370008CF708FB16E341EA034306FB07F1994219
:10A380000AD91CEB030306F1FF3080F01F819942CC
:10A3900040F21C81023E63445B1AA4B2B3FBF8F0A6
:10A3A00008FB103344EA034400FB07F7A7420AD92D
:10A3B0001CEB040400F1FF3380F00A81A74240F255
:10A3C00007816444023840EA0640E41B00261DB1C0
:10A3D000D4400023C5E900433146BDE8F0878B42F5
:10A3E00009D9002D00F0EF800026C5E900013046B4
:10A3F0003146BDE8F087B3FA83F6002E4AD18B428E
:10A4000002D3824200F2F980841A61EB0303012037
:10A410009E46002DE0D0C5E9004EDDE702B9FFDE23
:10A42000B2FA82F2002A40F09280A1EB0C014FEACE
:10A430001C471FFA8CFE0126200CB1FBF7F307FB2B
:10A44000131140EA01410EFB03F0884208D91CEBCE
:10A45000010103F1FF3802D2884200F2CB8043466B
:10A46000091AA4B2B1FBF7F007FB101144EA01444A
:10A470000EFB00FEA64508D91CEB040400F1FF31D9
:10A4800002D2A64500F2BB800846A4EB0E0440EAC7
:10A4900003409CE7C6F12007B34022FA07FC4CEAD0
:10A4A000030C20FA07F401FA06F31C43F9404FEAC3
:10A4B0001C4900FA06F3B1FBF9F8200C1FFA8CFED8
:10A4C00009FB181140EA014108FB0EF0884202FA2C
:10A4D00006F20BD91CEB010108F1FF3A80F08880ED
:10A4E000884240F28580A8F102086144091AA4B2AA
:10A4F000B1FBF9F009FB101144EA014100FB0EFE2B
:10A500008E4508D91CEB010100F1FF346CD28E4559
:10A510006AD90238614440EA0840A0FB0294A1EBEA
:10A520000E01A142C846A64656D353D05DB1B3EB47
:10A53000080261EB0E0101FA07F722FA06F3F14077
:10A540001F43C5E9007100263146BDE8F087C2F11E
:10A550002003D8400CFA02FC21FA03F39140014396
:10A560004FEA1C471FFA8CFEB3FBF7F007FB1036CF
:10A570000B0C43EA064300FB0EF69E4204FA02F47B
:10A5800008D91CEB030300F1FF382FD29E422DD9CE
:10A59000023863449B1B89B2B3FBF7F607FB163303
:10A5A00041EA034106FB0EF38B4208D91CEB010183
:10A5B00006F1FF3816D28B4214D9023E6144C91A03
:10A5C00046EA004638E72E46284605E70646E3E613
:10A5D0001846F8E64B45A9D2B9EB020864EB0C0E1D
:10A5E0000138A3E74646EAE7204694E74046D1E72C
:10A5F000D0467BE7023B614432E7304609E76444DA
:10A60000023842E7704700BF024B58221A604FF0F1
:10A61000FF307047744B0020024B58221A604FF0F5
:10A62000FF307047744B0020FEE700BF0B46014629
:10A630001846FFF72BB8EDF72BB9012838BF0120DA
:10A6400010B504462046EDF7E5F830B9FDF718FEE1
:10A6500008B900F00FF88047F4E710BD08B500F026
:10A6600004F808B5804700F005F808B5FDF700FECE
:10A67000FFF7F7FF08B50620FFF754F80120FFF7B2
:10A68000D3FF0A220021FFF7E9B810B501390244CF
:10A69000904201D1002005E0037811F8014FA34258
:10A6A00001D0181B10BD0130F2E70A44914200F1BD
:10A6B000FF3300D1704710B511F8014B03F8014F7B
:10A6C0009142F9D110BD884210B501EB020402D9C4
:10A6D0008442234607D8431EA14208D011F8012B1B
:10A6E00003F8012FF8E7024401468A4200D110BD69
:10A6F00013F8014D02F8014DF7E702440346934277
:10A7000000D1704703F8011BF9E71F2938B504464B
:10A710000D4604D9162303604FF0FF3038BD426C5C
:10A7200012B152F821304BB9204600F016F82A46F3
:10A7300001462046BDE83840FEF7FCBF012B0AD099
:10A74000591C03D1162303600120E7E7002442F8D7
:10A750002540284698470020E0E7FFF755BF10F84E
:10A76000012B11F8013B012A28BF9A42F7D0D01AD9
:10A770007047034613F8012B002AFBD1181A013841
:10A78000704710B57AB103460139841813F8010BEC
:10A7900011F8012F904201D1A34201D1801A10BDBE
:10A7A0000028F3D1FAE71046F9E70000F8B500BF3A
:10A7B000F8BC08BC9E467047F8B500BFF8BC08BCA2
:10A7C0009E467047000000000000000000000000EE
:10A7D0000338FDD870470000182D4454FB21E9BF11
:10A7E000D221337F7CD90240D221337F7CD902C071
:10A7F0000000000000000080182D4454FB21094097
:10A80000182D4454FB2109C04FBB610567ACDD3FE7
:10A81000182D4454FB21E93F9BF681D20B73EF3F87
:10A82000182D4454FB21F93FE2652F227F2B7A3CFF
:10A83000075C143326A6813CBDCBF07A8807703CB8
:10A84000075C143326A6913C0000000001000000C4
:10A850000200000003000000080000000C000000DF
:10A860000D0000000E0000000F00000010000000AE
:10A8700011000000000000000100000002000000C4
:10A88000030000000B50F3E4607F415190917D0084
:10A890008D6FFC5C000000000000000045EA010034
:10A8A000F1E90100F13B02007DE9010081E90100CD
:10A8B000093C020095E901008DE90100DD3E02003E
:10A8C000094002002D3F0200F53F0200F53B020067
:10A8D00091E901009DE9010085EA0100F8FFFFFF11
:10A8E0000000000069E9010071E9010081EA01004E
:10A8F00075E90100B5670200C5E90100B5EA01008C
:10A900000000000000000000F9E3020045E302003F
:10A910008D8302008D8302009583020095830200DF
:10A920007D8302009D830200B5E60200B983020028
:10A9300081E70200C1E30200D983020045ED010076
:10A9400059ED0100BDE4020000000000000000001D
:10A9500069E9010051F1010059F00100A1F1010084
:10A96000B56702008DF2010015F30100756E6B6E84
:10A970006F776E007A76677074756F6965617A7645
:10A98000677074756F6965617A766770740000002E
:10A990001B1B000E1100000015160F1813000000FD
:10A9A0001C0B1F251E00000000000000000000001E
:10A9B00071F50100416A020069F5010029F5010005
:10A9C00065F5010055F901005DF5010059F501003B
:10A9D000000000000000000069E9010071E90100C9
:10A9E00059F00100FD190200B567020089F9010064
:10A9F000ADF90100A9820200AD820200491D0200EA
:10AA0000C1820200811902007D170200C982020082
:10AA1000C4FFFFFF0000000069E901008598020003
:10AA200059F0010075E90100B567020005FA01005F
:10AA3000D9F90100554249545F4C4F475F46535F77
:10AA4000565F3030320A00000000000000000000B5
:10AA5000000000005CAA03000800000001000000E4
:10AA600002000000020000000200000003000000DD
:10AA700002000000040000000100000005000000CA
:10AA800008000000060000000100000007000000B0
:10AA900001000000080000000100000000000000AC
:10AAA0000000000069E9010071E9010041010200B4
:10AAB00075E90100B5670200D5FB0100EDFB01005F
:10AAC000000000000000000069E9010071E90100D8
:10AAD000F505020075E90100B56702005D05020099
:10AAE00075050200ECAA0300080000000100000048
:10AAF0000C00000002000000050000000300000040
:10AB00000200000004000000010000000500000039
:10AB10000100000006000000020000000700000025
:10AB20000300000008000000010000000000000019
:10AB30000000000069E9010071E9010059F001001D
:10AB400075E90100B567020091060200C506020022
:10AB5000D9090200190A0200410E02008D06020006
:10AB6000610E0200790E02009D0E0200F8FFFFFF49
:10AB700000000000C1060200C50E0200890E02009E
:10AB8000010F0200110A0200F10A0200DD0E0200AC
:10AB90000000000000000000350F0200850F0200D9
:10ABA0009D0F020000000000000000007510020070
:10ABB000410F02004D0F020015B60200590F0200AE
:10ABC000610F02007D0F020029B602002DB60200BF
:10ABD0000000000000000000C9140200211602005D
:10ABE000CD140200D1140200DD140200F51402009D
:10ABF0009D150200000000000000000069E901004E
:10AC000071E9010059F00100FD190200B567020069
:10AC1000611602007D160200A9820200AD820200C8
:10AC2000491D0200C1820200811902007D17020045
:10AC3000C9820200000000000000000095C0020070
:10AC400079C002007DC0020015B6020089C0020072
:10AC50008DC0020025B6020029B602002DB6020002
:10AC60000000000000000000B1230200B51D02003A
:10AC7000B91D020015B60200C51D02001DB6020076
:10AC8000C91D020029B602002DB60200D91D02001E
:10AC9000251E0200F8FFFFFF0000000069E9010027
:10ACA00071E9010059F0010075E90100B567020082
:10ACB000C91E0200751E0200676967676C650000A7
:10ACC000303130323330393838303139303038344F
:10ACD000343030343430303838383130323330304A
:10ACE0003136303130303333303032343030303050
:10ACF0003030303030303030303030303030303054
:10AD000030303030303030302C3131303233323539
:10AD10003730303837343131343430303434303007
:10AD200038383830333532303035393031303033EF
:10AD3000333030303130303030303030303030300F
:10AD40003030303030303130303030303030303002
:10AD5000302C3331303233323732393032313130D6
:10AD60003534343032383839303838383030393199
:10AD700030303633303030303030303032343037BD
:10AD800030303032303030303030303030303030C1
:10AD9000333030303030303030302C3331303233AB
:10ADA000323732393031303230353434303238386D
:10ADB000393038383830303931303036333030305F
:10ADC0003030303030323430373030303230303074
:10ADD0003030303030303030303330303030303070
:10ADE0003030302C33313032333237323930313148
:10ADF000343035343430323838393038383830300F
:10AE00003931303036333030303030303030323429
:10AE10003037303030323030303030303030303029
:10AE200030303330303030303030303000000000DF
:10AE30006861707079000000303130323331393957
:10AE400032303636393131343430303434303038D1
:10AE500038383032363230303238303030303138C5
:10AE600030303032303530303030303030303030DB
:10AE700030303030303130303030303030303030D1
:10AE80002C30303233323231323930323935303899
:10AE90003434303234303430383838303030303088
:10AEA0003030343030303232343030313130303094
:10AEB000303030303030303030303030303030378B
:10AEC0003530303030303030302C3030303030327F
:10AED000313239303239353039343430323430343B
:10AEE000303838383031343530303034303030323A
:10AEF000323430303131303030303030303030304A
:10AF00003030303030303030373530303030303035
:10AF10003030000068656C6C6F00000033313032F7
:10AF200033303637333031393730323434303131F1
:10AF300038373038383831303233303132383030D9
:10AF400030303030303032343030303030303030FB
:10AF500030303030303030303030303030303030F1
:10AF6000303030302C3330303030313036343030D7
:10AF70003136303234343030393831303838383096
:10AF800030303030313238303030303031303030B5
:10AF900034303030303030303030303030303030AD
:10AFA000303030303030303030303030302C3331A1
:10AFB0003032333130363430323933303234343069
:10AFC0003039383130383838313032333031323846
:10AFD000303030303031303030343030303030306C
:10AFE0003030303030303030303030303030303061
:10AFF00030303030303000006D7973746572696FB5
:10B000007573000034303030303233393030333300
:10B010003130303434303234303430383838303401
:10B020003737303030343030303232343030313104
:10B03000303430303030303030303030303030300C
:10B040003030383030303030303030302C343035F3
:10B0500035313238343533383530303034343030BF
:10B0600034343030383838303030303031323830B5
:10B0700033303130353030313630303030303030C0
:10B0800030303030303030303030383530303035AE
:10B0900030303031350000007361640033313032BC
:10B0A0003332323236303730383031343430313672
:10B0B0003234303838383130323330313238303061
:10B0C0003030303130303234303030303030303079
:10B0D0003030303030303030303030303030303070
:10B0E000303030302C333130323331363233303946
:10B0F0003336303234343030393339303838383010
:10B100003030303031323830303030303130303231
:10B11000343030303030303030303030303030302B
:10B1200030303030303030303030303030000000AF
:10B13000736C69646500000031303532303233326F
:10B1400035303232333032343430323430343038D7
:10B1500038383130323330313238303130323030CB
:10B1600030303131303430303030303030303030D9
:10B1700030303030303130303030303030303030CE
:10B180002C303130323332353230303931303032A8
:10B190003434303034343030383838313032333081
:10B1A0003132383031303232343030313130343085
:10B1B000303030303030303030303030303031308E
:10B1C000303030303030303030000000736F61721A
:10B1D000696E6700323130323334303039353330D4
:10B1E0003930353434303539393930383838313010
:10B1F000323330303232303230303034303030323E
:10B200003032353030303030303030303030303037
:10B210003032303030303030303030302C3430322A
:10B2200032333337323732373330313434343030ED
:10B2300034343030383838303030303030333130EA
:10B2400031303234343030303330303030303030F0
:10B2500030303030303030303030303030303030EE
:10B260003030303030000000737072696E6700005B
:10B27000333036353930303337313136333132349B
:10B28000343030353837303838383038303730307F
:10B2900033343030303030303030323430303030A1
:10B2A0003030303030303030303030303035303099
:10B2B00030303030303030302C303130323330308C
:10B2C0003337313136333133343430303538373049
:10B2D000383838313032333030333130303030304C
:10B2E0003030303234303030303030303030303058
:10B2F0003030303030303530303030303030303049
:10B30000300000007477696E6B6C6500303130314D
:10B3100038303030373637323230393434303037F5
:10B3200035363038383830383535303132383030DD
:10B330003030303030303234303030303030303007
:10B3400030303030303030303030303030303030FD
:10B3500030303030000000007961776E000000006E
:10B3600032303030303232383131333332303234BF
:10B3700034303135303030383838313032333031A4
:10B3800032383031303234313030323430343030A1
:10B3900030333030303030303030303030313030A9
:10B3A00030303030303030302C3030353331323591
:10B3B000323030393130303234343030343430306F
:10B3C0003838383036333630313238303130323246
:10B3D0003430303131303330303030303030303064
:10B3E000303030303030313030303030303030305C
:10B3F000302C303038323230373834303139303028
:10B4000038343430303434303038383830363831FD
:10B410003030313630303030353530303234303015
:10B42000303030303030303030303030303030301C
:10B43000353030303030303030302C3030343739F7
:10B4400030373834303139303038343430303434C7
:10B4500030303838383032393830303136303030BA
:10B4600030303030303234303030303030303030D6
:10B4700030303030303030303035303030303030C7
:10B480003030302C3030333231303738343031399D
:10B49000303038343430303434303038383830317B
:10B4A000303830303136303030303333303030387F
:10B4B000303030303030303030303030303030308C
:10B4C0003030353030303030303030300000000037
:10B4D0000000000000000000511602008506020076
:10B4E000A1160200852602008D2602009526020084
:10B4F0009D260200AD260200BD260200C9260200DC
:10B50000D9260200E1260200E9260200F126020007
:10B510000127020009270200112702005916020024
:10B5200029270200312702003927020041270200A3
:10B5300031280200492702004D270200512702004E
:10B540006D270200000000000000000051160200FC
:10B5500085060200A1160200292B02008D2602009A
:10B56000552702009D260200AD260200BD260200DE
:10B57000C9260200D9260200E1260200E9260200BF
:10B58000A52B0200512B020059270200952802002A
:10B59000591602002927020031270200392702002C
:10B5A0004127020031280200492702004D270200EE
:10B5B000BD270200D128020079270200192C0200C1
:10B5C0005D27020061270200E8FFFFFF0000000086
:10B5D00069E9010071E901005529020075E90100DE
:10B5E000B5670200F527020011290200E0FFFFFF06
:10B5F00000000000792C020011B60200C5280200EC
:10B6000015B60200C12802001DB6020025B60200D0
:10B6100029B602002DB60200205B00005D0000008C
:10B6200020563200302C302C3235352C302C300A5C
:10B63000302C3235352C302C302C300A3235352C2C
:10B640003235352C3235352C3235352C3235350AFC
:10B65000302C3235352C302C302C300A302C302C1C
:10B660003235352C302C300A00000000302C302CC4
:10B67000302C302C300A302C302C302C302C323501
:10B68000350A302C302C302C3235352C300A3235FE
:10B69000352C302C3235352C302C300A302C3235CC
:10B6A000352C302C302C300A000000003235352C7F
:10B6B000302C302C302C3235350A302C3235352CAC
:10B6C000302C3235352C300A302C302C3235352C9C
:10B6D000302C300A302C3235352C302C3235352C8C
:10B6E000300A3235352C302C302C302C3235350A9E
:10B6F000000000005265626F6F744D6F646500005A
:10B7000043616C6C696F7065206D696E6900000043
:10B71000FFFF14000500FFFFFFFFFFFFFFFFFFFF1C
:10B72000FFFF00FFFFFF000000FFFFFFFFFFFFFF25
:10B73000FF00FFFFFF000000FF0000000000FFFF10
:10B7400000FFFFFF000000FF0000000000000000FD
:10B750000000FFFFFFFFFFFFFF00FFFFFF000000F3
:10B76000FF0000000000FFFFFFFFFFFFFFFFFFFFE4
:10B77000FFFF00FFFFFF000000FF00000000FFFFD1
:10B7800000FF00FF00FF00FFFFFF00FF00FF00FFC2
:10B790000000FFFF00000000D8ECF0F4F8FC00040B
:10B7A000000000000000000069E9010071E90100EB
:10B7B000892D0200CD2E0200B5670200592D02002E
:10B7C000753002000000000000000000F13B0200A4
:10B7D000F13B0200F13B02005DA603005DA6030001
:10B7E000093C0200F13B0200F13B0200DD3E020099
:10B7F000094002002D3F0200F53F0200F53B020028
:10B80000666C617368496E636F6D706C657465001A
:10B81000E97D0000251D470AA062FA1922DFA9A8C8
:10B82000000000000000000025430200F13B020080
:10B83000F13B02000141020005410200093C020007
:10B84000F13B0200F13B0200DD3E02000940020034
:10B850002D3F0200F53F0200F53B02000000000012
:10B860000000000000000000FFFFFFFF00000001DB
:10B8700000020003000401000101010201030104B0
:10B880000200020102020203020403000301030298
:10B89000030303040400040104020403040400007D
:10B8A000000000000000000071F5010001470200E7
:10B8B00069F5010029F5010065F5010055F9010060
:10B8C0005DF5010045480200C9C80100FD460200BF
:10B8D0008948020071EE010031F00100FCFFFFFF1A
:10B8E00000000000094D0200B1480200AD4802000E
:10B8F00075E90100B567020029F0010045F001007B
:10B90000000000000000000069E9010071E9010089
:10B9100059F0010075E901005D520200114D02006D
:10B92000294D0200000000000000000069E901004C
:10B9300071E9010059F0010075E90100B5670200E5
:10B940005D53020071530200157B0200DD7A020094
:10B95000E57A0200E17A0200B55302008D5302003D
:10B96000357E0200000000000000000069E90100CF
:10B9700071E9010059F0010075E90100B5670200A5
:10B980001D5502003155020075550200717F0200FD
:10B99000057F02004D550200097F0200636F6D7044
:10B9A00061737343616C0000302C3235352C302CC0
:10B9B0003235352C300A302C3235352C302C32359E
:10B9C000352C300A302C302C302C302C300A3235CB
:10B9D000352C302C302C302C3235350A302C323589
:10B9E000352C3235352C3235352C300A000000002C
:10B9F000000001000200030004000401040204032B
:10BA00000404030402040104000400030002000112
:10BA10000000010002000300040000010101020116
:10BA200003010401000201020202030204020003F6
:10BA300001030203030304030004010402040304DA
:10BA400004040000D8ECF0F4F8FC0004000000004E
:10BA50000000000069E9010071E901006D63020066
:10BA600061650200B567020041620200596202008E
:10BA7000000000000000000069E9010071E9010018
:10BA800059F0010075E90100B56702006168020024
:10BA900089680200000000000000000069E9010060
:10BAA00071E9010059F0010075E90100B567020074
:10BAB00000000000000000005DA603000000000080
:10BAC0000000000069E9010071E9010059F001007E
:10BAD00075E90100B56702000000000000000000E9
:10BAE000157B0200DD7A0200E57A0200E17A0200AD
:10BAF0005DA603005DA60300357E02000000000085
:10BB00000000000069E9010071E9010059F001003D
:10BB100075E90100B56702000000000000000000A8
:10BB20005DA60300717F0200057F02005DA6030091
:10BB3000097F0200000000000000000069E9010028
:10BB400071E9010059F0010075E90100B5670200D3
:10BB5000E982020011830200A9820200AD82020084
:10BB6000B1820200C1820200C5820200C5820200C9
:10BB7000C98202000000000000000000C185020030
:10BB8000858302008D8302008D830200958302006D
:10BB9000958302007D8302009D830200BD84020024
:10BBA000B9830200F983020049850200D9830200AB
:10BBB0000000000000000000C1850200000000003D
:10BBC00000000000C18502005DA603005DA6030021
:10BBD0005DA603005DA60300958702005DA6030035
:10BBE0005DA60300298602004189020000000000D2
:10BBF00000000000F8FFFFFF0000000069E90100FD
:10BC000071E90100BD87020075E90100B567020016
:10BC10000000000000000000000000000000000024
:10BC2000858D0200758D02000000000000000000FC
:10BC300069E901008598020059F0010075E90100E9
:10BC4000B5670200A5940200E59402000000000020
:10BC50000000000069E901009D9B020059F001000D
:10BC6000B99D0200B56702005D9B0200799B02004E
:10BC7000859C0200259D0200E59C0200F4FFFFFF69
:10BC800000000000699D020098BC03000400000051
:10BC9000B8BC030009000000020000000000000022
:10BCA0000400000010000000080000002000000058
:10BCB0001000000030000000690200008000000059
:10BCC000E802000090000000C409000070000000BD
:10BCD00088130000600000001027000050000000E2
:10BCE000204E000040000000409C0000300000009A
:10BCF000A08601002000000040420F00100000005C
:10BD0000000000000000000069E9010071E9010085
:10BD100059A3020039A40200B567020009A4020079
:10BD20001DA40200157B0200DD7A0200E57A020004
:10BD3000E17A020061A302006DA40200357E0200D8
:10BD400048BD030004000000102700000C000000A4
:10BD5000204E00000800000050C300000400000056
:10BD6000A0860100000000000000000000000000AC
:10BD700069E9010071E90100A1A5020049A60200DC
:10BD8000B567020019A602002DA60200A9A50200AF
:10BD9000717F0200057F02007DA60200097F02007C
:10BDA000000000000000000075A7020039DA010061
:10BDB00041DA010085A70200000000000000000039
:10BDC00005AD0200F5A70200F1A8020089A7020054
:10BDD00025AA0200B1AA0200F4FFFFFF0000000044
:10BDE00069E9010071E9010059F0010075E90100FC
:10BDF000B5670200A9AA0200C5AA0200000000005F
:10BE00000000000069E9010071E9010059F001003A
:10BE100075E90100B5670200EDAD020001AE020058
:10BE200085AD0200000000000000000069E901008B
:10BE30009D9B020059F00100B99D0200B567020008
:10BE400085B10200ADB10200859C020031B3020051
:10BE500051B10200F4FFFFFF0000000051B30200E7
:10BE6000000000000000000069E9010071E9010024
:10BE700059F0010075E90100B567020039B502000B
:10BE8000D1B502000DB4020079B3020055B402002E
:10BE90000000000000000000A9B6020011B6020078
:10BEA0000DB6020015B6020019B602001DB602005A
:10BEB00025B6020029B602002DB6020000000000DF
:10BEC0000000000059B70200A5B6020041B602000A
:10BED0004DB6020055B602005DB6020065B602001E
:10BEE0006DB602002DB60200C1B60200E1B6020036
:10BEF00079B70200F8FFFFFF00000000CDB7020095
:10BF00000000000000000000A9B602003DB60200DB
:10BF100041B602004DB6020055B602005DB6020001
:10BF200065B602006DB602002DB6020039B60200F9
:10BF3000B5B6020079B60200F8FFFFFF000000006E
:10BF4000D5B70200000000000000000031B602007A
:10BF5000000000000000000069E9010071B9020062
:10BF600059F0010075E90100B567020029B9020026
:10BF700049B9020009BE0200F8FFFFFF00000000FF
:10BF800039BE0200000000000000000095C0020061
:10BF900079C002007DC0020015B6020089C002000F
:10BFA0008DC0020025B6020029B602002DB602009F
:10BFB00000000000000000000DC202003DB60200BB
:10BFC00041B602004DB60200F9C10200FDC10200F7
:10BFD00065B602006DB602002DB6020035C402003F
:10BFE00059C4020025C40200F8FFFFFF0000000052
:10BFF0002DC40200000000000000000039C602004D
:10C00000BDC5020089C60200ADC40200EDC5020034
:10C0100099C70200FDC60200EDC4020051C502002E
:10C02000FCFFFFFF0000000069E9010071E9010069
:10C0300059F0010075E90100B567020061C702000F
:10C04000C1C602000000000000000000E9C80200B4
:10C050003DB6020041B602004DB6020085C40200A2
:10C0600091C402002DC5020055C502002DB6020084
:10C070007DC5020099C5020079B602009DC4020088
:10C08000F8FFFFFF00000000D5B70200000000002D
:10C090000008080800080A4A4000000A5FEA5FEA50
:10C0A0000ED92ED36E19324489330C924C924D081E
:10C0B0000800000004880808040804848488000A32
:10C0C000448A4000048EC480000000048800000EF2
:10C0D000C000000000080001224488100C92525257
:10C0E0004C048C84848E1C824C901E1EC244924C44
:10C0F00006CA525FE21FF01EC13E02448ED12E1FBF
:10C10000E24488100ED12ED12E0ED12EC488000804
:10C1100000080000048004880244880482000EC0E5
:10C120000EC008048244880ED126C0040ED135B357
:10C130006C0C925ED2521C925C925C0ED010100E6F
:10C140001C9252525C1ED01C901E1ED01C90100ED1
:10C15000D013712E12525ED2521C8808081C1FE2A6
:10C1600042524C1254981492101010101E113B752C
:10C17000B131113935B3710C9252524C1C925C9012
:10C18000100C92524C861C925C92510ED00C825C28
:10C190001FE4848484125252524C1131312A4411CA
:10C1A0003135BB7112524C9252112A4484841EC400
:10C1B00088101E0EC808080E10080482410EC242E4
:10C1C000424E048A400000000000001F0804800066
:10C1D00000000ED2524F10101C925C000ED0100EB8
:10C1E00002424ED24E0C925C900E06C81C88080E7D
:10C1F000D24EC24C10101C9252080008080802408F
:10C2000002424C10149814920808080806001B7586
:10C21000B131001C925252000C92524C001C925CA4
:10C2200090000ED24EC2000ED010100006C8049826
:10C2300008080EC807001252524F0011312A44005C
:10C24000113135BB00124C8C9200112A4498001E0B
:10C25000C4881E06C48C8486080808080818080CC0
:10C26000881800000C836000FFFF01000000000040
:10C27000FFFF0000FFFF000080C203000800000075
:10C2800002000000010000000300000002000000A6
:10C29000040000000300000005000000040000008E
:10C2A0001C000000050000001D000000060000004A
:10C2B0001E000000070000001F0000000800000032
:10C2C000000000000000000069D6020055D6020000
:10C2D00061D6020015B6020025D6020029D602005A
:10C2E00039D60200B5DF02002DB60200D9DD02000A
:10C2F000000000000000000069E9010071E9010090
:10C3000059F0010041DD0200B567020085E202003C
:10C31000E1E20200F5DF0200F8FFFFFF000000008D
:10C3200041E002000000000000000000F9E302000C
:10C3300045E302008D8302008D8302009583020095
:10C34000958302007D8302009D830200B5E6020012
:10C35000B983020081E70200C1E30200D983020031
:10C36000B1E30200B5E30200BDE4020000000000FA
:10C370000000000069E9010071E9010059F00100C5
:10C3800075E90100B567020059E80200D5E802002E
:10C39000B1EC020099E80200F8FFFFFF0000000086
:10C3A00031ED0200F4FFFFFF00000000CDE80200C5
:10C3B0000000000000000000E5F0020011F402009F
:10C3C000ADF302009DFA020031EF0200A9F1020074
:10C3D000A1EF0200B1EF0200E5EF0200F1EF020071
:10C3E000D92602004DF6020091FB020001F0020086
:10C3F000FDF102008DF202005DF3020011F0020077
:10C4000029270200312702004DF90200F5F8020049
:10C4100071F0020011EF0200B9F20200595302005C
:10C42000115502000000000000000000C18502005C
:10C43000ADFD020001FC020011FC020091FC0200B3
:10C4400095870200C1FC02004DFD02002986020012
:10C4500041890200F9FD020099FE0200C5FE0200BA
:10C46000F8FFFFFF0000000069E9010071E9010029
:10C47000BD870200CDFF0200B567020091FE0200F9
:10C48000ADFE0200000000000000000069E90100AC
:10C4900071E9010059F0010075E90100B56702007A
:10C4A0006D02030081020300290403004D04030010
:10C4B00031030300000000000000000069E90100F2
:10C4C00071E9010059F0010015080300B567020089
:10C4D000E1050300F9050300C1FB01001906030093
:10C4E00075040300B104030081060300D5040300B2
:10C4F0007507030001050300190503004905030042
:10C500007D050300CD0603004D0603009D050300D5
:10C510007104030000300040030000000F00000021
:10C5200000400040040000000F0000000030024006
:10C53000230000000C00000000200040020000006A
:10C540001000000000F002402F0000000400000076
:10C5500000800240280000001000000000000000E1
:10C5600000000000350F03002D0F03000DB6020080
:10C5700015B60200310F03001DB6020025B60200F9
:10C5800029B602002DB602000100060000000000DE
:10C59000DC44002069120300E0CB0300E4CB03007D
:10C5A0000400000001000600E44700200010020122
:10C5B000FCCB03000CCC030008000000ECCB030014
:10C5C000FCCB030008000000E4CB0300ECCB03002D
:10C5D0000800000088CB0300C0CB03000800000067
:10C5E000C0CB0300E0CB03000800000050EADA30C3
:10C5F0008883B89F604F15F30000C98E0000FFFFCD
:10C60000DEC0ADDEFE011EF1DEC0ADDEFF011EF1BB
:10C61000001000000400000001000000556D030040
:10C62000316D0300216D0300856F0300116F03005E
:10C63000F56C0300F96C0300FD6C03000100FFFFC3
:10C6400000000000010000000100010058C60300C6
:10C65000010001005CC603000100000000000000B2
:10C660000000000000000000FD800300B180030016
:10C67000D1800300DB0F49BFE4CB1640E4CB16C0EA
:10C6800000000080DB0F4940DB0F49C0000FC93FAD
:10C69000000F494000CB9640000FC9400053FB40BB
:10C6A00000CB164100ED2F41000F4941003162419E
:10C6B00000537B41003A8A4100CB9641005CA34184
:10C6C00000EDAF41007EBC41000FC94100A0D54143
:10C6D0000031E24100C2EE410053FB4100F203424F
:10C6E000003A0A420083104200CB164200141D4259
:10C6F000005C234200A5294200ED2F42003636425D
:10C70000007E3C4200C74242000F4942A2000000A6
:10C71000F9000000830000006E0000004E000000E1
:10C72000440000001500000029000000FC0000008B
:10C730002700000057000000D1000000F5000000B5
:10C7400034000000DD000000C0000000DB0000003D
:10C750006200000095000000990000003C0000000D
:10C76000430000009000000041000000FE000000B7
:10C770005100000063000000AB000000DE0000007C
:10C78000BB000000C500000061000000B700000011
:10C79000240000006E0000003A000000420000008B
:10C7A0004D000000D2000000E00000000600000084
:10C7B000490000002E000000EA000000090000000F
:10C7C000D1000000920000001C000000FE000000EC
:10C7D0001D000000EB0000001C000000B100000084
:10C7E00029000000A70000003E000000E800000053
:10C7F0008200000035000000F50000002E0000005F
:10C80000BB0000004400000084000000E9000000BC
:10C810009C0000007000000026000000B400000032
:10C820005F0000007E0000004100000039000000B1
:10C8300091000000D60000003900000083000000D5
:10C840005300000039000000F40000009C000000CC
:10C85000840000005F0000008B000000BD000000AD
:10C86000F9000000280000003B0000001F0000004D
:10C87000F800000097000000FF000000DE0000004C
:10C8800005000000980000000F000000EF0000000D
:10C890002F000000110000008B0000005A00000073
:10C8A0000A0000006D0000001F0000006D00000085
:10C8B000360000007E000000CF00000027000000CE
:10C8C000CB00000009000000B70000004F0000008E
:10C8D000460000003F000000660000009E000000CF
:10C8E0005F000000EA0000002D000000750000005D
:10C8F00027000000BA000000C7000000EB000000A5
:10C90000E5000000F10000007B0000003D00000099
:10C910000700000039000000F70000008A00000056
:10C920005200000092000000EA0000006B000000CE
:10C93000FB0000005F000000B10000001F000000CD
:10C940008D0000005D00000008000000560000009F
:10C95000030000003000000046000000FC00000062
:10C960007B0000006B000000AB000000F000000046
:10C97000CF000000BC000000200000009A00000072
:10C98000F4000000360000001D000000A9000000B7
:10C99000E300000091000000610000005E00000064
:10C9A000E60000001B000000080000006500000019
:10C9B00099000000850000005F00000014000000E6
:10C9C000A000000068000000400000008D00000092
:10C9D000FF000000D8000000800000004D000000B3
:10C9E0007300000027000000310000000600000076
:10C9F000060000001500000056000000CA000000FC
:10CA000073000000A8000000C900000060000000E2
:10CA1000E20000007B000000C00000008C0000006D
:10CA20006B0000000000C93F0000F0390000DA3759
:10CA30000000A2330000842E0000502B0000C2270B
:10CA40000000D0220000C41F0000C61B00004417D5
:10CA50000400000007000000090000003863ED3EFC
:10CA6000DA0F493F5E987B3FDA0FC93F6937AC3137
:10CA700068212233B40F14336821A233E425002047
:10CA8000002020202020202020202828282828209E
:10CA90002020202020202020202020202020202096
:10CAA00020881010101010101010101010101010FE
:10CAB00010040404040404040404041010101010EE
:10CAC00010104141414141410101010101010101B8
:10CAD000010101010101010101010101101010100A
:10CAE000101042424242424202020202020202028A
:10CAF00002020202020202020202020210101010DE
:10CB00002000000000000000000000000000000005
:10CB10000000000000000000000000000000000015
:10CB20000000000000000000000000000000000005
:10CB300000000000000000000000000000000000F5
:10CB400000000000000000000000000000000000E5
:10CB500000000000000000000000000000000000D5
:10CB600000000000000000000000000000000000C5
:10CB700000000000000000000000000000000000B5
:08CB80000000000000000000AD
:10CB88000524030000000000852A0300E841002076
:10CB98005522030000000000D93603000000000001
:10CBA8004940020000000000F95103004C480020F1
:08CBB8003D3102000000000005
:10CBC000B914020000000000CD5E02000000000069
:10CBD000E16E0300000000000154030000000000AB
:04CBE000393B0200DB
:08CBE400ED6E030000000000EB
:10CBEC007D50030000000000855103000000000090
:10CBFC00693B0200000000000D6D03000000000006
:08CC0C00E407FE7F01000000B7
:10CC1400636F6C426C69614D1400000000000000F9
:10CC24000000000000000000000000000000000000
:10CC340000000000000000000000000000000000F0
:10CC440000000000000000000000000000000000E0
:10CC540000000000000000000000000000000000D0
:10CC640000000000000000000000000000000000C0
:10CC740000000000000000000000000000000000B0
:10CC840000000000000000000000000000000000A0
:10CC94000000000000000000000000000000000090
:10CCA4000000000000000000000000000000000080
:10CCB4000000000000000000000000000000000070
:10CCC4000000000000000000000000000000000060
:10CCD4000000000000000000000000000000000050
:10CCE4000000000000000000000000000000000040
:10CCF4000000000000000000000000000000000030
:10CD0400000000000000000000000000000000001F
:10CD1400000000000000000000000000000000000F
:10CD240000000000000000000000000000000000FF
:10CD340000000000000000000000000000000000EF
:10CD440000000000000000000000000000000000DF
:10CD540000000000000000000000000000000000CF
:10CD6400000000006CA9030000B7030006000000E7
:10CD74007D0000000138FDD1704700BFA9C1020049
:10CD8400A9C10200ADC10200B5C10200B9C10200CF
:10CD9400C1C10200C9C10200D1C10200D5C1020053
:10CDA400D9C10200D9C10200B9C30200DDC1020029
:10CDB400E1C10200E5C10200E5C10200F1C10200C7
:10CDC400F5C102008CC00300FFFFFFFFA84B002049
:10CDD4000090D0030010014011000400FFFFFFFF8A
:10CDE400FFFFFFFFFFFFFFFFFFFFFFFF75A603002D
:10CDF400E425002000000000000000000000000006
:10CE0400000000000000000000000000000000001E
:10CE1400000000000000000000000000000000000E
:10CE240000000000000000000000000000000000FE
:10CE340000000000000000000000000000000000EE
:10CE440000000000000000000000000000000000DE
:10CE54000000000000FA0004FF0301181818181855
:10CE640018181800D5D301004DEE0100412402002A
:10CE7400ED660200C5C9020079D1020011D5020095
:10CE8400E50A0300B1D30100000000000000000027
:0CCE94007D6203000000000000000000B0
:0200000270008C
:1070000000000220F97207002173070023730700B4
:10701000257307002773070029730700000000008D
:1070200000000000000000000000000035B3070071
:107030002D730700000000002F7307003173070055
:10704000337307003373070033730700337307008C
:10705000337307003373070033730700337307007C
:10706000337307003373070033730700337307006C
:10707000337307003373070033730700337307005C
:10708000898E0700337307003373070033730700DB
:10709000337307003373070035B5070033730700F8
:1070A000337307003373070033730700337307002C
:1070B0003373070033730700000000000000000076
:1070C000337307003373070033730700337307000C
:1070D0002D8B0700337307003373070033730700EA
:1070E00033730700000000000000000000000000F3
:1070F0000000000033730700000000003373070036
:10710000000000000000000000000000000000007F
:10711000000000000000000000000000000000006F
:10712000000000000000000000000000000000005F
:10713000000000000000000000000000000000004F
:10714000000000000000000000000000000000003F
:10715000000000000000000000000000000000002F
:10716000000000000000000000000000000000001F
:10717000000000000000000000000000000000000F
:1071800000000000000000000000000000000000FF
:1071900000000000000000000000000000000000EF
:1071A00000000000000000000000000000000000DF
:1071B00000000000000000000000000000000000CF
:1071C00000000000000000000000000000000000BF
:1071D00000000000000000000000000000000000AF
:1071E000000000000000000000000000000000009F
:1071F000000000000000000000000000000000008F
:107200000348044B834202D0034B03B11847704735
:10721000A02B0020A02B00200000000005480649FC
:107220000B1AD90F01EBA301491002D0034B03B194
:1072300018477047A02B0020A02B00200000000062
:1072400010B5064C237843B9FFF7DAFF044B13B1AE
:107250000448AFF300800123237010BDB42B00203D
:1072600000000000E0D0070008B5044B1BB1044942
:107270000448AFF30080BDE80840CFE700000000FD
:10728000B82B0020E0D00700A3F5803A704700BF7C
:10729000154B002B08BF114B9D46FFF7F5FF002152
:1072A0008B460F461148124A121A05F009FB0C4B87
:1072B000002B00D098470B4B002B00D098470020A4
:1072C000002104000D000B4805F0DAF905F008FA7A
:1072D0002000290001F022F905F0D8F9000008008B
:1072E000000000000000000000000220B42B00207D
:1072F00028520020B5C607000649074A074B9B1ACB
:1073000003DD043BC858D050FBDC00F021F8FFF748
:10731000BFFF000044D10700E82A0020B42B002062
:10732000FEE7FEE7FEE7FEE7FEE7FEE7FEE7FEE735
:10733000FEE7FEE74FF08053D3F830210D2A03BF5C
:10734000D3F83401B0FA80F0400900207047000003
:1073500008B5FFF7EFFF40B14FF080430022C3F8BC
:107360000C21C3F81021C3F83825FFF7E3FF0028EC
:1073700046D04FF080524D4BD2F80414C3F820157C
:10738000D2F80814C3F82415D2F80C14C3F8281541
:10739000D2F81014C3F82C15D2F81414C3F8301511
:1073A000D2F81814C3F83415D2F81C14C3F84015D9
:1073B000D2F82014C3F84415D2F82414C3F84815A1
:1073C000D2F82814C3F84C15D2F82C14C3F8501571
:1073D000D2F83014C3F85415D2F83414C3F8601539
:1073E000D2F83814C3F86415D2F83C14C3F8681501
:1073F000D2F84014C3F86C15D2F84424C3F87025B1
:10740000FFF798FF48B14FF08043D3F80024D2072C
:1074100044BF6FF00102C3F80024254AD2F8883037
:1074200043F47003C2F88830BFF34F8FBFF36F8F00
:107430004FF01023D3F80022002A03DBD3F80432E4
:10744000002B2EDA1B4B0122C3F80425D3F80024AD
:10745000002AFBD04FF010221221C2F80012D3F8FC
:107460000024002AFBD04FF010231222C3F804227C
:10747000104BD3F80024002AFBD00022C3F80425C7
:10748000D3F80024002AFBD0BFF34F8F08490A4BE2
:10749000CA6802F4E0621343CB60BFF34F8F00BFB2
:1074A000FDE7064B064A1A6008BD00BF00C0004059
:1074B00000ED00E000E001400400FA05E82A0020A9
:1074C0000090D0034B1C30B5DB00044612F00300E3
:1074D0009BB20DD1074D2A601A44074B1A60074B27
:1074E0001870074B1870074B1C80074B198030BD74
:1074F0000720FCE7D82B0020D42B0020D02B002025
:10750000E02B0020DC2B0020DE2B00202DE9F347B0
:10751000DFF8C080B8F800308B4206460D461746AB
:107520004CD300240DF107008DF8074000F084F8DB
:10753000244B254A25481B78008892F800C08445D2
:107540005FFA8CF138BF4C1CDBB238BFE4B2A34207
:107550002ED014781178CBB2884286BF0133DBB2CB
:10756000002313709DF8070000F08AF84FF6FF73B0
:107570009C4225D0DFF86090D9F800204FEAC40A79
:1075800042F8347002EBC403AEB1A5B1104BB8F8A9
:1075900000001B682A4604FB0030314605F0F6F86F
:1075A000D9F80030534400209D8002B0BDE8F08738
:1075B0004FF6FF74D6E700209880F6E70920F4E73D
:1075C0000420F2E7E02B0020D02B0020DE2B00204F
:1075D000D42B0020DC2B0020D82B002070B5104CC1
:1075E000104D22782B789A4200D170BD0E480F4A78
:1075F0002378126806880E4802EBC301006852F82F
:107600003320898803FB060090470A4922780988BD
:10761000D3B2914286BF0133DBB200232370E0E78F
:10762000E02B0020D02B0020DC2B0020D82B0020CA
:10763000D42B0020DE2B002070B5EFF3108672B63D
:107640000C4A946801239CB993600B4B0B4DD3F803
:10765000801029401160C3F88050D3F88410516025
:107660004FF0FF32C3F88420047006B962B670BDD3
:107670000370FAE79C4E002000E100E0FC06FFBD2D
:1076800010B5084B9A685AB150B9EFF3108172B631
:10769000054A1C6814605C685460986001B962B661
:1076A00010BD00BF9C4E002000E100E030B53AB1B3
:1076B0001368DB430A4D0144814204D1D84330BDF5
:1076C0004FF0FF33F6E710F8012B5340082213F078
:1076D000010418BF2C46013A84EA5303F7D1EBE7C3
:1076E0002083B8ED10B561B1B2FBF3F403FB1424B1
:1076F000A4B244B9C0E9001484608281C3812046E9
:1077000010BD0E20FCE70920FAE782B050E8022FF6
:10771000C188B2EB324F4FF0000317BF92B241EA7B
:10772000014142EA014104E04268B2EB324F08BF36
:10773000012340E80212002AE8D18DF807309DF8B5
:107740000730002B0CBF1120002002B0704737B566
:1077500050E8013F9DB2C48925448489A54228BFD1
:107760002D1B0489A54202BFBFF32F8F002207E023
:10777000C5EA030540E80154002CE9D14FF00102AD
:107780008DF803200193019A0A609DF8031001F01F
:10779000FF0321B1006810FA82F003B030BD184633
:1077A000FBE70A884B889A4209D150E8012FC2EAC8
:1077B000024240E80123002BF7D10120704700204E
:1077C000704737B550E8023F1FFAA3F5C488A542B9
:1077D00002BFBFF32F8F00220DE0C48925448489A6
:1077E000A54228BF2D1BC3EA054540E80254002CE2
:1077F000E8D14FF001028DF803200193019A0A604D
:107800009DF8031001F0FF0321B1006800EB124066
:1078100003B030BD1846FBE70A884B889A4209D16D
:1078200050E8022FC2EA224240E80223002BF7D19F
:10783000012070470020704710B5034653E8000F41
:1078400040EA010243E8002494F0000FF6D110BD95
:1078500010B5034653E8002F02EA010043E8000494
:1078600094F0000FF6D110BD0121FFF7E5BF002114
:10787000FFF7EEBF10B590B1D0E9012301689B1A64
:10788000DBB20A60013BDBB2FF2B026802D10020B1
:10789000107110BD11684C1C14600B70F2E70E20C3
:1078A000F7E737B5044600250DF107008DF80750BE
:1078B000FFF7C2FE2268616813688B4210D9591E17
:1078C000116013F8013C228AE56802FB0355226827
:1078D000A36811685B1A1179DBB2994238BF137142
:1078E0009DF80700FFF7CCFE284603B030BD37B542
:1078F000054600230DF107000C468DF80730FFF711
:107900009BFE2A681368591C1160E968641A298A69
:10791000B4FBF1F41C709DF80700FFF7B1FE03B053
:1079200030BD01600B681146184710B40468E46864
:10793000A4465DF8044B604710B404682469A4466B
:107940005DF8044B6047000070B550B90E4D0F4C08
:107950000026641B1423B4FBF3F4B44208D10020C6
:1079600010E00368002BF1D0BDE87040DB691847D8
:107970002B6813B901361435EFE7DB6928469847C1
:107980000028F7D070BD00BFA02B0020B42B002032
:10799000014B436000207047ECCB0700084670475E
:1079A00000207047024B1868003818BF012070474C
:1079B000E42B002008B50248FFF759FF002008BD5E
:1079C000E42B002008B510461A4604F0DFFE002024
:1079D00008BD00002DE9F041804686B011480F46F1
:1079E00016461D46FFF740FF0446C8B9AA083146AF
:1079F000384600F0C9FB0B48FFF739FFD8F80830CC
:107A000053B101228DF800200C9A0592CDE901476F
:107A1000CDE9036568469847204606B0BDE8F08189
:107A20001124F9E7E42B00202DE9F043814687B0CB
:107A300014480E4615469846FFF716FF0446F0B95F
:107A40000746BD4215D10F48FFF711FFD9F808309E
:107A50005BB102228DF800200022CDE90126CDE99C
:107A60000325CDF8148068469847204607B0BDE846
:107A7000F08306EB073000F059FB0137E1E71124F2
:107A8000F3E700BFE42B002029DF704728DF7047B1
:107A900070B50668B36886B004460D4673B114220B
:107AA0000021684604F00CFFA36805932379019533
:107AB00033B1012B0ED0B3686846984706B070BD4D
:107AC00001238DF8003023690293E368039363690F
:107AD0000493F0E702238DF80030E3681B03029360
:107AE000F5E708467047002070470000024B187AFF
:107AF000003818BF01207047D42D0020034B187A9E
:107B00000122B0FA80F05A7440097047D42D002049
:107B100008B510461A4604F039FE002008BD0000E2
:107B200008B514220021044804F0CAFE0348FFF7F8
:107B3000ECFD002008BD00BFD42D0020C42D002086
:107B400010B5094C094B43602046FFF78DFE48B93C
:107B500003F0D6FC064920741C2306484FF4EE724D
:107B6000FFF7C0FD002010BDD42D002018CC070069
:107B7000E82B0020C42D002038B5224D224C2B7A52
:107B80003BB922492248FFF71CFE206008B9686013
:107B900038BD022324682B72237973B1012B22D0C4
:107BA00020460321FFF774FF00232B726B601749F7
:107BB0001748BDE83840FFF72FBED4E90523D21A95
:107BC000142AD4E9031028BF14229208012A38BFCE
:107BD000012219441844FFF757FF50B11128DFD193
:107BE00001232B72D4E7D4E903031844FFF74EFFB7
:107BF000F3E72B7C002BCBD1BDE83840022000F00E
:107C000009B800BFD42D0020EC2D0020E82D002065
:107C1000C42D002038B5224C237A002B3FD0022BF4
:107C200009D103282ED01F4B00221B68E2601A796D
:107C30003AB1012A20D0637C6BBBBDE83840FFF726
:107C40009BBFD3E905128D1A142D94BF521914321B
:107C50009A619142EFD102284FF0000308BF194604
:107C60002372104B18BF0D211868FFF711FF0E4942
:107C70000E48FFF7D1FDDEE71A6901321A615B6930
:107C80009A42E7E7E3680133082B01D8E360D2E7C3
:107C90000023E360DFE7BDE8384003F021BC38BDD6
:107CA000D42D0020EC2D0020E82D0020C42D002034
:107CB000831E012B01D8FFF7ADBF704700F0FD0315
:107CC000012B08D1044B00225A74421E50425041ED
:107CD0001874FFF751BF7047D42D002010B5064C23
:107CE000201DFFF7C1FD28B9637C1BB9BDE810401A
:107CF000FFF742BF10BD00BFD42D00202DE9F34196
:107D000080460D460F4801A916461F46FFF71FFD86
:107D10000446A8B11C22002104F0D2FD2D0B012342
:107D2000237101A90748C4F80080A760E560666177
:107D3000FFF737FDFFF7D2FF002002B0BDE8F0816A
:107D40000420FAE7C42D00202DE9F7438146884638
:107D5000104801A917461E46FFF7F9FC0446B0B1CA
:107D60001C22002104F0ACFD00250A9BA36001A9A0
:107D7000C4E9037807482571C4F800906661FFF7ED
:107D800010FDFFF7ABFF284603B0BDE8F0830420E9
:107D9000FAE700BFC42D002001600B6843604A6809
:107DA000934204BF002343607047436843B10268B5
:107DB00091680B4443605268934204BF00234360C0
:107DC000704700002DE9F04FC9B008AA01F1400545
:107DD00014464B780E781B0443EA0663CE7833438F
:107DE0008E78043143EA06238D4244F8043BF0D1F7
:107DF0001024916B16464FEAF14383EA714383EAFC
:107E00009123716A366852F8045F31440B444FEA9B
:107E1000B54181EAF51181EAD50101340B44402CCA
:107E2000D363E6D1D0E914E30093836D0193C36D6E
:107E30000293036E0393436E0493836E0593C36EA4
:107E40000693DDE9057BDDE9031CDDE901592B4BD8
:107E5000009E079374464FF00008079B53F8042BCD
:107E600007934FEAF12383EAB11383EA716A08ABFF
:107E700053F828301A440AEB020327EA010A01EA00
:107E80000C028AEA02021A444FEA743A86EA0503AF
:107E90005A4423408AEAB40A06EA050B83EA0B0B2C
:107EA0008AEAB45A08F10108DA44B8F1400F02EB4B
:107EB0000903BB465244A94619D172440265009A8F
:107EC00022444265019A32448265029A2A44C2657C
:107ED000039A1A44049B02660B444366059B634461
:107EE0008366069B3B44C36649B0BDE8F08F674696
:107EF00035468C46264619461446AEE744CC070064
:107F000030B5E0B10F4A104900240025C0E9124500
:107F1000C0E914120D4C0E4A0E4DC0E916420E4A2D
:107F2000C0E918520D4A826602F17452A2F523028A
:107F30000023A2F692420364C266184630BD0E20AA
:107F4000FCE700BF85AE67BB67E6096A72F36E3C6B
:107F50003AF54FA57F520E518C68059BABD9831F14
:107F600070B5F0B1DAB900201CE00C468D1800267F
:107F7000AC42F8D0036C14F8012BC2540133402BEF
:107F80000364F5D10146FFF71DFFD0E9123213F566
:107F9000007342F10002C0E912320664E8E70029EA
:107FA000E3D10E2070BD70B50D461646044600287C
:107FB0007AD0002978D0036C8021372BC15403F18B
:107FC000010243D8034400F13802002101339A42F0
:107FD0003AD1D4E91223216C0820E1FB0023C4E943
:107FE000122312BAE26323FA00F284F83B3084F8D9
:107FF0003A201A0C1B0E214684F8392084F83830B8
:108000002046FFF7DFFE691E7EB30023E26EDA40F2
:1080100001F8012FA26EDA400A71626EDA400A722C
:10802000226EDA400A73E26DDA400A74A26DDA4019
:108030000A75626DDA400A76226DDA400833202B29
:108040000A77E3D1002070BD1970BFE700233F2AF3
:1080500008D921462046FFF7B5FE3822002104F05A
:108060002FFCB6E7A3540132F1E71823226DDA4062
:1080700001F8012F626DDA400A71A26DDA400A72CE
:10808000E26DDA400A73226EDA400A74626EDA40F8
:108090000A75A26EDA400A76E26EDA40083B13F106
:1080A000080F0A77E2D1CDE70E20CCE743689B6842
:1080B000184708B5436808305A7900F082F9002063
:1080C00008BD2DE9F0410C469CB008461F460392BE
:1080D000FFF7ECFFD4F80480039998F80550BD42EF
:1080E00028BF3D4606462A4604A800F05FF998F8E6
:1080F000052022990CA800F064F900960CAB2A46E2
:1081000004A904F1080004F051F9002848F2425093
:1081100018BF00201CB0BDE8F0810000024AD2F870
:108120000034002BFBD0704700E001400A4908B53D
:108130000223C1F80435BFF36F8FBFF34F8FC1F82F
:108140000805FFF7EBFF0023C1F80435BFF36F8F7D
:10815000BFF34F8F08BD00BF00E0014010B5094CD0
:108160000123C4F80435BFF36F8FBFF34F8F016055
:10817000FFF7D4FF0023C4F80435BFF36F8FBFF3BC
:108180004F8F10BD00E0014070B50E4E0123154623
:10819000C6F80435BFF36F8FBFF34F8F0024AC4296
:1081A00007D10023C6F80435BFF36F8FBFF34F8F9D
:1081B00070BD51F8243040F82430FFF7AFFF013490
:1081C000EDE700BF00E0014028B139B10023C1E96B
:1081D00000301846704748F21050704748F213506C
:1081E000704730B1036848F240508B4208BF00200E
:1081F000704748F21050704728B148F21150914230
:1082000008BF0020704748F21050704770B506460E
:108210000C461D46FFF7D8FF50B9B3794AB1AB42BF
:108220000AD111462046FFF744FF08B9044B2360EA
:1082300070BD48F21050FBE748F21150F8E700BF5C
:108240007052464D2DE9F0470C4606460F49204630
:10825000DDE9088915461F46FFF7C3FFA0B963682B
:108260005A79494652004046FFF7C6FF60B94DB102
:10827000CDF820803B462A4621463046BDE8F047EF
:10828000FFF71FBF48F21050BDE8F0877052464D0F
:1082900010B5044638B149B141600B68984708B938
:1082A000044B236010BD48F20150FBE748F2105028
:1082B000F8E700BF6E524648F0B4134648B107686D
:1082C000094EB7420AD161B12AB14368F0BC5B687C
:1082D000184748F201531846F0BC704748F2025361
:1082E000F9E748F21053F6E76E524648F0B460B131
:1082F00007680C4EB7420CD171B143681568DC6851
:10830000A5420CD3F0BC9B68184748F20150F0BC62
:10831000704748F20250FAE748F21350F7E748F284
:108320001450F4E76E524648F7B50446DDE9086795
:1083300015460193FFF7ACFF68B9019A294620461C
:10834000FFF7BAFF38B93A463146204603B0BDE8D8
:10835000F040FFF7CBBF03B0F0BD0000F8B50A4F07
:108360000A4C0B4EE41B0123E40833700025A542A0
:1083700003D1022333700020F8BD57F835309847F9
:108380000028F9D10135F2E7E4D00700E4D0070076
:10839000F02D002001390144814200D2704703785A
:1083A0000A7800F8012B01F80139F5E7013A024497
:1083B0000139824200D2704711F8013F02F80139B9
:1083C000F7E770B516460D46FFF7F0FF3246A919DC
:1083D0003044BDE87040FFF7E9BF38B50D460446AC
:1083E000FFF7D8FF29466019BDE83840FFF7D2BF34
:1083F000BFF34F8F0549064BCA6802F4E06213438E
:10840000CB60BFF34F8F00BFFDE700BF00ED00E082
:108410000400FA05044A136801331360034B1B7808
:108420000BB100F0FFB87047FC2D0020F82D0020A4
:1084300010B5094C00F018F923785BB9074A13709E
:1084400000F0B8F8012323700549BDE81040A320CF
:1084500000F0D2BB10BD00BFF82D0020F12D002090
:108460001584070008B5084B00221A7000F030F997
:108470000649A32000F0C0FB054B1A68054B1A60A3
:10848000054B01221A7008BDF82D00201584070045
:10849000FC2D0020F42D0020F12D0020013870B5B6
:1084A000082823D8DFE800F00A0C23220522050E55
:1084B0000C001148BDE87040FFF7BABF0F48F9E75C
:1084C0000F48F7E701F0F6FF0E4B1B787BB10E4E1D
:1084D0000E4D34682B68E41A3B2C94BF0021012117
:1084E00000F040F93B2C01D933682B6070BDBDE82A
:1084F0007040FFF7B7BF00BF95CD070090CD0700D4
:108500009ACD0700F12D0020FC2D0020F42D002035
:1085100008B5FFF76DFF08B5FFF76AFF08B500F073
:108520007DFC024800F0A8F9FFF762FF9D84070078
:10853000F0B51B4B1B4819781B4B1C4D5F5C04228C
:10854000012447FA02F6F60710F8013B1BD51F2B52
:1085500086BF03F01F032E464FF0A04604FA03F334
:10856000C6F80C35013AECD2114B5B5C1F2B86BF71
:108570000E4903F01F034FF0A041012202FA03F35A
:10858000C1F80835F0BD1F2B86BF03F01F032E4630
:108590004FF0A04604FA03F3C6F80835E2E700BF3F
:1085A000052E00209FCD0700002E00200003005064
:1085B000A4CD070030B41748174D0022032410F84B
:1085C000013B1F2B86BF03F01F0329464FF0A0413C
:1085D00003F5E0730132052A41F82340EFD10F483B
:1085E0000D4D0022032410F8013B1F2B86BF03F022
:1085F0001F0329464FF0A04103F5E0730132052A1D
:1086000041F82340EFD1064B00221A7030BCFFF72F
:108610008FBF00BF9FCD070000030050A4CD07000F
:10862000052E002010B40D490D4A0B780120D25CB4
:1086300003441F2ADBB28ABF0A4C4FF0A04402F069
:108640001F02042B00FA02F288BF0023C4F80C2595
:108650000B705DF8044BFFF76BBF00BF052E0020C9
:10866000A4CD07000003005001460522014804F094
:108670008DB800BF002E00201F2886BF054A00F0DD
:108680001F004FF0A042012303FA00F0C2F80805D2
:10869000704700BF000300500B4B185C1F288ABFB7
:1086A0000A4B4FF0A04300F01F01D3F8042598BFF8
:1086B0000146CA40D20704D501228A40C3F80C25DE
:1086C0007047FFF7D9BF00BFA9CD070000030050D6
:1086D000F8B5204A204D214E00231360284603247C
:1086E00010F8012B1F2A86BF02F01F0231464FF0FF
:1086F000A04102F5E0720133052B41F82240EFD191
:10870000174C164F20460022032610F8013B1F2B62
:1087100086BF03F01F0339464FF0A04103F5E07315
:108720000132052A41F82360EFD1002115F8010B31
:108730000131FFF7A1FF0529F8D1002114F8010B41
:108740000131FFF799FF0529F8D1BDE8F840002075
:10875000FFF7A2BF082E0020A9CD0700000300509C
:10876000AECD0700F0B5174D174F2C68DFF85CC091
:1087700000EB80006423002290FBF3F34FF0010E26
:10878000204683420DDC181BA342B8BF00202044C2
:1087900002B12860A1B1042812DCBDE8F040FFF767
:1087A0007BBFC25D1F2A86BF02F01F0266464FF0E4
:1087B000A0460EFA02F2C6F80C2501300122E0E7CD
:1087C000F0BD00BF082E0020A9CD07000003005017
:1087D000008800F00100704741DF7047014B012223
:1087E0001A7070472C320020BFF34F8F0549064B9B
:1087F000CA6802F4E0621343CB60BFF34F8F00BF3F
:10880000FDE700BF00ED00E00400FA05024B03485D
:1088100000221A7001F068BF2C320020E98707009F
:10882000042810B5044609D8022811D816D00D4BDB
:108830001B68B3B12046BDE810401847831F012BC9
:10884000F5D8094B094800221A7001F04DFFEEE7F8
:1088500007494FF4701000F0ABF9E8E701F08EFE25
:10886000E5E710BD303200202C320020E9870700F8
:108870000D8807000020704738B5534B1860002062
:1088800001F048FF0446002840F0998000F070FA9B
:10889000012800F08F80022800F09380002840F02B
:1088A0008E804FF08043D3F8004414F480343AD0E3
:1088B0004FF48032C3F800240446444D2B6A012B48
:1088C00044D04FF4701400F0EDFA414A20211820F2
:1088D000FEF7F8FD08B1FFF71EFE4FF08043D3F816
:1088E0001C2502F0F802B02A09D1D3F81C25D207C2
:1088F00042BFD3F81C2502F04E02C3F81C25FFF737
:10890000B9FF00285BD12046324900F051F93248C6
:1089100000F0DAFF002852D100F0EAFAFEF75EFE1E
:10892000FFF75AFFF8E7D3F8202502F0F802A82A4B
:108930000AD1D3F82025D10706D5D3F8202502F097
:108940005602C3F82025B8E70124B6E74FF4405398
:108950005A68224B9A4209D001F078FFAA69014671
:1089600094B11F4802F0C7FA90B9AAE76A6B1CB924
:1089700095F86032012BEFD01A484FF4805102F085
:10898000BAFA0028E8D19CE795F8A132012BE8D18A
:108990004FF08043D3F81C3513F0B10F91D101F0A3
:1089A00001FF60B9104B1870104801F09DFE00F0F7
:1089B00021F804E00C4B0E481C7001F095FE0320DA
:1089C00038BD4FF4A0247EE730320020A84E0020AE
:1089D0000C2E00200D88070021880700DBE5B1512F
:1089E00049510020085100202C320020DD8707006B
:1089F000E987070008B5074B4FF0FF32C3F8802026
:108A0000C3F8802101F0C8FBBDE808404FF4805056
:108A100000F002B800E100E000B5EFF305830023A9
:108A2000D0E9001283F3148883F3108883F311884C
:108A300083F3138881F308884FF0FF339E46104775
:108A40005DF804FB00F1402000F50030002382B007
:108A5000036003680193019B02B0704738B56FF063
:108A60007F42134C057BD4F804358A4228BF0A465E
:108A7000891A13444A1E942A23F07F4305F5A872ED
:108A80009BBF963B96314160416044F82230094BD0
:108A90004FF4F86043F00103984705F1500080005F
:108AA000FFF7D0FF4FF48033AB40C4F8043338BD38
:108AB00000400240C0CD070070B5194D2B78044628
:108AC00043BB4FF080430226D3F81804C0035CBFB9
:108AD000012098604FF48070FFF7B4FF4FF4A0704E
:108AE000FFF7B0FF4FF4A270FFF7ACFF4FF4A47094
:108AF000FFF7A8FF0B4BA02083F824031020586039
:108B0000094B0020C3F80805012098601860C3F8DD
:108B10000463287022602046BDE87040FFF79EBFC6
:108B20003832002000E100E0004002402DE9F04131
:108B30001A4BD3F804313BB1194A13684FF48270D1
:108B400001331360FFF77EFF164C174DDFF84C80A2
:108B5000164E4FF480372B68A5F5804080B25BB18C
:108B6000FFF770FF237B07FA03F3C8F80833616847
:108B700049B12046FFF772FF0435B54204F11004F5
:108B8000E9D1BDE8F081A16811B12046FFF766FF89
:108B90002368002BF0D09847EEE700BF004002406A
:108BA00034320020EC2A0020404102404C41024077
:108BB00010B40A4B1C680A46217B4FF480338B406B
:108BC0000749C1F80833014620B120465DF8044B3F
:108BD000FFF772BF5DF8044B704700BF1C2B0020ED
:108BE00000400240034B1B680A4698600146184645
:108BF000FFF762BF242B002030B40C4B1B680A46E1
:108C0000197B4FF480348C400949D1F804532C422D
:108C100002D09D68854207D0C1F80843986001469C
:108C200030BC1846FFF748BF30BC7047202B0020EF
:108C300000400240014B01221A7070473932002077
:108C40002DE9F74F06468846A8EB06052D0B02F6E0
:108C5000FF77144600F026F9802D28BF80252B03CE
:108C6000DFF868B001933F0B0CB9234629E0BD4201
:108C70002CBFBA46AA464FF000025146304634BFD8
:108C8000DDF80490A14601F051FA0346C8B909F194
:108C9000030222F003024146304601F039FA03464E
:108CA00078B9DBF830304B44CBF8303001F022FD9E
:108CB000A7EB0A07A4EB09044E44C8440346002866
:108CC000D2D0184603B0BDE8F08F00BFA84E0020F8
:108CD00010B501F0DFFD124A916C01F500535C689C
:108CE000104B9C4218D1D2E90C32934216D08842E4
:108CF00004D1BDE81040002001F0FCBCD21A02F6FD
:108D0000FF7222F47F6222F00F0219441844FFF729
:108D100097FF0028EDD010BD0320FCE70020FAE704
:108D2000A84E0020DBE5B15138B50F4BDA6A5D6A19
:108D30009C6CAC2A10D15B6B1C44ED1A0B482A4684
:108D4000214603F0F1FC68B100F0D2F82946204634
:108D5000BDE8384001F002BA002CEFD101F08AFDE5
:108D60000446EBE738BD00BFA84E002000700700A6
:108D700070B5264CE36AAA2B37D005D8012B0BD04F
:108D8000A52B2ED0002070BDAC2BFBD1FFF7A0FF90
:108D900048BBFFF7C9FF26E0A66C656A01F056FDE7
:108DA000864229D101F052FD00222946FEF77EFCC1
:108DB000A36A984202BF0123C4E90703A561002505
:108DC000134801F037FD134B134800221A7001F0CD
:108DD00091FC68B975B1236A012B14BF01200220F0
:108DE000D1E7FFF775FF0125EAE7FFF79DFFE6E70B
:108DF0000320C8E70120C6E7236BEA1AF1181844DC
:108E0000FFF71EFF0028DAD1CCE700BFA84E0020F4
:108E1000CC4E002039320020358C070010B50024DC
:108E2000D4F8F83F013304D1084940F6F870FFF751
:108E300095F9D4F8FC3F013307D1BDE810404FF459
:108E4000FC2140F6FC70FFF789B910BD00700700E7
:108E50000A4AD2F800347BB109480023D2F8081539
:108E6000D940C90748BF03F5C07103F1010348BFEA
:108E700042F82100072BF1D1704700BF00000140EC
:108E80003546526EFFF7E4BF054B002282B0C3F8AF
:108E90000021D3F800310193019B02B0704700BF5D
:108EA0000000014038B50E4D2B78BBB90D4BD3F8FF
:108EB00000248AB1D3F80445FFF7CAFF40F61650E4
:108EC000A042B8BF20460849A0F54860FFF78AFED7
:108ED000064B4FF480321A6001232B7038BD00BF5F
:108EE0003A32002000000140858E070000E100E0DA
:108EF000034BD3F800340BB1FFF7AABF704700BF94
:108F0000000001400023C0E90232C0E900118B8853
:108F10001A440261B1F906301A44426108880038E7
:108F200018BF0120704710B5426811880346002918
:108F300039D002F110014160148A2CB9C26801686D
:108F4000FFF7E0FF204610BD9078118900F0300453
:108F5000302C1BD1947C04F03004302C1DD190882F
:108F60001969091A19610021907810F0300F02BFB9
:108F7000986801309860908A084419690144196121
:108F8000B2F91620114459610120DCE700F0F00429
:108F9000202C02D150894143E6E700F0C000802830
:108FA00008BF0421E0E70846CDE770B546680446EF
:108FB0000D4663681A88AA4204D19B7803F00F0318
:108FC000082B07D12046FFF7AEFF6368B342F0D10C
:108FD000002070BD0120FCE743681A44426011B1D3
:108FE00001399A4201D10120704713F8010B01F8B1
:108FF000010FF6E770B54268927802F00F01082978
:1090000086B003461FD103691C6800260CB906B060
:1090100070BD236826739D68626829466846FFF71D
:1090200071FF6368049304F10C030593AB7803F0BC
:10903000C003802B08BF231D684608BF0493FFF7B9
:10904000D9FFA468E2E712F0C00126D102F0300097
:10905000102810D15A6911705A6818699378D46829
:1090600003F00F03072B0BD10146204606B0BDE8E5
:10907000704000F01AB89006EED55B691980C6E71B
:109080001289214624B106B0BDE8704003F07EBBD2
:1090900006B0BDE8704003F013BC8029B7D1006969
:1090A000002192060160B2D5E7E77FB50A46014686
:1090B0006846FFF727FF30B16846FFF79BFF684619
:1090C000FFF731FFF7E707B05DF804FB10B58368E1
:1090D00004460BB9002010BD036801229847002800
:1090E000F8D0A368013BA360F5E72DE9F3410F46F3
:1090F0000DF107018046FFF7E9FF054620B900257D
:10910000284602B0BDE8F0819DF907309DF8074080
:10911000002B13DA04F07F0407260DF10701404607
:10912000FFF7D4FF0028EAD09DF8072002F07F0364
:10913000B3401C43130606F1070601D43C60DFE789
:10914000232EEAD1DBE7000030B5044685B0154692
:10915000A9B90268114B9A4211D0102D06D82A469F
:1091600069462046FFF7F0FF05B030BD1022694682
:109170002046FFF7E9FF0028F6D0103DEDE7A36891
:10918000AB4201D20020EFE723682A4620469847E9
:109190000028F7D0A268521BA260E5E7D98F07002C
:1091A000F7B50E4601A907461546FFF79EFFA0B189
:1091B000019A511C4FF0000404D2B37803F0C003AD
:1091C000802B01D1204608E033898B42FAD329460F
:1091D0003846FFF7B9FF019BEC5403B0F0BD73B5FF
:1091E0000D4601A906461446FFF77FFF98B1019A84
:1091F000B2F5803F11D2AB7803F0C003802B02F1AF
:1092000002010AD02B898B4207D32146304621F830
:10921000022BFFF799FF02B070BD0020FBE70000B2
:1092200010B5034C82600022C0E90041C26010BD4D
:10923000D98F07002DE9F341002580460E462F46C1
:109240002C460DF107014046FFF740FFC0B19DF8E5
:1092500007C0A4F120030CF07F02C4F1200102FA40
:1092600003F322FA01F10B43A2401CF0800F45EA00
:10927000020547EA030704F1070404D1C6E90057D1
:1092800002B0BDE8F081462CDBD10020F8E737B50D
:109290000D4669461446FFF7CDFF70B12B89082BA8
:1092A0000DD1DDE90032C4E90032DDE9000191426F
:1092B00008BF98420CBF0120002003B030BD042B32
:1092C00003D1009B23600022EFE7022B03D1009B18
:1092D00023809BB2F7E7012B04D1009B237003F09E
:1092E000FF03F0E70020E8E737B50D46694614466E
:1092F000FFF7A0FF30B12B89082BDDE9001203D165
:10930000C4E9001203B030BD042B4FEAE17009D16B
:1093100021600B460246824208BF8B420CBF0120EF
:109320000020EFE7022B03D10BB22380DA17F2E71C
:10933000012B02D14BB22370F8E70020E2E7F7B52A
:109340001F4600233B700D460B70136001A90446B5
:109350001646FFF7CAFE30B9A36813B901233B7064
:10936000002003B0F0BD019C002CF7D0E30804F00E
:10937000070433602C70F4E713B50446052925D89B
:10938000DFE801F0030F17242422012201A920465F
:10939000FFF7DAFE18B19DF90430002BF5DB02B0BF
:1093A00010BD08220021204602B0BDE81040FFF7A2
:1093B000CBBE01A9FFF799FE0028F0D0019A002149
:1093C0002046FFF7C1FEEAE70422EBE70020E6E7CC
:1093D00073B50D4601A90446FFF787FE064618B986
:1093E0000026304602B070BD94E80F0085E80F00FB
:1093F00001998A42F4D3A960A3685B1AA360F0E7DD
:109400002DE9F0435768BB7813F0C00489B00646D5
:109410008C46154603D0402C6CD000240CE003F0A1
:109420000F02614903F03003202B51F8228028D02D
:1094300006D8CBB1102B1ED0204609B0BDE8F08372
:10944000302BF9D16B6939881980072A0AD16B68EA
:1094500028691A89214603F033FA6B682969D868AC
:10946000FFF723FE2A6942E02A693946434609B0DC
:10947000BDE8F04318476B6901221A702A696968D0
:10948000F4E7BCF1020FD5F8149024D1042A22D8B5
:1094900004A9FFF79DFF04460028BED0069B2BB110
:1094A0006968B9F800304A899A4205D8059B73600B
:1094B000069B002BC0D0B0E708892A6903FB002275
:1094C00004A8C04728B1B9F800300133A9F800302A
:1094D000E4E70446EAE7B9F800307A899A429CD971
:1094E0002A693989581CA9F8000003FB0122696820
:1094F0003046BBE7D2F81080474657F8043B23B903
:1095000009B0BDE8F043FFF737BF022914D104A921
:10951000FFF75EFF002880D0D8F8003069683A462F
:1095200004A89847044600283FF477AF069B002B19
:10953000F2D1059B73607FE7012926D005292CD045
:1095400000297FF46AAF0C460DF1040901340B2C9D
:109550003FF463AF012249463046FFF7F5FD00288E
:109560003FF45BAF19F9013B002BEFDB0F4B04938A
:1095700001ABCDE9053400230793D8F800306968C2
:109580003A4604A89847044656E7082201A9FFF77F
:10959000DBFD08240028E9D13FE704220DEB02019E
:1095A000FFF7D2FD0424F5E7C8CD0700D98F0700E7
:1095B0002DE9F04F91B00446002604A8CDE90266DB
:1095C000FFF7A0FCA3683BBBDDE9053404A89D7848
:1095D000FFF7A9FC0028F7D115F0300F03D1059B48
:1095E0001B8803B10134002C00F0A980630902A993
:1095F0000022934240F09C8010AA02EB830304F007
:109600001F0453F8383CC4F120044FF0FF30E04011
:10961000C31A584258410DE00DF1030301AA0DF1A0
:1096200002012046FFF78BFE38B99DF80330002B6E
:10963000CAD1002011B0BDE8F08F019904A8FFF74E
:10964000B4FC002850D1019BB3427DD3059D059AFF
:10965000937803F00F03082B7FD004A8FFF763FC77
:10966000059B9D42F3D14FF0FF36019FB7426BD36C
:10967000089B9DF802A0D4F808801D684FF00109EE
:10968000A368002D5DD098459CD12B68D3F800B01D
:10969000BBF1000F08D053463A4629462046D8472A
:1096A0000028C6D0AD68EBE7D3F808B0BBF80030AF
:1096B0009F42F7D16A6859460AA8FFF723FC6B68F6
:1096C0000E9305F10C030F939BF8023003F0C003D7
:1096D000802B04BF2B1D0E930AAA85F80C905146CF
:1096E0002046FFF78DFEDBE7059B9B7813F0300FDC
:1096F0000FD1069A3F2A0CD8510910AB03EB810118
:1097000002F01F020123934051F8382C134341F813
:10971000383CE5682DB19DF80220019904AB204644
:10972000A8479DF8021004AA2046FFF769FE10E042
:1097300051F8045B01357FF47DAF013259E7012018
:1097400078E798457FF43EAF9DF802102046FFF77A
:1097500013FE00287FF436AF6BE7168885E737B530
:109760000C460546114620460192FFF79EFC019AE1
:109770002146284603B0BDE83040FFF719BF70B559
:1097800086B0CE6801920C4602A90546FFF720FE7E
:1097900068B1E06858B1A378019A03F03003202B38
:1097A000314602A805D1FFF7DAFF039B6B6006B0D4
:1097B00070BDFFF7FDFEF8E713B50C466946FFF7ED
:1097C00039FD60B1DDE900134A0842EAC372C907F6
:1097D0004FEA530344BFD243DB43C4E9002302B042
:1097E00010BD37B50D4669461446FFF7E5FF70B169
:1097F0002B89082B0DD1DDE90032C4E90032DDE907
:109800000001914208BF98420CBF0120002003B024
:1098100030BD042B03D1009B2360DA17EFE7022B46
:1098200003D1BDF900302380F7E7012B03D19DF967
:1098300000302370F1E70020E9E713B504220C465D
:109840000DEB0201FFF780FC08B1019B236002B021
:1098500010BD1146FFF7F1BF13B508220C4669464B
:10986000FFF772FC18B1DDE90023C4E9002302B060
:1098700010BD1146FFF7F0BF10B513681F2B14463B
:1098800007D900220830FEF78EFB08B92023236099
:1098900010BD48F21450FBE70830FEF761BB0830FA
:1098A000FEF72EBB831F012B10B5044602D8002003
:1098B00000F0A8FF034B1B681BB12046BDE8104019
:1098C000184710BD3C32002008B5074B1860002037
:1098D000FFF7E8FF054800F07DFF20B9BDE808402C
:1098E000024800F0FFBD08BD3C320020A5980700EB
:1098F0006CDF70476DDF704772DF704773DF704752
:1099000074DF704775DF704776DF70477ADF704726
:109910007CDF70477DDF70477FDF704786DF7047F1
:109920008FDF704790DF7047A8DF7047AADF70476E
:10993000ADDF7047AEDF7047B0DF7047B1DF704713
:10994000B5DF704762DF704766DF704713DF70472F
:1099500001460148FDF7CBBFECD0070070B51822D7
:109960008CB000210DEB020002F0AAFF282308931F
:1099700016231E4CADF806300023CDE903330593C2
:109980000223062223702371592301250926A27080
:1099900063710322FE236570E270A3710DF106016D
:1099A000A0198DF818508DF82D500294ADF80C6068
:1099B000FFF7B0FFB8B9BDF8063026725A19E27148
:1099C000BDF80C200A4C134402A906AA2046ADF8A3
:1099D0000C30FFF791FF30B92078FFF791FF207826
:1099E0002946FFF78BFF0CB070BD00BFBE420020C0
:1099F000282B002038B515490B68024613F00100EA
:109A000022D0134882421ED0124A10884FF6FF72AD
:109A1000904213D043F004030B601321FFF774FF4F
:109A200090B90D4DC82445F001054FF47A40A84780
:109A3000013CFAD1BDE8384001F022BD074B18784F
:109A4000FFF75EFFF6E7002038BD00BFE0420020D0
:109A5000E4D007002A2B0020D0CF0700282B0020BD
:109A6000F0B50388232B8BB0044635D80F2B04D8D0
:109A7000012B00F0F2800BB0F0BD103B132BFAD895
:109A800001A252F823F000BF099B0700279B0700A3
:109A9000779A0700099C07003F9D0700779A070007
:109AA000779A0700779A0700779A0700779A070056
:109AB0004D9D0700779A0700779A0700779A07006D
:109AC000779A0700779A0700779A0700339C070078
:109AD000779A0700EF9B0700503B9AB2062ACAD834
:109AE000062BC8D801A252F823F000BF539B0700F1
:109AF000679C07004D9D0700779A0700779A07003B
:109B0000AB9B0700479C0700944D83882B80944BA8
:109B10001B680BB101209847924928880BB0BDE81B
:109B2000F040FFF7EFBE8D4B4FF6FF721A808E4B61
:109B30001B685A0704D4FFF711FF08B1FEF7EBFCCE
:109B4000874B1B68002B96D002200BB0BDE8F0407D
:109B50001847864EE288B3889A428CD18448FDF734
:109B6000A0FE0546002886D0228A04F1120102F0E8
:109B70000DFE1822002104A802F0A2FE08238DF891
:109B800010307C4B06937C4B0596CDE9073504A835
:109B9000238AADF8243000F09BFC00283FF46BAF23
:109BA00073482946FDF7A3FE65E7E188F6291CD82E
:109BB000CB1E9B070DD0CB1F9BB2013B5A4202F03C
:109BC000030203F0030301F1FF3158BF5342C91AE6
:109BD00089B2624B1888FFF7B3FE00283FF44BAF01
:109BE0000BB0BDE8F040FEF796BCF721F1E700228C
:109BF000808804A9CDE90422FFF794FE00283FF4F1
:109C00003AAFFEF788FC36E7544C022304932088D1
:109C100002AB04AA42F605210593FFF789FE08B1BD
:109C2000FEF779FC002320881A468521FFF774FE91
:109C3000E4E7002304A980888DF810308DF81130F6
:109C4000FFF76EFEDAE7A379002B7FF414AF434BE6
:109C500013211888FFF758FEBFE7404B00211888F2
:109C6000FFF772FEB9E7A379002B3FF404AF022B94
:109C70007FF401AF3D4D2189AA8991427FF4FBAE6B
:109C8000A27B012A7FF4F7AE4FF480320592228A3C
:109C9000324EADF81820628AADF81A2004F1140291
:109CA000079201AF298A3088049302AA029303978E
:109CB000FFF73EFE60B93846FEF78AFD40B940F234
:109CC000FD133088ADF8143004A9FFF735FED2E655
:109CD000002304A93088ADF81430FFF72DFE0146AB
:109CE00000287FF4C8AE182204A802F0E9FD237D05
:109CF000204A8DF81030022B0595069218D0062BBD
:109D000010D0012B10D11D4B1A881D4B1A80637D7A
:109D1000D4F816200893012B099205D1194800F0B8
:109D200071FD01E0637D089304A800F0D1FBA2E679
:109D3000124AB4F815301380114A1380F4E7002357
:109D40001A4619468088FFF7E9FD46E70023A088F8
:109D50001A461946FFF7F2FD3FE700BF2A2B002005
:109D6000E4420020D6CF0700E0420020AA420020B3
:109D7000ECD00700C99D070051990700E842002078
:109D8000EA420020E4D007007FB50023CDF80B3075
:109D90008DF80F300A4BADF806109B89ADF80830EE
:109DA00001238DF80A300DF10603CDE90430054B8F
:109DB00002A91888FFF7BEFD07B05DF804FB00BFDD
:109DC000AA4200202A2B002010B5044686B00021AC
:109DD0000D2202A8019102F073FD2378082B0BD10C
:109DE000364A374913880988013B9BB21380D9B1A1
:109DF000D3B9032311802370627823788DF805305E
:109E00006021012A8DF804108DF806200ED00B2A4F
:109E100012D100F099F98DF80700002000F08EF9BA
:109E2000042101A8FFF7B0FF06B010BD062B05D036
:109E3000082B29D0032B27D00321F2E7E1688DF806
:109E40000710D4E90123080A8DF80800080C090E50
:109E50008DF80A10110A8DF80B208DF80C10110CDA
:109E6000120E8DF80E201A0A8DF80F308DF8102082
:109E70001A0C1B0E8DF80D108DF809008DF81120AD
:109E80008DF812300F21CCE7D4E90123110A8DF8A7
:109E900007208DF80810110C120E8DF80A201A0AEE
:109EA0008DF80B308DF80C201A0C1B0E8DF8091054
:109EB0008DF80D208DF80E300B21B2E7EA4200201C
:109EC000E84200202DE9F0413E4B94B005464FF6A4
:109ED000FF721A8001204FF659632A4602A98DF8B5
:109EE0000A00ADF80830FFF71FFD0446002865D1D1
:109EF000354B04AA03F11007164618685968144632
:109F000003C40833BB422246F7D1A91C3046FFF7F1
:109F100019FD0446002851D101461C220DA802F06B
:109F2000CFFC9DF834308DF8044043F004038DF8E5
:109F300034300223ADF80C30AB788DF80E300323AB
:109F40008DF80630F423CDE90A44ADF82C302B46C9
:109F50004FF0110833F8040B0C9403AF01AE08AABC
:109F60000DA98DF8058008970996FFF7DFFC0446D8
:109F700020BB01461C220DA802F0A2FC18238DF87C
:109F800034300123ADF80C30AB788DF80E3013234C
:109F90008DF806301723CDE90A44ADF82C302B4656
:109FA00008AA33F80C0B8DF804400DA90C94CDE9E8
:109FB00008768DF80580FFF7B9FC0446204614B0FA
:109FC000BDE8F0812A2B0020C0CF07007FB53C4DB3
:109FD0002B6813F0010403D00024204604B070BDA8
:109FE000384E30603848FDF745FC029400F0C7F861
:109FF00004460028F1D13548FFF7A8FC04460028A4
:10A00000EBD101F0FFF904460028E6D102A801F0E7
:10A01000CBFA04460028E0D102A9012001F0CEFAD3
:10A0200004460028D9D102A801F02CFB04460028E0
:10A03000D3D100F0A7FB30B1254800F097FB2B6887
:10A0400043F002032B60112302A88DF80430FFF7C0
:10A0500051FC04460028C0D102A8FFF749FC044681
:10A060000028BAD12B689B0724D519498869043187
:10A0700082B201A8FFF74CFC04460028ADD1154878
:10A08000FFF744FC04460028A7D11348FFF71AFF46
:10A0900004460028A1D1FFF761FC044600289CD1AA
:10A0A0002B6843F001032B603368002B94D0092008
:10A0B000984792E7094802F063FC0849D8E700BFD7
:10A0C000E0420020E4420020ECD0070000700700CE
:10A0D00040320020D6CF0700AA420020B8CF0700A8
:10A0E00043690BB1C06818477047000010B40549B8
:10A0F000054C0022904218BF214604485DF8044BED
:10A10000FDF70FBCF8CB070024CC0700A02B0020E4
:10A1100007B5009313460A4601460348FDF705FCC0
:10A1200003B05DF804FB00BFA02B002013460A46D5
:10A1300001460148FDF700BCA02B0020014B187020
:10A140000B207047EC420020024B002218781A7056
:10A15000704700BFEC42002018DF704730B585B073
:10A16000054610220C466846002102F0A9FBA4080F
:10A17000684601950294FFF7EFFF05B030BD1FB5AB
:10A180000023CDE901330393684602230093FFF7D0
:10A19000E3FF05B05DF804FB4FF000534FF480522D
:10A1A0001A60002070470000BFF34F8F0549064B2F
:10A1B000CA6802F4E0621343CB60BFF34F8F00BF65
:10A1C000FDE700BF00ED00E00400FA050A2803D90E
:10A1D0000B38C0B2FFF7B2BF7047000010B504469D
:10A1E00086B00020FDF7B0FB014638B1174A1821B0
:10A1F000204606B0BDE81040FDF788B91822684631
:10A2000002F05EFB0423124A8DF80030114B116DF1
:10A210001B68994212D1104B186800F0C1FF8DF8ED
:10A220000100FFF7D3FFD4E901138DF80100684660
:10A2300098470A4800F05EFA06B010BD01238DF879
:10A2400001306846D4E901139847F5E7DDA107001E
:10A25000A84E0020F0420020F4420020A9A10700EF
:10A26000F0B5044687B018220021684602F028FBAA
:10A2700022788DF8002001238DF80130531E0B2B1E
:10A2800000F20C81DFE813F011003300110011001F
:10A290000A0111000A0111000A010A010A010C0059
:10A2A0007F4B1B680720984721E0062A7D4901D093
:10A2B000012A01D122690A700A78012A04D0022AEF
:10A2C00051D000230B7094E0072B10D8DFE803F087
:10A2D000040F452F0F420F1C714B03201B6898473A
:10A2E000606900F043FDFFF771FF8DF80100D4E9CC
:10A2F0000113684698479DF80130012B00F0C38098
:10A30000674B05201B68BDE0A18A206900F046FD6F
:10A31000FFF75CFF644B8DF80100DA6B1B6C029356
:10A32000E3680192002BE2D020699847DFE75F499C
:10A330005F4800F07FFDFFF749FF01288DF801001D
:10A34000D5D1002000F0D6F90028D0D00A238DF80E
:10A350000130CCE74FF400730393534BDA6B1B6C63
:10A3600001920293C3E7072BC1D801A252F823F050
:10A3700091A30700EFA2070055A4070061A40700FE
:10A38000EFA207008BA40700EFA20700F7A30700C6
:10A3900000F024FD08B90823D9E762690AB903234C
:10A3A000D5E7C2F30B0333B13F4B40495B6D0968FE
:10A3B00013448B42F3D1B2F5805F01D90423C6E781
:10A3C000394B3A49586D096815188D42E3D85A64DB
:10A3D000DA6C9A6418651863354B61691B6801F67D
:10A3E000FF710022090B1844FFF7A0FE00283FF47C
:10A3F0007EAF0523ABE700F0F1FC0028CBD02A4D5F
:10A40000A18AD5E914329B1A6A6C0B449342C6D8D0
:10A41000274B2F6B1B68206905F148021F44FDF78D
:10A4200045F9E368A28A216906463846FFF770FEBF
:10A4300008B1E36878E7A28A2B6B13442B63A38AE5
:10A440002A6DAE641344CDE901362B65144B082008
:10A450001B6828E7144B9A6C1B6D0292019346E728
:10A46000114BD3E91402596C821A8A4293D19A6C27
:10A470005865002120465964DA64FFF7AFFE084BA7
:10A480001B680420984707B0F0BD074B9A6C1B6D02
:10A4900001934FF480530292039328E7022356E777
:10A4A000F84200202C2B0020A84E0020F042002073
:10A4B000F4420020044B054A1B6D6420434310689E
:10A4C000B3FBF0F0704700BFA84E0020F042002020
:10A4D00083681BB1024A1821FDF718B8072070479E
:10A4E00061A2070038B50546C0B10120FFF7FEFDA7
:10A4F000044648B900F02CFC00F070FC30B9084B61
:10A5000000201D60FFF71AFE204638BD05490648A9
:10A5100000F090FC0128F2D00324F5E70724F3E7CC
:10A52000F8420020F0420020F44200202DE9F041E2
:10A5300015464FF46072064688461F4602F0F4F84E
:10A5400028B915B90020BDE8F081A847FAE7002234
:10A5500001213046FFF7EAFD70B94FF460724146C1
:10A56000384602F013F92B464FF4607239463046F4
:10A57000FFF7CEFD0028E5D00320E4E72DE9F04108
:10A580003B4C236801335AD000225821201DFDF78F
:10A590008DF827683A1A57425741DFF8F080354D59
:10A5A000D8F80060336801335ED000225821301D96
:10A5B000FDF77CF83368834243D17468012C0AD0DC
:10A5C0000022C32106F51870FDF770F8D6F85C423A
:10A5D000231A5C425C41B7B3254926484FF46072A8
:10A5E00002F0D4F874B1D8F8001023485422043192
:10A5F00002F0CCF8D8F8001020484FF432725C31E9
:10A6000002F0C4F86C68012C2CD11D49402201F5E0
:10A61000E47002F0BBF81B491C2201F5E47002F063
:10A62000B5F8194985F8A1420023042201F28620D9
:10A6300085F8603285F8E23202F0A8F810E00027D1
:10A64000ABE70024C7E72CB1D8F8001009484FF455
:10A650006072D5E707484FF46072002102F030F9CC
:10A6600002236B60BDE8F081002FF3D00024B3E734
:10A6700000F00700A84E0020AC4E0020044F002040
:10A680000450002044500020C44E0020302B0020F5
:10A6900070B50D4C0546002258212046FDF706F8FE
:10A6A000002244F8040CC32104F51770FCF7FEFFE8
:10A6B000261FC4F858022A463146044B0448BDE818
:10A6C0007040FFF733BF00BFAC4E00207C46002037
:10A6D00000F0070002460248024B0068FFF726BF61
:10A6E000302B0020FC4200200149FFF7F3BF00BFE0
:10A6F00000F0070038B505460020FFF7C9FF044603
:10A7000018B903492846FFF7E5FF204638BD00BFCA
:10A71000A84E002010B5FFF7E9FC044628B9FFF762
:10A720002DFF2046FFF7E6FF00B1032010BD29DF13
:10A730007047000038B50C4D0446D5F8643378B145
:10A7400001330FD1002218210430FCF7AFFF206045
:10A75000214605F559700722BDE83840FFF7E7BFED
:10A760000E2038BD0820FCE700F0070008B528B12E
:10A7700003491C2202F00AF8002008BD0E20FCE765
:10A7800064F3070010B5064C002218212046FCF7A0
:10A790008DFF54F8043C1B1A5842584110BD00BFAD
:10A7A00068F3070010B50A4CD4F82433D4F86423B6
:10A7B0001340013309D04FF4FE20FDF7B7FCC92246
:10A7C00021464FF4FE20FDF7DFFC002010BD00BF46
:10A7D000A84E0020F8B5094F094CE41B0646E408D2
:10A7E0000025A54201D10020F8BD57F8353030468C
:10A7F00098470028F8D10135F3E700BFE4D00700FF
:10A80000ECD00700F8B5094E094CA41B0746E40834
:10A8100000250436A54201D10020F8BD56F8353098
:10A82000384698470028F8D10135F3E7E4D007000F
:10A83000ECD0070008B50C22002102F041F8024BD1
:10A8400000221A6308BD00BFA84E00204FF44053F9
:10A85000074A5968914201BF986800F6FF7020F4DA
:10A860007F6020F00F0018BF4FF48050704700BF8A
:10A87000DBE5B15108B5FFF7E9FF054B9B691844CB
:10A8800000F6FF7020F47F6020F00F0008BD00BFCD
:10A89000A84E00204FF48050704700002DE9F74F7C
:10A8A0001F46244BDFF894B01B6ADFF894900191A7
:10A8B0000446154600934FF000084FF4405AB8F193
:10A8C000010F5FFA88F61AD0022E24D0FFF7D2FFCC
:10A8D0009DB1009B013B59425941A9EB0000A042A8
:10A8E00001D3019BEBB1D1B908F10108B8F1030F15
:10A8F000E5D1A04216D2042018E02946EDE7FFF783
:10A90000A5FF37B9DAF80410B1EB0B0118BF01212C
:10A91000E3E74146E1E701214FF48050DDE7A04243
:10A92000E9D316B10448FFF785FF002003B0BDE866
:10A93000F08F00BFA84E0020C04E0020DBE5B151D3
:10A940000040070090F8552012F0FB0F07D190F857
:10A95000643023B1836ECBB10B600120704712F0DD
:10A96000010303D090F8563003B1836D9207F2D5FE
:10A9700090F85C20002AEED0054A006EC2F5FC2259
:10A98000904201D80344E6E7042070470F20704747
:10A990000070070010B5084C4FF40072FF212046EC
:10A9A00001F08EFF20220021A4F1240001F088FF95
:10A9B000002344F82C3C10BD044F00202DE9F04743
:10A9C0005A495B48DFF88881DFF88891DFF888A171
:10A9D000584C92B00C2201F0A7FE064600284CD13C
:10A9E0005349382204A801F0D1FE4FF44772314692
:10A9F000204688F80060C9F80060CAF8006001F0DD
:10AA00005FFF079D012D58D14FF48073A38034233D
:10AA100063614FF4405384F86C612570A571257211
:10AA2000E560257425839B89E361089B23670323E5
:10AA300084F87630099BA4F85C5084F85E50266652
:10AA400084F86450A66684F86C5084F87450A4F8B6
:10AA5000783020220AA904F17A0001F097FEA4F8C8
:10AA60009A50A4F89C5084F89E60A4F8A06088F8DE
:10AA700000500834304B1C6020E03049304E8A6B67
:10AA80006F465C313846FEF7CBFB97E80F0086E84F
:10AA90000F0000212B4B88F800104FF4477220461E
:10AAA000C9F80010CAF80010F36001F009FF264948
:10AAB00022463046FEF753FE20B90025284612B044
:10AAC000BDE8F08798F80050002DF6D094F86C316E
:10AAD00094F800801BB3B8F1000FEED194F87231F6
:10AAE000002BEAD0DAF80020D9F800103846FEF73B
:10AAF00097FB97E80F0086E80F004FF4B2724146CB
:10AB000004F5BA7001F0DCFE104904F5BA72304663
:10AB1000FEF725FE0028D0D004F5BA74AAE7B8F1F4
:10AB2000000FCAD0A379002BA3D1C6E7DECF070060
:10AB3000044F00202C4A0020044E0020A84E002084
:10AB4000484D00205DAB070048CF070094CE0700BA
:10AB5000284A0020244A0020204A002030B55B68A3
:10AB6000DA680D4B9A4208D10C4C236813B90C4992
:10AB70000B681BB10B4B00221A7030BDD0E90132BB
:10AB80001A4413F9015B002DA2EB0300F9DB2360EB
:10AB90000860044B0122EFE794CE0700244A00200E
:10ABA000204A0020284A002010B54FF44053164C8C
:10ABB0005968A142024624D000F500535B68181B77
:10ABC00043424341A14218461AD102F500535A6844
:10ABD0008A4215D14FF440521178142982BF50692E
:10ABE0000A4AB0FBF2F01A7898BF0020142A83BFFB
:10ABF0005B69064AB3FBF2F30023C01A18BF0120B9
:10AC000010BD0023DEE700BFDBE5B15140420F007D
:10AC100000B591B0FDF7A2FB684608492022FDF778
:10AC2000D0FB6A46064907484023FDF7EFFA064B7A
:10AC300001221A7011B05DF804FB00BF50CD07006F
:10AC4000584D002044CD0700FC490020F0B5A3B0CA
:10AC500007460D4614461E4678222023002104A8EC
:10AC6000029301F02DFE00230393194B1B780BB9BF
:10AC7000FFF7CEFF2DB337BB02AB164F019316493A
:10AC8000289B0097324604A8FDF74EFBE8B9402CFC
:10AC90001BD1124E22462946304601F077FD202175
:10ACA0003046FDF79AFBCDE90064029B0C493A4619
:10ACB00003A8FDF7C7FA00280CBF0120052023B028
:10ACC000F0BD1320FBE71620F9E70A20F7E700BFE5
:10ACD000FC490020A04D0020ECCD0700C04D002015
:10ACE000584D0020F0B5ABB004460D4616461F4641
:10ACF0007822202300210CA8039301F0E1FD114BE1
:10AD00001B780BB9FFF784FF2FB12146202204A83E
:10AD1000FDF74CFB04AC03AB0B4F01930B490097C1
:10AD200033462A460CA8FDF7FFFA48B920222146EF
:10AD3000384601F0F9FCB0FA80F040092BB0F0BDC4
:10AD40000020FBE7FC490020FD490020ECCD070076
:10AD500008B5044B986B08B1FFF730FE024B187032
:10AD600008BD00BFA84E0020004E002010B50446CC
:10AD700058B1B0F5007F0AD8064B00221A70FFF7D1
:10AD800009FE054B01209C6310BD0320FCE7042055
:10AD9000FAE700BF004E0020A84E002070B50E4C10
:10ADA0000646E06BA36B42189A420D4611D85C3000
:10ADB0000A462044314601F0E9FCE36B04F140020D
:10ADC0002B4429463046E363FCF770FC20640120E5
:10ADD00070BD0320FCE700BFA84E0020014B18788F
:10ADE000704700BF004E002013B50F4C94F86C3133
:10ADF000B3B10E4B1B6800930D4BB4F8DA221B68FD
:10AE000094F8D80204F53771FFF720FF012809D123
:10AE100004F5B874201D02B0BDE8104000F0C4B9BC
:10AE20000434F7E702B010BD2C4A0020204A00206D
:10AE3000244A00202DE9F843DFF88880D8E90E3253
:10AE40009A4206460D4637D1DFF87C9099F800709B
:10AE50004FB1FFF70FFD1A4B306029461868BDE867
:10AE6000F843FFF76FBDFFF7A9FD38B3FFF7BCFF4D
:10AE70000128376004462F601BD1114B2946186802
:10AE8000FFF760FD0128044613D198F8A112B1FA2A
:10AE900081F103463A4628684909FFF7FFFC38B9B3
:10AEA000FFF7E8FC89F8004030602046BDE8F883F1
:10AEB0000424FFF76FFDF8E70824F6E70524F4E71C
:10AEC000044E0020A84E0020004E002010B490F840
:10AED0006C305BB190F86E404CB1B0F8704034B15A
:10AEE0005DF8044B01237230FFF7FCBE01231846C6
:10AEF0005DF8044B704713B50446084623781146A5
:10AF0000032B03D8DFE803F021050F18002002B05F
:10AF100010BD0022D4F80140FCF7C8FB844214BFE6
:10AF200000200120F3E70A4600230146601C02B01E
:10AF3000BDE81040FFF7D6BE009103464022611CD9
:10AF40000020FFF783FE0128E9E70120DFE700008A
:10AF50002DE9F041A2B004460D46164600217822A4
:10AF60001F4604A8202303939DF8A08001F0A8FCAD
:10AF700041220021204601F0A3FCB5F894300BB12A
:10AF800095F8968084F80080B8F1030F1ED8DFE8AA
:10AF900008F00902111F002239463046FCF786FBF3
:10AFA000C4F801003A4631462046FFF7A4FF22B01C
:10AFB000BDE8F08103AB0193631C009308493B4655
:10AFC000324604A8FDF7B0F90028EBD00020EEE7E8
:10AFD000B5F8982005F19A01601C01F0D7FBE1E774
:10AFE000ECCD07002DE9F047664B1D68A4B0044680
:10AFF0000F4690460A4601462846FFF767FF00289D
:10B0000000F0BE8095F855601EBB4FF00109CDF8E9
:10B0100000903B462246294613A8FFF799FF0028D7
:10B0200071D0B8F1000F5FD04122574813A901F049
:10B03000ADFB564BC3F82C901E626A689A600022E2
:10B0400039462046FCF732FB504B0125C3E9097015
:10B0500091E04122002102A801F032FC06F0010932
:10B060004122002113A806F0020601F029FCB9F1E3
:10B07000000F3DD004F50051454B4868984242D13D
:10B08000D5F858A00AF5FF520AF6FF73C3F30B0375
:10B090001F32D21A8B68934235D34FF440535A680B
:10B0A00082420CD11A78102A88BF1A690B7898BF8F
:10B0B0000022102B8CBF0B6900239A4223D120461B
:10B0C000FFF772FD00B1F6B101230093224653460B
:10B0D000294602A8FFF73CFFA8B1AB6DE218FB1AA6
:10B0E0004EB9B8F1000F18D1284B01255D6110E071
:10B0F0003B462246F4E70021009113A82946FFF7BA
:10B1000027FF0028EDD10525B8F1000F30D1FFF75A
:10B1100041FC284624B0BDE8F087DFF87080B9F123
:10B12000000F21D02046FFF73FFD18B108F11800AD
:10B13000FFF780FB1748412202A901F027FB002EF0
:10B1400014BFAC23A523C8F82C30AB6DC8F834303D
:10B15000002E3FF474AF1048412213A901F016FBF2
:10B160006B68C8F80C306AE7AA23C8F82C30EFE700
:10B170000A48FFF75FFBFFF70DFC044B9C64C8E730
:10B180001725C1E7044E002049510020A84E002099
:10B19000DBE5B151085100208A510020CC4E00203F
:10B1A0000122FFF71FBF0000F0B590F854200346BE
:10B1B000002A4DD090F85500032849D893F86E2006
:10B1C000032A43D11A7A002A42D0DA68342A41D1BC
:10B1D0004FF4405520496C681A8A8C421FD142B105
:10B1E0005969A9B1D2B203F114040021CEB2B2421E
:10B1F00001D8122023E054F8047BAE89B74201F154
:10B200000101F3D11A788AB9012818BF0F2016E07E
:10B2100010B9012AEDD1F5E70128F3D1E9E712B120
:10B220005A69002AE5D11A78002AE2D001285B6821
:10B230000A4A05D8906898428CBF10200120F0BDC2
:10B24000D068984234BF01201020F8E71420F6E7B8
:10B250000F20F4E71120F2E7DBE5B151A84E002002
:10B2600038B1054B0360054B436001230372002096
:10B2700070470E20704700BFA7B2070081B20700D9
:10B2800069B10B78022B0CD1022804D0032814BF1B
:10B2900008201120704703230B70002070470E20F8
:10B2A00070470820704710B50C4681B10B78012B10
:10B2B00006D00ED9033B012B94BF0820112010BDEE
:10B2C000FFF738FA0028FAD102232370F7E70E209F
:10B2D000F5E70820F3E7000070B5144B144A0C2181
:10B2E000D21AB2FBF1F2816911F8025C044635B959
:10B2F00000690021914205D1012323600EE04FF047
:10B30000FF30F6E71E68AE420CD1461C07D19D689F
:10B31000D4E90001D4E90223A847206070BD5E682B
:10B320008642F4D001310C33E4E700BF00D10700BE
:10B330000CD107001EF0040F0CBFEFF30880EFF3F1
:10B340000980FFF7C9BF00BF10DF704711DF7047EA
:10B3500013B5044609496846FCF71EFD019808B973
:10B3600002B010BDD0E900212046904718B16846D0
:10B37000FCF71BFDF2E71120F2E700BFF0CF07005A
:10B3800013B5044607496846FCF706FD019B0BB957
:10B3900002B010BD2046D3E9002190476846FCF773
:10B3A00004FDF3E708D00700064B9A6822B11A683B
:10B3B00022F480021A607047034B4FF48002C3F8F6
:10B3C000802070479C4E002000E100E00B4991F87E
:10B3D00016335A09EC231341DB0706D5084B9A684C
:10B3E0003AB94FF480030B60704742F20200FDF758
:10B3F00092B81A6842F480021A60704700E100E0D7
:10B400009C4E0020F7B5194F3C7864BB184E0125BF
:10B4100020463570FFF79CFF112821D02046FFF70A
:10B42000AFFF144B8DF80340186801900DF1030035
:10B43000FCF702F9104901A8FFF786FF0446B0FAAD
:10B4400080F0400938709DF80300FCF719F93CB909
:10B450000A4B34701C70FFF7B9FF2846FFF790FFC6
:10B46000204603B0F0BD0824FAE700BF094E0020D3
:10B47000084E0020EBCF0700118507000A4E002080
:10B48000F7B5154F3B781BB3144E01203070FFF712
:10B490005FFF11284FF000051CD00220FFF770FF5E
:10B4A0000DF107008DF80750FCF7C6F8FFF74EFFC7
:10B4B00004469DF807003D70FCF7E2F82CB9032024
:10B4C0003470FFF771FFFFF75BFF204603B0F0BD5C
:10B4D0000824FAE72C46F8E7094E0020084E002021
:10B4E000054B1B7833B1054B1B780BB1FFF7C8BF79
:10B4F000FFF788BF08207047084E0020094E002043
:10B50000014B1878704700BF094E002007B5084965
:10B510006846FCF741FC019B13B903B05DF804FBDE
:10B52000D3E9002090476846FCF73FFCF3E700BFF3
:10B53000FCCF0700FFF7EABF60DF704769DF7047A5
:10B5400061DF704730B5134DADF5017D4FF4FA74EE
:10B550000DF1020103A8ADF80240FFF7F1FF70B949
:10B56000294601A8FCF718FC029B002BF0D003A889
:10B57000D3E90021904701A8FCF717FCF4E7052860
:10B5800005D00DF5017DBDE83040FCF7C4BF0DF5D9
:10B59000017D30BD14D00700024B1B780BB1FFF7C3
:10B5A000D1BF70470B4E002018B1034B0360002041
:10B5B00070470E20704700BFE82A00207FB506467E
:10B5C0000C46002959D02E4B0B600C22002101A8FB
:10B5D00001F076F9012506232268ADF8083001A9AB
:10B5E00020208DF804608DF80650FFF7A7FF0C228D
:10B5F000002101A801F064F922688DF8055001A925
:10B600004020FFF79BFF0C22002101A801F058F910
:10B61000F7232268ADF8063001A923208DF80460D5
:10B62000FFF78CFF0C22002101A801F049F92268E4
:10B630008DF8045001A92846FFF780FF0C22002155
:10B6400001A801F03DF94FF4B0632268019301A90C
:10B65000A120FFF773FF0C22002101A801F030F9AF
:10B660009DF8043022682B4301A9A0208DF80430F6
:10B67000FFF764FF002004B070BD0E20FBE700BFA1
:10B68000E82A002008B5FFF757FF10B9014B012247
:10B690001A7008BD0B4E00204BDF70471FB50E4CD3
:10B6A00001A8FFF7F9FF70B9214602A8FCF774FB67
:10B6B000039B002BF4D00198D3E90021904702A806
:10B6C000FCF773FBF4E7052804D004B0BDE8104094
:10B6D000FCF721BF04B010BD20D007008B18104428
:10B6E0008B4200D1704713F8012D00F8012DF7E7C8
:10B6F000C3F10803DB0070B501330446002003A545
:10B700005B1920C940CAAD1920C4184720C940CAD6
:10B71000754120C420C940CA754120C420C940CA0F
:10B72000754120C420C940CA754120C420C940CAFF
:10B73000754120C420C940CA754120C420C940CAEF
:10B74000754120C4404170BD0000000000000000B1
:10B75000C3F10803DB0070B50133002403A500BF6B
:10B760005B1920C940CAAD1B20C0184720C940CA78
:10B77000B54120C020C940CAB54120C020C940CA37
:10B78000B54120C020C940CAB54120C020C940CA27
:10B79000B54120C020C940CAB54120C020C940CA17
:10B7A000B54120C06441B4FA84F0400970BD00BFC7
:10B7B0002DE9F04F08B4F8CA04B451F8042BA3FBE8
:10B7C000028940F8048B4FF0000AE4FB629A4FF0C4
:10B7D000000BE5FB62AB4FF0000CE6FB62BC4FF0E8
:10B7E000000EE7FB62CE51F8042B4FF00008E3FB9C
:10B7F000628940F8048BE4FB629AE5FB62ABE6FBEE
:10B8000062BCE7FB62CE51F8042B4FF00008E3FB6B
:10B81000628940F8048BE4FB629AE5FB62ABE6FBCD
:10B8200062BCE7FB62CE51F8042B4FF00008E3FB4B
:10B83000628940F8048BE4FB629AE5FB62ABE6FBAD
:10B8400062BCE7FB62CE51F8042B4FF00008E3FB2B
:10B85000628940F8048BE4FB629AE5FB62ABE6FB8D
:10B8600062BCE7FB62CE40F8049B40F804AB40F8B2
:10B8700004BB40F804CB40F804EB0CBC052B00F0F3
:10B880001E810C68A0F11400A1F11401A2F11402B0
:10B8900052F804EB4FF0000550F8046BE4FB6E56D1
:10B8A00052F804EB50F8047BE4FB6E6752F804EBAB
:10B8B00050F8048BE4FB6E7852F804EB50F8049BCC
:10B8C000E4FB6E8952F804EB50F804ABE4FB6E9A8B
:10B8D000A0F1140052F8044B51F804EB4FF0000CA7
:10B8E000E4FB6EC540F804CB51F804EBE4FB6E5664
:10B8F00040F8045B51F804EBE4FB6E6740F8046B1E
:10B9000051F804EBE4FB6E7840F8047B51F804EB4B
:10B91000E4FB6E8940F8048B51F804EBE4FB6E9A6B
:10B92000A0E80006062B00F0CA800C68A0F1180001
:10B93000A1F11801A2F1180252F804EB4FF0000532
:10B9400050F8046BE4FB6E5652F804EB50F8047B9D
:10B95000E4FB6E6752F804EB50F8048BE4FB6E785E
:10B9600052F804EB50F8049BE4FB6E8952F804EBA8
:10B9700050F804ABE4FB6E9A52F804EB50F804BBA9
:10B98000E4FB6EABA0F1180052F8044B51F804EB45
:10B990004FF0000CE4FB6EC540F804CB51F804EB0B
:10B9A000E4FB6E5640F8045B51F804EBE4FB6E6771
:10B9B00040F8046B51F804EBE4FB6E7840F8047B2C
:10B9C00051F804EBE4FB6E8940F8048B51F804EB6A
:10B9D000E4FB6E9A40F8049B51F804EBE4FB6EAB79
:10B9E000A0E8000C072B6AD008B40C68A0F11C007A
:10B9F000A1F11C01A2F11C0252F804EB4FF000056A
:10BA000050F8046BE4FB6E5652F804EB50F8047BDC
:10BA1000E4FB6E6752F804EB50F8048BE4FB6E789D
:10BA200052F804EB50F8049BE4FB6E8952F804EBE7
:10BA300050F804ABE4FB6E9A52F804EB50F804BBE8
:10BA4000E4FB6EAB52F804EB50F804CBE4FB6EBCA5
:10BA5000A0F11C0052F8044B51F804EB4FF0000326
:10BA6000E4FB6E3540F8043B51F804EBE4FB6E5602
:10BA700040F8045B51F804EBE4FB6E6740F8046B9C
:10BA800051F804EBE4FB6E7840F8047B51F804EBCA
:10BA9000E4FB6E8940F8048B51F804EBE4FB6E9AEA
:10BAA00040F8049B51F804EBE4FB6EAB40F804ABA8
:10BAB00051F804EBE4FB6EBCA0E8001808BCBDE83C
:10BAC000F08F002310B51C465AB2914200DC10BD25
:10BAD00040F823400133F7E710B500231A465CB263
:10BAE000A14203DCB2FA82F0400910BD50F82340B5
:10BAF00001332243F3E74A11012350F8220001F0F9
:10BB00001F0103FA01F108407047013910B549B22D
:10BB1000041D0A06CBB204D4013954F82120002AAE
:10BB2000F7D001335BB273B103F18042013A50F8B0
:10BB30002220002022B9013B00EB431318B210BDB4
:10BB400052080130F6E71846F9E710B500235CB259
:10BB5000A24200DC10BD51F8234040F823400133DD
:10BB6000F5E710B5013A52B2130601D5002010BD19
:10BB700050F8224051F822309C4205D802F1FF32A1
:10BB8000F2D24FF0FF30F2E70120F0E700EB810145
:10BB90000023884200D3704751F8042D43EA520332
:10BBA0000B60D307F5E737B51D469DF918300193B3
:10BBB0000446FFF79DFD019B38B91A4621462846E9
:10BBC000FFF7CFFF0128019B07D02A4621462046D8
:10BBD00003B0BDE83040FFF7BBBD03B030BD37B5A3
:10BBE0001D469DF9183001930446FFF7B1FD019BF6
:10BBF00038B12A462146204603B0BDE83040FFF761
:10BC000077BD03B030BD2DE9F04FB5B004AC9DF960
:10BC1000F8501F4680462B462046FFF7C9FD24AB4F
:10BC200029463846CDE90234FFF76FFFC0EB851097
:10BC300004B2002C2146B8BF04F11F01634203F097
:10BC40001F0341F3471104F01F0614A858BF5E42BA
:10BC5000FFF737FF002E08B22BDD14AB002203EBF9
:10BC60008000C6F1200E1346AB4217D36B00019340
:10BC700014AB03EB85096F1E34AB012603EB87077A
:10BC8000002C54DA34AB03EB86062A4656F8C81C5F
:10BC90004046FFF75AFF35B0BDE8F08F57F823C094
:10BCA0000CFA06F10A4340F8042B01332CFA0EF289
:10BCB000DAE714AB2A46394603EB8000FFF745FF6D
:10BCC000D4E70FFA82FE5AF8C83C53F82EB034ABD2
:10BCD00003EB8202013052F8803C0B44BBEB0303C0
:10BCE00034BF012200229B4518BF11465CF8C82CC6
:10BCF00042F82E30019B42B29A42E2DB731A5E4256
:10BD0000294614A85E41FFF741FF34AB03EB8503DE
:10BD1000294653F8802C57F8803C43EAC27347F811
:10BD2000803C4846013CFFF731FF24B2A8E734AB22
:10BD30000020C6F1010C014603EB860A03EB8C0CD4
:10BD4000D8E730B51C4691B0054693F900306846F7
:10BD5000FFF72EFDD4F8AC3069462846984711B05D
:10BD600030BD13460A46FFF7ECBF2DE9F04793F9C3
:10BD7000006092B0044689461046314615461F467B
:10BD8000FFF7AAFE002840F091803A46494602A8F3
:10BD9000FFF7E7FF3B4602AA21460AA8FFF7D1FFBB
:10BDA00002A908463A46FFF7DCFF3B462A464946C9
:10BDB0004846FFF7C6FF07F104083A4629462846D9
:10BDC000FFF7CFFF43462A46214620460096FFF75D
:10BDD000EAFE43462A46294628460096FFF7E3FE38
:10BDE00043462A46214628460096FFF7F8FE3B4682
:10BDF0002A4621462046FFF7A4FF43462246214615
:10BE000028460096FFF7CFFE434600962A46214675
:10BE10002046FFF7C8FE2368DB074AD53346424673
:10BE200021462046FFF764FC314682462046FFF754
:10BE3000ADFE06F18043013B54F8232042EACA726A
:10BE400044F823203A4621462846FFF78AFF434616
:10BE50000AAA294628460096FFF7C1FE43460AAAC9
:10BE6000294628460096FFF7BAFE0AA90846434627
:10BE70002A460096FFF7B3FE3B460AAA2146204613
:10BE8000FFF75FFF02AA4346104621460096FFF7E0
:10BE9000A6FE324629462046FFF757FE4946284669
:10BEA000FFF753FE02A94846FFF74FFE12B0BDE868
:10BEB000F08731462046FFF769FEC3E72DE9F041E0
:10BEC00015468AB004460E461C22002103A800F045
:10BED000F7FC2F1D95F9008003232A4631462046A2
:10BEE0000293FFF73EFF3B4602AA21462046CDF8CB
:10BEF0000080FFF774FE2B46324621462046FFF7AE
:10BF000020FFCDF800803B4605F184022146204603
:10BF1000FFF749FE0AB0BDE8F08100002DE9F042CC
:10BF2000082288B0FFF711FECB6A03930B6B0493D2
:10BF30004B6B05938B6B0693CB6B07930C4681463B
:10BF40000027134669466A466846CDE9017700979F
:10BF5000FFF7CEFB082305466A4649464846FFF7E9
:10BF6000C7FB236B0393636B0493A36B0593E36B92
:10BF70000544CDE906376A46082369466846FFF757
:10BF8000B7FB082305446A4649464846FFF7B0FB1D
:10BF9000236A0093636A0193A36A0293A36B0693D7
:10BFA000E36B0793054408236A4649464846CDE9B2
:10BFB00004770397FFF79CFB636A0093A36AA26B65
:10BFC0000193E36A02930492636BE26B0393CDE9FE
:10BFD0000523236A07932E1808236A4649464846D4
:10BFE000FFF786FBE36A0093236B0193636B029375
:10BFF000236A0693A36A0793351808236A464946BD
:10C000004846CDE904770397FFF7A2FB236B009323
:10C01000636B0193A36B0293E36B0393636A0693D1
:10C02000E36A07932E1A08236A4649464846CDE933
:10C030000477FFF78DFB636B0093A36B0193E36BB6
:10C040000293236A0393636A0493A36ACDE90537D5
:10C05000236B0793361A08236A4649464846FFF77A
:10C0600077FBA36B0093E36BCDE90137636A03931E
:10C07000A36A0493E36ACDE90537636B0793361A25
:10C0800008236A4649464846FFF762FB361A0E4CBB
:10C090000FD436B9082249462046FFF762FD012831
:10C0A0000FD00823224649464846FFF751FB361A6F
:10C0B000EFE70823224649464846FFF719FB3618A2
:10C0C000F7D408B0BDE8F08230D0070070B5144650
:10C0D0008AB006460D461A46214602A80193FFF78C
:10C0E00040FE019B02AA31463046FFF72AFE02A914
:10C0F000019B22460846FFF724FE019B02AA29461F
:10C100002846FFF71EFE0AB070BD2DE9F04F8BB038
:10C11000DDE914B94D46144615F9046B00961F4627
:10C1200080468A462B460246214602A8FFF757FD65
:10C1300002A94A460846FFF714FE4B4602AA4146AA
:10C140004046FFF7FEFD4B4602AA21462046FFF778
:10C15000F8FD2B465246394638460096FFF73FFD1C
:10C160004A46394602A8FFF7FCFD02A92B46424683
:10C1700008460096FFF733FD02A92B4622460846E3
:10C180000096FFF72CFD2B4642462146204600969E
:10C19000FFF725FD4B46224651465046FFF7D1FD9D
:10C1A0002B4602AA414658460096FFF718FD4B461B
:10C1B0005A4639463846FFF7C4FD2B4652463946A3
:10C1C00038460096FFF70BFD324602A92046FFF7DE
:10C1D000BCFC0BB0BDE8F08F2DE9F0471F46B3F96A
:10C1E000023013F11F0448BF03F13E04DD1D48BFB8
:10C1F00003F10E056611EC10944275B228BF144687
:10C2000089462946FFF75DFC224649468046FFF7EE
:10C2100065FAB7F90230B3EBC40F4FEAC4021FD27C
:10C22000D21A08EB86040021C2F12006A0450ED3E5
:10C2300024372A4641463846FFF793FC01280FD0A1
:10C240002B463A464046BDE8F047FFF781BA54F81E
:10C25000040D20FA02F30B43236000FA06F1E5E730
:10C26000BDE8F08770B5036813F001060546144673
:10C2700005D013460A460146FFF73AFA064621461C
:10C280002846FFF783FC46B104F18042013A55F895
:10C29000223043F0004345F8223070BDF0B50F4620
:10C2A000A1B006461946384615461C46FFF714FC51
:10C2B00028B1304621B0BDE8F040FFF702BC22466D
:10C2C00039466846FFF741FC294608A8FFF73DFCC0
:10C2D00010A82146FFF7F5FB012318A81093FFF7DC
:10C2E000F0FB224608A96846FFF73BFC30B922461E
:10C2F00010A93046FFF729FC21B0F0BD009BDA07FA
:10C3000009D421466846FFF741FC2246294610A879
:10C31000FFF7A8FFE5E7089BDB0707D4214608A83D
:10C32000FFF734FC2246294618A8F1E700282346E7
:10C330001CDD08AA69466846FFF70AFA21466846E6
:10C34000FFF724FC224618A910A8FFF70AFC0028D2
:10C3500005DA10A923462A460846FFF7C9F910A9AD
:10C36000234618AA0846FFF7F3F9CEE76A4608A85D
:10C37000FFF7EEF9214608A8FFF708FC224610A9AE
:10C3800018A8FFF7EEFB002805DA18A923462A466D
:10C390000846FFF7ADF918A9234610AA0846FFF78B
:10C3A000D7F9BFE7004870472CD007002DE9F04FC0
:10C3B0002DED028BEDB00D46789E05901946B6F92D
:10C3C000023096F9004013F11F0848BF03F13E0800
:10C3D00048F3471808F1FF3B24AB002743F82B70C4
:10C3E0006CAB03EB8B034CA843F8807C43F8607C78
:10C3F000924696F90120FFF771F996F9012054A8A9
:10C400001144FFF76BF921464CA8FFF765FB814605
:10C41000002840F02E8154A8FFF75EFB039000280F
:10C4200040F0298106F1240942464CA94846FFF70D
:10C4300098FB012840F02181424654A94846FFF765
:10C4400090FB0128069040F018810CAF43464A4605
:10C450001CA8FFF723FF039B47F82B3052462946C1
:10C4600038463346FFF7B8FE394638464B461CAAD5
:10C47000CDF80080FFF7C7FB0DF5B87B4B461CAA33
:10C480004CA914A8CDF80080FFF7BDFB2246584602
:10C490000599FFF75AFBA3000793059B0BEB840A52
:10C4A00003EB84015046FFF750FB34AD06F1440323
:10C4B000194628460493FFF748FB049BA10059182E
:10C4C0003CA8FFF742FB331D2A4659461CA800949E
:10C4D00008EE103AFFF783FB53465A462846CDE94B
:10C4E00000563CA9FFF711FE1CA9084618EE102AB9
:10C4F0002346FFF7D3FE1CAA514658463346FFF7A2
:10C50000E5FD039B0893049B0993059B4146384630
:10C51000CDE90A3BFFF7F9FA4146834614A8FFF735
:10C52000F4FA5845B8BF584685B2691E09B2384674
:10C530000491FFF7E0FA0499071E14A818BF012719
:10C54000FFF7D9FA002814BF022000200DF1200ABD
:10C55000074322465AF8271024A8FFF7F6FA0DF1F0
:10C56000B00BA30019445846FFF7EFFA1CA8214668
:10C57000FFF7A7FA069B0360023D24AB2DB204939C
:10C580008246002D26DA18EE102A234651465046E0
:10C59000FFF784FE0498334652465946FFF796FD4E
:10C5A000049942464846FFF7DCFA012804D0434686
:10C5B0004A460846FFF7CCF8013C64B24CAA230671
:10C5C0004CD5039BB3FA83F040096DB0BDEC028BF0
:10C5D000BDE8F08F33465246D6F8A4700498594609
:10C5E000B84729460CA8FFF786FA2946071E14A863
:10C5F00018BF0127FFF77FFA002814BF0220002090
:10C60000074308AB53F8271029B334AF2246384606
:10C61000FFF79BFA079B3CA81944FFF796FA0146DF
:10C62000334652463846FFF751FD18EE103A04994A
:10C6300000943A4644A8FFF7D2FA049A5B463CA914
:10C640003846CDE90076FFF760FD334644AA5146EF
:10C650005046FFF776FB013D2DB292E7049B52F85E
:10C66000241053F824304B40039919430391013CA3
:10C67000A5E73846A9E74846A7E70398A5E70000DD
:10C68000002301461A46184600F0E8B908B5074BE2
:10C69000044613B1002100F037FA054B1868836A8D
:10C6A00003B19847204600F093FA00BF09CB07007A
:10C6B000DCD0070038B5084B084D5B1B9C1007D039
:10C6C000043B1D44013C55F804399847002CF9D12E
:10C6D000BDE8384000F084BAA02B00209C2B00203D
:10C6E00070B50D4E0D4D761BB61006D0002455F8D2
:10C6F000043B01349847A642F9D1094E094D761BF7
:10C7000000F068FAB61006D0002455F8043B013456
:10C710009847A642F9D170BD982B0020982B002095
:10C720009C2B0020982B0020032A70B515D940EAD5
:10C73000010C1CF0030F04460B4621D1194620467C
:10C740000E680568B54204F1040403F1040317D12F
:10C75000043A032A20461946F0D8541EA2B100F12B
:10C76000FF3C013901E0C3180CD01CF801EF11F8AF
:10C77000012F9645A4EB0C03F5D0AEEB020070BD83
:10C78000541EECE7184670BD104670BD844641EA61
:10C79000000313F003036DD1403A41D351F8043B39
:10C7A00040F8043B51F8043B40F8043B51F8043B8B
:10C7B00040F8043B51F8043B40F8043B51F8043B7B
:10C7C00040F8043B51F8043B40F8043B51F8043B6B
:10C7D00040F8043B51F8043B40F8043B51F8043B5B
:10C7E00040F8043B51F8043B40F8043B51F8043B4B
:10C7F00040F8043B51F8043B40F8043B51F8043B3B
:10C8000040F8043B51F8043B40F8043B51F8043B2A
:10C8100040F8043B51F8043B40F8043B403ABDD299
:10C82000303211D351F8043B40F8043B51F8043B3B
:10C8300040F8043B51F8043B40F8043B51F8043BFA
:10C8400040F8043B103AEDD20C3205D351F8043BCA
:10C8500040F8043B043AF9D2043208D0D2071CBF96
:10C8600011F8013B00F8013B01D30B8803806046BF
:10C87000704700BF082A13D38B078DD010F0030335
:10C880008AD0C3F10403D21ADB071CBF11F8013BA5
:10C8900000F8013B80D331F8023B20F8023B7BE7F4
:10C8A000043AD9D3013A11F8013B00F8013BF9D21F
:10C8B0000B7803704B7843708B78837060467047B9
:10C8C000830730B548D0541E002A3FD0CAB2034671
:10C8D00001E0013C3AD303F8012B9D07F9D1032C69
:10C8E0002DD9CDB245EA05250F2C45EA054536D9A7
:10C8F000A4F1100222F00F0C03F1200EE6444FEADF
:10C90000121C03F1100242E9045542E902551032AB
:10C910007245F8D10CF1010214F00C0F03EB021276
:10C9200004F00F0C13D0ACF1040323F00303043321
:10C93000134442F8045B9342FBD10CF003042CB186
:10C94000CAB21C4403F8012B9C42FBD130BD6446A3
:10C950001346002CF4D1F9E703461446BFE71A4604
:10C96000A446E0E700000000000000000000000016
:10C9700000000000000000000000000000000000B7
:10C9800090F800F06DE9024520F007016FF0000C0F
:10C9900010F0070491F820F040F049804FF00004B7
:10C9A0006FF00700D1E9002391F840F000F1080092
:10C9B00082FA4CF2A4FA8CF283FA4CF3A2FA8CF3CA
:10C9C0004BBBD1E9022382FA4CF200F10800A4FA31
:10C9D0008CF283FA4CF3A2FA8CF3E3B9D1E9042385
:10C9E00082FA4CF200F10800A4FA8CF283FA4CF3BC
:10C9F000A2FA8CF37BB9D1E9062301F1200182FA76
:10CA00004CF200F10800A4FA8CF283FA4CF3A2FA7B
:10CA10008CF3002BC6D0002A04BF04301A4612BA89
:10CA2000B2FA82F2FDE8024500EBD2007047D1E98C
:10CA3000002304F00305C4F100004FEAC50514F01B
:10CA4000040F91F840F00CFA05F562EA05021CBFEC
:10CA500063EA050362464FF00004A9E7F0B5264CEF
:10CA6000256885B0064605B36C681F2C41DCA6B16D
:10CA7000D5F8880048B3D0F8007140F824204FF072
:10CA8000010C0CFA04FC00EB84024CEA0707022EAE
:10CA9000C0F80071C2F8803010D0A31C01346C6063
:10CAA00045F82310002005B0F0BD1448144D256052
:10CAB0000028D9D00068C5F88800D5E7D0F804313F
:10CAC00043EA0C03C0F80431E7E70E480191CDE9D1
:10CAD000022370B14FF48470AFF3008048B1002797
:10CAE000C0E94077DDE902236C680199C5F8880048
:10CAF000C3E74FF0FF30D6E7984E0020000000005B
:10CB00000C4E0020000000002DE9F84FDFF8BCA01B
:10CB1000DAF800702DED028BE7B108EE100A8946B5
:10CB20007D68D7F888806C1E14D407EB8506043620
:10CB300008EB8505B9F1000F10D0B8F1000F02D055
:10CB4000EB6F4B450AD0013C631CA5F10405A6F12F
:10CB50000406EFD1BDEC028BBDE8F88F7B6832682C
:10CB6000013BA34216BF00237C603360002AEAD059
:10CB7000D7F804B0B8F1000F1AD0D8F8000101239B
:10CB800003FA04F1014213D0D8F80401014218D18C
:10CB900055F8041C18EE100A90477A685A450BD1D4
:10CBA000DAF80030BB42CED01F46002FB8D1D1E713
:10CBB00090477A685A45F3D0DAF80070002FAFD169
:10CBC000C8E755F8040C9047E7E700BF984E0020EF
:10CBD000FEE700BFF8B500BFF8BC08BC9E46704732
:10CBE000F8B500BFF8BC08BC9E46704700100000B6
:10CBF000040000000100000091790700B5790700EA
:10CC0000C5790700D5790700297A07009D790700C3
:10CC1000A1790700A57907000010000004000000BA
:10CC200001000000417B0700217B0700117B07000A
:10CC3000497D0700FD7C0700E37A0700E77A0700DB
:10CC4000ED7A0700982F8A4291443771CFFBC0B527
:10CC5000A5DBB5E95BC25639F111F159A4823F92C7
:10CC6000D55E1CAB98AA07D8015B8312BE85312420
:10CC7000C37D0C55745DBE72FEB1DE80A706DC9BE1
:10CC800074F19BC1C1699BE48647BEEFC69DC10F8D
:10CC9000CCA10C246F2CE92DAA84744ADCA9B05CC9
:10CCA000DA88F97652513E986DC631A8C82703B08C
:10CCB000C77F59BFF30BE0C64791A7D55163CA069A
:10CCC00067292914850AB72738211B2EFC6D2C4DA6
:10CCD000130D385354730A65BB0A6A762EC9C28194
:10CCE000852C7292A1E8BFA24B661AA8708B4BC22A
:10CCF000A3516CC719E892D1240699D685350EF454
:10CD000070A06A1016C1A419086C371E4C7748270A
:10CD1000B5BCB034B30C1C394AAAD84E4FCA9C5B80
:10CD2000F36F2E68EE828F746F63A5781478C884D1
:10CD30000802C78CFAFFBE90EB6C50A4F7A3F9BEB3
:10CD4000F27871C64800280000204000A5C3070003
:10CD5000DDAC843D1EBD6AFCF19B4BD0C49DB1BED1
:10CD6000608F0D7ACA0083AAB84899DE96F7E90C5D
:10CD700005200B441BE1104AA3418950BAD2FDB7EC
:10CD80004999C850A1D379AF8939544350D9C92D95
:10CD900006150E1506110A040A1104041F04041CCA
:10CDA0000B1F251E15160F18131C0B1F251E1516FD
:10CDB0000F18130000000000000000000000000039
:10CDC0000338FDD870470000E99207008F920700F2
:10CDD000E39707005398070073980700DF91070057
:10CDE000A19107007F970700000000009F980700AF
:10CDF000999807007998070020000000780000004B
:10CE0000000000000100010000000000010000001F
:10CE100000000000020005000100000042000000C8
:10CE20000000000000000000000000000000000002
:10CE300000000000010011000100FFFF01000000E0
:10CE400000000000020017000200FEFF6401000065
:10CE500094CE070000000000000000000000000069
:10CE600000000000010001000000000001000000BF
:10CE70000000000002000500010000002200000088
:10CE800000000000000000000000000000000000A2
:10CE900000000000010011000400FCFF040000007D
:10CEA00000000000020011000400FCFF040000006C
:10CEB00000000000030021000400FCFF040010003B
:10CEC00000000000040011000100FFFF010000004D
:10CED00000000000050011000200FEFF0400000039
:10CEE00000000000060011000400FCFF0400000028
:10CEF00000000000070011000400FCFF0400000017
:10CF000000000000080017000200FEFF24000000DF
:10CF100064CE0700090010000100FFFF01000000BF
:10CF200044CF07000A0027000200FEFF4400030070
:10CF300004CE070000000000000000000000000018
:10CF40000000000000000000010017000400FCFFCA
:10CF50006801000034CE0700020017000400FCFF47
:10CF6000AC01000078CF07000000000000000000C6
:10CF700000000000000000000100070000000000A9
:10CF80006801000034CE070002000100000000002C
:10CF90000100000000000000030005000100000087
:10CFA000420000000000000000000000000000003F
:10CFB00000000000000000004466755461726700C4
:10CFC00050EADA308883B89F604F15F30000C98EAD
:10CFD0000338FDD870470C000C00000058026D6942
:10CFE00063726F6269745F6170700000100201000B
:10CFF0002CD1070034D10700080000001CD1070025
:10D000002CD107000800000014D107001CD1070034
:10D01000080000000CD1070014D107000800000030
:10D0200034D107003CD107000800000008200001AF
:10D03000FFFFFFFFFFFFFFFFFFFFFFFF00000000FC
:10D04000000000000000000001000000FFFFFFFFE3
:10D05000512563FCC2CAB9F3849E17A7ADFAE6BC9A
:10D06000FFFFFFFFFFFFFFFF00000000FFFFFFFFCC
:10D0700096C298D84539A1F4A033EB2D817D037772
:10D08000F240A463E5E6BCF847422CE1F2D1176B0D
:10D09000F551BF376840B6CBCE5E316B5733CE2BE0
:10D0A000169E0F7C4AEBE78E9B7F1AFEE242E34F0F
:10D0B0004B60D2273E3CCE3BF6B053CCB0061D654C
:10D0C000BC86987655BDEBB3E7933AAAD835C65AD5
:10D0D0006BBD0700BDBE07001DBF0700382B002039
:10D0E00000000000CD9F0700F59907005C3200208A
:10D0F00098420020A942002064320020F400000081
:10D10000000000000300000061B20700619A070000
:10D1100000000000BD7C07000000000099B507007A
:10D12000000000009DB6070000000000FD7A070027
:10D1300000000000B17C0700000000004CA1FF7F50
:10D14000010000000090D00300000000000000007B
:10D1500000000000000000000000000000000000CF
:10D1600000000000010000000000000000000000BE
:10D170000000000002000000EC2A00200C2B002020
:10D18000FC2A0020FF00FFFF0100000000E0070074
:10D19000382B00200000000000000000000000000C
:10D1A000000000000000000000000000000000007F
:10D1B000000000000000000000000000000000006F
:10D1C000000000000000000000000000000000005F
:10D1D000000000000000000000000000000000004F
:10D1E000000000000000000000000000000000003F
:10D1F0000000000069720700417207000000000093
:10D2000000000000E1A0070000100000000008007E
:10E00000BE361649020000000000000000000000BB
:10E0100000000000000000001CD20000105EBCF8F0
:10E0200001000000000000000000000000000000EF
:10E0300000000000000000000000000000000000E0
:10E0400000000000000000000000000000000000D0
:10E0500000000000000000000000000000000000C0
:10E0600000000000000000000000000000000000B0
:10E0700000000000000000000000000000000000A0
:10E080000000000000000000000000000000000090
:10E090000000000000000000000000000000000080
:10E0A0000000000000000000000000000000000070
:10E0B0000000000000000000000000000000000060
:10E0C0000000000000000000000000000000000050
:10E0D0000000000000000000000000000000000040
:10E0E0000000000000000000000000000000000030
:10E0F0000000000000000000000000000000000020
:10E10000000000000000000000000000000000000F
:10E1100000000000000000000000000000000000FF
:10E1200000000000000000000000000000000000EF
:10E1300000000000000000000000000000000000DF
:10E1400000000000000000000000000000000000CF
:10E1500000000000000000000000000000000000BF
:10E1600000000000000000000000000000000000AF
:10E17000000000000000000000000000000000009F
:10E18000000000000000000000000000000000008F
:10E19000000000000000000000000000000000007F
:10E1A000000000000000000000000000000000006F
:10E1B000000000000000000000000000000000005F
:10E1C000000000000000000000000000000000004F
:10E1D000000000000000000000000000000000003F
:10E1E000000000000000000000000000000000002F
:10E1F000000000000000000000000000000000001F
:10E20000000000000000000000000000000000000E
:10E2100000000000000000000000000000000000FE
:10E2200000000000000000000000000000000000EE
:10E2300000000000000000000000000000000000DE
:10E2400000000000000000000000000000000000CE
:10E25000000000000000000000000000A21BDAAC7B
:10E2600000000000000000000000000000000000AE
:10E27000000000000000000000000000000000009E
:10E28000000000000000000000000000000000008E
:10E29000000000000000000000000000000000007E
:10E2A000000000000000000000000000000000006E
:10E2B000000000000000000000000000000000005E
:10E2C000000000000000000000000000000000004E
:10E2D000000000000000000000000000000000003E
:10E2E000000000000000000000000000000000002E
:10E2F000000000000000000000000000000000001E
:10E30000000000000000000000000000000000000D
:10E3100000000000000000000000000000000000FD
:10E3200000000000000000000000000000000000ED
:10E3300000000000000000000000000000000000DD
:10E3400000000000000000000000000000000000CD
:10E3500000000000000000000000000000000000BD
:10E3600000000000000000000000000000000000AD
:10E37000000000000000000000000000000000009D
:10E38000000000000000000000000000000000008D
:10E39000000000000000000000000000000000007D
:10E3A000000000000000000000000000000000006D
:10E3B000000000000000000000000000000000005D
:10E3C000000000000000000000000000000000004D
:10E3D000000000000000000000000000000000003D
:10E3E000000000000000000000000000000000002D
:10E3F000000000000000000000000000000000001D
:10E40000000000000000000000000000000000000C
:10E4100000000000000000000000000000000000FC
:10E4200000000000000000000000000000000000EC
:10E4300000000000000000000000000000000000DC
:10E4400000000000000000000000000000000000CC
:10E4500000000000000000000000000000000000BC
:10E4600000000000000000000000000000000000AC
:10E47000000000000000000000000000000000009C
:10E48000000000000000000000000000000000008C
:10E49000000000000000000000000000000000007C
:10E4A000000000000000000000000000000000006C
:10E4B000000000000000000000000000000000005C
:10E4C000000000000000000000000000000000004C
:10E4D000000000000000000000000000000000003C
:10E4E000000000000000000000000000000000002C
:10E4F000000000000000000000000000000000001C
:10E50000000000000000000000000000000000000B
:10E5100000000000000000000000000000000000FB
:10E5200000000000000000000000000000000000EB
:10E5300000000000000000000000000000000000DB
:10E5400000000000000000000000000000000000CB
:10E5500000000000000000000000000000000000BB
:10E5600000000000000000000000000000000000AB
:10E57000000000000000000000000000000000009B
:10E58000000000000000000000000000000000008B
:10E59000000000000000000000000000000000007B
:10E5A000000000000000000000000000000000006B
:10E5B000000000000000000000000000000000005B
:10E5C000000000000000000000000000000000004B
:10E5D000000000000000000000000000000000003B
:10E5E000000000000000000000000000000000002B
:10E5F000000000000000000000000000000000001B
:10E60000000000000000000000000000000000000A
:10E6100000000000000000000000000000000000FA
:10E6200000000000000000000000000000000000EA
:10E6300000000000000000000000000000000000DA
:10E6400000000000000000000000000000000000CA
:10E6500000000000000000000000000000000000BA
:10E6600000000000000000000000000000000000AA
:10E67000000000000000000000000000000000009A
:10E68000000000000000000000000000000000008A
:10E69000000000000000000000000000000000007A
:10E6A000000000000000000000000000000000006A
:10E6B000000000000000000000000000000000005A
:10E6C000000000000000000000000000000000004A
:10E6D000000000000000000000000000000000003A
:10E6E000000000000000000000000000000000002A
:10E6F000000000000000000000000000000000001A
:10E700000000000000000000000000000000000009
:10E7100000000000000000000000000000000000F9
:10E7200000000000000000000000000000000000E9
:10E7300000000000000000000000000000000000D9
:10E7400000000000000000000000000000000000C9
:10E7500000000000000000000000000000000000B9
:10E7600000000000000000000000000000000000A9
:10E770000000000000000000000000000000000099
:10E780000000000000000000000000000000000089
:10E790000000000000000000000000000000000079
:10E7A0000000000000000000000000000000000069
:10E7B0000000000000000000000000000000000059
:10E7C0000000000000000000000000000000000049
:10E7D0000000000000000000000000000000000039
:10E7E0000000000000000000000000000000000029
:10E7F0000000000000000000000000000000000019
:10E800000000000000000000000000000000000008
:10E8100000000000000000000000000000000000F8
:10E8200000000000000000000000000000000000E8
:10E8300000000000000000000000000000000000D8
:10E8400000000000000000000000000000000000C8
:10E8500000000000000000000000000000000000B8
:10E8600000000000000000000000000000000000A8
:10E870000000000000000000000000000000000098
:10E880000000000000000000000000000000000088
:10E890000000000000000000000000000000000078
:10E8A0000000000000000000000000000000000068
:10E8B0000000000000000000000000000000000058
:10E8C0000000000000000000000000000000000048
:10E8D0000000000000000000000000000000000038
:10E8E0000000000000000000000000000000000028
:10E8F0000000000000000000000000000000000018
:10E900000000000000000000000000000000000007
:10E9100000000000000000000000000000000000F7
:10E9200000000000000000000000000000000000E7
:10E9300000000000000000000000000000000000D7
:10E9400000000000000000000000000000000000C7
:10E9500000000000000000000000000000000000B7
:10E9600000000000000000000000000000000000A7
:10E970000000000000000000000000000000000097
:10E980000000000000000000000000000000000087
:10E990000000000000000000000000000000000077
:10E9A0000000000000000000000000000000000067
:10E9B0000000000000000000000000000000000057
:10E9C0000000000000000000000000000000000047
:10E9D0000000000000000000000000000000000037
:10E9E0000000000000000000000000000000000027
:10E9F0000000000000000000000000000000000017
:10EA00000000000000000000000000000000000006
:10EA100000000000000000000000000000000000F6
:10EA200000000000000000000000000000000000E6
:10EA300000000000000000000000000000000000D6
:10EA400000000000000000000000000000000000C6
:10EA500000000000000000000000000000000000B6
:10EA600000000000000000000000000000000000A6
:10EA70000000000000000000000000000000000096
:10EA80000000000000000000000000000000000086
:10EA90000000000000000000000000000000000076
:10EAA0000000000000000000000000000000000066
:10EAB0000000000000000000000000000000000056
:10EAC0000000000000000000000000000000000046
:10EAD0000000000000000000000000000000000036
:10EAE0000000000000000000000000000000000026
:10EAF0000000000000000000000000000000000016
:10EB00000000000000000000000000000000000005
:10EB100000000000000000000000000000000000F5
:10EB200000000000000000000000000000000000E5
:10EB300000000000000000000000000000000000D5
:10EB400000000000000000000000000000000000C5
:10EB500000000000000000000000000000000000B5
:10EB600000000000000000000000000000000000A5
:10EB70000000000000000000000000000000000095
:10EB80000000000000000000000000000000000085
:10EB90000000000000000000000000000000000075
:10EBA0000000000000000000000000000000000065
:10EBB0000000000000000000000000000000000055
:10EBC0000000000000000000000000000000000045
:10EBD0000000000000000000000000000000000035
:10EBE0000000000000000000000000000000000025
:10EBF0000000000000000000000000000000000015
:10EC00000000000000000000000000000000000004
:10EC100000000000000000000000000000000000F4
:10EC200000000000000000000000000000000000E4
:10EC300000000000000000000000000000000000D4
:10EC400000000000000000000000000000000000C4
:10EC500000000000000000000000000000000000B4
:10EC600000000000000000000000000000000000A4
:10EC70000000000000000000000000000000000094
:10EC80000000000000000000000000000000000084
:10EC90000000000000000000000000000000000074
:10ECA0000000000000000000000000000000000064
:10ECB0000000000000000000000000000000000054
:10ECC0000000000000000000000000000000000044
:10ECD0000000000000000000000000000000000034
:10ECE0000000000000000000000000000000000024
:10ECF0000000000000000000000000000000000014
:10ED00000000000000000000000000000000000003
:10ED100000000000000000000000000000000000F3
:10ED200000000000000000000000000000000000E3
:10ED300000000000000000000000000000000000D3
:10ED400000000000000000000000000000000000C3
:10ED500000000000000000000000000000000000B3
:10ED600000000000000000000000000000000000A3
:10ED70000000000000000000000000000000000093
:10ED80000000000000000000000000000000000083
:10ED90000000000000000000000000000000000073
:10EDA0000000000000000000000000000000000063
:10EDB0000000000000000000000000000000000053
:10EDC0000000000000000000000000000000000043
:10EDD0000000000000000000000000000000000033
:10EDE0000000000000000000000000000000000023
:10EDF0000000000000000000000000000000000013
:10EE00000000000000000000000000000000000002
:10EE100000000000000000000000000000000000F2
:10EE200000000000000000000000000000000000E2
:10EE300000000000000000000000000000000000D2
:10EE400000000000000000000000000000000000C2
:10EE500000000000000000000000000000000000B2
:10EE600000000000000000000000000000000000A2
:10EE70000000000000000000000000000000000092
:10EE80000000000000000000000000000000000082
:10EE90000000000000000000000000000000000072
:10EEA0000000000000000000000000000000000062
:10EEB0000000000000000000000000000000000052
:10EEC0000000000000000000000000000000000042
:10EED0000000000000000000000000000000000032
:10EEE0000000000000000000000000000000000022
:10EEF0000000000000000000000000000000000012
:10EF00000000000000000000000000000000000001
:10EF100000000000000000000000000000000000F1
:10EF200000000000000000000000000000000000E1
:10EF300000000000000000000000000000000000D1
:10EF400000000000000000000000000000000000C1
:10EF500000000000000000000000000000000000B1
:10EF600000000000000000000000000000000000A1
:10EF70000000000000000000000000000000000091
:10EF80000000000000000000000000000000000081
:10EF90000000000000000000000000000000000071
:10EFA0000000000000000000000000000000000061
:10EFB0000000000000000000000000000000000051
:10EFC0000000000000000000000000000000000041
:10EFD0000000000000000000000000000000000031
:10EFE0000000000000000000000000000000000021
:10EFF0000000000000000000000000000000000011
:10F00000BE361649020000000000000000000000AB
:10F0100000000000000000001CD20000105EBCF8E0
:10F0200001000000000000000000000000000000DF
:10F0300000000000000000000000000000000000D0
:10F0400000000000000000000000000000000000C0
:10F0500000000000000000000000000000000000B0
:10F0600000000000000000000000000000000000A0
:10F070000000000000000000000000000000000090
:10F080000000000000000000000000000000000080
:10F090000000000000000000000000000000000070
:10F0A0000000000000000000000000000000000060
:10F0B0000000000000000000000000000000000050
:10F0C0000000000000000000000000000000000040
:10F0D0000000000000000000000000000000000030
:10F0E0000000000000000000000000000000000020
:10F0F0000000000000000000000000000000000010
:10F1000000000000000000000000000000000000FF
:10F1100000000000000000000000000000000000EF
:10F1200000000000000000000000000000000000DF
:10F1300000000000000000000000000000000000CF
:10F1400000000000000000000000000000000000BF
:10F1500000000000000000000000000000000000AF
:10F16000000000000000000000000000000000009F
:10F17000000000000000000000000000000000008F
:10F18000000000000000000000000000000000007F
:10F19000000000000000000000000000000000006F
:10F1A000000000000000000000000000000000005F
:10F1B000000000000000000000000000000000004F
:10F1C000000000000000000000000000000000003F
:10F1D000000000000000000000000000000000002F
:10F1E000000000000000000000000000000000001F
:10F1F000000000000000000000000000000000000F
:10F2000000000000000000000000000000000000FE
:10F2100000000000000000000000000000000000EE
:10F2200000000000000000000000000000000000DE
:10F2300000000000000000000000000000000000CE
:10F2400000000000000000000000000000000000BE
:10F25000000000000000000000000000A21BDAAC6B
:10F26000000000000000000000000000000000009E
:10F27000000000000000000000000000000000008E
:10F28000000000000000000000000000000000007E
:10F29000000000000000000000000000000000006E
:10F2A000000000000000000000000000000000005E
:10F2B000000000000000000000000000000000004E
:10F2C000000000000000000000000000000000003E
:10F2D000000000000000000000000000000000002E
:10F2E000000000000000000000000000000000001E
:10F2F000000000000000000000000000000000000E
:10F3000000000000000000000000000000000000FD
:10F3100000000000000000000000000000000000ED
:03F32000000000EA
:020000020000FC
:020000041000EA
:081014000070070000E0070076
:0400000330000EF1CA
:00000001FF
