:020000040000FA
:10000000C0070000D1060000D1000000B1060000CA
:1000100000000000000000000000000000000000E0
:100020000000000000000000000000005107000078
:100030000000000000000000DB000000E500000000
:10004000EF000000F9000000030100000D010000B6
:1000500017010000210100002B0100003501000004
:100060003F01000049010000530100005D01000054
:1000700067010000710100007B01000085010000A4
:100080008F01000099010000A3010000AD010000F4
:10009000B7010000C1010000CB010000D501000044
:1000A000DF010000E9010000F3010000FD01000094
:1000B00007020000110200001B02000025020000E0
:1000C0001FB5C046C04600F0EFFA04B00FB41FBD24
:1000D00008205A49096809580847382057490968CB
:1000E000095808473C2055490968095808474020E5
:1000F0005249096809580847442050490968095875
:10010000084748204D490968095808474C204B4981
:10011000096809580847502048490968095808479C
:100120005420464909680958084758204349096836
:10013000095808475C204149096809580847602068
:100140003E4909680958084764203C49096809582C
:100150000847682039490968095808476C20374919
:100160000968095808477020344909680958084740
:100170007420324909680958084778202F490968CE
:10018000095808477C202D490968095808478020EC
:100190002A490968095808478420284909680958E4
:1001A0000847882025490968095808478C202349B1
:1001B00009680958084790202049096809580847E4
:1001C00094201E4909680958084798201B49096866
:1001D000095808479C201949096809580847A02070
:1001E0001649096809580847A4201449096809589C
:1001F0000847A8201149096809580847AC200F4949
:10020000096809580847B0200C4909680958084787
:10021000B4200A49096809580847B82007490968FD
:1002200009580847BC2005490968095808470000D3
:1002300003480449024A034B7047000000000020B5
:10024000C0070000C00700000122D84B5A6000BF61
:10025000D74A1268002AFBD0016000BFD44A126856
:10026000002AFBD00022D14B5A6000BFD04A12684E
:10027000002AFBD07047F0B505460E46174600240D
:1002800006E0A200B158A2005019FFF7DDFF641C80
:10029000BC42F6D30020F0BD0120C043C549086030
:1002A000401048607047014601229204086890425D
:1002B00001D9102070470020FCE7F0B505460C4638
:1002C0001646002706E028462168FFF7BDFF2D1DD2
:1002D000241D7F1CB742F6D3F0BD70B505460C4611
:1002E0002E460BE0304600F075F9FF2C01D80024B3
:1002F00001E0FF3C013C012080023618002CF1D1C6
:1003000070BD0146012292044868904201D909203B
:100310007047A9484069401C01D10F20F8E7002030
:10032000F6E7FEB504462068030000F037FA05043E
:100330002B4249598B00201DFFF7E3FF0546002D96
:1003400001D02846FEBDFFF7A7FF0120C00200F044
:1003500041F9042221469948FFF78DFF002801D07A
:100360000320EFE708222146944800F06DF90028A9
:1003700006D1002192480068FFF766FF00F00CF9F3
:100380000320DFE7A768E6686068019031463846D9
:10039000FFF7A3FF324638460199FFF78EFFB20000
:1003A0003846019900F050F9002800D1CAE703202F
:1003B000C8E700F0E3F9834800688349086041E03A
:1003C00060680190E668A0680090B200009901980A
:1003D00000F03AF90746002F00D1B3E70E20B1E74D
:1003E000201DFFF760FF0546002D01D02846A9E734
:1003F0006068002807D1FFF74FFF0320800200F05C
:10040000E9F800F0C9F8FFF747FF0120C00200F04B
:10041000E1F8042221466948FFF72DFF002801D0AA
:1004200003208FE708222146644800F00DF90028D8
:1004300006D1002162480068FFF706FF00F0ACF823
:1004400003207FE700BF00207CE770B505460C461F
:10045000182D04D12068FFF764FF206002E001201E
:10046000206000BF00BF70BDF0B589B05248406940
:1004700003905248806881000398081802900398FE
:10048000000B01900121090302984018401E000B47
:1004900000900124002520462946019A00F0C4F866
:1004A0000022401E91410791069001260027304608
:1004B0003946009A00F0B8F80022401E914105919B
:1004C0000490049BDB43059AD2430698184307998E
:1004D00011430791069037490698086007984860CD
:1004E00009B0F0BD70B53448446934488568466841
:1004F000AA003146204600F0A7F8002801D00020CD
:1005000070BD0120FCE72D484068002801D0012083
:1005100000E000200546FFF7E5FF002807D0FFF7C1
:10052000BBFE0320800200F055F800F035F8FFF71D
:100530009BFF002D0ED020484669204884684768FC
:1005400021463046FFF7C9FE224639463046FFF7BE
:10055000B4FE00BF00F020F810B5184844681A48EF
:100560000460204600F0DCF810BD15480068006803
:10057000401C01D100BFFEE710480068002802D0EF
:10058000042806D101E0FFF7BEFFFFF7E5FF00BF3B
:10059000FEE700BF00BFFEE7BFF34F8F0B480C49DB
:1005A000C860BFF34F8F00BFFEE7000000E50140C9
:1005B00000E40140000600400010001000080000A8
:1005C000B8070000BC070000000000200400FA0586
:1005D00000ED00E010B50146104B1A6808460223F2
:1005E0000F4C636000BF0F4B1B68002BFBD0531CEC
:1005F00004D0904202D20A4B186101E0084B986087
:1006000000BF084B1B68002BFBD00023044C636029
:1006100000BF044B1B68002BFBD010BD0010001066
:1006200000E5014000E4014010B5202A04DB01464A
:10063000203A9140002010BD914020239C1A03468F
:10064000E3401943904010BD034610B50B439B0790
:100650000FD1042A0DD308C810C9121FA342F8D025
:1006600018BA21BA884201D9012010BD0020C04328
:1006700010BD002A03D0D30703D0521C07E000208E
:1006800010BD03780C78401C491C1B1B07D1037854
:100690000C78401C491C1B1B01D1921EF1D118463D
:1006A00010BD70477047704710B500F007F810BDD7
:1006B000014B1B68DB6818470000002019481A49E5
:1006C0007047FFF7FBFFFFF7FBFC00BD20BFFDE716
:1006D0001649174C24688C420BD1164B1B68994263
:1006E0000CD1154B154A1360186810498842EDD09B
:1006F0000AE0134880F30888124B18470F4A13602A
:1007000018680A498842E1D080F308880E49884277
:1007100004DD0E48026802210A4302605B68184744
:100720000346DFE7C0070000C0070000FFFFFFFF30
:10073000000C000014100010001000000000002049
:10074000000400206B05000000200020240500406C
:100750000D48704502D1EFF3098101E0EFF3088104
:10076000886902380078182802D1C046074A104725
:10077000074A12682C3212681047000000B5054B7A
:10078000054A9B58984700BDFDFFFFFF4B04000042
:1007900000000020001000000400000030B4744687
:1007A000641E2578641CAB4204D3635D5B00E318D0
:1007B00030BC18471D46F8E7000C00000010000090
:1010000000150020CD64010025220000336401009A
:1010100000000000000000000000000000000000D0
:101020000000000000000000000000003D6501001D
:101030000000000000000000252200002522000022
:10104000A9650100AF6501002522000025220000EE
:101050002522000025220000252200002522000074
:10106000B56501002522000025220000BB650100B6
:1010700025220000C1650100C7650100CD650100A2
:101080002522000025220000252200002522000044
:101090002522000025220000252200002522000034
:1010A000D3650100D965010025220000252200003A
:1010B0002522000025220000252200002522000014
:1010C00000F002F815F0E3F90CA030C80838241835
:1010D0002D18A246671EAB4654465D46AC4201D170
:1010E00015F0D5F97E460F3E0FCCB64601263342A9
:1010F00000D0FB1AA246AB4633431847B456010052
:10110000E4560100103A02D378C878C1FAD85207E1
:1011100001D330C830C101D504680C6070470000AD
:101120000023002400250026103A01D378C1FBD803
:10113000520700D330C100D50B6070471FB5C046C1
:10114000C04615F063F904B00FB41FBDF0B44046BB
:10115000494652465B460FB402A0013001B506482D
:10116000004700BF01BC86460FBC804689469246B8
:101170009B46F0BC70470000C11000008269024924
:101180008161024810447047911100000100000085
:1011900001B41EB400B50BF0E6FF01B40198864619
:1011A00001BC01B01EBD0000401E00BF00BF00BF5B
:1011B00000BF00BF00BF00BF00BF00BF00BF00BF37
:1011C00000BFF1D17047000070B505460C461646C9
:1011D00002E00FCC0FC5103E102EFAD2082E02D31B
:1011E00003CC03C5083E042E07D301CC01C5361F2E
:1011F00003E021782970641C6D1C761EF9D270BD45
:101200008307FF22DB0E9A408907090E99400028C8
:101210000BDA0007000F0838830828489B001818CD
:10122000C36993430B43C3617047830824489B0001
:101230001B181868904308431860704710B504469F
:1012400000210120FFF7DCFF00211820FFF7D8FF65
:1012500000210B20FFF7D4FF02211920FFF7D0FF58
:1012600002210D20FFF7CCFF02210E20FFF7C8FF5F
:1012700002210F20FFF7C4FF0221C81FFFF7C0FFA4
:1012800003211620FFF7BCFF03211520FFF7B8FF4D
:10129000204600F019F8002010BD6421018070473D
:1012A00010B500F020F810BD0648704710B500F0EA
:1012B00022F810BD704770477047000000ED00E055
:1012C00000E400E003F9004370B505462D4C07200B
:1012D0002070A01CFFF7E1FF5920A080294620467E
:1012E00000F099FB70BD10B500F09EFB2549002071
:1012F000891E087010BDF8B5224E0446B61E30781F
:1013000001270D46002807D0204660380B2808D852
:10131000204600F03DFF2BE0602CF9D01A48086011
:10132000F8BD20466C38032803D8204600F071FF32
:101330001EE0204670381F2803D8204600F045F9EB
:1013400016E0204690380F2803D8204600F0E8F831
:101350000EE02046A0380F2803D8204600F074F88D
:1013600006E02046B0380F2804D8204600F0CAF91D
:10137000286000E02F60602CD2D128680028CFD1EF
:101380003770F8BD1A000020013000000120244908
:10139000C003086023490020087007202249C005C7
:1013A0008860704770B51F4D04462878A04207D06A
:1013B000002C05D0002803D01CA14D2015F033F8D7
:1013C0002878A0420ED000211D4A17482C70002C0E
:1013D00019D01C4B012C06D0022C0BD013A1682075
:1013E00015F021F870BD11600221116053610321D5
:1013F000090605E011600321116053610121C9054F
:101400008160416070BD116011600721C905816074
:1014100070BD10B505A1712015F005F810BD0000D4
:1014200080E100E02000002000F501407372635C61
:1014300068616C5F63636D5F6161722E63000000C1
:1014400000F500404001002010B5A038030015F061
:10145000DBF80B070E172028313A414B525C650030
:101460004B6808788A68194603F0E6F910BD888849
:101470008A6883B20888194680B203F0ECF910BD7F
:1014800008884C68CB688A6880B2214603F0E7F987
:1014900010BD08884B688A6880B2194603F0FBF9D2
:1014A00010BD88888A6883B20888194680B203F024
:1014B00007FA10BD88888A6883B20888194680B206
:1014C00003F041FA10BD08884A6880B2114603F063
:1014D00080FA10BD088982B2888883B208881946CC
:1014E00080B203F081FA10BD08884A6880B21146C4
:1014F00003F09EFA10BD08894C6882B20888CB6858
:1015000080B2214603F018FB10BD08884C68CB68F8
:101510008A6880B2214603F02AFC10BD012010BD6C
:1015200010B59038030015F06FF809060F161D244A
:101530002C363F464E0088888A6883B20888194650
:1015400080B204F031F910BD08884A6880B21146B3
:1015500004F065F910BD08884A6880B2114604F0AD
:101560006AF910BD08884A6880B2114604F070F923
:1015700010BD08884B688A6880B2194604F07BF970
:1015800010BD088982B2888883B20888194680B263
:1015900004F07AF910BD08894B6882B208881946B0
:1015A00080B204F090F910BD08884A6880B21146F4
:1015B00004F09BF910BD888882B20888114680B279
:1015C00004F0EFF910BD012010BD10B57038030014
:1015D00015F01AF81B0F15192125282F363B40440A
:1015E000484C53585F688D707980888D8D8D8D8FB4
:1015F00096004A680878114608F0FDFD10BD08689D
:1016000008F04AFE10BD0C790B7B8A6808682146F9
:1016100008F053FE10BD086808F011FF10BD08F077
:1016200065FB10BD08884A6880B2114609F043F88E
:1016300010BD0A790888114680B209F0D3F810BDB0
:10164000087840B209F0DCF810BD088880B209F0D3
:10165000F0F810BD086809F0FEF810BD086801F048
:10166000D2FB10BD086801F0FCFB10BD088982B2F6
:1016700009C9194609F007F910BD05C9114609F055
:1016800051F910BD08884A6880B211460AF0A6F9DF
:1016900010BD0C790888CB688A6880B221460AF0B0
:1016A000C5FA10BD0B7908888A6880B219460AF01D
:1016B0006DFC10BD08884C68CB688A6880B22146F2
:1016C0000AF0D5FC10BD08884A6880B211460AF0BD
:1016D00018FD10BD0B7908880A7A80B2194609F006
:1016E00044F910BD088880B209F044F910BD062005
:1016F00010BD08884A6880B2114609F042F910BD51
:10170000012010BD10B5B02805D0B12808D0B228EE
:101710000BD0012010BD088880B20BF0FBF810BD83
:10172000088880B20BF015F910BD08884B688A68EC
:1017300080B219460BF01EF910BD000010B5030071
:1017400014F062FF0A0609060C0C0F0F06060612BB
:1017500008F0F4FA10BD0AF0C5FE10BD01F03EFA23
:1017600010BD06F09FFA10BDFAA1FE4814F05BFE12
:1017700010BD3EB5FC49054603C900900191FF200C
:10178000C33069460881F94A092310460A212838DE
:101790000BF0BFFD0024F6480BF0D9FD641CE4B249
:1017A0000A2CF8D3F14801231A4602A990300BF015
:1017B000A0F9002804D0FF20E6A13D3014F033FE4C
:1017C000686800F024FC00211E22084604F06CF931
:1017D00008F0C3FC02222421E64801F07DFBE54825
:1017E00001222C214C3001F077FBE2490B20B0396B
:1017F00001F0FEF9002804D0FF20D6A1513014F0EA
:1018000012FE0AF03EFE02F097F96B460022082114
:10181000D9A008F07DFB002804D0FF20CDA15730CF
:1018200014F001FE284602F0E7FC002804D0FF2057
:10183000C8A1593014F0F7FDF3218900D14814F004
:10184000D3FCD04801214171022181710721C1716E
:101850003EBD10B5CB4CA0780A2804D3FF20BDA113
:10186000903014F0E0FD20786021484300190021F9
:101870000173417BF722C908C900C91C1140EF223E
:10188000114041730121E1700C3010BD70B50E465E
:1018900000211C4619801546030014F0B5FE0723ED
:1018A000050B1711231D23002246294630460AF056
:1018B00037FE70BD22462946304608F095F870BDC7
:1018C00022462946304601F0E2FF70BD22462946F5
:1018D000304603F0EAFD70BD22462946304600F04E
:1018E00010FC70BDFF209BA1EF3014F09CFD032085
:1018F00070BD70B5A34CE078002818D02078602126
:1019000048430019407B00254007400F0119087922
:10191000401E08712078401CC0B220700A2800D1F7
:101920002570A078401CA0700BF097FEE57070BD8C
:101930009448C079002800D08BE7704770B5914D6E
:10194000A86800280CD0FFF7F3FF002862D06022BF
:10195000A968FFF739FCFFF7CCFF0020A860EFE78C
:101960006879002856D0FFF774FF044681484C3050
:1019700001F0C2FA6060002804D17A4875A14A30AB
:1019800014F051FD606801F01AFB00280DD02046CC
:1019900007F00BFF6078010703D5C008C000401CAA
:1019A0002BE0744861684C302DE0724861684C301F
:1019B00001F0ABFA00F05AFB00282BD1FFF749FFEA
:1019C00004466C4801F098FA6060002804D1332086
:1019D00060A1000114F027FD606801F0F4FA00280E
:1019E00014D060680088608020460AF0CCFD6078E2
:1019F000010706D5C008C000801C6070FFF779FFA2
:101A00009EE75C48616801F080FA99E7594861688F
:101A100001F07BFA70BD10B55B4CE160A0605B48E3
:101A200000F032FC607010BD57490020087070470C
:101A300070B5574E0546706A94B00C46401C04D1F0
:101A4000B06AC0430004000C0BD0306AC007C00F5E
:101A50002870706A14F0DBFBB06A2071000A6071B4
:101A600014E02B206946087009A9684601F07BFA4A
:101A7000002804D03B4837A17E3814F0D4FC012064
:101A8000287006220AA9204614F04FFB2878002867
:101A900003D06079C0210843607114B070BDF0B507
:101AA0003B4C0646206895B00D4637460837401C2B
:101AB00008D16068401C05D1A068401C02D1E068D4
:101AC000401C11D02068314614F0A1FB6068311D24
:101AD00014F09DFBA068394614F099FBE06831468C
:101AE0000C3114F094FB25E02B206946087009A9FD
:101AF000684601F038FA002804D01A4815A1553874
:101B000014F091FC08220AA9304614F00EFB2B2099
:101B10006946087009A9684601F025FA002804D032
:101B200010480CA14E3814F07EFC08220AA9384651
:101B300014F0FBFA20692E460836401C08D1606973
:101B4000401C05D1A069401C02D1E069401C33D083
:101B500020691FE07372635C686F73745F636F72F8
:101B6000652E6300C3020000F866010094010020A6
:101B70003D170000640800206E524635313832327D
:101B800000000000E8030020240000203D190000B0
:101B900080000010294614F03AFB6069291D14F0FA
:101BA00036FBA069314614F032FBE06929460C315E
:101BB00014F02DFB15B0F0BD2B246846047009A964
:101BC00001F0D1F9002803D0F649F74814F02BFCB6
:101BD000082209AF28460AA914F0A7FA684604703B
:101BE00009A901F0C0F9002804D0EF48ED49C01D53
:101BF00014F019FC0822391D304614F096FAD9E782
:101C000070B5EA4C0546A068002804D0E648E549CE
:101C1000563014F008FCA56070BD10B50146E448CC
:101C200001F073F9E1498879401CC0B2887101283C
:101C300003D1E048407800F04BFB10BD70B504467E
:101C4000DD4816460D46814204D1D748D549CB30F0
:101C500014F0E9FB012E05D0D348D249DA3014F054
:101C6000E2FB70BD6620207000202072A58101205B
:101C7000A07370BD70B515460C460646FFF758FEBA
:101C800000280CD066210170468001210172216874
:101C90000161A18881820573FFF72BFE70BD1321BE
:101CA000304608F09FFD70BDC2494968884201D2A4
:101CB00010207047072101700020704770B5BD4C9F
:101CC00005462078002694B0002801D00820E4E6DC
:101CD000BA4A6260954201D21020DEE668680028A8
:101CE00009D00921D82804D3C31C9B089B00834238
:101CF00005D00846D1E60720000268600EE0012109
:101D000009074B6B896B4B43AD49511A0122591A94
:101D1000D202891A814201D20421EAE700F050FF81
:101D20006178A06806F052F8E068401E07280BD8DA
:101D3000302269460A708870684607F007F9002863
:101D400002D009A806F07CFA2846FFF712FD012010
:101D500020703046A1E6F8B5044696480F46406824
:101D6000814208D3002C01D0844204D3E01C8008B7
:101D70008000A04201D01020F8BD8C488178002955
:101D800011D0398800914178602251430D18287B89
:101D90000C350007000F3B4600222946FFF776FD71
:101DA000060004D015E0002038800520F8BD002C86
:101DB00013D039880098814201D90C260DE028788B
:101DC0003B460007000F22462946FFF75FFD06004D
:101DD00005D00C2E01D0002038803046F8BD734C61
:101DE0006078401CC0B260700A2801D10020607089
:101DF000A078401EA07068784107490F01290ED0D5
:101E0000022906D003291AD066496E4814F00BFB4C
:101E1000E3E7C006E1D46868FFF7FFFEDDE764484A
:101E200069684C3001F071F86079401CC0B2607193
:101E30000128D2D15F48407800F04AFACDE7E07936
:101E4000401CE071C9E7604A10B5904209D3594A75
:101E50000124A4045268A04201D3904201D39142CC
:101E600001D2102010BD00F0FCFE10BD564B10B585
:101E7000994209D34F4B0124A4045B68A14201D3CA
:101E8000994201D39A4201D2102010BD022803D0FA
:101E9000102801D0092010BD00F009FF0028FAD059
:101EA000052010BD484B10B598420DD3414B01247D
:101EB000A4045B68A04201D3984205D3994203D39E
:101EC000002A03D09A4201D2102010BD00F015FF65
:101ED0000028FAD0072010BD10B50446354894B04C
:101EE0004068844202D2102014B010BD0F2008A90F
:101EF000087369460BA801F036F80028F4D168464B
:101F0000007A207068464089608068468089A08099
:101F10000020E9E710B500290BD0264A526891420B
:101F200002D30B68934201D2102010BD8A88002A88
:101F300002D001F05AFE10BD092010BD10B5224A92
:101F400094B091420ED31B4A01239B0452689942DC
:101F500001D3914206D3441E1E2C41D8994203D38B
:101F6000914201D21020BFE7012837D10878002420
:101F7000C007C00F002803D003206946887001E025
:101F80006846847038206946087009A9684600F0E0
:101F9000EAFF002804D041200CA1C00014F043FA4D
:101FA0002046A1E7541B000093020000E803002034
:101FB0006408002024000020FFFF0000001900201A
:101FC000000000200A040000008001007372635CBE
:101FD000686F73745F636F72652E6300072083E719
:101FE0000246203A1F2AF9D807F0F9FF7CE710B51E
:101FF0005F4A5268914201D2102010BD0246203A39
:102000001F2A02D808F065F810BD072010BD70B572
:102010000546584C0020207020464619544846601A
:10202000E01C80088000A04204D0FF2052491330F9
:1020300014F0F9F901200007C06AC0430006000E41
:1020400003D14E480068401C03D04D484D49301A1A
:10205000C862A8B20122214604F039F9002804D050
:10206000FF204549233014F0DEF970BDF0B595B07E
:102070003B2008A9087369460BA800F074FF0028EC
:1020800004D0FF203C496B3014F0CDF93E4E0024C3
:102090006D4630E02F19B87DC10706D0400704D443
:1020A00060004019C0880AF08DFB3848807900280C
:1020B0001FD0B87D80071CD560004019C088002261
:1020C00006210AF09CFB002813D03C2108A80173CC
:1020D00060004019C1886846C18569460BA800F0B8
:1020E00042FF06000BD0FF2023497F3014F09BF9FC
:1020F00005E0641CE4B268460079A042CAD83046C4
:1021000058E5F7B505460078002700090C463E461D
:10211000062804D0FF201849A83014F084F9287A42
:1021200000280ED0012814D0FF201349C93014F024
:102130007AF90298002C068001D027806680002062
:10214000FEBD02270926002C0ED0A889A080A87BFE
:1021500008E003271426002C06D02869E060A88A2E
:102160002082287B2072E4E702980680E7E70000DF
:102170002400002000190020CC1F000000100010D7
:10218000000000200005004004300000E8030020AB
:1021900010B56038030014F037FA0A060A0F131856
:1021A0001F252930353A0868FFF788FD10BD05C99D
:1021B0001146FFF7D0FD10BD0868FFF775FD10BD93
:1021C00005C91146FFF73FFE10BD4B6808788A68C5
:1021D0001946FFF74BFE10BD8A6809C91946FFF77B
:1021E00061FE10BD0868FFF777FE10BD08884A68D9
:1021F00080B21146FFF78EFE10BD05C91146FFF7EC
:102200009DFE10BD05C91146FFF7F1FE10BD01206E
:1022100010BD0120704700000E4A12680C498A4226
:102220000AD118470B4A1268094B9A4204D101B5EA
:102230000AF090FF03BC8E46074909680958084711
:1022400006480749054A064B704700000000000099
:10225000BEBAFECA7800002004000020001500204D
:102260000015002001203F49400608603E490860F3
:102270003E490A68FF231B029A4383121A430A60ED
:10228000384980390860704710B502460420384943
:1022900004E0C3005B181B79002B0AD00346401EE4
:1022A000C0B2002BF5D133A1432014F0BCF8FF20BD
:1022B00010BDC300CA50002259184A718A71012208
:1022C0000A7110BD2A4A0021C000801801717047B0
:1022D00010B50446042803D326A1522014F0A3F815
:1022E0002348E1000C182079012803D021A15320B4
:1022F00014F099F86079A179401CC0B2814200D0F5
:1023000060710120174940068031086010BD70B52A
:10231000164804250068164E0004800F1B4C022846
:102320001AD014A1692014F07EF815E02078C100BD
:1023300088190279012A07D1427983799A4203D018
:1023400042798271705880472078401CC0B220705A
:10235000042801D30020207028466D1EEDB200280D
:10236000E4D170BD80E100E080E200E018E400E02C
:10237000E00800207372635C736F635F7369676E5C
:10238000616C6C696E672E630000000034000020F1
:1023900010B5EFF31080C407E40F72B6D24841784D
:1023A000491C41704078012801D10BF07BF9002CC9
:1023B00000D162B610BD70B5CB4CE07800280AD1D0
:1023C0000125E570FFF7E4FF0BF074F9002804D055
:1023D00000200BF047F9002070BDC44865714560CE
:1023E000F9E770B5EFF31080C507ED0F72B6BE4C7C
:1023F0006078002803D1BEA18F2014F014F8607813
:10240000401E60706078002801D10BF04FF9002D5C
:1024100000D162B670BD10B5B348C178002904D0B0
:1024200000214171C170FFF7DCFF002010BD10B525
:1024300004460BF03FF9AC49C978084000D00120B0
:102440002060002010BDF8B50246A74C0026A671FA
:102450000820042101251027130014F0D5F80D08D9
:102460000A0C0E101214161E262123252800257191
:1024700022E0022001E021711EE020711CE02771A2
:102480001AE02020F9E7012616E0FFF781FF0BF0A4
:1024900011F90028FBD002260EE02171A5710BE096
:1024A0002771FBE7202000E040202071F6E7FF20A5
:1024B0008FA1763013F0B7FF0BF008F9002809D090
:1024C0000BF00AF9B04205D130460BF008F90028AC
:1024D000FAD02CE001208007C560894900224A60BB
:1024E000884A9661814B02225A608560864802695B
:1024F000D243D206D517026910231A4302610F4650
:102500006D1C00E020BF78680028FBD030460BF03F
:10251000E6F80028FAD0002D04D17B48026910218A
:102520008A43026171490220886000207860A079A6
:1025300000280CD00BF0BEF805460BF01BF8734AD0
:10254000002D02D0A260E06001E0E260A060002EF9
:1025500001D100F0A5F8F8BD10B504460BF0B0F8B5
:10256000002805D060490120C8704A78521C4A7082
:102570002046FFF768FF10BDF8B5614DA86800263A
:10258000012802D1AE600BF06DF86868012800D117
:102590006E6028680127544C012812D12E606079A2
:1025A000002803D000200BF05DF866712078002829
:1025B00007D00BF07FF8002803D0012080070761C7
:1025C000A770286901282AD12E6100F05FF8012048
:1025D00080074761A079002815D00BF06BF80090B8
:1025E0000AF0C8FF0099002901D0E16800E0A16865
:1025F000411A022901DA8A1C11DC0099002901D054
:10260000E06000E0A060FFF7C3FE0BF053F8002885
:1026100004D0012080070761A77000E02770E868F8
:10262000012812D100F032F800F030F800F02EF856
:10263000A078002804D1FF202DA1033013F0F3FE71
:10264000EE60A6702670FFF7CCFEF8BD10B5264CE4
:10265000E078002801D10BF029F80120810788617A
:1026600000F014F8A07800280BD0254CE068002872
:1026700003D10BF034F80028F8D10020E06000F01E
:1026800005F800201949C043886010BD08B55020E6
:10269000694608806A461088411E1180FAD208BD3A
:1026A000F8B5124819278760154900200860C860EE
:1026B0000BF000F8BE0701240B4D002802D0346156
:1026C000AC7000E02C70FFF763FE084847600D49CE
:1026D00028798863FFF7DAFFB461FFF7D7FF08496D
:1026E000002008617461F8BD38000020000300403C
:1026F0007372635C736F635F636C6F636B2E6300F5
:10270000000100400005004000ED00E0FFFFFF7FFA
:102710008107C90E002808DA0007000F0838800872
:102720002E4A80008018C06904E080082C4A80008E
:1027300080180068C8400006800F704710B50D2053
:10274000FFF7E6FFC4B20420C043FFF7E1FFC0B2C9
:10275000844203D023A11A2013F065FE26490120EC
:10276000486010BD0121254A48031060244B002217
:102770001A60244A5160244A1060244A11601F499B
:1027800080390860704701211C4A480310601F4AC5
:1027900051601B4A002111601B490860704710B549
:1027A00017490868012804D00EA1572013F03BFEFA
:1027B00010BD114880680022C0B20A600AF020FCF7
:1027C00010BD10B50E4801680029FCD0FFF7E7FFE7
:1027D00001200D494003086010BD000000ED00E03D
:1027E00000E400E07372635C736F635F68616C5F49
:1027F000726E672E6300000000D5004080E100E0AB
:1028000000D1004000D3004080E200E000D0004052
:1028100030B40121BC48C9020160CD1005604A03F3
:102820000260BA4803681B021B0A036004680023A5
:10283000240A24020460B6480468240A24020460BE
:10284000B448012444608460B34C23606360A36097
:10285000B24B19601D601A60B14B19601A600121FA
:10286000016030BC704710B40121A748CA02026061
:102870000B0203600C060460A64841608160A94811
:1028800041680029FCD1A4490020086048608860A4
:10289000A24802600360046010BC704701219F4899
:1028A000C9020160C91001607047002805D00128E5
:1028B00005D0022805D19C4870479C4870479C4829
:1028C000704710B59BA18B2013F0ADFD002010BD0B
:1028D00070B500219E4C9F4D9F4A8F4B002808D019
:1028E00001281DD0022822D092A1B32013F09BFD15
:1028F00070BD01200004A060A86011601960974BB2
:10290000C2039A60964A90607F4A00121060954810
:10291000016086480160944801609448017070BD70
:1029200001204004A060A8605160596070BD012082
:102930008004A060A8609160996070BDF8B594466D
:10294000834A8B4F834D00240126002808D001289C
:1029500032D0022840D077A1E82013F064FDF8BD02
:10296000891E0902090A0120000490603C64686025
:102970006C4A1164012B1DD000217C4A7D4B5170A3
:102980006146DC63DE637C4B5C6002249C60042453
:102990001C61744B3D31196073490E605F4B8915A2
:1029A00019606F4B58605E4801606C49C005486013
:1029B0001670F8BD0121E0E70120704E4004704F11
:1029C000012B04D13464506068603964F8BD9060B4
:1029D000346468603964F8BD01206A4E80046A4F2F
:1029E000012BF4D1EEE74F484068704770B54A4D6F
:1029F00028680026564C012806D1A068C00303D5DC
:102A000001200004A0602E606868012809D1A06838
:102A1000800306D501204004A0606E6001200BF009
:102A200041FEA868012809D1A068400306D501200D
:102A30008004A060AE6002200BF034FE70BD10B5C3
:102A40004A490878002818D00120444AC0079060FD
:102A5000434AC00B90602C4A00121060414A00208B
:102A60001060324A1060404A106008704A78002AAC
:102A700002D048700BF016FE10BD0320FAE70120CB
:102A8000424900060860704701202449000608609A
:102A9000704701203D4940050860704701201F49EB
:102AA00040050860704733490020C86388151B49FA
:102AB00008607047410A364AC005C00D5043801C6B
:102AC0005143400A0818704710B4324C430B63431B
:102AD0001B0C5C020C602E4C6343C31A2E485C0234
:102AE00058432B4B400D4343E31A0124DB032404DA
:102AF0001B191B1613700A681018086010BC704769
:102B000010B50BF0A2FE10BD80E100E008E400E08B
:102B100018E400E000B0004040B1004080E200E076
:102B200000E100E000B5004048B1004040810040B5
:102B300044B100407372635C72656D5F68616C5F85
:102B40006576656E745F74696D65722E6300000052
:102B500000B3004040B3004040B5004000F50140E4
:102B60000083004040850040008200404800002073
:102B700000B10040C08F00400085004004B100401B
:102B800004B5004008B1004008B5004000E200E094
:102B9000093D0000378600006F0C010010B50BF0F6
:102BA00040FE10BD00200449C8630120012181407E
:102BB000024A116000BF7047C01F004080E200E081
:102BC00010B50CF097FA0AF059F9FEF7DFFB12F096
:102BD00063FA0CF0F5FF0CF081FF10BD70B50C46E8
:102BE000054603F0D5FA214628460EF026F870BDBA
:102BF00070B50D46040012D0002D10D021012846DA
:102C000013F0F0FA10225449284613F08EFA524875
:102C100001210838018044804560002070BD0120FA
:102C200070BD70B54C4E00240546083E11E0716839
:102C300020014018817BAA7B914209D1C17BEA7BAC
:102C4000914205D10C22294613F042FA002806D001
:102C5000641C30888442EADB0020C04370BD2046FB
:102C600070BD70B50D4606000AD0002D08D03A4C54
:102C7000083C20886188401C884203D9042070BD2C
:102C8000102070BD3046FFF7CCFF002801DB401C50
:102C90000AE020886168000140181022314613F0D4
:102CA00044FA2088401C20802870002070BD70B538
:102CB00014460D001FD0002C1DD00021A170022849
:102CC00002D0102817D108E068782978000208435C
:102CD00011D00121A17010800BE02846FFF7A1FF61
:102CE000002808DB401CA070687B297B0002084399
:102CF0002080002070BD012070BD70B505461446CF
:102D00000E000AD000203070A878012807D004D91E
:102D1000114908390A8890420BD9012070BD002C56
:102D200004D0287820702888000A5070022008708B
:102D300010E0002C0CD049680001411810222046F8
:102D4000103913F0F2F9287820732888000A60738C
:102D500010203070002070BD540000205A4910B57A
:102D6000884207D301218904884205D3574909685D
:102D7000884201D2102010BD0146012006F0E4FA7D
:102D800010BD30B5044693B000200D4607901421C5
:102D90000BA813F029FA1C21684613F025FA6A469D
:102DA000112010770020507710780221084310700E
:102DB00007A80C90012008AA907245486A46108521
:102DC0000AA80B902088108460885084A088908482
:102DD000E088D084907FF9210840801C40084000A2
:102DE000907708209086108708A80F9010AA0BA94A
:102DF000684600F083FF002803D110A800882880CF
:102E0000002013B030BD3EB5044608206946088056
:102E10002D48844207D301208004844205D32B48E7
:102E20000068844201D210203EBD2146012006F0F8
:102E30008BFA0028F8D12088694688806088C8808D
:102E4000A0880881E088488107F05FF801AB6A46F6
:102E5000002101F0E1FB694609880829E4D003203C
:102E60003EBD1FB504460020029008206946088137
:102E700015480391844207D301208004844206D37D
:102E800012480068844202D2102004B010BD07F03E
:102E90003CF8014602AA0F4801F055FD0028F4D184
:102EA00069460989082901D00320EEE769460988A7
:102EB000218069464988618069468988A180694680
:102EC000C988E180E1E700000080010028000020BF
:102ED000042A0000FFFF000010B5031D036000205E
:102EE000521E04E05C181C60401C2346C0B2904295
:102EF000F8DB0020186010BD01460A680020002A97
:102F000002D0104612680A60704702680A600160C9
:102F10007047000000B51E2823D00BDC0C281CD005
:102F20001FDC030013F070FB090F1D111D1D171787
:102F300013151D00302814DD3A38030013F064FB2C
:102F4000030F11091100002000BD214800BD04201D
:102F500000BD0D2000BD0F2000BD082000BD1120C8
:102F600000BD032000BD10B50C4605F0EFFF0028A2
:102F70001ED0204605F064F9002816D022780E2ACB
:102F80000DD00F2A0BD0022A09D0032A07D0102A0D
:102F900009D010A17C2013F046FA002010BDA078C3
:102FA000FFF7B8FF10BD112010BD0AA18220F2E783
:102FB00008A18820EFE710B504F083FF10BD10B51D
:102FC00005F03EF910BD10B504F0D9FF10BD0000AA
:102FD000023000007372635C686F73745F686369CA
:102FE0002E63000070477047704770477047704706
:102FF00070477047704770477047704770470000D0
:1030000010FFFFFFDBE5B151008001006400FFFF0E
:1030100003B40148019001BD09000020002803D03D
:103020008178012939D101E0102070470188FE4ADA
:10303000881A914233D01BDCFC4A881A91422ED068
:103040000BDC00292BD00320C002081A27D001284E
:1030500025D001210903401A07E001281FD00228CA
:103060001DD0FF281BD0FF380138002815D116E0ED
:10307000FF220132811A904211D008DC01280ED0C3
:1030800002280CD0FE280AD0FF2806D107E001292B
:1030900005D0022903D0032901D0002070470F205A
:1030A000704700B50B2826D009DC030013F0ACFAFA
:1030B0000B1D2125251B25292325271F1B00112832
:1030C0001BD008DC0C2816D00D281CD00F2814D0DB
:1030D000102808D10FE0822809D084280FD0852835
:1030E0000FD0872811D0032000BD002000BD05208F
:1030F00000BDCF4800BD072000BD0F2000BD04204B
:1031000000BD062000BD0C2000BD0D20800200BDCA
:1031100070B500290BD0CB1FFA3B81241E46CDB2DF
:10312000112B1BD2012805D0022806D009E000206F
:1031300010701DE0FF20043001E0FF2003308142C9
:1031400018D0330013F060FA111613131613161665
:103150001316161613131313161316000846FF380A
:1031600081381F2803D9FF39FE39022902D815708A
:10317000002070BD1470072070BD00B5030013F06F
:1031800043FA060406040C080A0C002000BD1120B6
:1031900000BD072000BD082000BD032000BD007851
:1031A0000207120F04D0012A05D0022A0AD10EE02C
:1031B000000907D108E00009012805D0022803D042
:1031C000032801D0072070470870002070470620B0
:1031D0007047002807D0012807D0022807D003280D
:1031E00007D007207047002004E0112002E02120D2
:1031F00000E0312008700020704738B50C4605000B
:103200004FD06946FFF7CBFF002822D12088032149
:1032100089028843694609788907090D0843208097
:103220006946681CFFF7BBFF002812D121880320E4
:1032300000038143684600788007800C01432180A9
:10324000A8784007820F2020012A03D0022A03D049
:10325000072038BD814300E00143218088B2010589
:10326000890F08D0012189038843A9780907C90F6C
:1032700089030843208080B28104890F0AD0A9788D
:103280004004C906C90F400CC903084320808004CC
:10329000800F02D12088400403D5208840210843B4
:1032A0002080002038BD70B50446002008801546F7
:1032B0006068FFF7A2FF002815D12189A08981420B
:1032C00010D861688978C90708D00121490288426D
:1032D00008D8491C12F0A3FF298009E0FF21FF3123
:1032E000884201D90C2070BDFF30FF3003302880A8
:1032F000002070BD10B5137804785B08E4075B000C
:10330000E40F23431370FD2423400478A407E40F43
:10331000640023431370FB24234004786407E40F04
:10332000A40023431370F724234004782407E40FF8
:10333000E40023431370EF2423400478E406E40FF1
:10334000240123431370DF2423400478A406E40FF0
:103350006401234313700078BF244006C00F23404C
:10336000800103431370002906D00878C10701D1FA
:10337000800701D5012000E00020C0015906490E58
:103380000843107010BD30B50A8803239B020488DF
:103390009A4323059D0F02D1A3049C0F01D09B0FDC
:1033A00000E001239B021A4303230A801B039A4374
:1033B00003889804840F02D11805830F01D0800F71
:1033C00000E00120000302430A8030BDF3B593B052
:1033D0000D000FD0139800280FD01221284612F0AC
:1033E00001FF03AAFF21012003F0E7F8002426468D
:1033F00037467AE0102015B0F0BD0720FBE768469D
:10340000807D01280BD16846818A0520C002081AF8
:1034100010D0012810D0022812D0032812D0042C7A
:1034200014D0052C15D113E002290000012800005A
:1034300003300000012400E002246846468A08E0C8
:10344000032406E068460424478A02E0052400E0DD
:1034500006246846418A1398814246D12C74002E76
:1034600041D00DAA0EA905200292019100901023CF
:103470000022FF21304603F041F9002823D168469D
:10348000808E2A46C0B20EA9FFF711FC00281AD17F
:10349000AE81002F27D00DA9052008AE0291009023
:1034A000132300220196FF21384603F027F9002854
:1034B00009D16846808EF11CC01EC0B22A1DFFF7DC
:1034C000F6FB002801D0032095E708A88178427810
:1034D00008021043E881062C05D16846807DA87259
:1034E0006846808A2881002085E703A803F06EF8EB
:1034F000002884D0FFF7D5FD7DE7002805D0F94AE4
:10350000012903D0022903D003207047518800E02D
:103510009188814201D1002070470720704770B523
:103520000C4605461C21204612F05CFE002020803F
:10353000002D08D0012D04D0EBA1F04812F073FF4C
:1035400070BD062000E00520A07070BD70B592B07F
:103550001546064601206A461071107453740846D9
:1035600008300395029048889082FEF7E1F9040044
:1035700019D06580172069468883203600940AABED
:103580007178023307AA01A80DF05FF9064660784A
:10359000000701D5FEF7ADF9002E0AD03046FFF73F
:1035A000ECFD12B070BD1321284607F01BF9032073
:1035B000F7E708A800906846838B0422012128467B
:1035C00008F035FEEDE770B506468AB000200D46DE
:1035D00007900590069003A90490052402460291E5
:1035E0000190102300942946304603F087F8002804
:1035F0000DD108A804A9009102900194684683891E
:1036000000222946304602F095FE002801D0FFF73F
:1036100048FD0AB070BD10B50DF01DFB10BDF0B532
:1036200089B000260546059600780C460827030059
:1036300012F0EAFF0CFD070C3A0B77779EC2FCD81C
:10364000E8FD68680A38FEF7E8FA0DE1A88800236B
:1036500080B201220321009009F08CFA0290002C24
:1036600004D0A648A0A16E3012F0DDFE029800281A
:1036700004D1A2489CA16F3012F0D5FE02980099A7
:1036800008300CF017FDFEF753F9040007D06078FE
:103690003843607000986080FEF72BF9E6E0132154
:1036A000009807F09FF8EFE0002C04D1BD208EA118
:1036B000800012F0B8FE608800230122032109F087
:1036C00059FA0090002804D18C4887A1883012F064
:1036D000AAFE0099002008802A7994461EE0C300C3
:1036E0005B199B6807936B469B8B1A0708D5DA0614
:1036F00006D56046C20050194038C08F088006E0E9
:103700005B0409D50871C2005019C08848806078F0
:10371000384360700226A7E0401CC0B28445DED862
:10372000A2E0E888694608800090002C04D1734824
:103730006DA1983012F077FE2878062814D10098F1
:10374000C00B11D0608800230122032109F012FA76
:10375000060004D1694864A1A23012F064FE002082
:103760003071A88870803BE06078384360707BE0FF
:10377000002C04D161485CA1B43012F054FE608882
:1037800000230122032109F0F5F90090002804D15B
:103790005A4855A1B73012F046FE009808300DF097
:1037A000ACFA0121484002D1E888C00B5CD00098F7
:1037B00061880226C180D7E7002C04D14F484AA176
:1037C000D03012F030FE608800230122032109F07E
:1037D000D1F9002804D1494843A1D33012F023FE87
:1037E0000226C1E7002C04D144483FA1DC3012F08E
:1037F0001AFE0226618801222046FEF71FFA0120E8
:103800000590B1E7A889002380B20122032100902E
:1038100009F0B0F90746002C04D0384832A1EE3048
:1038200012F001FE002F07D12FA101E00FE016E0FA
:103830003248EF3012F0F7FD686802902889694637
:103840008881012202A90098FEF714FA0CE0002CEE
:103850008AD16D2024A1C00012F0E5FD84E727483D
:1038600021A1FE3012F0DFFD002C0DD060780007A2
:103870000AD50598002807D18420207020465822B8
:1038800029460830FDF7A0FC304609B0F0BDF7B579
:103890000C460546007A224688B00A320292921CF3
:1038A00004920027811E16323E4601920B0012F050
:1038B000ABFE08F605F548488DD1F4F5688800237D
:1038C0000122032109F056F90190002803D106A135
:1038D0000B4812F0A8FD01980088002812D052274A
:1038E000072601E1000900207372635C676174744C
:1038F000735F636F72652E63000000006F0200004B
:103900008603000051271E26002C7DD06888A080E9
:103910000120A071019802990079C0004019C08966
:10392000FFF754FD002870D101980079C0004019BC
:10393000C089208101980079C0004019408AA08385
:10394000F2E0698A0091062820D1E889C00B1DD0D9
:1039500008462230512786B2002CD6D0A889049977
:10396000FFF734FD002873D16888A0800220A07181
:10397000A88920810120A072288AE08300982084F1
:103980006969009A019812F0D0FBCDE0084620301A
:10399000502786B2002CB8D0A8890299FFF716FDEF
:1039A000002855D16888A080A889E080287A062858
:1039B0000AD002202072288AA0830098E083204643
:1039C00069692030009ADEE70120F3E76888002368
:1039D0000122032109F0CEF80690688A009006982B
:1039E000002803D1FD49FE4812F01DFD069808305D
:1039F0000DF083F90121484002D1E889C00B26D09F
:103A00000098223086B201E073E021E05127002CBB
:103A100079D06888A080A8890499FFF7D7FC00288E
:103A200016D10220A071A88920810420A072288AC2
:103A3000E083009820846969009A019812F075FB70
:103A40000699002008710698A98941806CE003203E
:103A50000BB0F0BD688805F0D2FB019068880023A8
:103A60000122032109F086F800900198002804D172
:103A7000DB48DA492C3012F0D6FC0098002804D13B
:103A8000D748D6492D3012F0CEFC0098D549C088D1
:103A9000884205D05127222604E01EE03FE035E0B1
:103AA00050272026002C2ED06888A080502F07D0C9
:103AB0000220A0712146287B0831FFF730FD33E05A
:103AC000287BA11DFFF72BFD6A8800230099019830
:103AD000FFF73CFD0028BBD126E0C349A889C9886F
:103AE000814207D154270626002C0CD06888A0807C
:103AF0001AE008E053270826002C04D06888A0802C
:103B0000A889E08010E00A98068013E05527072670
:103B1000002CF8D0A889A0800020A07104E08D209E
:103B2000AE49C00012F07FFC0A98002C068001D03C
:103B30002780668000208BE7AB4900200870704723
:103B400030B585B00C4601F0E0F90546FF2804D1F8
:103B5000A348A249953012F066FC00202080207115
:103B60006080401EE0802046294608300CF096FA1E
:103B70006A462946012002F020FD102412E0684622
:103B8000808800070ED56846C0882946FFF71BFDD0
:103B900068468188FF2321438180C0882946019A95
:103BA00002F036FE684602F011FD0028E7D005B0AD
:103BB00030BD0A46014610B5104608300CF082FAB6
:103BC00010BD70B5002305461A46032108F0D2FF48
:103BD000040004D182488149B73012F024FC204609
:103BE000294608300CF066FA70BDF0B591B00C466D
:103BF000074605F004FB050005D02878222804D2EA
:103C0000082011B0F0BD7948FBE700231A460321D4
:103C1000384608F0AFFF0646002C02D0A0880028E6
:103C20000CD00120694608710220087400204874F5
:103C3000002C05D0A0880883206802E00920E0E776
:103C4000088305903046083003970290FDF770FE18
:103C5000040018D0678017206946888320350094B7
:103C60000AAB6978023307AA01A80CF0EEFD0546FD
:103C70006078000701D5FDF73CFE002D09D02846ED
:103C8000FFF77BFABDE71321384606F0ABFD0320B2
:103C9000B7E708A800906846838B042201213846C4
:103CA00008F0C5FA0021C943F180AAE7FFB585B045
:103CB0000E9E7788384605F0A2FA054600231A467C
:103CC0000321384608F056FF0446002D03D143492E
:103CD000474812F0A8FB002C04D145483F49401C3E
:103CE00012F0A1FB0834089869460394C1C105A8E5
:103CF0000DC8203569780CF017FAC6E5F0B5044612
:103D0000002099B00D4601460D9010A881811646FD
:103D100001818180344A68469180018510A8018024
:103D200068460187818581841078012808D002289F
:103D300006D0032804D0042802D0082019B0F0BD12
:103D40002C4A944273D32C4F0121890438688C4249
:103D500001D3844278D3274A954275D3012189043F
:103D60008D4201D385426FD36168002913D0214A67
:103D7000914269D301229204914201D3814263D3DB
:103D800060892189884203D801225202914201D9D7
:103D90000C20D3E70D9016AA0EA92846FFF783FA48
:103DA0000028CBD1686880784007800F02280AD1AC
:103DB0006846008F8004800F05D02869002802D053
:103DC0003968884240D30AA92069FFF716FA00280B
:103DD000B4D1206900281CD060780FE0E8380000DA
:103DE000EE030000FFFF0000000900200230000089
:103DF0000C050000008001002800002080076846B4
:103E0000008D03D58004800F68D002E08004800F0D
:103E100064D16846008D810618D58004800F6068E3
:103E200006D0002812D0396888420DD302E00BE09A
:103E300000280BD0FE49884206D30121890488421C
:103E400004D33968884201D2102077E709A9606954
:103E5000FFF7D3F900289CD16069002808D0684694
:103E6000808C0105890F012938D18004800F35D05D
:103E70000BA9A069FFF7C1F900288AD16846808C98
:103E800080062BD46846808D810627D4A16900293D
:103E900006D00105890F012920D18004800F1DD093
:103EA000E068002804D00078002817D01C2815D21C
:103EB00004AA611C2046FFF71DFA0121890210A8FF
:103EC0000180012768468773DA49818104AA033299
:103ED00017A92868FEF711FF002801D007202DE759
:103EE00010A8007F15A9C01CC2B200200C9201903E
:103EF000FF32009003460291FF3203A8033210996B
:103F000002F0B3FA002826D110A9888A0F902A89D6
:103F10002969C94801910092029010A90A8B6B8906
:103F200028680E9902F0A1FA01007DD1C24800254F
:103F3000001F818868464174090A8174052104A81C
:103F40006A4623C210A82A46FF21808A0C9B02F0F1
:103F5000F1F9002802D0FFF7A4F8EFE66846007CEC
:103F60000322C1090020920290430122920280188C
:103F70001490002928D0014610A801806846292104
:103F8000877309028181058608A8007C0023410807
:103F900060784900C007C00F014308A80174FD20E4
:103FA00001406078A54A8007C00F4000014308A87F
:103FB00001740CA9022001910090029503A81099A8
:103FC00002F053FA01002FD16068002828D0206940
:103FD00000280DD10AA90EA8FFF7D5F9607880074F
:103FE00006D46946088D032109038843694608857C
:103FF000904968468773FE31818190492089891EE6
:1040000012F00DF962680D9811AB019200900293C5
:104010000A46002303A80A9902F027FA010003D1F7
:104020002078C10603D400E086E080062AD56846E1
:104030000586606900280DD109A90EA8FFF7A3F92C
:104040006846818C03208002814301208002091888
:10405000684681846946888CC821084369468884FB
:1040600074488F73FF30888112AA0CA90220029233
:10407000019100900023714A03A8099902F0F5F913
:10408000010059D12078C00729D068460586A0696B
:1040900000280DD10BA90EA8FFF775F96846818D90
:1040A000032080028143012080020918684681852F
:1040B0006846818D40200143684681858773604949
:1040C000818113AA0CA90220029201910090002381
:1040D0005A4A03A80B9902F0C8F901002CD1E068F4
:1040E00000282DD010A8149901805549684687737F
:1040F000491C8181E16808A80A78027449784174F2
:10410000E0684122418868464186E06800230179E1
:1041100008A80175E068D200C18808A84175090A9D
:1041200081750CA8072101900091029503A81099B0
:1041300002F09BF9010003D00F9800F0EAFEFDE5C4
:104140003D480321001F0170002E0AD08088308076
:1041500010A88088708010A80089B08010A880897D
:10416000F0800020EAE530B501248BB015460B46FF
:10417000012802D002281CD104E06846052184737E
:10418000C90203E02B4968468473891E8181002B94
:1041900012D003210020890288430121890240189E
:1041A0006946888405AA04A91846FEF7A6FD0028DA
:1041B00004D007200BB030BD1020FBE76A46127C0C
:1041C0001D480092801E05A9FF3201910290FF3226
:1041D000002303A80332099902F047F9002802D00E
:1041E000FEF75FFFE6E71448001F002D01D041886D
:1041F000298004700020DDE770B592B004460126E6
:1042000008A886700F496846018410AA08A930469C
:10421000FFF7A9FF00284DD12078074DC0070024E3
:104220002D1F002848D01C21684611F0DDFF0BE04F
:1042300000800100032800000409002003020000A0
:10424000032900000118000068460178202001437E
:104250006846017008A88670F9496846018411947F
:104260000794817FF92001406846891C81770020EE
:1042700001466846017700200146684641770421DF
:104280008185C485018607A80A9011A80D9008A809
:1042900009900EAA09A96846FFF730FD002809D148
:1042A0006846008FE8806846808F2881401C6881BE
:1042B0002C70002012B070BDEC802C8110A80088FA
:1042C000F4E7F7B5DF4900260A789EB0012A04D04A
:1042D000022A02D0082021B0F0BD4A88824201D0D3
:1042E0000620F8E71F98824201D10720F3E7012258
:1042F00010A98A75D4488882002003239B020146B6
:1043000099439302CB1810A90B8669468A81CF4A3C
:10431000CA8118A9887110A9888419A904916946CD
:10432000CA820690FF20087503A802F072F90024E3
:104330002546274608AA052103A802F06DF90028A2
:1043400010D082286FD1002C6FD0002D6DD010A816
:104350008480C5800021017418A8807B11AC0128DD
:1043600065D06DE008A88079002F21D0012857D1B1
:104370006846818CB44881421CD113AA0DA905203E
:104380006B4607C36846408C10230022FF2102F0D1
:10439000B5F9002868D110A88089042801D0062822
:1043A0004CD16846818E1F98814239D10F2092E707
:1043B000012835D16846808C0521C902884202D087
:1043C000491C88422CD19F4841886846408C8142D4
:1043D00001D1012700E00027002C01D0002D10D0D2
:1043E0001F9988421CD113AB0DAA05216E460EC63B
:1043F000044610230022FF2102F080F9002833D167
:1044000001E035460CE010A88089022801D0102870
:1044100014D1C0B21BAA0DA9FEF749FC00280DD18A
:104420006846468C86E71FE0FFE7052053E714A99E
:104430001BA8221DFEF761FC002801D003204AE7DB
:1044400010A8007C0023001DC2B210A8027420989E
:1044500002900194009215A81C9902F006F8002819
:1044600002D1784902220A70FEF71BFE33E710B52D
:104470000B46401E86B084B203AA00211846FEF700
:1044800039FF04AA052103A802920191009001239B
:104490000022FF21204601F04DFF04466846008AB5
:1044A000012804D06D206A49000111F0BCFF2046AC
:1044B000FEF7F7FD06B010BDF0B5624F0446387840
:1044C00087B00E46032804D0042802D0082007B085
:1044D000F0BD04AA03A92046FEF7E5FE0500F6D1CB
:1044E000606880784007800F02280DD16846808977
:1044F0008004800F08D02069002805D0554909683C
:10450000884201D21020E2E7208905AA6B46216982
:1045100007C369460A8A63892068039901F0A5FFE9
:10452000002802D0FEF7BDFDD1E7002E02D068467C
:10453000808A3080042038702846C8E738B50C00DF
:10454000054609D000236A46FF2102F039F9002808
:1045500004D0FEF7A6FD38BD102038BD69462046C0
:10456000FEF74BFE0028F8D1A078FF21C307DB0F30
:104570002846009A02F04CF9EBE73EB50C0009D052
:1045800002AB6A46FF2102F01BF9002804D0FEF7B7
:1045900088FD3EBD10203EBD0321204611F022FEC5
:1045A0006846008801A90005800FFEF712FE00286A
:1045B0000BD16846007920706846008801A9800404
:1045C000800FFEF706FE002801D003203EBD68469E
:1045D00000796070A278EF20024068460088C10B25
:1045E00009010A43F7210A404104C90FC9000A43DF
:1045F000A270F9210A40800601D5022000E00120C6
:10460000400069460243097A50084000C907C90FB3
:104610000843A07000203EBD7FB5144605220192DC
:1046200003AD029500930A462388FF2101F082FE24
:10463000694689892180FEF734FD04B070BD000011
:10464000052A00000009002002280000FFFF0000EA
:10465000E838000028000020F3B5002799B068462C
:104660000C4607873D4600291ED0E068002806D08A
:10467000A068002818D001886A4611870780199819
:1046800004F0BDFD002812D0007822287ED31998AE
:1046900000F03BFC002300901A460321199808F013
:1046A00069FA060009D104E010201BB0F0BDFD48F6
:1046B000FBE7FD49FD4811F0B6FEA078012803D0C4
:1046C000022801D00720F0E72088002808D0401EEB
:1046D00080B203AA009901F070FF002859D11DE0B3
:1046E000F048401CE1E76946498A228891420BD292
:1046F0006846807D0025012810D16846808AEC49F3
:1047000088420BD1012509E0914203D1002D2AD026
:104710006D1C01E0022D0BD0032D04D203A801F083
:1047200055FF0028DFD082281BD0002831D11DE0A2
:104730006946897D0129F1D16946DD4B8A8A5B1E74
:10474000D11A9A420FD005DCDA48101A0BD0012892
:10475000E4D108E0012906D0FF390129DED1032583
:10476000E1E7022D15D10D2080029EE7E0680028C8
:1047700016D00EA9052202910192009069460B8F76
:10478000A2882088FF2101F0D5FD00E01EE000286E
:1047900002D0FEF786FC88E76846A168008F088093
:1047A0006846008AC00601D5C3487EE707980028FE
:1047B00003D06846008B022801D0032075E70798D4
:1047C000A1780078012903D0800710D408206CE775
:1047D000C007FBD000220721199808F010F8002824
:1047E00002D00725022004E0AE48801C5DE70225C8
:1047F000032008A908702188684681851998083621
:104800000A90099617216846818712AB02330FAAD6
:10481000052108A800970CF018F8002802D0FEF730
:10482000ACFC42E710A800906846838F042229461A
:10483000199807F0FCFC38E770B5064615460C469B
:104840000846FEF7EBFB002804D12A4621463046F5
:10485000FFF789FCF2E610B5FFF733FD10BD70B528
:104860001E4614460D0014D0002C12D06168002999
:104870000FD00121FEF741FE002809D12068FEF784
:10488000CDFB002804D1324621462846FFF736FAF0
:10489000D4E61020D2E670B515460C000ED00221E9
:1048A000FEF72BFE002808D12068FEF7B7FB002892
:1048B00003D129462046FFF7FFFDBFE61020BDE6E5
:1048C000F8B506467D480D46016814468A4231D344
:1048D0006068002808D07A4A90422BD301229204C3
:1048E000904201D3884225D37648864204D0304690
:1048F00004F085FC00280CD0304600F006FB06468C
:10490000284600F0BFFA002804D16068002802D0D1
:1049100012E06448F8BD00236A463146284601F09B
:104920004FFF002802D0FEF7BCFBF8BD68460088A8
:10493000800601D41020F8BD6188224628466368AD
:10494000FFF76AFEF8BDF7B55C4E0746306886B0E3
:104950001446824202D2102009B0F0BD384600F061
:10496000D4FA05465748874201D0FF2D08D00023CE
:1049700004AA2946079801F023FF002826D101E068
:104980004848E9E76846008AC00601D54A48E3E797
:1049900003A9002002910527019000976288494BE6
:1049A0002946079801F0AAFE00280FD161683268F5
:1049B000914208D30191029000972388628829468A
:1049C000079801F09BFE694689892180FEF769FB03
:1049D000C2E7002907D03C4B0A881B899A4202D8BB
:1049E0003048401C704737E610B586B004236C464B
:1049F000A382354BDC88002C07D01B898B4201D267
:104A0000914204D92748401C54E5062052E56B46E4
:104A100019825A820021009101911C800221997013
:104A200005A9029104A903916946FFF715FE41E526
:104A3000F3B50C4685B0812069460873002C1BD065
:104A4000059804F0DCFB070018D03878222869D3D9
:104A5000059800F05AFA049000220121059807F009
:104A6000CEFE00280CD000231A460321059808F03A
:104A700081F805000AD105E0102028E5094826E55F
:104A8000112024E50849114811F0CDFC28460830D2
:104A90000BF032FB06462078012819D0022838D0C6
:104AA000072014E502300000E8380000E1080000AB
:104AB0000328000000280000013400002800002026
:104AC00000800100FFFF000000090020840A0000B0
:104AD000A18803AAFEF71CFB0028CED1B00721D580
:104AE0006846007B00281FD1A079C0071CD0E06871
:104AF000002205216B4607C36389228968880499CF
:104B000001F018FC6946087300280DD0FEF7C9FAB9
:104B1000DDE4A18803AAFEF7FBFA0028ADD134201A
:104B2000064201D10820D2E46846037B2946384674
:104B3000059AFEF70BFDCAE4FFB597B0002001907F
:104B40001F4615460C460E46179804F058FB0028E1
:104B500004D00078222803D20820A6E5F448A4E572
:104B6000B80801D00720A0E5032F00D1002717982F
:104B700000F0CBF90890002C1BD0022D77D3ED4824
:104B8000006884427CD361190091012902D0491E3A
:104B9000814275D3AD1EAAB22146E74810F036F81F
:104BA00000991E394A7F0B7F11021943884267D151
:104BB000ADB2E248B90702D50189491C00E00121E4
:104BC00089B20091F90701D0078900E0DA4F03AA02
:104BD0000899009801F0F1FC0DE0F078B17800023E
:104BE000084310284CD80199091D401880B2019043
:104BF000A84245D82618002E60D07078317800027F
:104C0000084300998842E8D358E06946098A0A07B0
:104C100054D5002C3FD0019AA618121D92B20992C9
:104C2000F278B37812021A439446102A28D8099AC7
:104C30006244AA4224D87278337812021A4390420E
:104C40001ED1C8061ED509980AAA052120186B4650
:104C500007C3707831780002084363460022089940
:104C600001F068FB002803D0FEF71BFA1DE507E002
:104C7000F078B178000208436946098D884201D076
:104C80000B2012E5F078B17800020843099940182A
:104C900080B2019006E0C90604D50899FEF793FC9E
:104CA0000028E3D16946088A1021884369460882B2
:104CB000488AFF23049A089901F0AAFD03A801F08D
:104CC00085FC002803D16846408AB8429DD900235C
:104CD0001A460321179807F04DFF040003D19849A5
:104CE000984811F0A0FB20880028BFD0012108A817
:104CF00001700173002646732188684601862046AC
:104D00000830099017980A90FCF712FE05001BD096
:104D10001798688017206946888010AB023301AA73
:104D2000052108A800950BF090FD0746687800075C
:104D300004D584488249223011F075FB002F09D038
:104D40003846FEF71AFAB0E41321179805F04AFD29
:104D50000320AAE40EA8009068468388042201215B
:104D6000179807F064FA00288BD126809DE4F0B5EF
:104D700000248DB01F4615460E46002A04D0B908FF
:104D800004D007200DB0F0BD1020FBE7032F00D1A9
:104D9000002700F0BAF80390FF2804D06749B8074D
:104DA00003D5488902E06248ECE70120FA0702D007
:104DB0004989491E00E0604906AA8FB2039901F0B3
:104DC000FCFB38E06946898B090734D504AB052123
:104DD0000022029300910192574B039901F08EFC3F
:104DE000002821D1002E21D06A46128A2988A218D3
:104DF0003019121D914234D36946CA8B0270120ACF
:104E000042700A8A8270120AC27004A90522001D2B
:104E10000092029101906946C88B0B8A0022039987
:104E200001F06CFC002801D00320ABE76846008A43
:104E30002018001D84B206A801F0C8FB002804D089
:104E4000822806D0FEF72DF99CE76846C08BB84251
:104E5000B8D9002C07D0002E10D02988A01C814280
:104E600003D20C208EE705208CE7224631463248DB
:104E70000FF0CCFE31190870000A4870A41C2C8079
:104E800000207FE700B585B06946FEF79FFA00284D
:104E90000AD16846007C030011F0B6FB08052F2FED
:104EA0002F2F08080531032005B000BD6846807823
:104EB000012807D1684600880321C902401A1CD086
:104EC00001281AD068468079012806D16846808872
:104ED00015214902401A05280FD96846807A012811
:104EE00011D16846018929200002081A05D002283C
:104EF00003D0032801D0042805D10F20D4E712A144
:104F0000164811F090FA0020CEE710B507F028FE01
:104F100010BD10B50C4601F023FB002803D00AA1F8
:104F20000F4811F080FA2046FEF7BBF810BD0000D4
:104F30000230000028000020FFFF000000090020D0
:104F4000E83800003F0B00007372635C67617474A3
:104F5000735F636F72652E63000000002202000021
:104F6000BB060000F8B500780C46164610340E3625
:104F7000069F022809D0032836D005287ED0FF20BE
:104F8000F6A1E53011F04FFAF8BDCD890A2068434B
:104F90000E30188031203880002AF5D0087B9581AA
:104FA000801FC7B21AE020886168308048780A788C
:104FB00000021043F080C8788A78000210433081E4
:104FC000B21C3846091DFDF772FE002F01D00028E3
:104FD00002D000203071708008340A3628466D1ED9
:104FE000ADB20028DFD1F8BDCD890A2068430E306C
:104FF000188032203880002AF5D0087B9581401F28
:10500000C7B243E0616822880878F2803279C3072A
:1050100052085200DB0F1A43FD231A408307DB0FAF
:105020005B001A43FB231A404307DB0F9B001A4324
:10503000F7231A400307DB0FDB001A43EF231A4064
:10504000C306DB0F1B011A43DF231A408306DB0F65
:105050005B011A43BF231A404306DB0F9B011A432F
:105060003271C00970718A784B7810021843308110
:1050700032463846C91CFDF71AFE00E00CE0002855
:1050800002D00020B070308008340A3628466D1EE9
:10509000ADB20028B6D1F8BD087BCD89801E86B29E
:1050A0003046083068431030188034203880002A99
:1050B000F1D0174695811037E800D681C0190090CD
:1050C0000DE020883880009878603246616800984A
:1050D00011F02BF800980834801908370090284602
:1050E0006D1EADB20028ECD1F8BDFFB581B00A9DB0
:1050F0001E460C46002A05D0607AFF300130D08071
:10510000E089108101980E270078030011F07CFAE5
:105110000B7E0719293541536C7878787E00009210
:10512000087B082805D0032803D091A1954811F0E9
:105130007AF9378030200FE000990020888105B08F
:10514000F0BD0092087B042804D08E4888A114305A
:1051500011F069F937803120288000980028EBD1C0
:10516000EDE70092087B042804D0932080A1800002
:1051700011F059F937803220EEE70092087B0228BF
:1051800004D080487AA13A3011F04DF937803320AD
:10519000E2E7087B1746042804D07A4874A14C3013
:1051A00011F041F91020308034202880002FC6D023
:1051B0000020B88116E0207B1746052806D0062877
:1051C00004D070486AA1603011F02DF912203080AF
:1051D00035202880002FB2D0E089B88100203882A5
:1051E00001984088F881AAE70092087B072804D03C
:1051F00064485FA1713011F016F937803620ABE7B3
:1052000033460095019800F00EFC98E72F2053A13B
:10521000000111F008F992E770B50C46054603F05D
:10522000EEFF002804D00078222803D2082070BDA9
:10523000554870BD00231A460421284607F09AFC01
:105240002060002801D0002070BD032070BDFFB594
:105250008BB00D4607461720694608850E98032631
:105260001446002805D10EA93846FFF7D5FF0028BF
:1052700034D1002D0BD000220321384607F0BFFAAD
:10528000002834D00E980078002830D108E020782B
:10529000092819D00F2823D030A13C4811F0C3F8B9
:1052A0000E98A760801D03AA606002320AA92046FA
:1052B00000F00FFC002827D0030011F0A5F9071A11
:1052C000182323211C1E23000726002231463846BE
:1052D00007F095FA0028E3D12B48801C0FB0F0BDF1
:1052E00000220321384607F08AFA0028D8D111207D
:1052F000F4E70020F2E70820F0E72348401CEDE740
:105300000720EBE70320E9E701A800906846038D3A
:1053100004223146384606F08AFF0028DED1002DEF
:10532000DCD00E990D70D9E730B587B01D460C461C
:10533000002A11D0042369460B7013888B81528890
:10534000CA81A2788A7422880A8200236A46294682
:10535000FFF77DFF07B030BD1020FBE77372635C81
:1053600067617474635F636F72652E630000000091
:105370007372635C67617474635F636F72652E63DD
:105380000000000025020000023000004F03000072
:10539000F3B581B001980C4600780826030011F09F
:1053A00033F9125F47471B134B0A0A0A0A0A0A0A13
:1053B0000A0A0A0A0A5F002C02D1F849F84808E0F4
:1053C0006078304360703CE0002CF9D1F448F34938
:1053D000083011F028F8F3E70198002380880122B3
:1053E00087B20421384607F0C5FB0546002C04D0DF
:1053F0007520EA49C00011F016F8002D04D1E848E4
:10540000E649143011F00FF83946A81D00F058FB9A
:10541000FCF78EFA040006D0607830436070678035
:10542000FCF767FA0FE01321384605F0DBF915E0C9
:10543000DB48DA49283002E0D948D8492D3010F04D
:10544000F2FF002C0AD06078000707D59320207067
:105450002046582208300199FBF7B6FE0020FEBD19
:10546000CF48CE493130EAE710B500210170801DE8
:1054700000F023FB10BD0A4610B50146901D00F058
:1054800027FB10BD70B5002305461A46042107F01E
:1054900071FB040004D1F920C049800010F0C3FF63
:1054A0002946A01D00F00CFB70BDF7B5054684B081
:1054B0000C4600206946088188806F8803460122D7
:1054C0000421384607F056FB060004D1FD20B349FD
:1054D000800010F0A8FF002C03D0A7800020E080FF
:1054E0002081297A20461230C91E142700900B0013
:1054F00011F08AF80FFEFDFC3809A95E657A2FB21B
:10550000C9E99191FC003078012804D0A3497020AA
:10551000143110F088FFA9896A46C8000E309080C7
:1055200030201081002C13D0A18100200DE0C1009B
:10553000327909190A747288CA8182005319DA898A
:105540004A821A8A401C8A8280B2A1898142EED89E
:10555000F1E002A8009001AB22462946304600F057
:105560002BFAE8E03078042804D08C49BD201431AF
:1055700010F059FFA8890622014650436A460E30B2
:10558000908033201081002CE2D0A18100200BE01C
:10559000062141434F190919FA89CA81BA7C8A74D4
:1055A0003A8A401C0A8280B2A1898142F0D8C2E0C6
:1055B000307806280BD079491431D72005E03078AF
:1055C000062804D07549EB20143110F02CFFE8892F
:1055D00069461230888035200881002CB8D0A9890E
:1055E000A1817188E18126E03078072804D06B49D9
:1055F000FF20143110F017FFA8896A4601460E30CB
:10560000908036201081002CA2D0A1812046AA894A
:105610000E30296954E0E8896946123080B2382298
:1056200088800A81002C7ED0A989A181287A10283F
:1056300007D00221A173E9892182EA8929690098AA
:105640003EE00121F6E702A8009001AB2246294680
:105650003046FFF787FC6EE03078082805D04F49C8
:10566000FF201431EE3010F0DEFE684637218780CF
:105670000181002C5FD0A989A18100206082208255
:105680000120A07357E03078092805D04349FF2056
:105690001431FF3010F0C7FE288A69461430888024
:1056A00037200881002C46D00421A173A989A1814B
:1056B000E9892182298A618220462A8A143069690F
:1056C00010F033FD37E030780A2804D033493548EC
:1056D000143110F0A8FE6846372187800181002C24
:1056E00029D00521A1730020A08102E01EE003E083
:1056F0000CE0208260821EE002A8009001AB2246EE
:1057000029463046FFF7F1FC15E00CE00D20694614
:10571000392288800A81002C05D00120E0800020F9
:105720002081207307E00699088019E01C481B4976
:10573000A43010F078FE6846069980880880002C16
:105740000ED0684600892080684680886080287A6C
:10575000032805D0102803D0112801D00020307074
:10576000002007B0F0BDF7B5568815460F46002358
:1057700082B01A460421304607F0FCF9040004D137
:1057800007480649C43010F04EFEA41D33462A4691
:1057900039460094029800F022FBD0E45C530000EC
:1057A0009503000013020000F7B58CB00D461446B7
:1057B00007A90C98FFF730FD002812D1B64E01273B
:1057C000002C0FD00321684601701021818208A8A7
:1057D00002460690204605A9FDF78FFA00280BD057
:1057E00007207BE50821684601708581C681052177
:1057F0008774C90201820BE00798A17801712188A2
:105800004180684605218774C90201828581C6816D
:1058100002460121079B0C98FFF719FD5EE508B5CC
:1058200001236A4693709D4B13800A460223694602
:10583000FFF77AFD08BD08B501236A469370974BC0
:105840005B1C13800A4603236946FFF76DFD08BD04
:1058500000B587B000290CD002236A4613700B886C
:1058600093814988D18100230421FFF7F0FC07B020
:1058700000BD1020FBE710B5002903D00523FFF77A
:1058800053FD10BD072010BD70B588B00D461446FD
:10589000064607A9FFF7C0FC00280DD1002C0DD04B
:1058A0000621684601708581C481079B02465C80A1
:1058B00006213046FFF7CBFC08B070BD05216846D5
:1058C00001708581F1E710B588B000290BD007245D
:1058D0006B461C709A81049100236A462146FFF7AB
:1058E000B6FC08B010BD1020FBE770B500241722ED
:1058F00088B0002914D00D782B0010F085FE062307
:10590000050519041B231522D21E93B2CA88002A4A
:1059100002D08E68002E03D09A4203D90C20CBE728
:105920001020C9E7042D05D08A88002A0AD101E099
:105930000620C1E7012D11D0022D05D0042D18D06D
:10594000052D23D00720B7E709236A4613704B883B
:105950009381CB88D381896804911DE00C236A462A
:1059600013704B889381CB88D38189680824049174
:1059700012E00D236A4613704B8893818B88D38184
:10598000CB88138289680924059105E00E236A46B5
:105990001370497811730A2400232146FFF757FC3E
:1059A0008AE700B587B00F236A4613709181002300
:1059B0001946FFF74CFC5AE7FEB50078089D1C46D7
:1059C00016460F46012803D03549912010F02BFDD3
:1059D000F889C0000E30208030202880387B001FDE
:1059E000C0B20190002E1DD0F889B081002516E0CC
:1059F000E8008419C0190090224641690E320198CE
:105A0000FDF755F9002802D000202074E0810098AD
:105A10006D1C008A60820098ADB2408AA082B08975
:105A2000A842E5D8FEBD70B514461425049A1D8021
:105A300037231380002C0ED0CA89A28100226282F3
:105A40000078082808D0092810D00A2819D014494D
:105A5000144810F0E8FC70BD087B0C2804D01148F5
:105A60000F490C3810F0DFFC012008E0087B0D28FE
:105A700004D00C480A49083810F0D5FC0420A07363
:105A800070BD087B0E2804D006480549001F10F0A1
:105A9000CAFC0520F3E70000FFFF00000228000019
:105AA00070530000BB02000010B5FE4B5860197225
:105AB0001A80C90010F098FB10BD002101807047CA
:105AC00010B50022D2430280032007F0F8FC10BD7D
:105AD0007047F0B50E460446017801208840F2492F
:105AE00099B008400090616815460888EF4A9042D6
:105AF00006D0009A002A06D0EB4A521E104202D06D
:105B0000012019B0F0BD009A10430880002D12D07A
:105B1000002028702178EA1C0027681C01920B00E5
:105B200010F072FD10F30E16233A59616F3CB4B0B9
:105B30008AB8F2F1F0F320780B28EBD00420E0E7EC
:105B400002212970A1890170090A4170032097E0A0
:105B500004212970A1890170090A41700198E18925
:105B60000170090A417005208AE006212970A18987
:105B70000170090A41700199E2890A70120A4A709B
:105B8000218A0171090A4171A28AE81DA16910F0F8
:105B9000CCFAA08AC01D73E0082129702178082959
:105BA00001D110212970A1890170090A4170019861
:105BB000E1890170090A41700520308020466A1D84
:105BC00002A91030FDF799F800287DD16946308888
:105BD000097A401854E00A212970A1890170090A44
:105BE000417003200BE00C212970A1890170090A82
:105BF00041700198E1890170090A417005203080E7
:105C00009CE0A08984464000401C81B230888842D4
:105C10005AD3052958D30E202870002008E02369A4
:105C200042009B5A521953701B0A401C937080B259
:105C30006045F4D33180B9E09A48417A002973D0A5
:105C4000491E4172217B4068C9004518A98828680F
:105C5000082240180838216910F067FA02216846C6
:105C600001710021417128680390A988684601816B
:105C7000002101A8FFF78CFB0020A880002E00D097
:105C8000308093E0297880221143297029784022BE
:105C90001143297029788909890112312970A18954
:105CA0000170090A4170E289E81C216910F03DFA8F
:105CB000E089C01C3080287841063FD5C00975D0E6
:105CC00001216846017200E02CE000214172318818
:105CD000091D81810495E189019808180590001D2E
:105CE00006907048017A68460177002102A8FFF704
:105CF0004FFB074630880C303080022F06D0002F33
:105D000054D065E03DE033E01CE05EE06548694664
:105D1000097F4268CB00D218037A994202D2918857
:105D2000002902D0042753E02FE0417A491C417238
:105D30001560308890800020308049E06168A0893B
:105D4000888033E029788909890116312970A18971
:105D50000170090A41700198E1890170090A4170D6
:105D6000228A681D616910F0E0F9208A401D46E72B
:105D700028788009800118302870207B6870022004
:105D80007EE760680188090401D4052720E0C08807
:105D9000A189884201D006271AE01E202870012020
:105DA0003080606801884904490C0180009800280F
:105DB0000ED03C4800220088A1688300032007F031
:105DC000D9FA61682078887007E0002030800327C6
:105DD0006068009902888A430280384691E6FFB5E0
:105DE0009FB0289D0E46002805D0172803D82A8882
:105DF0002E4B9A4202D1072023B0F0BD32785306D1
:105E000001D4D20901D00820F6E700226B461A71AE
:105E10005A7114463278431E1D939BB2189303ABFC
:105E20001A939706CB1CBF0E1B93821E711C3B005E
:105E300010F0EAFB209011EE66EE74EEB0EED4EEB8
:105E4000EDEEECEEEBEEEAEEE9EEEEEEE8EEE7EE8E
:105E5000E6EEE5EE90EE05287CD10421684601715E
:105E6000A9780172F078B278010211436846418145
:105E70003179417170788006800E0C282ED009DCB3
:105E8000801E030010F0C0FB0919661C6621662401
:105E90006627660012282AD00ADC0E2821D0102896
:105EA000DAD121E00C090020FF710000FFFF0000A3
:105EB00016281FD01828CFD11FE02878800701E0CE
:105EC00028784007002845DA45E128780007F9E7F7
:105ED0002878C006F6E728788006F3E72878400699
:105EE000F0E728780006EDE72888C005EAE728886B
:105EF000C004E7E728888004E4E728884004E1E755
:105F00002A78920726D50328A6D105206A46107163
:105F1000487809780002084310811CE12978490774
:105F2000F0D5062816D3717890B2012902D0022943
:105F300092D101E0022100E01021189106216A4669
:105F400011710021118102AF189AB11C0237921C05
:105F50001B921AE0B3E04A780B7812021A433A8097
:105F6000801E891C1790BA1C1A911898FCF79FFE86
:105F70001A991898189A091817986B46801A1A894E
:105F800080B2521C1A811B9ABF1D8242E3D900289D
:105F900086D1E0E028780007B4D51D98694682B222
:105FA0000720087100200881701C0A3111E0437835
:105FB00007781B023B430B80C37887781B023B4367
:105FC0004B806F463B89121F5B1C001D92B23B81C8
:105FD000091D042AEBD2002A71D1BCE02978C90638
:105FE0006DD502286BD308206946087100204881CE
:105FF00070780872844692B2B01C1A9919E089E050
:1060000090E07EE067E05BE030E025E019E013E03F
:10601000BCE0437807781B023B430B80831C4B603A
:106020006346D21A6F467B8960445B1C92B27B81C7
:1060300008319445EDD9CEE7287880063FD509226E
:1060400003E0287840063AD50A2268460271AA88F9
:106050000281189A428107E0287800062FD50B208C
:106060006A46107118981081039174E02988C90557
:1060700025D5022823D30C206946087100204881C9
:1060800070780872844692B2B01C1A9914E0437872
:1060900007781B023B430B80C37887781B023B4386
:1060A0004B80031D4B606346D21A6F467B89604468
:1060B0005B1C92B27B8108319445E8D98BE763E0A1
:1060C0002988C90460D501285ED10D216846017177
:1060D000A98801813FE02988890455D5052853D333
:1060E0000E2269460A71AA880A811B99401F4A78C4
:1060F000097812020A4369464A818881701D04901A
:1061000029E0298849043FD501283DD10F2069465F
:10611000087120E02A88120436D44A780B781202DB
:106120001A43EA8003282FD332789206920E1B2A54
:1061300026D011226B461A712A880123DB031A43E9
:106140002A804A78097812020A4369460A81C01EE9
:1061500048811B98039030788006800E1B2809D058
:106160001D2807D00320229907F0A9F92888C00B21
:10617000C003288001A82199FFF70AF920463BE6D1
:1061800010226B461A71DCE70724F7E70824F5E7CD
:1061900000B597B0032806D16A461070019100211E
:1061A0006846FFF7F5F817B000BD000010B58B7812
:1061B000002B11D082789A4207D10B88002B0BD08C
:1061C00003E08B79091D002B08D08B789A42F8D117
:1061D00003880C88A342F4D1002010BD812010BD9B
:1061E000052826D0002A02D0012A0DD102E0098814
:1061F000090501E009888904890F07D0012918D011
:10620000022909D003290ED081207047002A01D02D
:10621000032070470220704703280AD0042808D0C2
:10622000002804D007E0042803D0022803D005206A
:106230007047002070470F20704770B513880546DF
:1062400014460B8018061DD5FE481022807AA842FD
:1062500003D813430B80002070BDA06893430078DF
:10626000E840C007C00E03430B802078A178800768
:10627000800D0843F4490FF0D2FFA0686943081865
:10628000401C70BD906870BD37B569468B8813801F
:1062900019061BD5EB4C0125A47A9168844209D8D4
:1062A000FE280FD1D80602D5A5406D1E00E00025BE
:1062B0000D7007E085400C78DB06DB0FAC438340B4
:1062C0001C430C7010881021884310803EBDF8B527
:1062D0000746C81C80080E468000B04201D08620C8
:1062E000F8BD082A01D90E20F8BDD64D00202E6039
:1062F000AF802881AA723446E88016E0E988491CFC
:10630000E980810610D48007A178800D0843CE492A
:106310000FF085FF206800F0BAFA2989401880B292
:106320002881381A8019A0600C3420884107E5D4F0
:106330000020F8BDFFB589B09F041646139DBF0C21
:106340000193099800F095FA04000AD0207800061D
:1063500009D5BC48817A0A98814204D887200DB0BB
:10636000F0BD0120FBE7224669460A98FFF765FF6A
:106370000690002069460872052D14D0012221469E
:106380002846FFF72DFF0028E9D1207840060AD5DE
:10639000022168460172099981810188C1810682C2
:1063A0004782129805900198000404D500273E46C4
:1063B0000125079709E02078A1788007800D084320
:1063C000A14907900FF02BFF0D46019840040AD514
:1063D0000798A84207D12088E1788005800F000245
:1063E0000843B04201D3AE4201D90720B7E7B8193C
:1063F00080B20190A84201D90D20B0E76846007A2A
:10640000002804D002A8FDF706F90028A7D10798B4
:10641000A8420BD1208803210902884301998905EC
:10642000890F0902084320800198E0701498002821
:1064300000D007801298002815D006983A46801997
:1064400012990FF072FE224669460A98FFF7F5FE90
:1064500069460888102188436946088022460099C9
:106460000A98FFF711FF002079E7FFB5754D0C2260
:10647000E8882968504383B00C180D9F724905982D
:106480000FF0CDFE0091049800F001FA29682A89E6
:106490008E46611A0C310918944651188AB2A9889F
:1064A000914202D8842007B0F0BD6A46168A3206AF
:1064B00003D5B20601D58520F5E7EA88521C92B2D1
:1064C000EA800E9B002B00D01A80B20601D5A7608F
:1064D00006E0604480B22881091A70460818A0605E
:1064E0002246FE200499FFF7CFFE0598A070009881
:1064F000E07020880599800889058000890F08438D
:1065000003210902884300998905890F090208437C
:1065100004210843208003988078A07103980088A4
:10652000A08000202073310601D5AC7A00E0012460
:10653000B10600D5002700260EE0052100200191BC
:1065400002900097E88831460C9B069AFFF7F2FE0E
:106550000028A8D1761CF6B2A642EED30020A2E70E
:10656000F1B5009800F085F9060002D00025009CE6
:1065700014E00120F8BD204600F07BF907460078C2
:1065800031498007820DB87810430FF048FE386813
:1065900000F07DF94019641C85B2A4B22948C18875
:1065A000601E8142E7DC00992648491EC1800189AE
:1065B000491B018100203070F8BD002804D0401E26
:1065C00010809170002070470120704710B504467C
:1065D00001881C48C288914201D3822010BD006806
:1065E0000C22514342189079A07290882081108823
:1065F000D1788005800F00020843A081A078211D7A
:10660000FFF71BFE20612088401C2080E0800020D6
:1066100010BD012101827047F7B50546002084B006
:10662000C043108068681746817868468170686842
:1066300001886846018000218171288A2C88A04247
:1066400005D303E0180900200102000004462C8253
:1066500035E0288A401C2882301D6968FFF7A6FDB6
:1066600000282AD139889248814201D1601E3880A1
:106670006888A04228D33088F1788005800F000216
:10668000084302906946301DFFF790FD002814D1A1
:106690006989874881421BD0002231460598FFF75F
:1066A0009FFD002809D16A890298824205D1E968D4
:1066B000B0680FF00DFD00280AD0641CA4B220467B
:1066C00000F0D7F80600C4D1641E2C828220EAE6CE
:1066D0007C80B079B871B088B8803078B1788007A4
:1066E000800D084378810298B8813946287A32466D
:1066F0000831FFF7A2FD38610020D4E6FFB585B070
:106700001C460F46059800F0B4F8050009D028781B
:10671000000608D56748807AB84204D8872009B0B7
:10672000F0BD0120FBE707982A468605B60D6946AD
:106730003846FFF782FD07460E98052816D000223E
:106740002946FFF74DFD0028E9D1287840060DD5F0
:106750000121684601710599018101884181868185
:10676000C48101A8FCF757FF0028D8D12888AA784F
:106770008107890D11438005800FEA7800021043DC
:10678000079A964207D04C4A914204D3611E814237
:1067900001DD0B20C3E7864201D90720BFE7801B3C
:1067A00082B2A24200D922461098002800D002806E
:1067B0000F98002802D0B9190FF0B7FC0020AEE7FF
:1067C000F8B51D4617460E4600F053F8040008D0F1
:1067D0002078000607D53748807AB04203D8872052
:1067E000F8BD0120F8BD224639463046FFF725FDA9
:1067F000002D0BD02078A1788007800D08432E490A
:10680000884201D2012000E0002028700020F8BD5D
:10681000F8B51E4617460D4600F02BF8040008D0C8
:106820002078000607D52348807AA84203D887201D
:10683000F8BD0120F8BD224639462846FFF724FD61
:10684000FF2E14D02588A178A807800D08431A4987
:106850000FF0E5FC002E03D1FF31FF31033189B287
:10686000A170A80880008905890F084320800020B6
:10687000F8BD1049CA88824207D3002805D00C22EF
:10688000096850430C38081870470020704703B55A
:106890000846694609888A0607D4090604D50549C9
:1068A000897A4143491C88B20CBD00200CBD000010
:1068B000FFFF00001809002001020000F8B507786A
:1068C0000D460446012F19D0072F02D00C2F19D1E5
:1068D00014E0A068216906780B2E0BD0052006F085
:1068E000EEFD052E0ED0782300220520216906F04A
:1068F00041FD07E0782300220620F8E70520216902
:1069000006F0DDFD002D0ED000202870294620461F
:1069100004F0AEF9FE482978C05D884201D1032019
:10692000F8BD0220F8BD0021204604F0A1F90020A6
:10693000F8BD70B50E460C462036317901208AB07C
:106940001546002909D0012905D12978042902D149
:106950000520107000200AB070BD6068019005A885
:1069600002900D21C01C0FF03DFC032205A8A16878
:106970000FF0DBFB01203071062069460870206AA9
:10698000049029466846FFF799FFE4E770B50C4686
:10699000154620310A790120062686B0002A2CD01F
:1069A000012A28D12978042925D169681022A068F4
:1069B00001F0B4F96868C07B000606D5D44AA06827
:1069C0001023103A014601F09EF91022A168E068F8
:1069D00001F0A4F9A068C07B000606D5CC4AE068A7
:1069E0001023103A014601F08EF92E70A0686860FD
:1069F000E068A860002006B070BD60680190C448DF
:106A0000203802900120087168460670206A0490C0
:106A100029466846FFF752FFEDE7027B032A06D0BE
:106A2000002224235A540B78092B02D003E00420BF
:106A300070470A76CA61027B9300521C0273C150F0
:106A400003207047F0B50E4615460C462036024628
:106A500031790120072393B000290CD0012924D0DB
:106A600002292ED0032904D12978042901D12B70C1
:106A7000002013B0F0BD01203071606800280DD0F7
:106A8000A1690B7060684860206988606069C860AF
:106A9000206A08621046FFF7C0FFEAE70620287068
:106AA000206968606069A86009E029780629E0D15A
:106AB0000220307104202870954820386860032037
:106AC000D7E729780429D4D1A08910280AD9103809
:106AD00080B2A081A1681023091805A86A6801F096
:106AE00012F923E010282FD0C2B21020801AA1681A
:106AF0000DAF1190C0190FF018FB11980006000E91
:106B000006D0401EC1B28020785438460FF06AFB90
:106B1000626910230DA909A801F0F5F8102309A94D
:106B200005A86A6801F0EFF80320307160680190F1
:106B300005A80290062069460870206A049029463C
:106B40006846FFF7BBFE94E710232269A168E2E7DD
:106B5000F0B50E460C4620363179012006278FB05D
:106B6000154600290BD0012932D0022905D12978F8
:106B7000042902D10820107000200FB0F0BD217D43
:106B800008A8CA07D20F02718807C10F08A80171AF
:106B90006846027041700722801CE1680FF0C5FA58
:106BA00002A80722013021690FF0BFFA6068059042
:106BB0000AA8069010236A46A16801F0A4F80120F3
:106BC000307168460774206A0890294604A820E0BE
:106BD00029780429D1D1062205A8E1690FF0A5FA88
:106BE00006A806220230A1690FF09FFA0020089043
:106BF0006068019009A80290102305AA696801F055
:106C000082F80220307168460770206A0490294695
:106C10006846FFF753FEB0E770B50D460C462035C9
:106C2000297901208CB01646002909D0012905D107
:106C30003178042902D10920107000200CB070BDF9
:106C40006068019006A802900822E1680FF06DFAD2
:106C5000082208A8A1680FF068FA01202871062010
:106C600069460870206A049031466846FFF726FEA0
:106C7000E4E770B50D460C462035297901208CB02B
:106C80001646002908D00129D8D131780429D5D158
:106C90000A2010700020D1E76068019006A80290D9
:106CA0000822A1680FF041FA002008900990012005
:106CB0002871062069460870206A049031466846AB
:106CC000FFF7FCFDBAE730B50B4620331C790120F5
:106CD0008BB0002C09D0012C05D11178042902D1E8
:106CE0000B20107000200BB030BD4868019005A843
:106CF00002908C6868462578057564784475CC6880
:106D0000257885756478C47500200690079001E0A9
:106D10002867010008900120187106236846037057
:106D2000086A049011466846FFF7C8FDDBE770B5B6
:106D30000C462034034625790120002D0AD0012D70
:106D400014D0022D05D111780A2902D10C2010701F
:106D5000002070BD01202071C868052202704A68B9
:106D60004260F84A8260921CC2600BE015780B2DDD
:106D7000EFD102202071C868042404705268426078
:106D80008A688260096A016201461846FFF745FE7B
:106D900070BD30B5011D02463132947803258379E8
:106DA000ED432C4323408371DB070DD04B7954799D
:106DB00023404B710B79127913400B718278C9789B
:106DC0008A4200D9817030BD00224A710A71F5E70C
:106DD000F7B50C4686B00020694626460870203676
:106DE000317901271E2015461F2977D24B007B449D
:106DF0009B885B009F441E0017023E0256026902F8
:106E000088029A02D102F5022E03590371037F030F
:106E1000AE03C303CC03F7031A0464049A04AB045F
:106E2000DF04FE0410052A0565059B05C6058305DC
:106E300087058B056069002802D0007813287DD073
:106E4000A0680590002849D0012168460170206A99
:106E500004900321684601710A214171E0690290A2
:106E600020790028EFD0059909780029E7D00C296E
:106E700064D20B000FF0C8FB0CFD1A4B90B5E8FC78
:106E8000FBFAF9F807FD022828D16069002802D032
:106E90000078082852D1022168460170206A0490C7
:106EA00005984178684601710021B9E20620216AFF
:106EB00006F005FB20790728E6D1606900F050FF55
:106EC00002280CD0606900F04BFF042807D06069ED
:106ED0000028B8D000780128D6D103E01BE2616910
:106EE0000120087005980079C11F0A2901D30A20E2
:106EF00050E06169072288706069059930300FF0B1
:106F000014F90120307161690320087034E007280A
:106F1000BAD16069002896D001780929B4D10599C1
:106F2000C978890707D1059949790029DFD10599E1
:106F300089790029DBD105994A7900E04EE20146C2
:106F400020314B7D9A43D2D1059A8B7D92799A4319
:106F5000CDD1059A1279D31F0A2BC8D20979914253
:106F600036D80722C01C05990FF0DFF801203071D8
:106F700061690A200870032069460870206A04903D
:106F80006069313001906069001D029060691C30B9
:106F90000390A1E22076F2E311288DD1606900F020
:106FA000DFFE042804D0606900F0DAFE0B2893D1DC
:106FB0006069059910223730491C0FF0B6F86069F6
:106FC000017804297CD12421095C8278914201D97D
:106FD0000620DFE70521017003203071684601704B
:106FE000E2E3112894D1606900F0BAFE062804D0CB
:106FF000606900F0B5FE0C288AD1E068002813D043
:107000002069002810D060690178062910D00D2170
:1070100001706069059910225730491C0FF085F8FE
:107020006069573009218CE100206946087072E1DF
:10703000072101706069059910224730491C0FF043
:1070400074F860694730EDE70228F0D1606900F01C
:1070500087FE0028EBD0606900F082FE0128E6D0B0
:10706000606900F07DFE05E0B1E08DE06CE02AE0B3
:107070000AE0D6E00828DAD00521684601710598B3
:1070800041786846417146E11128D0D160690028F5
:10709000CDD001780E29CAD1C16A4078022810D01B
:1070A0000020142250431430085805991022491C1E
:1070B0000FF03BF80520216A00F040FE0F205EE053
:1070C000F1E10120EDE70B28B1D160690028AED0D5
:1070D00001780F29ABD1C16A4078022826D0002060
:1070E000142250430C300958059842780A70807871
:1070F00048706069C16A4078022819D000201422C3
:1071000050431030085805990822C91C0FF00DF89B
:107110000520216A00F012FE60694178022909D039
:1071200000220832825C5208520073E00120D7E747
:107130000120E4E70122F4E7012100E00021083109
:107140004254BCE30267010011289CD16069002809
:1071500099D00178102996D1C16A4078022811D0BF
:107160000020142250431830085805991022491C59
:107170000EF0DBFF0520216A00F0E0FD11206169BF
:107180000870B4E30120ECE7082884D16069002886
:107190009DD00178112997D10599C06A497801706D
:1071A00060690599C06A0622401C891C0EF0BDFF6B
:1071B0000520216A00F0C2FD60694178022904D0EF
:1071C00000220832825CFD2323E00122F9E7112826
:1071D000BBD160690028BBD001781229B5D1C16A42
:1071E0004078022819D00020142250431C3008583F
:1071F00005991022491C0EF098FF0520216A00F025
:107200009DFD60694178022909D000220832825C24
:10721000FB231A40022991D18EE70120E4E70122E5
:10722000F4E70720B6E6287801288ED160696968FE
:1072300014221C30F9F7C8FF6069017F002901D0D2
:107240002176ACE30178032901D0032037E002273F
:10725000C77081794907490F8171017A4907490F40
:107260000172417A4907490F41726069FFF791FD48
:10727000377196E228780F28E3D107206946087015
:10728000216A049191680291694608716169072237
:10729000C91C02980EF049FF6169042008700020A3
:1072A0003071BBE028780328CBD1606901780529CB
:1072B000696807D0082247300EF037FF042030718C
:1072C00005206FE208225730F6E728780328B8D166
:1072D000606901780529696811D008224F300EF0E5
:1072E00024FF052030716069006A00280AD002205E
:1072F0002870002028716069006AA860F9E00822FF
:107300005F30ECE704204DE22878022899D12879F3
:10731000002801D0207642E36069A96801626069B3
:10732000002901D1F949016206200BE228780F28D3
:1073300087D1A868E0616069017805292BD04730C2
:1073400007213171E16802220A706269126A4A609B
:10735000886060693030C8606069C01C086162691B
:10736000087D926A400812784000D207D20F10437D
:1073700008756269926A521C8A61FD221040626936
:10738000D26A1278D207920F104308756069C06AFA
:10739000401CC86153E25730D2E728780828BAD198
:1073A0006069017805291AD00B2101700720694610
:1073B0000870206A0490E069029011200871029818
:1073C0000321017051681022401C0EF0AEFE002116
:1073D0006846FFF773FA00203071E06187E206210A
:1073E000E3E728780F2896D1072069460870206ABD
:1073F0000490A8680290112008710298042101707D
:1074000061690A78072A0ED0002232710C220A70B4
:1074100061691022401C47310EF087FE002168464A
:10742000FFF74CFA63E21022401C57310EF07DFE4C
:1074300000216846FFF742FA0A203071E168032014
:1074400008706069006A48606069573088606069E8
:107450004730F3E128780828A1D1606969681022D3
:1074600037300EF035FE002801D0042092E5606927
:107470000078072817D00A203071E16803200870CF
:107480006069006A486060695730886060694730A9
:10749000C860206A08620698FFF7BFFA074660696D
:1074A000FFF777FC6BE208207AE1287809289AD167
:1074B0000B20307161696868897810224018511A70
:1074C0000EF090FE082069460870206A04906868F3
:1074D000019060698078087268E129780D29BBD134
:1074E00061698979C90703D00C20307109203EE019
:1074F0003071032770E228780E28ADD1606914221C
:10750000291D1C30F9F760FE6069018DC06A417267
:10751000090A817260698178C06AC1716169CA6A49
:10752000081D117AC909C9011172437962691943A9
:107530008378D26A9B079B0F012B00D00023007930
:107540009B01C00003431943117260694078012810
:1075500076D0B4E160694178022901D0012100E0D0
:1075600000210831405CC00707D00E20EAE06946E0
:107570000870206A1146049019E11320B8E72878B2
:107580000F2894D1A868E0610F2030710520EEE744
:10759000287803288BD16069C16A4078022801D01D
:1075A000012000E000201422504310300858082227
:1075B00069680EF0BAFD10203071E168062022697A
:1075C00008706069406A48606069C36A4078022850
:1075D00001D0012000E00020142778431030185813
:1075E000CA6088602BE128780C2886D16069C26A5D
:1075F0004078022801D0012000E0002014214843F7
:107600000C30105802230932696800F07CFB11200D
:107610003071E168052008706069006A486060693F
:10762000C06A093088603948001F07E128780B28B4
:10763000A7D161694878CA6A022802D0012001E016
:1076400059E1002014235843143010588A7869688F
:107650000EF06BFD60694178C26A022901D00121F8
:1076600000E00021142359431431525881785018F6
:107670001022511A0EF0B6FD072069460870206AE4
:107680000490E069029011200871029806210170AF
:107690006169CA6A4978022901D0012100E000210C
:1076A00014235943143151581022401C0EF03DFD53
:1076B00000216846FFF702F90020E06112206FE028
:1076C00028780F2891D1072168460170206A04901C
:1076D000906802900B2268460271029801706169FD
:1076E000CA6A4978022901D0012100E0002114234F
:1076F00059430C3151580A78427049788170616958
:10770000CA6A4978022903D0012102E00867010012
:10771000002114235943103151580822C01C0EF087
:1077200004FD00216846FFF7C9F826E76069417843
:10773000022901D0012100E000210831405C8007CE
:1077400003D5142030710A2011E71620D0E62878DE
:107750000F287AD1A868E061072069460870206A7E
:107760000490E069029011200871029808210170CC
:107770006169CA6A4978022902D0012101E011E158
:10778000002114235943183151581022401C0EF087
:10779000CCFC00216846FFF791F80020E06115203D
:1077A00030710A2069460870206A049029466846AC
:1077B000FFF784F82BE028780F2846D10720694688
:1077C0000870206A0490906802900820087102985E
:1077D0000921017061690622C969097841706169EE
:1077E000801CC969491C0EF0A0FC00216846FFF707
:1077F00065F8AAE760694178022901D0012200E01A
:1078000000220832805C400703D51720C8E70746EE
:10781000B5E0012953D070E028780F2815D1A86869
:10782000E06118203071E168052008706069006A25
:1078300048606069C06A09308860F848C860206A9A
:1078400008620698FFF7E9F8E1E76FE028780B286F
:107850006CD16069C16A4078022801D0012000E043
:107860000020142250431C300858102269680EF082
:107870005CFC072069460870206A0490E069029069
:107880001120087102980A2101706169CA6A497859
:10789000022901D0012100E00021142359431C31A9
:1078A00051581022401C0EF040FC00216846FFF7A2
:1078B00005F80020E0616069407801281DD1192099
:1078C00016E660694278022A09D000210831411881
:1078D000097800290DD0CA0703D00E2106E0012146
:1078E000F4E7890701D5102100E01221017000277B
:1078F00072E0012A01D00D20FAE51C20F8E51D20D8
:1079000030710B2033E62978102948D1F0E5606901
:107910000178012943D0082941D00021317100F0BC
:1079200019FA0C2069460870206A049037E028781C
:107930000F2805D01020107003271B2030714BE05A
:10794000072168460170206A0490A868029002210D
:1079500068460171029805210170217E4170002165
:107960006846FEF7ABFF0B2168460170206A049061
:1079700029466846FEF7A2FF07461B203071012FFB
:107980000DD029E0012168460170206A049004218D
:1079900068460171217E41710020207612E0207E30
:1079A00000280FD06169132008701A2030710A2056
:1079B00069460870206A049029466846FEF77EFFF3
:1079C000074609E06069002801D01421017068466B
:1079D0000078002800D021E5384609B0F0BDF7B5A1
:1079E0000F4620373879012686B00C46002804D08F
:1079F000012828D002281CD197E02079012804D042
:107A0000022811D0032814D10AE0A0684078012888
:107A10000ED10620216A05F02CFD00287FD10CE054
:107A2000A1681320087008E0A0684178022901D0FD
:107A3000052674E00078082871D1012038710A20E9
:107A40006946087033E0089800780F2867D107214D
:107A500068460170206A049008988568029522792A
:107A60000220012A04D0022A29D0032A57D10FE08C
:107A70000646684606710B202870207B00214007CF
:107A8000400F68706846FEF719FFA068067045E071
:107A900006466846067105202870207B6870002124
:107AA0006846FEF70BFF3E710B2168460170206AA5
:107AB000049068460899FEF701FF06462FE06846E5
:107AC000017101202870207C6870607CC007C00FA5
:107AD000A870A07C4007400FE870E17C2971C007C6
:107AE0001FD0207D4007400F6871607D4007400F28
:107AF000A87100216846FEF7E1FEA068072229462A
:107B000030300EF012FBE068017AA068203001717D
:107B1000A16828798870A16809200870002630467D
:107B20005BE70020A8716871E3E7A1681420087082
:107B3000012168460170206A0490042168460171A1
:107B4000217B41710021FEF7B9FEE7E7F0B585B072
:107B50000F4605460124287B800040198038C66FF7
:107B60003078411E0A290AD22C498000323140184F
:107B70008038C36F3A463146284698470446002C61
:107B800001D0012C11D1287B401E0006000E287365
:107B900001D00324DFE70D2069460870306A0490A5
:107BA000002101966846FEF789FE032CD3D02046BB
:107BB00005B0F0BD70B515460A4604462946104684
:107BC000FFF7C4FF0646002C0FD0207814280CD1F4
:107BD000207E002806D000202870204629460C3040
:107BE000FFF7B4FF204600F0B5F8304670BD70478F
:107BF00010B5012903D0022901D0052010BD417024
:107C000000F0A8F8002010BD002809D0027E002A4C
:107C100006D00A4601460C31CCE700000667010099
:107C20000120704730B5044687B00D46062005F0A8
:107C300046FC2946052005F042FC2078142805D092
:107C40000020694608702046FFF7DEFF07B030BD10
:107C50007FB50E4600216A4611730178092903D0C9
:107C60000A2903D0002407E0446900E08468002C5E
:107C700002D0217E002912D0154601462846FEF783
:107C8000CCFE032809D1324629462046FFF792FF51
:107C90006946097B002900D0042004B070BD254648
:107CA0000C35EAE700B50023012285B005280CD089
:107CB000062808D1684602700491022101714371BF
:107CC0000021FEF7FBFD05B000BD6846027004917F
:107CD0000271F4E710B590B00C4605216A461170A8
:107CE000019022480290001D03900AA96846FFF700
:107CF000AFFF002805D1102220460B990EF015FA8F
:107D0000002010B010BD30B505E05B1EDBB2CC5CCE
:107D1000D55C6C40C454002BF7D130BD10B50024A5
:107D200009E00B78521E5B00234303700B78401C64
:107D3000DC09D2B2491C002AF3D110BD70B50C4643
:107D4000054605F0BCFB782300222146284605F0B5
:107D500011FB70BD4178012900D0082101707047E6
:107D6000002801D0007870470820704700670100A4
:107D700038B50446002069460870204609F053FDD6
:107D8000002803D1FBA1A3200EF04DFB204609F0F3
:107D900099FC002803D1F7A1A8200EF044FB684607
:107DA000007838BD70B5F84D002428462C77203077
:107DB0008471C47101F09AF928464038047020306B
:107DC0008473847484772C75AC7170BD10B50C46C7
:107DD000EE4982888A8042884A8000780870084686
:107DE0000E38847009F050FC08F0FDFFFFF7DAFF51
:107DF00020460BF013F8E449A8310846813809F011
:107E0000ADFEE2480CF021FBE0480A3808F0FEFF26
:107E1000002803D0D7A1C5200EF005FB01F066F9BC
:107E200010BD7CB50E461D46144601A909F008F8A0
:107E3000002807D10AF091FB022803D1D248007D27
:107E4000002801D001207CBD01988030807C09F0A1
:107E50004DFC00280CD0684609F052FC0028F2D0F6
:107E6000002C03D009F011FCA04206D200207CBDFA
:107E7000C0A1C7480EF0D7FAF8E7009809F0D8F883
:107E80003146009809F0DBF8E2B22946009809F083
:107E9000F0F909F045FC002804D1BD48B5A11E3019
:107EA0000EF0C1FAB94C00250E3C6068A030417953
:107EB000002902D045710BF0D8F860688030458306
:107EC000C0E730B40179002904D0012907D030BCC3
:107ED00000207047831D42880488022103E0428805
:107EE0000488831D0121204630BC9AE7F8B51D4661
:107EF00014460E4607460AF030FB022803D0A2487B
:107F0000007D002823D0A1480E3841684988398077
:107F100040688030807C09F069FD002804D153203E
:107F200094A1C0000EF07FFA684609F069FD0028B0
:107F30000DD0009809F0BAF83070022808D0012856
:107F400006D093488BA167300EF06DFA0020F8BD83
:107F50002946009809F0A4F92080002804D1552072
:107F600084A1C0000EF05FFA09F05DFD002804D185
:107F7000874880A160300EF056FA0120F8BD38B570
:107F80000446831D821C6946FFF7B0FF00280DD010
:107F90000020607168460078012808D0022806D0C9
:107FA000FF2074A101300EF03EFA012038BD20718F
:107FB000FBE7F8B50AF0D1FA744D734C0E3D022878
:107FC00002D0207D00287DD0207F0026102818D1E7
:107FD000A079002803D067A16E480EF024FA6868E3
:107FE00001464030827F92070BD526724988618115
:107FF000C17F2173018CE181408C20820120A0711E
:108000002677614F203FB87C00285ED168686946BA
:108010008030807C09F007FC002805D0694668782C
:1080200009784018687004E05A4852A119300EF0DF
:10803000FAF9207D00283AD06868418852484038D3
:10804000806D4088814204D00F204AA1C0010EF00B
:10805000EAF968688030807C09F0C8FC002804D107
:108060004C4844A124300EF0DEF909F0EEFC002863
:108070001DD068688030807CFFF77AFE69784018F0
:10808000687041484038806D4030417A01290DD1F7
:108090002670696849886180807A20710120B877EC
:1080A000207F102801D0282800D1267726756978EE
:1080B00000290AD06868428833484038C286018760
:1080C000012000E001E0B8746E700AF029FA00287F
:1080D00005D1207D002802D0A878FAF7F9F8F8BD7C
:1080E000F8B50446FFF765FF274D0026203DA87E22
:1080F000002808D0667010202070E87EA070287FCD
:10810000E070AE769AE0204F403F3878002808D0E3
:108110002C22B91C20460EF008F80E2020703E706C
:108120008CE0A87B184F002815D0387F102808D085
:10813000282806D0002804D0FF200EA1C2300EF05F
:1081400072F90120E070E87BA070287C60700F203D
:108150002070AE7372E00121204609F099FC0028DE
:108160001AD0387D002857D10021204609F090FC14
:10817000F8BD00007372635C6C6C5F6374726C2E8C
:1081800073302E630000000094090020720000206C
:108190004F02000062070000A97CF8480090F848F0
:1081A000002910D0017805290DD2491C0170667094
:1081B0000D202070012028750622A01C00990DF0CA
:1081C000B4FFAE743AE0EE480670B879002812D0D9
:1081D000387F002804D00120EA4940020EF023F93C
:1081E00066700120E54920700A221431A01C0DF0B0
:1081F0009CFFBE7122E020460CF083F800281DD1C0
:10820000A87C002802D0DE480178CEE7A87F0028AD
:1082100002D0387D002801D00020A9E7387F00284F
:1082200003D0D849D8480EF0FEF866700A202070B6
:1082300006223946A01C0DF078FFAE77012097E7A3
:108240004EE710B5CD4C343C2178002904D01321E1
:108250000E2000F052FF10BDC9490088091D08F02A
:10826000EFFD002801D0022007E0C5484068014624
:1082700020318A79012A02D00C20207105E00022E9
:108280002271097E21724088E080012060711321F3
:10829000E1700E21A170207010BDB84810B53438BF
:1082A0000178002904D024210E2000F026FF10BD03
:1082B000012101702422C2700C220271417110BD93
:1082C00070B5AE4C0546343C2078002804D03E21E1
:1082D0000E2000F012FF70BD0AF03FF9002808D10F
:1082E0000AF03EF9002804D1A4480C30007F002891
:1082F00001D00C2003E0287809F033FD0020207124
:10830000012060713E21E170207070BD9B4810B566
:1083100034380178002904D03C210E2000F0EDFE15
:1083200010BD00210171012141713C22C270017018
:1083300010BDF8B5914C343C2078002804D03B2186
:108340000E2000F0DAFE13E70020A0710AF005F914
:108350008A4E01250C36022802D0307D002840D0FC
:10836000874F694678688030807C09F073FA00286E
:1083700003D1844985480EF056F8307D002806D098
:10838000A06D4030407A002801D0012600E0002690
:1083900078688030807C09F029FB002804D17B4874
:1083A000784908300EF03FF809F04FFB684031463D
:1083B000014316D07968FD2249882181217E400041
:1083C000490849003143114001432176684600784D
:1083D000002802D00420014301E0FB200140217667
:1083E000A5710020207165713B20E0702570BFE60B
:1083F00010B5624C343C2078002804D00E21084689
:1084000000F07BFE10BD5E4906220831A01D0DF074
:108410008CFE00202071012060710E21E17020701F
:1084200010BD70B5554C0546343C2078002804D06A
:1084300038210E2000F061FE70BD50480C30007FE6
:10844000002807D00C202071012060713821E170D4
:10845000207070BD287809F072FC28780CF05BF968
:108460000020F0E770B5454D0446343D28780028DB
:1084700004D037210E2000F040FE70BD3F480C3084
:10848000007F002801D00C200AE03D4E2188706852
:108490004088884203D10AF060F8022807D0022001
:1084A0002871012068713721E970287070BD7168EA
:1084B0007F2020310876487600208876A2788A715D
:1084C000E278CA7122790A72EAE710B52B4C343C83
:1084D0002078002804D039210E2000F00EFE10BDB7
:1084E0000AF03BF8032808D00AF03AF8032804D031
:1084F00022480C30007F002801D00C2003E01F49E7
:1085000000202C31C8712071012060713921E17087
:10851000207010BD70B5194C0646343C20780028F8
:1085200004D03A210E2000F0E8FD70BD0AF015F8E5
:10853000032808D00AF014F8032804D00F480C30A0
:10854000007F002801D00C2011E00C4D2C35E8797B
:1085500008280BD20001001910223146683000F0C3
:10856000D6FDE879401CE871002000E0072020716A
:10857000012060713A21E170207070BD88090020EF
:108580006400002074810000210200001708000030
:10859000F8B5FA4E04463078002804D03D210E206C
:1085A00000F0ABFDE4E5F5484030007F002801D045
:1085B0000C2034E0F24D218868684088884203D15D
:1085C00009F0CBFF022801D0022028E06F68648800
:1085D000FD883A896800B988401C844218D3E9486C
:1085E00041431046E84A50430DF019FE401EFF215A
:1085F00080B2F531884200D90846844200D2204634
:10860000691C401C0DF00BFE6D1C6843401E85B2BA
:10861000E620C05D002800D1BD84F58000203071C7
:10862000012070713D21F1703070A1E5F8B5D34C97
:1086300005462078002804D035210E2000F05DFD8D
:1086400096E5CE484030007F002801D00C2016E08F
:10865000A878002801D0012804D1A888FF21F5318D
:10866000884201D912200AE0C54F298878684088DD
:10867000884203D109F071FF022807D0022020713F
:10868000012060713521E170207071E57968002664
:108690000846C0310E70AA884A800122A0300271BB
:1086A000AA78012A00D000220A704079002801D05F
:1086B0000AF0DBFC2671E3E770B5B04C0546207884
:1086C000002804D030210E2000F017FD55E709F0F6
:1086D00044FF002804D1A9484030007F002801D081
:1086E0000C2003E028780AF0E0FB00202071012034
:1086F00060713021E17020703FE770B59F4C0546F6
:108700002078002804D033210E2000F0F6FC34E756
:1087100009F023FF002804D198484030007F00284A
:1087200001D00C2018E02978002911D00A290FD097
:1087300014290DD01E290BD0282909D0322907D0A1
:108740004B2905D0642903D0FF2901D0122003E072
:1087500028460AF023FC002020710120607133219B
:10876000E170207009E770B5844C06462078251D1D
:10877000002804D032210E2000F0BFFCFDE6314677
:10878000002009F0AEFA2870002805D17C480622A6
:10879000314608300DF0C9FC012060713221E170D2
:1087A0002070EAE670B5754C2178002904D031219B
:1087B0000E2000F0A2FCE0E600214156012504292C
:1087C00012D0002910D0081D0ED0001D0CD0001DA5
:1087D0000AD0001D08D0001D06D00A3004D00A308F
:1087E00002D01220207103E0084606F079FD657181
:1087F0003120E0702570C0E6FEB5604C0746207859
:10880000002804D025210E2000F077FCFEBD38881A
:10881000694608F015FB594D01460020083500292E
:1088200004D002212171286028710FE00098009E79
:108830000A30019060360020B07105222846019967
:108840000DF073FCB0790028F5D13888E0800E2057
:10885000A0702520E070012060712070FEBD10B571
:10886000464C2078002804D005210E2000F045FC5D
:1088700010BD0020207108F008FFE08008F0D1FF53
:108880002072012060710521E170207010BDF1B5EA
:108890003A4C2034A07B002804D010210F2000F097
:1088A0002CFC65E4354D4035A8790C2610270028AE
:1088B00016D1287F002813D109F04FFE022824D1B9
:1088C0002F4800994068098842888A421DD1014694
:1088D000C0310A7A002A05D04030807F80070DD44D
:1088E000E6730EE05E22125C920707D406220A723B
:1088F000A0304079002801D00AF0B7FB2F77002084
:10890000E07327740120A07332E40220F8E710B569
:108910001A480178002904D00F210E2000F0EDFB49
:1089200010BD00210171FF2181710021C943018126
:1089300013490E310A7882728A8882814988C181FE
:10894000012141710E2282700F22C270017010BD90
:1089500010B50A4C2078002804D02B210E2000F0FE
:10896000CCFB10BD0821A01D04F024FB00202071C9
:10897000012060712B21E170207010BD540900208E
:1089800064000020C40900001027000070B5FA4DF3
:1089900004462878002804D02A210E2000F0ADFBE0
:1089A000EBE5F54810222146303800F0B0FBF248E4
:1089B0001022A118203800F0AAFBEF4830380CF044
:1089C000BCFBED49102210392C46A81D00F09FFB7E
:1089D000002020710E20A0702A20E070012060711C
:1089E0002070CAE5F8B50546E348E34C40300090F6
:1089F000007F0C2628272034002801D0E6733EE0B3
:108A0000A07B002804D028210F2000F076FB04E48E
:108A1000A87805280DD013280BD0142809D01528C4
:108A200007D01A2805D0292803D03D2801D03B289B
:108A300003D12888D149884201D912201EE009F0CB
:108A40008CFD0228DAD1CE482A88406841889142BC
:108A500013D10146C0310A79002ACFD1AA784A71D0
:108A600001220A710099A0300F770021E17340794B
:108A7000002804D00AF0F9FA01E00220E07327741C
:108A80000120A0735FE4F8B5BB4F064638783D1D62
:108A9000002804D017210E2000F02FFB53E43146AC
:108AA000012009F01EF901242870002807D1B248DE
:108AB00006226030314605460DF037FBAC717C7103
:108AC0001720F8703C703EE470B5AB4C0646207839
:108AD000002804D00B210E2000F00FFB4DE509F01B
:108AE0003CFD032808D009F03BFD032804D0A24830
:108AF0004030007F002801D00C2016E03378002B96
:108B000003D0012B01D012200FE09B4DE035297AD4
:108B1000082909D22846721C0C3006F097FB287AE7
:108B2000401C2872002000E00720207101206071A5
:108B30000B21E170207020E510B58F4C20780028C3
:108B400004D00A210E2000F0D8FA16E709F005FD3E
:108B5000032808D009F004FD032804D086484030DB
:108B6000007F002801D00C2002E000F0BFFA0020B6
:108B70002071012060710A21E1702070FDE610B5BE
:108B80000AF032F9002803D07E497F480DF04BFCF3
:108B900008F04BFD0BF051FC002804D01720794958
:108BA00040010DF040FC08F0ACFF002804D0B920D3
:108BB000744980000DF037FC00F098FAFFF7F2F8E6
:108BC0006D4800210171012141710222C2700170C2
:108BD000D3E610B5684C2178002904D020210E205E
:108BE00000F08BFAC9E601781F290ED8411C0CD081
:108BF000002121710278411C104609F08FF80120F4
:108C000060712021E1702070B7E612202071F6E734
:108C1000F8B5594C2178002904D01B210E2000F012
:108C20006CFABFE401216171534E0C212171403671
:108C3000317F00296FD10078514F0025012804D0E1
:108C400000284AD01220207165E009F086FC002837
:108C500003D109F085FC002804D009F07EFC02282D
:108C600022D058E008F08FFF002854D0307D002833
:108C700051D1786801224580032108F0B4FB78685F
:108C800009F05AF97868923008F001FD002803D104
:108C90003C493E480DF0C7FB0AF00BF9002839D0DB
:108CA00085203849C00015E009F05AFC002832D16F
:108CB000707F00282FD001282DD004282BD008F059
:108CC00062FF002827D00AF0F4F8002822D02F48AD
:108CD0002C4918300DF0A7FB1CE009F03EFC0328DE
:108CE00004D009F03DFC03280FD014E000200AF066
:108CF00005F800280FD12571307D00280BD1786848
:108D00008030807CFFF734F805E0002009F0F6FFA2
:108D1000002800D125711B20E0700120207041E463
:108D200010B5154C2178002904D01A210E2000F02E
:108D3000E4F922E601781F290ED8411C0CD000214D
:108D400021710278411C104608F0FDFF012060717E
:108D50001A21E170207010E612202071F6E770B53C
:108D6000054E044630780C25002811D018210E201D
:108D700000F0C3F9AAE4000054090020FF0E00002F
:108D80006400002074810000D3020000240400006D
:108D900009F0E3FB03285AD009F0E2FB032856D080
:108DA000E14A107F002852D16079002801D00128C3
:108DB0002DD1A079002801D0012828D1A07B00283E
:108DC00005D0012803D0022801D003281FD1607BE1
:108DD00000281CD0C0081AD161880120800381427C
:108DE00002D82388834203D9207901280FD119E0C2
:108DF0002079002806D0012814D0022805D00328A5
:108E000005D102E020290BD30CE0A02B0AD2207957
:108E1000042805D12088202802D36188884201D9FE
:108E2000122514E0207950776079002802D00128BB
:108E300003D00CE0BD4A002105E0BB4A2032907906
:108E4000002804D00121204608F0CEFE054601206E
:108E5000357170711821F170307037E470B5B24C13
:108E60000546403C2078002804D02E210E2000F03A
:108E700044F92BE409F071FB0C22022815D1AA4811
:108E8000007F002811D1A9482B88083841684888FC
:108E900083421AD10846C030037A002B05D1203115
:108EA000C97E0F2903D0102901D0227103E00521CA
:108EB0000172002020710E20A0702E20E070288802
:108EC000E08001206071207016E40220F2E770B5A6
:108ED000954C0546403C2078002804D02D210E20DA
:108EE00000F00BF908E409F038FB0C21022814D13A
:108EF0008D48007F002810D18C4E2A88083E70686B
:108F000043889A4220D1C822125C002A05D13B2214
:108F1000125C0F2A03D0102A01D021710AE010221E
:108F2000A91CD6300DF001F970680421C03001721F
:108F3000002020710E20A0702D20E0702888E08095
:108F40000120607120700DE40220F2E710B5017875
:108F50000B000DF059FB3F9E9E399E9E599E9E9E92
:108F60009E3C3F9E9E8752559E9E999E9E9E432963
:108F70009E2D319E9E9E9E359E9E9E955C9E9E47FA
:108F80009E4B4F9E21259E6C6064689E709E7F83E1
:108F90007C788A8D74919E00801CFFF798FF76E0A4
:108FA000801CFFF75BFF72E0801CFFF7D8FE6EE0CD
:108FB000801CFFF7B5FE6AE0801CFFF729FE66E023
:108FC000801CFFF706FE62E0FFF7D9FD5FE0FFF7C8
:108FD000B3FD5CE0801CFFF777FD58E0801CFFF7D5
:108FE00052FD54E0801CFFF7FDFC50E0801CFFF7B1
:108FF000CDFC4CE0FFF7ACFC49E0FFF788FC46E015
:10900000801CFFF744FC42E0FFF729FC3FE0801C96
:10901000FFF7F2FB3BE0801CFFF7C4FB37E0801C4E
:10902000FFF7A1FB33E0801CFFF767FB2FE0801CFC
:10903000FFF742FB2BE0801CFFF7F8FA27E0801CCB
:10904000FFF7A6FA23E0801CFFF764FA1FE0FFF7A2
:109050003CFA1CE0801CFFF705FA18E0801CFFF7C3
:10906000E0F914E0FFF7C4F911E0FFF762F90EE050
:10907000801CFFF74BF90AE0801CFFF721F906E09E
:10908000801CFFF70AF902E0801CFFF7DAF80120E4
:1090900073E4002071E470B52349244C054640393F
:1090A000083C0A460126403260682B000DF0ACFAFD
:1090B00005171A1A04171A000122002108F093F963
:1090C000616800220846C0310A724A7209F067FFDF
:1090D000002803D016A11B480DF0A5F960E4167511
:1090E00088655DE4174812A13330F5E70E4900208A
:1090F000C031C8612039087270470B4A203A937E0C
:10910000002B03D1D076117701209076704730B5CF
:10911000134606E0CC18203CE47FD51A44555B1E6C
:10912000DBB2002BF6D130BD940900206C0000208A
:109130007372635C6C6C5F6374726C2E73302E633D
:10914000000000005108000070B5FD4D040008D07B
:10915000012C10D0022C07D0032C05D0F9A17020CF
:1091600007E0F8A1672004E02878012803D0F5A1E2
:109170006D200DF058F92C7070BD70B5F04D04469F
:1091800010280AD0112C16D028468178122C07D02E
:10919000132C0AD0EBA19F200BE0EAA1942008E059
:1091A000112908D0E7A1992003E0112903D0E5A1F6
:1091B0009C200DF038F9AC7070BD10B5E04894B04B
:1091C000007B002819D0172069460870DC4900A8E8
:1091D00006220D3102300CF0A8FF09A96846F9F704
:1091E000C2FE0446112805D0002C03D0D5A1BB2017
:1091F0000DF019F9204614B010BD3220E4E710B587
:1092000001220023114603F0B5FC10BDFFB595B057
:109210001D460E460746FFF7F2FF04000AD02078ED
:10922000222804D3A07F8006C00FA84204D10820C2
:1092300019B0F0BDC748FBE7372168460170478089
:10924000002D05D00121017146711799817102E04D
:1092500000206946087109A96846F9F784FEA07FD5
:10926000DF21084069010843A0770020E0E770B5DE
:109270000446084620380D4603000DF0C5F90A06DD
:109280000A11232C334249505761FF20ADA1083009
:1092900052E02078202851D1FF20AAA10B304BE0CA
:1092A000A7480178032949D08078132846D0207830
:1092B000242843D0252841D023283FD0FF20A1A136
:1092C0000E3039E02078222838D0232836D8FF20E5
:1092D0009CA1153030E0207822282FD0FF2099A1C2
:1092E000193029E02078222828D0242826D02628C2
:1092F00024D0272822D0292820D0FF2091A11C305B
:109300001AE02078252819D0FF208EA1233013E001
:109310002078252812D0FF208AA126300CE0207862
:1093200025280BD0FF2087A1293005E020782828A8
:1093300004D0FF2083A12C300DF075F8257070BD8E
:10934000FF2080A12F30F7E730B5834C0B88834A8C
:10935000022801D0934204D09D1FA54225D20228A5
:1093600002D04D88954203D04D88AD1FA5421CD236
:109370004C88A34219D88B88FF25F435AB4214D80A
:10938000022802D0C888904205D0C888724D0A3899
:109390002D1FA84209D2C888904208D0944206D016
:1093A0005B1C63438000834201DB072030BD00204B
:1093B00030BDF0B56A49884245D36A4A0125AD04FB
:1093C0001368A84201D398423DD30279002A06D0FF
:1093D000082A02D8067B082E05D90720F0BD047B99
:1093E000002CFAD0F6E7002A06D004688C422AD373
:1093F000AC4201D39C4226D3002E06D084688C4216
:1094000021D3AC4201D39C421DD300240CE005685B
:10941000A700ED598D4216D30127BF04BD4201D3E9
:109420009D4210D3641CE4B2A242F0D80022012570
:10943000AD040CE084689700E4598C4203D3AC423D
:1094400003D39C4201D21020F0BD521CD2B29642EE
:10945000F0D80020F0BDFFB50022099B002802D003
:10946000994205DC58E0002902D1002004B0F0BD8B
:109470000920FBE7845C002C12D087187D78112D21
:1094800043D010DC2B000DF0BFF80A401726262C25
:109490002C2E2E363640835C002B30D1521CD2B29B
:1094A0008A42F8DBE1E71C2D2FDA123D2B000DF08C
:1094B000ABF8042C2C121A2C022CD9D1BB78039CAB
:1094C000072B237001D25B0701D40A20CEE7029B51
:1094D00001241B7816E0E343DB0708E0012C08D0E9
:1094E00013E00620C2E70F2523072D075B19002B89
:1094F000F4D03046BAE7029B1B789C0701D50B20BD
:10950000B4E702242343029C2370835C521C9A1804
:10951000D2B28A4202DDABE7192676028A42A9DB83
:10952000A3E710B504780B46002C1FD001210E4A8A
:10953000012C1ED0022C22D0032C2AD125E00000C1
:10954000740A00207372635C6761705F636F726599
:109550002E630000023000007B0C0000FFFF0000C3
:109560000080010028000020023200000021197054
:1095700011E019708179890903290AD10BE019706A
:1095800081798909012904D105E019708179890956
:1095900001D0104610BD411C0622581C0CF0C5FD20
:1095A000002010BD08B51346002806D0FEA00068B4
:1095B000009048796A468009105C18700622581C91
:1095C0000CF0B3FD08BD30B50C46097895B02229E2
:1095D00002D2082015B030BD282369460B704880A0
:1095E000132A03D03B2A01D00720F3E708460A716B
:1095F00009A9F9F7B8FC050003D121212046FFF79E
:1096000036FE2846E6E700B595B0232369460B7081
:109610004880108888805088C880D0884881908889
:10962000088100208881C88109A96846F9F79BFC58
:1096300015B000BD70B50C00064610D0FFF7DFFD79
:10964000050003D1D949DA480CF0EDFEA68028893F
:10965000E0802889208168896081A889A08170BD07
:1096600070B50E46050003D00021092003F027FF46
:109670000120D04C022E207324D0032E04D0CC48DD
:10968000CA491E300CF0CFFECA4806210D3003F047
:1096900091FCA07C8006800EA074FFF78EFDA08B4D
:1096A00000280ED0002D0CD08300012200210920BB
:1096B00003F060FE092804D0BD48BC4928300CF0F6
:1096C000B2FE70BDBB480321103003F073FCA07CD8
:1096D00040218006800E0843A074B6480C3002F08A
:1096E00015F9DAE77FB501A9012003F0C3FA0028D4
:1096F00004D0AF48AD4967300CF095FEAE4E01A8DE
:1097000003F0C6FA050002D0052D4CD048E0029CBB
:10971000A07F01072CD520462230009068462346C2
:10972000628E80882146343301F07BFA0546A07FA3
:10973000F7210840A077002D05D0B5422FD09C48D6
:109740009A49783029E0E17F480889074000C90F2D
:1097500008432021095D4007400FC9000843E07716
:10976000207828281CD129212046FFF780FD17E00A
:109770004007C4D568462246808821460E32FFF74E
:1097800042FF0546A07FFB210840A077002D07D0AF
:10979000B54204D08648854992300CF044FE00253D
:1097A000284604B070BD0020FBE7F8B5040004D1E2
:1097B000ED207E4980000CF036FE7220207060683B
:1097C00008250178091F0B000CF01EFF11F90A3D56
:1097D0005FF83D0EF8F83E3D3D3D3DF986F93D0010
:1097E00073487249AA3074E087883846FFF707FD4E
:1097F000060004D16E486D49B2300CF014FE60785A
:109800000421284360706B4CA07F0843A07721217E
:109810003046FFF72CFDB07F8007800F012801D173
:10982000801EA080384602F057FE3846FBF72AFE1D
:109830003846FAF7C6F93946022003F040FEB07FF9
:10984000EF210840B077F8BD86883046FFF7D7FC97
:10985000002804D156485549D0300CF0E4FD60682A
:109860008078012804D052485049D2300CF0DBFDFA
:1098700060688179304602F04EFF0028E3D06178BD
:10988000294361706168C880F8BD87883846FFF752
:10989000B6FC060004D146484449E3300CF0C3FD51
:1098A00060783946284360706068C088308160689D
:1098B0000089708160684089B081022003F0FFFD5B
:1098C0000020B075FFF70EFF0028DDD001203749DA
:1098D00080020CF0A8FDF8BD80783C2815D0002748
:1098E000022815D00026002804D031482F49F8302E
:1098F0000CF099FD0021084603F0E1FD002107204E
:1099000003F0DDFD002E05D046E001270026F1E73B
:109910000126EAE76078284360702648817F294362
:109920008177002F38D160688688304601F055F87D
:109930000546807F6168800889798000012900D010
:1099400002210843A87760680622C08A28816068DF
:10995000008B68816068408BA8816068C079E87579
:1099600061682846183008310CF0DFFB6068062279
:10997000807B68706168A81C0F310CF0D6FBA87F53
:109980008107890F304602F090FDA87F8007800F85
:10999000012801D10748868006480178032913D0A1
:1099A0008078132814D00BE00302FF0144950000D7
:1099B00013030000740A0020023000000CE00FE0E6
:1099C000FF20FCA1453084E70120FFF7BDFBF8BD77
:1099D0001120FFF7D2FBF8BD204601F02AFCF8BDAC
:1099E000607828436070F8BDF7B505460078002719
:1099F00000090C463E4601287ED00022F14902288B
:109A00007BD0072804D00A2878D0EAA1EE482DE1BF
:109A1000686803780D2B31D006DC042B6FD0072B40
:109A200036D00A2B6AD106E0122B38D0132B40D047
:109A3000142BF7D1B2E011270726002C72D08088B2
:109A4000A0806968FB238979A171E04905468A7F76
:109A50001A408A77032103F0C5F80421284603F051
:109A6000C1F80021284603F0BDF80221284603F082
:109A7000B9F80121284603F0B5F8F9E001270926D5
:109A8000002CDBD08088A080686880792072EFE0AD
:109A900012270E2680882146FFF7CCFDE8E01A2722
:109AA0000726002CCAD04088A08068680079A07181
:109AB000DEE081783C2936D010271E26002CBDD050
:109AC0008088A0806868C08A20836868C08AE08235
:109AD0006868008B60836868408BA0836968207D1C
:109AE000497F4008C9074000C90F084320756968CD
:109AF000C007C00F497F03E05FE08AE0ADE01CE0F3
:109B000049084900084320756968A21DC8790831D1
:109B1000FFF748FD69682246887B0D320F31FFF759
:109B200041FD05E074E019270726002C70D0A271D2
:109B3000A648F722817F11407DE01B272E26002CAE
:109B400066D0A1806968A21D0879491DFFF72AFD2A
:109B500068682030C07A60736868C0780428A07B89
:109B600019D040084000A073F921084069681F22FD
:109B7000C9788907490F0843A07369684007C97A03
:109B8000400FC9000843A073696820460F300C31AC
:109B90000CF0CBFA6CE001210843E4E71E270E2607
:109BA000002C6DD0A1806868E21D407AA0716968C0
:109BB0008878C91CFFF7F6FC5AE0287A012805D0FE
:109BC000022815D080487BA132384FE01D270E2691
:109BD000002C55D06888A080A889E080E889208181
:109BE000288A6081688AA0817848DF22817FA2E785
:109BF00012270E266888FFF71DFD002C40D06878DC
:109C00004007400F032833D17048FD22817F92E73F
:109C100036E0287A03000CF0F7FC06041010202030
:109C2000202619270726002C2AD0A1806748A27178
:109C3000817F4908490081771AE019270726002CFF
:109C40001ED0A180287A012805D00320A0715F488A
:109C5000EF22817F6FE70220F8E721462846029A2B
:109C600001F04BFCFEBD532052A100010CF0DBFBC8
:109C70000298002C068001D0278066800020FEBD5F
:109C800002980680FAE710B5504894B080781328FF
:109C900002D0082014B010BD22206946087009A91E
:109CA0006846F9F760F904460021072003F007FC35
:109CB0002046EFE700B5454895B08078122801D0DE
:109CC0000820B5E41E216846017000218170C17032
:109CD00009A9F9F748F90028F3D10021072003F07A
:109CE000EEFB1120FFF749FA0020A1E400B5374848
:109CF00095B00078022801D0032818D11B2108A8AC
:109D000001730021817369460BA8F9F72CF900282B
:109D100004D1684640781B2801D0032088E4002144
:109D2000084603F0CCFB68468078002801D0082064
:109D30007EE40120FFF708FA002079E4F8B5234C0F
:109D400003000CF061FC0A068017808080804B3590
:109D50006E80FFF7CBFF00282AD1F7F7E9FD002836
:109D600026D02221017000210172F7F7C2FDA07FE9
:109D7000012152E08EB23046FFF741FA050004D1CE
:109D800011480CA12E300CF04EFB287821280FD062
:109D9000F7F7CEFD00281BD01221017002270772B1
:109DA00046800020A875F7F7A4FDA07F3843A07770
:109DB000F8BD00007372635C6761705F636F72650A
:109DC0002E630000FFFF000036050000740A00202B
:109DD000132229463046FFF7F6FBE9E7A578122D56
:109DE00006D0132D07D0FA49FA480CF01CFBDFE728
:109DF000FFF760FF01E0FFF746FF0028D8D1F7F733
:109E000097FD0028D4D022210170122D07D0022105
:109E10000172F7F76EFDA07F10210843C7E701210B
:109E2000F6E7A07C810901290BD0800904D0E9481C
:109E3000E74922300CF0F7FA03210020FFF710FC6D
:109E4000B6E70221F9E7E348E1492930CDE7F7B564
:109E500014460D0004D1DF48DD4931300CF0E3FA3F
:109E600028780827012807D002281FD0D948D849C8
:109E700062300CF0D8FAFEBD0098FFF7C0F906007A
:109E800004D1D448D24938300CF0CDFA0220B07554
:109E90001030207060783843607007CD083407C4F4
:109EA000CD482022817F11438177FEBD0098FFF7C6
:109EB000A6F9060004D1C748C54946300CF0B3FAEC
:109EC000A988C648814208D1EA88824205D1132276
:109ED00031460098FFF777FBFEBD814202D1E8884A
:109EE000002809D01220207060783843607007CDB8
:109EF000083407C4002006E07823002202200099DD
:109F000003F038FA0120B075FEBDB34840897047B0
:109F1000FFB591B01498F8F721FF00285DD1012416
:109F2000684603218471C9028180002201A920466C
:109F3000FAF719F9002850D16846152184714902B1
:109F4000818000261C2102A800960CF04DF901200A
:109F50000146684610310170002001466846417094
:109F60008178F9273940891C21438170017A0225C3
:109F70002943017212998186C6861F2101870C90A0
:109F800011980F9001A80B9009AA0BA902A8F9F744
:109F9000B5FE002821D168468F4E808CF08068463F
:109FA00084718F498180807809AA3840801C4108DB
:109FB0004900684681708586058713A80F900BA914
:109FC00002A8F9F79BFE002807D16846808C3081F3
:109FD00031460A311498F8F7D4FE15B0F0BD30B50B
:109FE0000C46804995B08C4241D37F4901229204AE
:109FF0000968944201D38C4239D3203800220125CC
:10A0000003000CF001FB06042F494D535C64002152
:10A01000082003F02EFA002802D0112015B030BD20
:10A0200024206946087000A80522A11C02300CF00B
:10A030007CF809A96846F8F796FF050002D0082DBC
:10A040000ED031E0082300221146184603F092F9A1
:10A05000082829D05F485E49D6300CF0E4F923E0A7
:10A060000620DBE76068002803D0884201D2102078
:10A07000D4E73D2168460170218841806188818054
:10A0800009A9F8F770FF05000ED1606800280BD011
:10A090006946098D018007E0206801F079FC02E043
:10A0A000204600F0D8FC05462846B7E73E2007E0EA
:10A0B000857000E0827009A9F8F755FFF3E73420B6
:10A0C000694608702078C0076846F3D0F0E707209B
:10A0D000A4E730B50C46444995B009688C4201D2DA
:10A0E00010209BE7203803000CF08EFA0504212194
:10A0F000232132002088FFF782F8002804D000785E
:10A10000222803D2082089E7384887E725216846B6
:10A1100001702188418009A9F8F725FF050015D1B4
:10A120000AA905220231A01C0BF0FFFF0EE0062554
:10A130000CE02068002805D0884201D2102505E0F7
:10A1400001F01BFC24480025808BA080284665E791
:10A15000072063E720481330704710B520211E48C0
:10A160000CF040F80120FEF7EFFF1120FFF705F893
:10A1700000211948C943818000218176E1218900AD
:10A18000818301460C300D310446F7F751FC12482B
:10A190000722214613300BF0C8FFFFF70EF8002806
:10A1A00003D00B4912480CF03EF900F0D5FF10BD6A
:10A1B00010B504463C210CF015F8A07F8008800003
:10A1C000A077202020700020A0752034607010BD82
:10A1D000B49D00008C050000740A0020FFFF000001
:10A1E000012A000000800100280000200230000049
:10A1F000FB0600007047FEB50546FF480C4681424D
:10A2000007D301208004844205D3FC4800688442BF
:10A2100001D21020FEBD002D02D0012D32D126E04A
:10A22000F74908220F4668460BF07FFF3946204663
:10A23000FFF777F90028EDD1FEF7BFFF060006D043
:10A240000722694638460BF070FF3046FEBD207885
:10A25000002801D0012805D1E94807223946C01D50
:10A260000BF063FF0021092003F029F90FE00978C2
:10A27000002907D0012905D0022905D0032903D0E0
:10A28000E048FEBD0720FEBD0120FFF7E9F9DC48EC
:10A290000C3885760020FEBD10B5D8490968884283
:10A2A00001D2102093E7D64902460C390B7B0D31C1
:10A2B0001846FFF777F9002089E7FFB599B0054602
:10A2C000002069460871087208A9087408751446C8
:10A2D000CA480122C849920400681E46002D05D0D4
:10A2E0008D420BD3954201D3854207D3002C08D071
:10A2F0008C4203D3944204D3844202D210201DB076
:10A30000F0BD2846204318D01F270CAB01AA0097A8
:10A3100028461A99FFF79FF80028F0D10DAB02AA42
:10A32000314620460097FFF796F80028E7D16846A7
:10A33000007AC10703D00A20E1E70720DFE78007A2
:10A3400005D568460079800701D50B20D7E703AF14
:10A35000002D0FD01A20694608731A988873294671
:10A36000F81C1A9A0BF0E1FE0EA903A8F8F7FBFD02
:10A370000028C4D1002C0ED02021684601738673BA
:10A3800032462146F81C0BF0D0FE0EA903A8F8F7C0
:10A39000EAFD0028B3D19A4908A8007C0C3948701E
:10A3A0000020ACE770B504460A2020700D46204618
:10A3B000F8F7D9FD002805D139202070294620461C
:10A3C000F8F7D1FD70BDF7B500260C4605460B2702
:10A3D0001AE02968B00009580978002903D001293A
:10A3E00001D00720FEBDA170296806220958E01C93
:10A3F000491C0BF09AFE277020460299F8F7B3FD2E
:10A400000028EFD1761CF6B22879B042E1D80026B8
:10A410003A270FE0A868B10041581022A01C0BF0A9
:10A4200084FE277020460299F8F79DFD0028D9D1B7
:10A43000761CF6B2287BB042ECD80020FEBDF0B509
:10A44000044671A003C897B06B4B00271591149078
:10A450009C4211D369480125AD040268AC4201D386
:10A46000944209D32078012809D16168994203D325
:10A47000A94204D3914202D2102017B0F0BD604926
:10A480000C390A78012A0CD18A88614B9A4203D090
:10A49000002806D0012804D08A7F13079B0F06D11D
:10A4A00001E00820E9E7D30701D1910701D5112088
:10A4B000E3E7218A574B0A46203A9A4207D30128FC
:10A4C00075D1002973D1628A002A70D111E0022867
:10A4D00001D0032801D1A02969D3012809D0484A15
:10A4E0000C3A5278D20704D0628A002A5FD0B42A8C
:10A4F0005DD8002806D0012808D0022804D00328FF
:10A5000055D117E0002518E0022516E0002902D1F8
:10A51000608A00280CD004256068007800280CD0E0
:10A52000012809D0022807D0032805D03548A4E720
:10A530000125F1E7032500E00127207A002806D055
:10A54000012806D0022806D003287CD105E0002689
:10A5500004E0012602E0022600E00326002D01D0DF
:10A56000022D14D1002E12D0E068FEF722FF002841
:10A5700083D123480C384078800702D02148401E00
:10A580007BE7022D03D1022E5DD0032E5BD0182174
:10A5900068460170218A4180218A8180857118482E
:10A5A0000C38007B002803D001286FD104E04AE07A
:10A5B00000216846C17102E001206946C871684601
:10A5C000077221780930012937D006210BF00AFEE5
:10A5D00069460E74207D8207C107D20F4007C90F5C
:10A5E0005200C00F11438000014314A8405C69462B
:10A5F000C873002827D00FE0008001002800002049
:10A60000800A002002320000070605040302010050
:10A61000FFFF0000E13F000009A96846F8F7A3FC2E
:10A62000002884D109A96846FFF7BCFE0028A7D1FD
:10A63000002D0AD0022D08D010E061680622491CC6
:10A640000BF073FDC4E7072017E7002E06D009AA18
:10A650006946E068FFF7B7FE002891D11B206946E4
:10A6600008700120887009A96846F8F77CFC00286A
:10A6700086D108A840791B2819D12B000BF0C4FF04
:10A680000504040707040A00032001E00FE002208C
:10A69000FEF75AFD012D0CD0608A002809D0002257
:10A6A00083001146104602F065FE002801D0032009
:10A6B000E3E60020E1E6F3B5032687B00D46002966
:10A6C0000AD0FA4885426FD301208004854203D323
:10A6D000F7480068854267D30798FEF790FD0400AD
:10A6E00005D02078222804D2082009B0F0BDF14816
:10A6F000FBE7A07F8707BF0F002D05D0294638460E
:10A70000FEF722FE0600F0D139460027EA4801296B
:10A7100007D0022931D0E949E9480BF084FE3046E0
:10A72000E3E7A27D2946012A02D0827F920701D564
:10A730001120DAE700291BD108216A46049711820B
:10A740000592418904AADF48FAF7FDF80028CCD128
:10A750006846008A082801D00320C6E768460188B9
:10A7600001814188418181888181C188C18102A99B
:10A77000079801F061FF0646D1E7A17D022916D1B5
:10A78000807F800613D4002D04D0A07F40070CD416
:10A79000002100E00121079801F08FFF0600BED1E3
:10A7A000A775002DBBD004E01AE01126B7E7002DF5
:10A7B00016D02A4621460798FEF725FF064611289F
:10A7C000ADD1A07F4007AAD42046082229460E30EA
:10A7D0000BF0ABFCA07F04210843A07700269EE786
:10A7E000102082E770B50C460546FEF708FD010013
:10A7F00004D022462846FEF7E6FE70BDAD4870BD87
:10A8000000B50146143195B0192901D2810707D04E
:10A8100001461E3104D00A3102D0072015B000BD18
:10A82000312269460A70887009A96846F8F79BFBCF
:10A83000F4E701B582B00220694608809E4802AB69
:10A8400000896A460021F9F7E7FE6946098802296E
:10A8500000D003200EBD1CB50021009102216A46E4
:10A860001180934901900968884201D210201CBDD3
:10A87000914801899348FAF766F8694609880229E0
:10A88000F5D003201CBDF0B50E46884985B01746AB
:10A8900005468E4207D386480122920400689642FC
:10A8A00004D3864202D2102005B0F0BD1F2F01D97B
:10A8B0000C20F9E7804C8D4226D3954201D3854286
:10A8C00022D3E08803A9F9F758FE0028ECD12878B4
:10A8D00069464873E08803A9F9F730FE0028E3D100
:10A8E0006946009008780221084369460870497B50
:10A8F000090703D00821084369460870E0886946C3
:10A90000F9F7B5FD0028CFD169468F80E08833463E
:10A9100001AA0021F9F780FE69468988B942C3D0AF
:10A920000320C1E71CB50C4600210091019122884B
:10A9300069460A805E4901900968002801D0884272
:10A9400001D38C4201D210201CBD002801D0002A66
:10A9500009D059486A46C1885A48F9F7F4FF694650
:10A96000098821801CBD0C201CBD10B50123FEF7F9
:10A970004DFC2CE4002310B51A461946FEF746FCA0
:10A9800025E430B505464A4895B000680C4681423A
:10A9900002D2102015B030BD2846FEF730FC00284A
:10A9A00007D00178222902D3807F800603D40820B3
:10A9B000F0E74048EEE7132168460170458009A999
:10A9C000F8F7D1FA0028E5D108AA0A2151567F29C3
:10A9D00001D02170DEE70520DCE7F8B5012304464D
:10A9E0001A46194602F0C6F8074601231A46022104
:10A9F000204602F0BFF8064601231A4604212046ED
:10AA000002F0B8F8054601231A460321204602F059
:10AA1000B1F80446002F03D128492B480BF003FD61
:10AA2000002E04D1AD20254980000BF0FCFC002D48
:10AA300004D125482149801C0BF0F5FC002C04D1E1
:10AA400021481E49C01C0BF0EEFC22213846FEF7BF
:10AA50000EFC3846F8BD10B50446006800280CD03E
:10AA60001249884207D301218904884205D310493D
:10AA70000968884201D2102014E400F071FFA08818
:10AA80000D4CA083A07E01280DD10021092002F0E9
:10AA9000F0FC002800D00120A17C8909012915D0F3
:10AAA0000321FEF7DDFD002006E400000080010028
:10AAB0002800002002300000740A0020B49D00002D
:10AAC000C6090000FFFF0000B30200000221E8E712
:10AAD00030B5F74B9A4207D301239B049A4205D322
:10AAE000F44B1B689A4201D2102030BD1578EB065A
:10AAF0005B0F042B07D85478072C04D39378102BC2
:10AB000001D8A34201D2072030BDD3785B0702D41D
:10AB100013795B0701D5062030BDC37FAC075B0806
:10AB20005B00E40F2343C3770878EF2318401378C2
:10AB30009B06DB0F1B0118430870F12318401378A4
:10AB4000DB065B0F5B001843087050780873002029
:10AB500030BD30B500240C70C378DB07DB0F0B7001
:10AB6000C578AD07ED0F6D002B430B70C5786D07F1
:10AB7000ED0FAD002B430B7014700179C907C90F9D
:10AB8000117003799B07DB0F5B001943117000798B
:10AB90004007C00F80000143117030BD70B51446EE
:10ABA0000D460646F6F7C4FE002809D0A221017022
:10ABB000142221460830F6F707FBF6F79AFE70BD1F
:10ABC000132229463046FEF7FEFC70BD70B51446D0
:10ABD0000E460546F6F7ACFE002809D0222101708A
:10ABE00045802178017261784172F6F782FE70BD6E
:10ABF000132231462846FEF7E6FC70BD10B5AE4C78
:10AC0000207C00280CD1204621461038FDF762F840
:10AC1000002803D0A9A1F2200BF005FC012020742C
:10AC200010BD70B594B015460C462C226946189E8E
:10AC30000A704880002B17D00822194601A80BF093
:10AC400074FA68468581102231460E300BF06DFA99
:10AC500009A96846F8F787F9002803D1A17F1022D7
:10AC60001143A17714B070BD002001900290E8E775
:10AC7000F0B50646008A97B080B20D460190FEF707
:10AC8000BEFA04468C48317848380746E8370990C0
:10AC90000B000BF0B9FC0EFCFB48085F8798B8D995
:10ACA000FAF9F8F7F6FC002301221946019801F0A1
:10ACB00061FF050004D1FF2080A130300BF0B3FB11
:10ACC000002C04D1FF207DA131300BF0ACFB387E8D
:10ACD000C00904D078486030C06DA86112E02B2014
:10ACE000694608720BA902A8F8F73DF9002804D0BC
:10ACF000FF2072A13C300BF096FB74490C980BF0CE
:10AD00008EFAA9617068A862B068E862A07F8007C7
:10AD1000800F012820780DD0252804D0FF2067A1BE
:10AD20004D300BF080FB324621460198FFF736FF8D
:10AD300017B0F0BD2528F6D0222806D0242804D04C
:10AD4000FF205EA146300BF06EFB25212046FEF76A
:10AD50008EFAE8E7002301221946019801F00AFF64
:10AD6000060004D1FF2055A158300BF05CFB002CED
:10AD700004D1FF2051A159300BF055FB2078252834
:10AD800004D03078012108433070D1E702202870C8
:10AD9000B068A860B068002802D000202871C7E71A
:10ADA0000120FBE72B2069460870434968464C396F
:10ADB000F8F7D9F8002804D0FF2040A178300BF034
:10ADC00032FB03201BE02A206946087000A81022ED
:10ADD000023071680BF0A9F904A810220230B168A2
:10ADE0000BF0A3F9344968464C39F8F7BCF8002851
:10ADF00004D0FF2031A189300BF015FB042028700E
:10AE00000998686094E7B068002804D1FF202BA15E
:10AE100095300BF008FBE07F400704D5FF2027A109
:10AE200096300BF000FBB06806220A3800903379A8
:10AE30000421019801F0FBF90028A6D0FF201FA1F2
:10AE40009B300BF0F0FA73E7002C04D1FF201BA11C
:10AE5000A3300BF0E8FA2046223010220546716834
:10AE60000BF063F928212046FEF701FAA07F800746
:10AE7000800F022814D100231A462146009501981C
:10AE800006E04BE1BAE0B0E095E03FE071E05FE161
:10AE9000FFF7C7FE11281BD029212046FEF7E7F94E
:10AEA000E07F317A4007400FC9000843E0773FE771
:10AEB0000080010028000020400B00207372635CBA
:10AEC0006761705F7365632E6300000040420F008E
:10AED000A07F000704D5FF20FD49B0300BF0A3FA96
:10AEE000A07F08210843A0770020608620463430E8
:10AEF0000BF078F9E07FFD220146C9071040890F69
:10AF00000843E077307A2034207011E700230122D3
:10AF10001946019801F02EFE040004D1FF20EC49EF
:10AF2000CD300BF080FA2B2069460872E94902A85F
:10AF3000F8F719F8002804D0FF20E549D2300BF0CB
:10AF400072FAE4488188204621300176090A417668
:10AF50000E2129702146FC316960017E2974407EF2
:10AF60006874DC482C30A860103030346C61E860C4
:10AF7000DEE6002C04D1FF20D549E6300BF053FA71
:10AF80002078212893D93079012802D0022808D1CD
:10AF900003E0E07F04210843E077387E0121084385
:10AFA0003876324621460198FFF7F8FD23212046E6
:10AFB000FEF75DF9BCE601220421019801F01FFCB7
:10AFC0000028A2D0002301221946019801F0D2FDE9
:10AFD000040003D1BE49C0480BF025FA0F202870A9
:10AFE000172028716E34AC60A2E60421019801F0AC
:10AFF00056FC002889D11020287099E600230122F0
:10B000001946019801F0B6FD050004D18720B0492A
:10B0100080000BF008FA2E462036307E41064DD5D2
:10B02000A17F8F07BF0FC00713D029468031486F1B
:10B0300000280ED0027CF37DD207D20F5B001A43AA
:10B040000274486F5108E27F4900D207D20F1143C2
:10B050000174307E000713D52A468032116F002913
:10B060000ED0087CF37DC007C00F5B001843087446
:10B07000116FE27F40084000D207D20F10430874DE
:10B08000307E80070BD5F8204259002A07D0012FC7
:10B0900005D02946307C31311032FEF783FA307EFC
:10B0A000C0060BD5F8204259002A07D0012F05D140
:10B0B0002946307C31311032FEF774FA0523684698
:10B0C0000370357E4570834822216038019A0170F3
:10B0D0004178C908C900C91C417042800372457299
:10B0E000F6F78EFD2078252809D021280BD07A4844
:10B0F00077495B300BF097F92078222803D9222179
:10B100002046FEF7B4F80021019801F06BFD0028FD
:10B1100000D10DE670486E49633092E674686D4D5B
:10B1200020786035092802D00A28F2D10BE0E168C6
:10B13000002902D02846F7F7E8FE2169002902D04D
:10B140002846F7F7E2FE21462846F7F7DEFEEFE550
:10B1500061485F49883074E65E4810B504222821B2
:10B160006030F7F7B9FE5B480024EC30017E4906F9
:10B17000490E01764038C465FCF739FD55493C312C
:10B1800008461038F6F78BFC52484C30047410BD5A
:10B1900070B50D46FEF733F8040004D14E484C4913
:10B1A000A7300BF040F9FF21053128460BF01CF8C1
:10B1B000A07F8007800F01280CD00221284688300C
:10B1C000FCF716FD002804D043484149AC300BF091
:10B1D0002AF970BD0121F1E70A46014610B5104673
:10B1E0008830FCF71FFD10BD70B5054611200C46D8
:10B1F0000870002161702121495D002908D00329D0
:10B200000ED0042910D034483149C6300BF00BF968
:10B2100020780009012802D9E87FC008607070BD5D
:10B220000007000F203002E00007000F30302070D0
:10B23000EEE7F0B504464068082601789BB008297F
:10B240000DD00B2903D00C294BD1012181716068ED
:10B2500087883846FDF7D3FF05004CD147E0478883
:10B260003846FDF7CCFF050004D1172018494001EE
:10B270000BF0D9F82878212833D0282833D16068FA
:10B2800002210C3000F050FF00282CD0606808210B
:10B29000001D00F049FF002825D02D2168460170CF
:10B2A000478029461022223101A80AF03EFF0FA94B
:10B2B0006846F7F758FE002804D007480449EF30E5
:10B2C0000BF0B1F8A87F10210843A877292105E0E9
:10B2D000BCAE0000F40A0020030200002846FDF77F
:10B2E000C6FF1BB0F0BD607830436070F9E7FE49DF
:10B2F000FE480BF098F8A87FEF210840A87729783E
:10B3000021290FD061688A79002A02D08978002922
:10B3100012D08007800F022849D0F448F249343017
:10B320000BF081F8FEF7DEF90028DAD0EF48EE499D
:10B330003F300BF078F8D4E7607830436070E87FF6
:10B34000C00701D0042100E00321212041552878C5
:10B3500029280BD03946062002F0B1F82878242895
:10B36000E0D122212846FDF782FFDBE700230122FE
:10B370001946384601F0FEFB040004D1C920DA4921
:10B3800080000BF050F825212846FDF770FF0D20B6
:10B3900008A90871204609A98830FCF735FC022865
:10B3A000C0D00028BED0D148CF491D30B8E7607862
:10B3B00030436070B6E7F7B58AB015460646FDF72C
:10B3C0001EFF002841D0017822293ED323293CD0FA
:10B3D000C17F490739D4807F8007800F01280DD0B5
:10B3E000002301220021304601F0C4FB0746C0487B
:10B3F0000290F7F781FD040007D101E00123F0E797
:10B40000BA48B94959300BF00EF8002F1FD08837D1
:10B4100067610298F7F770FD07460298F7F76CFD31
:10B4200009212170266225710B99E760A1602061D6
:10B4300003A92046FCF70CFC022806D0002804D003
:10B44000AA48A94975300AF0EEFF0DB0F0BD002002
:10B4500007466061E4E730B5002387B00546012266
:10B46000194601F087FB04462846FDF7C8FE007820
:10B4700022281BD9002C04D19C489B4981300AF01A
:10B48000D2FF0F21684601701721017120466E30EE
:10B49000029069461A30FCF7B7FB022806D0002854
:10B4A00004D0E520904980000AF0BDFF07B030BD10
:10B4B00030B5002387B005460122194601F05AFB3A
:10B4C00004462846FDF79BFE00782228EED9002C82
:10B4D00004D18648844993300AF0A5FF10206946BC
:10B4E000087020468830FCF78FFB0028DED0E9206A
:10B4F0007D4980000AF097FFD8E7F7B50546007848
:10B500000027000982B00C463E4602287ED007285C
:10B5100002D00A284AD14AE068680178082907D091
:10B520000B2930D00C292ED070486F49D33060E100
:10B5300014271A26002C6AD04088A080FDF75FFEF1
:10B540000090002804D169486749AF300AF06BFFCA
:10B5500000980099C07DA21D1831FEF723F8686895
:10B5600008228089E081696820461030091D0AF0B0
:10B57000DCFD207E01210843F92108402076009857
:10B580004021807F47E018270826002CD3D08088F0
:10B59000A080FDF734FE050004D1F7205249800059
:10B5A0000AF041FFA11D2846FFF71EFE23E1002CF3
:10B5B00001D0288BA080287A01287DD0022804D0D1
:10B5C00003282FD048494B4813E11C270726002C9D
:10B5D000B1D0A088FDF713FE0090002804D1FD2013
:10B5E000414980000AF01FFF287B8007800F012857
:10B5F000A07914D040084000A071FD210840297BAB
:10B600004907C90F49000843A07101E0E3E0DFE00A
:10B6100000988021807F084300998877EBE0012122
:10B620000843E9E713270B26002C84D0A088FDF7F8
:10B63000E6FD00900023A0880122194601F09AFA45
:10B6400005460098002804D12A48274960380AF0A6
:10B65000EAFE002D04D181202349C0000AF0E3FE58
:10B660000098807F8007800F012859D0E86A817890
:10B670008907890F0129A17954D049084900A1718E
:10B680008278FD255207D20F294052001143A17143
:10B69000E322114002785207D20E1143A171DF223A
:10B6A00011404278D207920E1143A1710021E1713D
:10B6B000C1782172427900E037E00179607AD307DE
:10B6C00040084000DB0F18439307DB0F28405B0066
:10B6D00018435207FB23D20F1840920010436072A8
:10B6E000A07A4008400007E0BCAE00000E03000056
:10B6F000540B002067040000CA07D20F10438A07CA
:10B70000D20F2840520049071043C90F1840890042
:10B710000843A0720098007823286CD92621AFE056
:10B72000A86AA4E701221143A9E7297BFE48022960
:10B7300010D017270C26002C4AD0012911D003293C
:10B740001ED004291FD005291DD0F849F8480AF059
:10B750006AFE23E019270726002C4CD00121A17195
:10B7600005E00121A171E17989088900E171017E7B
:10B77000CA094906D201890E49000A4302760DE042
:10B780000220A07106E0687B0007000F8030A071E6
:10B79000052918D0E07980088000E071A088FDF7C5
:10B7A0002EFD05460078212825D0232804D0E04826
:10B7B000DE490C300AF037FEA088002101F012FAB1
:10B7C000222128465DE0E07980088000401CE4E703
:10B7D0000498068015E0002C01D06888A080287AA3
:10B7E000032828D004280FD005284DD0D048CF49B1
:10B7F00064300AF018FE0498002C068001D02780DF
:10B800006680002005B0F0BD15270C26002CDFD087
:10B810000023A0880122194601F0ACF9050004D1EB
:10B82000C348C2492A300AF0FEFD0622A11DA869BC
:10B8300009F0DCF9DFE716270726002CC8D0A0881E
:10B84000FDF7DDFC00900023A0880122194601F0DD
:10B8500091F905460098002801D0002D04D1B44884
:10B86000B24938300AF0DFFD2878C00601D5022041
:10B8700000E00120A071009800782328BBD927217F
:10B880000098FDF7F4FCB6E717270C26002C9FD094
:10B89000A088FDF7B4FC00906D7A002804D1A4487C
:10B8A000A2494B300AF0BFFD0621A01D0AF09AFC08
:10B8B0000020A071207A032108432072FB21084058
:10B8C0000099C97FC907490F08432072680692D5BD
:10B8D000E07904210843E071A07AE90740084000BC
:10B8E000C90F0843E17A2A0749084900D20F1143DA
:10B8F000FD22AB07DB0F10405B001843A072E80687
:10B90000C00F114040000143E17274E710B50446D6
:10B91000807990B08009012804D04D20834900012E
:10B920000AF081FDFFF76AF90120694608707E4838
:10B930000AA9A0380190201D0290601C0B90684657
:10B94000FCF786F9002804D07948784987300AF056
:10B950006AFD0322601C0B990AF0E7FB10B010BDD2
:10B9600010B5714CA03C002805D00146102220469D
:10B970000AF0DBFB0120207410BD10B50446FFF770
:10B980003DF969491022A03920460AF0CEFB10BDCE
:10B9900070B50025644C00281CD06649884207D346
:10B9A00001218904884205D363490968884201D28C
:10B9B00010250DE0062109F003F9411C07D05A4972
:10B9C0004039C865207E80210843207600E00725A5
:10B9D000284670BD207E4006400EF6E7F3B50020F5
:10B9E00089B00D46029000290AD0524885421CD3E6
:10B9F00001208004854203D34F480068854214D358
:10BA00000998FDF7FCFB060003D03078222815D1F9
:10BA100002E04A480BB0F0BD002D08D1B07FC1094B
:10BA200003D08007800F022801D01020F2E7B07FFA
:10BA3000C10601D4000703D5002D01D00820E9E795
:10BA40003948007EC00712D1F07F400701D50D2094
:10BA5000E0E7002201231146099801F08BF8070066
:10BA600005D0B07F8007800F022802D00BE01120A4
:10BA7000D0E7002D07D02A4639463046FFF728F890
:10BA800002900028C6D128488C38F7F735FA040010
:10BA900003D126492A480AF0C6FC0A2020700998DA
:10BAA000206238468830A060B07FFB218007800F7D
:10BAB000012829D0002D4CD002202071381DE060D3
:10BAC00038780007400F20743878C006C00F6074C3
:10BAD000A07C2A788008D2078000D20F1043A0747F
:10BAE0000840F17F01AAC907490F0843A074A8784C
:10BAF000E07469462846FFF72CF8684600792075FF
:10BB000068460078607528E001202071207B2A7843
:10BB10008008D2078000D20F104320730840297894
:10BB20008907C90F89000DE0E00B0020BCAE0000C2
:10BB300053040000008001002800002002300000B3
:10BB4000630500000843207324213046FDF78FFB76
:10BB50000BE0032020710520207325213046FDF7DE
:10BB600086FBB07F4006400EB07703A92046FCF765
:10BB70006FF8022805D0002803D0FD49FD480AF0DF
:10BB800052FC029846E7FFB581B00A9D06461C4666
:10BB90001746142128460AF027FB0B980021016064
:10BBA000F8070ED0F44920680968884239D312306A
:10BBB00028602068143068602068A8600B982168AD
:10BBC0000160B80726D56068002803D0EA490968F3
:10BBD000884226D3029900290AD0FC3600280ED0CC
:10BBE00031461030FDF79DFC00281BD1606810E045
:10BBF000002816D0E86080366068B0670AE0FEF77B
:10BC0000A9FA0146072230460AF08FFAFEF7F6FF3E
:10BC1000DA48E860780707D5D749A06809688842FC
:10BC200001D21020EEE528610020EBE5FFB5D44AF3
:10BC30000E4607CA97B002AB07C3002700970197CB
:10BC40001798FDF7DCFA050005D02878262804D0DF
:10BC500008201BB0F0BDCB48FBE700231A4619466D
:10BC6000179800F087FF040004D1C248C049803013
:10BC70000AF0D9FBA87F8007800F1690012814D006
:10BC8000022824D0BB48BA4999300AF0CCFB0121E4
:10BC90000022852E31D01EDC002E26D0812E26D00B
:10BCA000822E26D0832E1ED125E0002EEFD12146F4
:10BCB0002846199AFEF70CFF0028CAD119988078F7
:10BCC000009019980078C007C00F0190DFE719981D
:10BCD000002808D1DBE7862E11D0882E11D0892EBE
:10BCE00011D08A2E11D00720B3E710460EE0084687
:10BCF0000CE002200AE0032008E0052006E0062010
:10BD000004E0082002E0092000E00A20002222715D
:10BD100001216A461176211D0791002801D020716A
:10BD2000FAE0169801280CD0A66AE06A02220121E6
:10BD300010900020A0602846173002291AD0012157
:10BD400019E0E66AA06A1090032030702078FB2387
:10BD5000C006C00F7070B07801221840009BF370CD
:10BD60008008019B800018430221B0700020707190
:10BD70003071DEE70021890009190861681C022A78
:10BD800001D0012100E00021890009190861B07883
:10BD90008007800F01285ED1109880788007800F7F
:10BDA000012858D110980079844610984079009065
:10BDB000169801281DD0317908A801747179017590
:10BDC00008A8027C6046024008A8007D009908404F
:10BDD000139010433FD06C491A98884207D3012131
:10BDE0008904884215D364490968884211D2102019
:10BDF0002FE70CAA0DA91998FEF7ABFE08A8007C46
:10BE000061460840307108A8007D009908407071B3
:10BE1000D6E720463C3021460090F031169801913B
:10BE2000022834D000211A9B20460C33FFF7ABFECA
:10BE30000028DDD12046503021460090F43116987C
:10BE40000191012825D0002120461A9B139AFFF763
:10BE50009AFE0028CCD110988078400702D4E87F61
:10BE6000C0072BD0169902A8012914D0109909787F
:10BE70004900405A21780907490F4900C8408707FF
:10BE8000BF0F2AD0012F14D0022F0FD113E00121B0
:10BE9000C9E70121D8E721780907490F4900405A2D
:10BEA000109909784900C8408707BF0F032F04D0B5
:10BEB00004E0022711E001270FE00227169801286D
:10BEC0000BD1B078FB210840E97FC907490F08432F
:10BED000B07020780007400F3070207810224008A2
:10BEE000400020701099D2434978C907C90E114308
:10BEF00008402070C00623D4022F21D0012F21D06A
:10BF00000020A061E0612062606220461830A060DD
:10BF1000E87F40084000E877204606A98830FBF714
:10BF200073FE002806D0022804D06F2010490001BB
:10BF30000AF079FA25212846FDF799F9002088E6CC
:10BF4000032008E020460D211B300AF04BF9204663
:10BF50001830A060042069460875E87F0121084375
:10BF6000E87705AA29461798FEF730FED4E70000C7
:10BF7000BCAE00008E05000028000020400B002011
:10BF8000606701000230000000800100F0B587B05A
:10BF900015460E0004460DD06A48854207D301209D
:10BFA0008004854206D368480068854202D210208A
:10BFB00007B0F0BD2046FDF722F9070004D038781D
:10BFC000272803D00820F3E76048F1E700231A464A
:10BFD0001946204600F0CEFD040003D15C495D48BF
:10BFE0000AF021FA0020002E05D0022E08D0012EE2
:10BFF00011D00720DCE701216A461171A06018E02A
:10C00000234618336946A360087110222946184652
:10C010000AF08BF80DE021461831A16069460871DD
:10C02000A061E061206260620621284608F0C8FD38
:10C03000A0612078C10714D0400840002070022081
:10C04000694608702046183002907030FBF7DCFD1E
:10C05000022806D0002804D03E483D4923300AF08B
:10C06000E2F925213846FDF702F90020A0E770B576
:10C0700094B00D460646002B02D0072014B070BDC8
:10C08000FDF7BDF8040007D02078222802D3A07F56
:10C09000400603D40820F1E72C48EFE7002D19D023
:10C0A0002D216846017046801022294601A80AF019
:10C0B0003CF8E07F297C4008C9074000C90F0843CD
:10C0C000E077297C40078906400FC90EC900084364
:10C0D000E07703E02E2168460170468009A9684692
:10C0E000F6F741FF694609782D2905D1002803D1CB
:10C0F000A17F10221143A177A17FBF221140A17718
:10C10000BCE710B50C46FDF77AF8002805D00E49BB
:10C1100009688C4203D2102010BD0C4810BD214686
:10C12000FFF762F8002010BD05E00278401C002AED
:10C1300001D0002070470A46491E89B2002AF4D176
:10C14000012070470080010028000020023000001C
:10C15000BCAE00000F07000030B50346072903D02E
:10C160000820DA781C7916E00720FAE707290BD0B7
:10C170005500ED186D79072D01D0401EC0B2521C3C
:10C18000D2B20F2A07D105E05500ED186D79072DC1
:10C19000F3D0F4E700222546641EE4B2002DE5D179
:10C1A00030BDFFB581B00C461646114620460A9FA9
:10C1B0000B9DFFF7D1FF00280AD020790F2803D369
:10C1C000FEA1A0200AF02FF9A078C00907D019E03D
:10C1D000072E02D0112005B0F0BDFD48FBE7019805
:10C1E0002880381D6880002068712871EF800498CD
:10C1F00028812846F6F7DFFE002803D1EFA1AD2005
:10C200000AF011F9E07821794018491CC0B2217177
:10C210000F2801D30F38C0B2400000194671817950
:10C22000F12249084900114081710020D3E7FFB590
:10C2300083B01C4616460F4600231A4602210C9D69
:10C24000039800F097FC010008D033463A46019568
:10C2500000940398FFF7A5FF07B0F0BDDC48801EEF
:10C26000FAE7F0B5054616460F4650888DB0002314
:10C270000122022100F07EFC040003D1CFA1DF20C7
:10C280000AF0D1F8002069460871A078400603D171
:10C29000CAA1E3200AF0C7F8042F5ED32A78D0079A
:10C2A000C017401C06D161786B78994255D121782E
:10C2B000090752D00121142A46DA012A42D0122A53
:10C2C00002D0132A40D128E00C2F3DD1A27852068B
:10C2D000520E012A38D0207800090001401C20703D
:10C2E000687860706846017168792A7901021143A3
:10C2F00068460181E879AA790102114368464181C3
:10C30000687A2A7A0102114368468181E87AAA7A1A
:10C31000010211436846C1811AE0062F14D120782A
:10C320000009000120707188012001F0C8F8022185
:10C3300068460171C91E018168792A790102114399
:10C3400068461FE0062F0AD06A461279002A1BD0E1
:10C350007088324601A9FDF77AFD0DB0F0BD207856
:10C360000009000120707188012001F0A8F8022165
:10C370006846017168792A79010211436846018192
:10C380000021C9434181E3E70028E6D0748868466C
:10C3900081766978C176022181830021C18304A856
:10C3A00005220090062311462046FFF740FF002893
:10C3B000D3D088A1D6200AF036F8CEE7F7B58CB0F6
:10C3C00015460C990D98F9F7CEF9C0B2082851D14D
:10C3D000002069468885688800230122022100F038
:10C3E000C9FB040004D1FF2074A163300AF01BF8DC
:10C3F00001230021E07822790BE046003619767996
:10C400009E4201D1491CC9B2401CC0B20F2800D1C4
:10C4100000201646521ED2B2002EEED1002902D1C3
:10C4200017206946888504AB02330BAA00950C9946
:10C430000D98F7F73BFC0006000E07D002281BD032
:10C44000032817D0FF205DA1893011E06846808D58
:10C4500000280FD002A901910090688804230122CE
:10C460002146FFF79EFE002804D0FF2053A176301E
:10C4700009F0D9FF0FB0F0BD68781021084368704B
:10C48000F8E70020584902464300401CCA520828D9
:10C49000FAD3704700218170017809090901017000
:10C4A00000214170C1700171704770B50D460023C5
:10C4B0000122022100F05EFB040004D1FF203FA115
:10C4C000CF3009F0B0FFA0786906C009C001490E5D
:10C4D0000843A07070BD704710B50146012000F000
:10C4E000EEFF10BD3EB58DB2002301220221284689
:10C4F00000F040FB040004D1FF2030A1E43009F03B
:10C5000092FF20786946000900012070022008701F
:10C5100036488880C88000222846FDF798FC3EBD3A
:10C52000F7B505460078002700090C463E4601286D
:10C5300004D0FF2021A1F33009F075FF287A0328E9
:10C540000CD041201DA1C00009F06DFF0298002C05
:10C55000068001D0278066800020FEBDEA89702712
:10C5600010460A3086B2002C0AD06888A080A889BC
:10C570002081E28020460A30296909F0D6FDE5E7EE
:10C5800002980680E8E7F8B543680246D9799C79B5
:10C59000090221435C7A1E7A25025C88981D354386
:10C5A000241FA14238D11B79022B35D1042D34D060
:10C5B000052D3DD0062D34D0402D19E07372635CFB
:10C5C0006C326361705F636F72652E630000000000
:10C5D000043000007372635C6C326361705F636F80
:10C5E00072652E6300000000000C0020FFFF0000B9
:10C5F00012D3061D0F461446284600F0E9F9082814
:10C600000AD01120207003202072A581E7812661C5
:10C610006078082108436070F8BD001DFFF7CEFE6A
:10C62000F8BD031D50880A461946FEF7C4FEF8BD42
:10C63000001DFFF716FEF8BD70B50D4600238CB047
:10C6400006461A46022100F095FA040031D02078FF
:10C650000007000F01282ED01220694688746078E8
:10C660000523801CC874082088822888C8826888AE
:10C670000883A8884883E888888302A90C20019150
:10C6800000901A4621463046FFF78BFD00280ED158
:10C69000F02300223146012000F06CFE20780009D2
:10C6A0000001401C20706078801C607000200CB07D
:10C6B00070BDCD48FBE71120F9E770B50D460023AA
:10C6C0008CB006461A46022100F054FA040006D047
:10C6D00020780007000F012803D00820E7E7C248B0
:10C6E000E5E71321684681746178C1740221818273
:10C6F000C58202A906200523019100901A46214611
:10C700003046FFF74EFD0028D1D120780009000106
:10C7100020700020CBE7F3B581B00D460023012245
:10C720000221019800F026FA00260446002803D1D1
:10C73000AE49AF4809F077FE2079A8423BD2AC4819
:10C74000AA49401C09F06FFE35E0E07841000F195E
:10C75000401C7979C0B20091E0700F2801D100200F
:10C76000E0702079401E2071B879C00708D0009889
:10C770000199042815D09D498220183109F053FEF3
:10C78000B8790007410F08D0400F019904280CD058
:10C7900096498F20183109F046FE009807280AD1E3
:10C7A00007E00846FEF784FEEAE70846FEF753FE78
:10C7B000F3E7761CF6B228466D1EEDB20028C4D110
:10C7C0003046FEBD10B500230122022100F0D2F94F
:10C7D000040004D1B5208549800009F024FEE078EA
:10C7E00021794018C0B2E0700F2801D30F38E070F3
:10C7F00000202071A07880210843A07010BDF8B5FA
:10C8000017460D4600231A46022100F0B3F9040032
:10C8100005D0002D0CD0002F07D0062006E0072DF4
:10C8200001D00820F8BD0720F8BD0820A84204D890
:10C830006F486E49423009F0F6FD29462046FFF761
:10C840008BFC0646002F28D0002E26D1E0782179D7
:10C850001CE0420012195379072B03D093791B0770
:10C860005B0F04D0401CC0B20F280CD00CE040007D
:10C8700000198079F12318406B071B0F1843907142
:10C8800000290AD104E00020491EC9B20029E0D1E4
:10C89000574856495A3009F0C6FD3046F8BDF8B53C
:10C8A0000D4600231A46022100F064F9040004D169
:10C8B0004F484E49683009F0B6FD681E052804D37C
:10C8C0004B484A49693009F0AEFD0F21E2782079E2
:10C8D000002310E0560036197779AF4206D1B179BE
:10C8E00049084900B1715B1CDBB21146521CD2B23F
:10C8F0000F2A00D100220646401EC0B2002EE9D108
:10C900000F2905D248000019817901221143817154
:10C910001846F8BD10B50446402801D2072010BDC6
:10C9200000F056F8082802D03120000210BD002186
:10C93000304802E0491C082903D24A00825A002AE2
:10C94000F8D1082903D049004452002010BD04202A
:10C9500010BD10B5402801D2072010BD00F038F8F6
:10C96000082805D00021234A40001152084610BD76
:10C97000052010BDF0B58BB016460C00074607D059
:10C98000002E05D06188402904D207200BB0F0BDED
:10C990001020FBE72088002801D0172801D90C209F
:10C9A000F4E7084600F014F808280FD0258803A8FB
:10C9B0002A463146023009F0B8FB01A8009062888F
:10C9C0002B4607213846FFF732FCDFE70520DDE77D
:10C9D00001460020074A02E0401C082803D2430019
:10C9E000D35A8B42F8D1704702300000BCC500001A
:10C9F000AD020000000C0020F8B50546E54C079E8E
:10CA0000069821706270A370E6702071681C42085D
:10CA10005200E14B0021880000198446C261605C2D
:10CA200040008218002D0AD0002005E0664647002D
:10CA3000F669401CF353C0B2665C8642F6D8491CC6
:10CA4000C9B20529E7D30026D21C9708B000BF0061
:10CA500000198760304600F042F9A15D761C48431A
:10CA6000C219F6B2052EEFD3501B80B2F8BDF0B557
:10CA70000546C84F8C460020FF247E5DA9009646DF
:10CA80000346CF190CE0F9695A008A5AC2498A4212
:10CA900004D1401CC0B2FF2C00D11C465B1CDBB291
:10CAA0009E42F0D86146002909D100280BD0002D04
:10CAB00007D0B84949788E4203D2401EC0B2002840
:10CAC00001D071460C70F0BD70B5B24C8D000023E2
:10CAD0002D19615C09E0EC695E00A45B844202D11F
:10CAE0001370012070BD5B1CDBB29942F3D80020AB
:10CAF00070BDFEB51C4617460D46060008D0002D39
:10CB000006D0F01C80088000B04203D01020FEBD8B
:10CB10000E20FEBD002F03D0002C01D0A74201D96A
:10CB20000720FEBD0094234622463946002001948A
:10CB3000FFF762FF2988814207D0814201D2042198
:10CB400000E0092128800846FEBD009423462246C5
:10CB5000394630460194FFF74FFF28800020FEBD84
:10CB600010B5044600F0C5F8002801D0E0B210BDB1
:10CB7000FF2010BDFFB50546874881B01E460C4614
:10CB8000854204D0052C02D20398022802D300204B
:10CB900005B0F0BD002769460F7028466A46214659
:10CBA000FFF792FF00280ED068460178204600F07B
:10CBB000A8F8002EECD00028EAD1284600F099F819
:10CBC000002809D103E03846002EF6D1E0E7FF2027
:10CBD00072A15C3009F027FC21462846039A00F038
:10CBE0009CF8D5E7F8B505460C4600206A4E694624
:10CBF0006E4F0870B5423BD0052C01D30720F8BD1D
:10CC00000A4621462846FFF75FFF002830D06846D5
:10CC10000178204600F075F8230009F0F5FC0504C2
:10CC2000090C11161B0001462846FEF7D5FA15E03F
:10CC3000FDF7E0FA12E001462846FFF74CFC0DE054
:10CC400001462846F6F7B5FF08E001462846F8F702
:10CC500012FC03E056A17B2009F0E5FB4D4A684633
:10CC6000A10000788918C96940000E520020F8BD63
:10CC70003846F8BD524A1268914201D210207047DE
:10CC8000052801D3072070470872002048727047BA
:10CC9000F8B504464A480068844201D21020F8BD25
:10CCA000207A3C4A83009B18617A3B4D125C11E06C
:10CCB000DE694F00F65BAE420AD04A1C6272DA6946
:10CCC0004B00D25A228000F01CF860600020F8BDB2
:10CCD000491CC9B28A42EBD861720520F8BD0EB575
:10CCE000384B40000ECB0091029301926946085ADE
:10CCF0000EBD28494978814201D9012070470020A2
:10CD0000704770B50C460546FFF7E9FF214AA900B8
:10CD1000891889686043401870BDF8B50C4606460E
:10CD200000206946134608706A4619462046FFF7F8
:10CD30009EFE002500282BD0164A6846A1000078E8
:10CD40008918C96940000E52684601782046FFF7ED
:10CD5000D8FF0546230009F057FC0504090C0F1401
:10CD6000170029463046FEF713FA11E0FDF720FAC6
:10CD70000EE0FFF78FFB0BE029463046F6F7E0FEAA
:10CD800006E0F8F771FB03E009A1622009F04BFB14
:10CD90002846F8BD100C0020FFFF00007372635C92
:10CDA000686F73745F636D2E6300000002300000D3
:10CDB0007372635C686F73745F636D2E6300000051
:10CDC000280000206C67010010B5014620220948A8
:10CDD00009F0ABF907490020C877084610BD06499D
:10CDE000012048610548064A0168914201D10021AD
:10CDF00001607047400C00200005004078000020D2
:10CE0000BEBAFECA8107C90E002808DA0007000F63
:10CE100008388008C24A80008018C06904E0800891
:10CE2000C04A800080180068C8400006800F704724
:10CE3000BD4948788978884201D3401A02E021220E
:10CE4000511A0818C0B27047B74923314878897819
:10CE5000884201D3401A02E02122511A0818C0B2B8
:10CE60007047B149463148788978884201D3401AE1
:10CE700002E02122511A0818C0B27047A94910B522
:10CE80000C310868FF22120290430122D2031043A2
:10CE90000860A54900202331487088702339487004
:10CEA0008870463148708870A04808F0C8F89F48DC
:10CEB000401C08F0C4F8F5F741FC00F028F910BD5B
:10CEC00020207047B4E770B50C4605460026FFF7F2
:10CED000AFFF9549A04214D30A46203A00232046CA
:10CEE000641EE4B200280BD08878105C2870887823
:10CEF0006D1C401CC0B288702128F0D18B70EEE709
:10CF0000012600F004F9304670BD202070479BE7F1
:10CF100070B50C4605460026FFF796FF824923317F
:10CF2000A04214D30A46203A00232046641EE4B2ED
:10CF300000280BD08878105C287088786D1C401C05
:10CF4000C0B288702128F0D18B70EEE7012600F086
:10CF5000DEF8304670BD202101700020704710B50A
:10CF60000446FFF77EFF2070002010BD70B50C4610
:10CF70000546FFF776FF6C494631A04215D30A46B5
:10CF8000203A00232046641EE4B200280BD08878A3
:10CF9000105C287088786D1C401CC0B288702128F5
:10CFA000F0D18B70EEE7002400E0614C00F0AFF8A8
:10CFB000204670BD70B50C460546212904D9FF20D6
:10CFC0005CA1473009F02FFA55484068103840B24C
:10CFD000FFF718FFC6B20D20FFF714FFC0B286425C
:10CFE00007D2FF2053A14D3009F01DFA01E0F5F7FB
:10CFF000E8FB21462846FFF766FF0028F7D070BD02
:10D00000F8B507464948484C401E474E007825462B
:10D0100046362335002806D1A9786878212200F009
:10D020006BF800280ED0A1786078212200F064F817
:10D03000002814D0B1787078212200F05DF8002823
:10D0400028D033E038496878C91C0F546878401CF0
:10D05000C0B26870212829D10020687026E03249CA
:10D06000607820390F546078401CC0B2607021286D
:10D0700001D1002060702D4F7F1E3878002815D018
:10D08000A1786078212200F037F800280ED0002027
:10D0900038700BE02449707826310F547078401CAA
:10D0A000C0B27070212801D100207070A978687812
:10D0B000212200F021F800281DD0A17860782122DB
:10D0C00000F01AF8002816D0B1787078212200F00C
:10D0D00013F800280FD0F5F756FB144807F0B7FFF8
:10D0E00001214903884203D016A1C12009F09BF910
:10D0F0000E4807F0C4FFF8BD401C884205D090429E
:10D1000001D1002901D0002070470120704710B5DF
:10D11000064807F09CFF002801D1F5F723FB10BD5E
:10D1200000ED00E000E400E0800C00207D00002025
:10D13000072000007372635C736F635F72616E64DB
:10D140002E6300007372635C736F635F72616E6461
:10D150002E6300000C4908784A78401CC0B2904207
:10D1600000D008707047094A074820BF40BF20BF61
:10D170004178037843701368002B02D103788B4207
:10D18000F3D00020704700007F00002000E200E0A4
:10D19000FEB5F34C07466068FF213E0181552178BA
:10D1A000FF2913D00901083141583246491E08327F
:10D1B00009020192090A805800F0C8F9002802D03B
:10D1C0002478254615E06168207888552770FEBDD3
:10D1D000E34842680198115828010090083010581F
:10D1E00000F0B4F9002806D1DD482C4641680098CB
:10D1F0000D5CFF2DECD1DA4821014068855547547C
:10D20000FEBD70B5D64A04460020157A53680AE080
:10D210000201561C9E5DA64203D10C329A588A42E6
:10D2200004D0401CC0B28542F2D8FF2070BDF8B5D2
:10D23000CB4F3E7801F013FE0146FF2E68D034013B
:10D24000254678680835405900F080F9022802D94F
:10D25000786840595AE0C2494868025D0A70A11CCA
:10D26000425C002A0CD0521E425441590122D20580
:10D2700089180902090A41513046FFF789FF30E059
:10D28000631CC25C0092221D94468258002A10D072
:10D2900001239B029A420FD99205920D43595703DD
:10D2A000DB191B021B0A43516346C3589A1A920AA0
:10D2B00009E0FF21C1540AE0435952039A181202AF
:10D2C000120A4251002242543046FFF761FFA4483F
:10D2D0000C344168C26800980959800012580098BF
:10D2E00090479F4C2078FF2812D001F0B8FD0146EE
:10D2F0002078626800010830105800F027F90128F2
:10D3000096D92078616800010830085801F09AFD2C
:10D31000F8BDF8B51C4615460E460746FF2B03D34D
:10D3200090A1D32009F07FF88D48FF21C7604560A8
:10D3300004720674017000224270104604E002017B
:10D34000521C401CA954C0B2A042F8D3F8BD70B51D
:10D35000834C06466578207C854203D381A1E62074
:10D3600009F061F8E068A90046506078401C6070E0
:10D37000284670BDFFB581B01D46FF2401F06FFD4A
:10D38000774F064679780198814203D875A1F42039
:10D3900009F049F872480021037A406810E00A0158
:10D3A0009446521C825CFF2A24D0019FBA4205D1C8
:10D3B00062460C328758029A97421DD0491CC9B266
:10D3C0008B42ECD8FF2C17D021014B1C019AC25480
:10D3D0000B33029AC250039B614F0022012B0ED0E7
:10D3E0000B1DC25001239B029D4216D9AA05920D26
:10D3F00008D008E00C46E1E7FF2005B0F0BD0B1DAA
:10D40000C550EFE71A4653039B190E461B02083618
:10D410001B0AAA1A8351920A09E0002D00D10125A6
:10D420006B039B191D022D0A0B460833C550891C3E
:10D4300042543D463E782046FFF7AAFE2878B04287
:10D4400015D001F00CFD014628786A68000108300B
:10D45000105800F07BF8012807D928786968000186
:10D460000830085801F0EEFC01E0FFF7E0FE0198FB
:10D47000C3E770B50C46054601F0F1FC06462146AF
:10D480002846FFF7BEFEFF2817D0354D0401204681
:10D49000696808300858314600F058F8012109033E
:10D4A00040186968A41C095D400B002901D089025D
:10D4B0000818002800D1012070BD002070BDF3B510
:10D4C00081B00F460198FFF79CFEFF282AD0244D1B
:10D4D0002E7869683246344604E0844205D02646F8
:10D4E0002301CC5CFF2CF8D11CE0FF2C1AD0A64203
:10D4F0001FD11001085C2870FF2818D001F0AFFC84
:10D500002A780146120168680832805800F01EF837
:10D51000012809D92878696800010830085801F005
:10D5200091FC06E00020FEBDFFF781FE01E001F066
:10D5300091FC39460198FFF79CFF22016968FF239F
:10D54000541C0B558A5C3301CA54FEBD401A0002BC
:10D550000121000AC905884200D900207047000057
:10D56000CC0C00207372635C736F635F74696D65CC
:10D57000722E6300F0B500241C4A01211C4B0803E5
:10D58000546018601B4B1C601B4C20601B480469D6
:10D59000E443E406E617046910252C430461184CA3
:10D5A0006160184D2960761C00E020BF1F68002FC5
:10D5B000FBD0002E03D107691026B743076190689E
:10D5C0008005906801D5104A10436960A160002170
:10D5D00019600121084A09031160F0BD10B5044625
:10D5E000FFF7C8FF2060002010BD000000C500400C
:10D5F00080E100E000C1004080E200E000ED00E0DA
:10D6000000C3004000C0004000FCFFFF70B51F4990
:10D610000A68002A17D000231D4601244A68521CBC
:10D620004A60092A00D34D600E792246B2400E6846
:10D6300016420AD072B60B6893430B6062B6496813
:10D640000160002070BD052070BD5B1C092BE5D377
:10D650000FA1362008F0E7FEF5E70120104980050C
:10D6600008607047EFF31081CA07D20F72B601212C
:10D6700081400648036819430160002A00D162B660
:10D68000EBE7024800210160416070478400002000
:10D690007372635C736F635F6576742E6300000062
:10D6A00000E200E001208107086070470120810747
:10D6B000486070471048C068C00700D0012070471C
:10D6C0000D488068C00700D0012070470A484069B3
:10D6D000C00700D0012070470748C069704706495D
:10D6E0008A69D20306D589698907890F814201D1E8
:10D6F000012070470020704700040040F8B5F84C46
:10D70000207BE17A88421CD00126F64D0027E07A82
:10D71000215C14200A4642435019037C052B11D08A
:10D72000037C062B1CD0037C072B28D0437C012BC9
:10D7300033D0EDA1EF4808F076FE207BE17A8842F5
:10D74000E5D1F8BD0674E07A0A2807D0E07A401CDB
:10D75000E072491CC8B2AA5802210CE00020F7E789
:10D760000674E07A0A2808D0E07A401CE072491C6E
:10D77000C8B2AA5803219047DFE70020F6E70674F5
:10D78000E07A0A2807D0E07A401CE072491CC8B24F
:10D79000AA580821EFE70020F7E74774E07A0A2843
:10D7A00007D0E07A401CE072491CC8B2AA58072191
:10D7B000E1E70020F7E770B50024CF4E0620707235
:10D7C000CE4825464477047738300473C472CC4879
:10D7D00007F035FCCB480575F572CB49601E8860B3
:10D7E0007571B570F57035717570C848643905701C
:10D7F00045701420604340180574641CE4B2052C85
:10D80000F7D30120F5F764F80020F5F761F801205F
:10D81000B071F4F727FDBE48F4F736FDBD4C20701B
:10D82000BD48F4F731FD6070F4F7F2FF70BD10B53C
:10D83000F5F719F8B74C2078F4F744FD6078F4F761
:10D8400041FDAD4C207A002803D0F4F7CAFD00203A
:10D85000207210BD70B5A84CA079002804D0A2A1F8
:10D86000AE4808F0E0FD70BDE07A002803D19EA12B
:10D87000AB4808F0D8FD0126A6710025E572607A54
:10D88000042114225043974A801801749E488168ED
:10D89000491C04D0691E81600120F5F719F80020A9
:10D8A000F5F716F8F4F7FAFF07F00AFDF5F7FBF8BD
:10D8B0009C480560056001209B49C0030860F5F79E
:10D8C00071F992480078022804D0032804D1E07846
:10D8D000002801D0A67000E0A570F5F7D0F870BD63
:10D8E000034680490520142242435218203A127FF1
:10D8F000002A04D0401E0006000EF4D17047142206
:10D90000424351180A46803AD366012220390A77E9
:10D910007047012805D0032805D1002903D1002034
:10D9200070470029FBD010B4734C00236370774A12
:10D93000002890700CD002280AD007291AD20800BB
:10D9400078440079001887441505070D0F1113005E
:10D95000D37003E01B2000E03A20D07001206070FB
:10D9600010BC70475820F8E77720F6E79620F4E7D8
:10D97000B520F2E710BC0020704710B5634840782E
:10D98000F5F798F880B210BD411E1422504310B52F
:10D99000544A8418203C042902D8207F002803D14F
:10D9A00051A1624808F03FFD207F012804D0B32038
:10D9B0004DA1800008F037FD0020207710BD70B524
:10D9C0004E4C607F217F884201D1012500E0002577
:10D9D000F5F709F8F5F76EF8617F227F914201D1E2
:10D9E000012100E00021A942EBD170BDF7B5074647
:10D9F000481E84468EB0C0B2142205905043394A66
:10DA000085180495287C2D1D07282AD1344C002622
:10DA1000E07A227B824221D0235C059A934201D195
:10DA2000012601E0002E04D00A2811D0421CA25C7D
:10DA300022540A280ED0401C227BC0B28242EBD175
:10DA4000002E0BD0207B002806D0207B401E04E057
:10DA50000022ECE70020EFE70A202073049A01205F
:10DA600010746046244C042813D8142041431D48E8
:10DA700008182038007F00280BD00498007C01286B
:10DA80000BD00498007C012803D01098807A0128DC
:10DA900007D015A1264808F0C6FC1098807A012806
:10DAA0006FD104980F4B007C022845D00C4C207B92
:10DAB0000A2872D0207BE17A401C884203D10AA157
:10DAC0001C4808F0B0FC049901204874217B05989B
:10DAD0006054207B0A2864D0207B401C20731CE10A
:10DAE000D80D0020E80D00207372635C72656D2E06
:10DAF00063000000CF0500006C0E0020A00D002088
:10DB0000780E0020C00D00204C0E00208E0000205A
:10DB10002FD200008C000020FDD600007D02000006
:10DB20005E02000000F5004080E200E0CB02000051
:10DB30001503000022030000607A059A0146904216
:10DB400006D0014614267043C018807C9042F8D15C
:10DB5000627A824208D1617A14225143C918897CC1
:10DB600061720121A17207E014224243D2181426E7
:10DB70007143927CC9188A74142206215043C0183C
:10DB800081741098007A062819D201007944097925
:10DB900049188F440812100E0C0AE07A00288ED023
:10DBA00091E700209AE700200FE0B4200DE07320F9
:10DBB0000BE0322009E00A2007E0062005E0FF2004
:10DBC000FDA1E03008F02FFC0020029010980168C1
:10DBD0000298081A28601099097A002912D00221A7
:10DBE000401A0102090A296010980268406810185A
:10DBF0000002000A68601098807A0228109803D00A
:10DC0000007B74E00421EBE7007A002813D00222A5
:10DC1000029810188446109842686046083016181A
:10DC2000E848029A4078904202D9E278002A04D06B
:10DC30003046083005E00422EAE7029A801A80198B
:10DC40000830627A062A1CD0627A14235A43DE4BCB
:10DC5000D2185268914214D0DC4B0793617A142297
:10DC60005143D94A89184A688968D21BC91B1202D4
:10DC70000902120A090A90423AD89A4238D89942BF
:10DC800036D83818801B0002000A286010996044BA
:10DC9000CF4AC9680002000A9446421A01239B0534
:10DCA00007929A4201D2104614E00A1A09929A4247
:10DCB00001D207980EE0079A6346624503D9591AC4
:10DCC0000818401C06E0099A624506D9181A40183F
:10DCD000401C4042002860DC03E0B7A1BD4808F0CA
:10DCE000A2FB286880190002000A686000202872E0
:10DCF0006868082608300002000A68601098407AB8
:10DD0000A8721098007A687203280ED200280CD0EE
:10DD1000FFF7D0FC002803D007E0002011B0F0BDD1
:10DD200002983A210E1A32200290A6480178012961
:10DD300001D0032909D141780298814205D9E078C0
:10DD4000002802D10298081A861928689F4AC01B29
:10DD5000844601026868090AC01B03021B0A029379
:10DD60008E421AD81346914217D80299994214D874
:10DD7000617A062915D0667A6146062203920092DE
:10DD80001422914B7243D2189368DB1B8B4216D836
:10DD90000396967C062EF3D177E0059801F055F9AD
:10DDA000BBE70499022205980A74627A062A00D019
:10DDB000627A8A7460720120A07211B0F0BD062EE2
:10DDC00063D000223146944614227F4B4A43D21836
:10DDD0005368DB1B834229D2917BAB7A99421FD8CF
:10DDE00004980521059C01747B4D287B0A2811D0DD
:10DDF000287BE97A401C884203D16FA1774808F05C
:10DE000012FB287B2C54287B0A2807D0287B401C37
:10DE1000287382E7E87A0028EFD0F2E70020F7E7DE
:10DE200001218C46917C0629CED102E06046002873
:10DE30002AD03546009114202A46424362480621E2
:10DE4000171839741038007B0A28634816D0017BF4
:10DE5000C07A491C814203D157A1614808F0E3FA16
:10DE60005D48017B4554017B0A290BD0017B491C8D
:10DE70000173BD7C0098A842DDD106E0C07A00287D
:10DE8000EAD0EDE70021F3E70096049902204E4D19
:10DE90000874607AB04207D1049900988874059894
:10DEA00060720120A07221E00398062E0FD0062890
:10DEB00003D141A14B4808F0B6FA0398142250430D
:10DEC0004019059981740499009888740EE0062819
:10DED00003D139A1444808F0A6FA0398142250430C
:10DEE000401905998174049906208874012011B0A5
:10DEF000F0BD70B50D463D4A441900210B46101A7D
:10DF00008B4103D22CA13A4808F08DFA394885425A
:10DF100003DD29A1384808F086FA3848854203DA3B
:10DF200025A1374808F07FFA3648844205DA002CEC
:10DF300001DB204670BD334800E03348201870BD37
:10DF4000401E70B5C0B2142148431F494418607B7D
:10DF5000062813D201007944097949188F44020C2C
:10DF60000A080604002068E0B42010E073200EE0E8
:10DF700032200CE00A200AE0062008E0FF200EA173
:10DF8000E03008F050FA617B0020002955D00221D2
:10DF90004018616840180002000AF4F78BFD0C2558
:10DFA0006557124A441900210B46101A8B412FD293
:10DFB00001A10F482AE000007372635C72656D2E48
:10DFC000630000008E000020E80D0020FFFF3F00EE
:10DFD000FFFFFF000E070000D80D00200702000021
:10DFE000C5030000DD030000E3030000FF7F841E83
:10DFF000F50300000020A107F603000000E05EF832
:10E00000F70300000080841E00807BE108F00BFA1B
:10E01000FB48854203DDFB49FB4808F004FAFB4856
:10E02000854203DAF749FA4808F0FDF9F9488442D5
:10E0300007DA002C03DB204670BD0421A8E7F54871
:10E0400000E0F548201870BDF0B5064683B0F348EF
:10E050000190457A029534687068001B0702F04809
:10E060003F0A001B0090062D2DD014202946414365
:10E07000EC480122081884464168E9489205864622
:10E08000081B904210D3631A93420DD30246704688
:10E09000724503D900984018401C05E073450ED91D
:10E0A000411A0819401C404200280CDA60460295CB
:10E0B000857C0198C0790028D5D003B0F0BDD14946
:10E0C000D94808F0B0F90298854226D01421484377
:10E0D000D4490123401802908068D1499B058C46A1
:10E0E000011B8646994210D3221A9A420DD36346E9
:10E0F000614503D900997144491C06E019466245FF
:10E100002DD9091A0819401C4142002905DD029841
:10E11000B17A807B814200D37446062D15D0C14967
:10E120001420454368184268121B1202120ABA42B0
:10E130000BD2B37A827B934200D38468857C0198AA
:10E14000C0790028B9D1062DEAD13068A042B4D0F8
:10E15000E0190002000A3460706003B0F0BDA94904
:10E16000B14808F060F9D8E7F0B5B049044648680E
:10E1700085B0C005C00D1CD0103840B200280CDAA4
:10E180000207120F083A920892005118C9698007D5
:10E19000C00EC1400806800F09E08108A44A89002A
:10E1A000891809688007C00EC1400806800F002842
:10E1B00008D000272078002806D0012804D00020AD
:10E1C00005B0F0BD0127F5E72079062813D201003C
:10E1D0007944097949188F44020C0A080604002082
:10E1E00018E0B42010E073200EE032200CE00A208A
:10E1F0000AE0062008E0FF208249E03008F013F929
:10E2000021790020002905D002214618834D002FD6
:10E2100002D003E00421F8E70020E871694602AA71
:10E22000A068F4F751FC694608228A56E06801A903
:10E2300080180122C01C1F2801DA019209E003AAFC
:10E24000F4F742FC6846007B002802D00198401C8D
:10E25000019000990198401808300002000A0190CE
:10E26000881B0002000A0090607969468872009855
:10E270000390F4F7B8FB009A019B121A181A6D4923
:10E2800012020002120A000A8A4216D8884214D8E2
:10E290006846FFF7D9FE00990398814205D0881996
:10E2A0000002000AF4F706FCA0600120E9790029C9
:10E2B00086D0002FB0D005B0F0BD0020F6E7F3B552
:10E2C0008FB05D480C460B9006F0C1FE5B4A0F997B
:10E2D000524F56185A4D203E00280BD05948007D09
:10E2E000002803D058A15B4808F09DF82078012849
:10E2F0007ED060E1687F0A280CD0687F297F401CAF
:10E30000884203D150A1544808F08DF820780128A4
:10E3100004D00CE0287F0028F4D0F7E7F07F002835
:10E3200003D049A14D4808F07EF80120F077697FBD
:10E330000F9814224A4E51438919087420780228F4
:10E3400022D0687F14214843861920793072607981
:10E35000707232460C323146A068F4F7B5FB0C20DF
:10E3600030560F2804DD1F3830733068401C306091
:10E370000C217156301DE26801905018C01C1F28F6
:10E3800070DA01200199FDE028494868C005C00DF8
:10E3900021D0103840B200280CDA0207120F083AD8
:10E3A000920892005118C9698007C00EC140080642
:10E3B000800F09E081081E4A8900891809688007D2
:10E3C000C00EC1400806800F002804D105201EA100
:10E3D000000208F028F8687F1421484386190021BC
:10E3E000E0686A460691117006A9F4F76DFB00E03B
:10E3F000D7E06A46002010560F2834DD012033E0B4
:10E400000020A107B8DF0000F603000000E05EF87E
:10E41000F70300000080841E00807BE16C0E00206A
:10E42000FFFFFF00E80D00200E07000000ED00E0F8
:10E4300000E400E0FFFF3F00780E00209200002083
:10E44000A00D0020C00D00207372635C72656D2EFC
:10E450006300000011050000EF040000F404000058
:10E46000E00C002082E0002006994018079002206E
:10E47000B0722079307260797072A068311DC01C52
:10E4800006911F2801DA012009E0F4F71DFB684618
:10E490000078002804D0069806990068401C08609F
:10E4A000307A062813D201007944097949188F443B
:10E4B000020C0A08060400200FE0B4200DE07320CF
:10E4C0000BE0322009E00A2007E0062005E0FF20EB
:10E4D000FD49E03007F0A7FF00202179002943D053
:10E4E00002214018069071680830081807990890B2
:10E4F00009180698081A0C900020F871F4F773FABE
:10E5000004463060079820180002000AF060787A0C
:10E51000062825D0797A14204143EC480818406831
:10E520000899029040180002000A0390707A694628
:10E53000887402A8FFF788FD0299039A091B121B31
:10E5400009021202E24B090A120A0C98994207D8F2
:10E55000824205D80299069808180002000A306025
:10E56000F8790028C8D110E00421BAE704AA01997B
:10E57000F4F7AAFA6846007C002804D001980199B3
:10E580000068401C08602078B072687F0A2806D0B6
:10E59000687F401C68770B9806F071FD47E000200B
:10E5A000F8E7F07F002804D0A320CAA1C00007F03C
:10E5B0003AFF0120F077CA490F98087420780228A2
:10E5C00003D1C4A1C74807F02EFFC54E2079307291
:10E5D0006079707232460C323146A068F4F774FAF2
:10E5E0000C2030560F2804DD1F3830733068401C73
:10E5F00030600C22B256301DE16801908818C01CB2
:10E600001F2802DA012001990BE003AA0199F4F70F
:10E610005BFA6846007B002804D0019801990068E5
:10E62000401C08602078B072AD4901200875687FF1
:10E63000297F884224D07C7A062C23D0F4F7D3F9A2
:10E6400014214C43A14961180A7C042A18D00A7C81
:10E65000032A15D04B6889681B1A081A1B0200028E
:10E660009B4A1B0A000A082B0AD31146934207D87B
:10E67000884205D8687F297F884201D0F4F7FFF9E6
:10E6800011B0F0BD687F297F8842F7D111B0F0BD8D
:10E6900010B50020F4F709F910BD10B50120F4F70A
:10E6A00004F910BDF1B5009802281ED08E4C607A96
:10E6B000062803D187A18D4807F0B5FE0026A67174
:10E6C0000125E572607A03211422804F5043C0195E
:10E6D0000174F4F7D9F9009800280BD0012829D04B
:10E6E000032879D07BA1824844E082480078F3F780
:10E6F000EFFDF8BD8048007F002803D075A17F485A
:10E7000007F091FE65717C4D00202E60F4F7E0F873
:10E71000A968481C04D0012300221846F4F70EF91A
:10E72000607A617A401CC0B2142251437A580121A8
:10E730009047F8BD0120F4F7CBF8607900280DD0A0
:10E740006D488068401C09D0607A617A401CC0B274
:10E75000142251437A5806219047F8BD6648007F3D
:10E7600001280AD0022812D0032822D0042834D04D
:10E7700058A1634807F057FEF8BD2079002803D060
:10E780002671F4F786F9E5705B480677F8BD207AC4
:10E79000002802D1F3F7FCFD2572607A617A401CF3
:10E7A000C0B2142251437A5800219047524806774C
:10E7B000F8BD514F0123397B78680022411A184671
:10E7C000F4F7BCF82079002803D02671F4F761F93A
:10E7D000E57002203877F8BD19E0474E217870685F
:10E7E0000123411A00221846F4F7A8F8207A0028DD
:10E7F00002D1F3F7CDFD2572607A617A401CC0B278
:10E80000142251437A58002190473577F8BD607A39
:10E81000617A401CC0B2142251437A5805219047B6
:10E82000F8BD10B5304C607A062803D129A13548CF
:10E8300007F0F9FD607A617A401CC0B2142251439E
:10E84000224A52580421904710BDF0B583B00620EB
:10E850000290F4F7C8F8244C0090617A2A4801909D
:10E86000062920D0617A1420414318480918097CF0
:10E87000042918D0617A142251430818007C032817
:10E880007BD0019900980B6849681B1A081A1B0273
:10E8900000020F4A1B0A000A082B6ED3114693424E
:10E8A0006BD8884269D814488068401C03D009A1FD
:10E8B000164807F0B8FD00206071607A06282CD158
:10E8C0006078002829D023E0B8DF0000E80D0020A0
:10E8D000FFFF3F007372635C72656D2E6300000082
:10E8E000C00D00201E0500006C0E00204F0500002A
:10E8F000A20500008C0000204C0E00205B050000EB
:10E9000096050000A90500005C0E0020E50500004A
:10E91000FE48C178417081780170607A062815D070
:10E92000607A1421FA4A48438018007C04280DD1EB
:10E93000607A0290607A0121142358438018017490
:10E94000607A58438018807C6072A172F14D687FB4
:10E95000297FF14F884233D0F04E287F142148435D
:10E960008019007CC05D0128287F07D048438019AA
:10E97000007CC05D02282FD044E0FDE11421484313
:10E980008019807A01280AD0287F0221142250435E
:10E990008019007CC155287F0A2808D009E0287F0B
:10E9A0000021142250438019007CC1552AE0002028
:10E9B00001E0287F401C2877687F297F8842CCD1DE
:10E9C000D74D287D00284CD0287CC15D012928D056
:10E9D000C05D022830D03AE0287F142148438019D6
:10E9E000807A012803D0CFA1D14807F01CFD297FF0
:10E9F00000201422514389198872297F51438919B3
:10EA0000097CC855287F142148438219287F484330
:10EA10008019017C0098FEF7E9FF287F0A28C8D1F9
:10EA2000C5E7A97A012904D00221C1550020287523
:10EA30000DE00021C1550AE0A87A012803D0B9A150
:10EA4000BC4807F0F0FC0020A872297CC855287D3E
:10EA5000002806D0297CB24A0098FEF7C7FF0020A4
:10EA60002875029806281ED014214843A84940184A
:10EA7000017C012917D107210174AF4D287B0A2899
:10EA80003CD0287BE97A401C884203D1A5A1AB4841
:10EA900007F0C9FC297B02986854287B0A2831D0EA
:10EAA000287B401C2873607A06287DD0A07A002835
:10EAB0007BD00020A072617A1420414394480E1844
:10EAC0009F49B56873680A46F6687C32CB679660E2
:10EAD00055609C4D697E002916D00226617A142269
:10EAE0008B4851430818407B06281BD2010079440B
:10EAF000097949188F440A1412100E0CE87A00287C
:10EB0000C4D0C7E70020CDE70426E7E700210FE0E7
:10EB1000B4210DE073210BE0322109E00A2107E066
:10EB2000062105E0FF208849E03007F07CFC002149
:10EB30002973687E022801D0012810D12869009A23
:10EB40004018821A1202120A3A2A08D932380321CE
:10EB500000026976000A28613220287308E0322911
:10EB600006D2207A00280AD1F3F712FC012005E032
:10EB7000207A002803D0F3F734FC00202072634988
:10EB80000822487820700978012901D0032906D18C
:10EB900001212171297B884201D9421A0832A378C8
:10EBA000002B00D0921C01E08DE09BE02179002930
:10EBB00001D1002B5DD09446644A00990092019ADD
:10EBC000176852687F1A511A3F0209023F0A090A60
:10EBD000BC451BD85D4A974218D8009A914215D877
:10EBE000297B884223D92B69421A9A1A1202120AE7
:10EBF000101880190002000A2A616860002914D0E8
:10EC0000032028770006000E3ED14CE00020207142
:10EC1000A070297B002925D028694018801900029E
:10EC2000000A6860022028772EE00120E9E781428F
:10EC30000BD92A69511889190902090A6960002843
:10EC400001D00420DDE70220DBE7002B03D135A152
:10EC50003F4807F0E8FB286980190002000A686055
:10EC6000002004E0296989190902090A69602877E6
:10EC700019E0287B00280FD02969081880190002A4
:10EC8000000A686002202877286901238119002280
:10EC90001846F3F753FE09E0286980190002000ABC
:10ECA0006860002028770120F3F712FE607A1421B3
:10ECB000484317490C2240188256012300206968F6
:10ECC000F3F73CFE0EE00120F3F702FE0020F3F71D
:10ECD000FFFDF3F7E3FD207A002803D0F3F781FB73
:10ECE00000202072A078002804D0F3F7D2FE002084
:10ECF000E070A0706078002804D00448C1784170AA
:10ED000081780170207900282BD023E08E0000202C
:10ED1000E80D0020A00D002091000020E00C002054
:10ED2000C00D00207372635C72656D2E630000007D
:10ED30000706000023060000D80D0020350600005D
:10ED4000E00D00204C0E0020B8DF0000FFFF3F0068
:10ED5000870600000020CF49E0700978002900D123
:10ED60002071CD48017BC07A814203D0CB484078E6
:10ED7000F3F7AEFA0120E07103B0F0BDF0B5C84C76
:10ED80000746607A83B0062803D1C6A1C84807F0B9
:10ED90004AFB607A1421C74E48438019007C03283F
:10EDA00003D0C0A1C44807F03EFBC44DA868401C76
:10EDB00003D0BCA1C24807F036FB607A1421484357
:10EDC00081190C20085600216A4600911171C01962
:10EDD00001AA6946F3F778FE6A46042010560F2808
:10EDE00001DD012000E0002000994018696840180A
:10EDF0000102090AA9606079002804D001230022D9
:10EE00001846F3F79BFD03B0F0BD70B5AE4CAD4AAC
:10EE10000B1AA34214D3451AA54211D3934203D926
:10EE2000101A43185B1C0BE0954204D9511A0818BC
:10EE3000401C434204E0A549A54807F0F4FA00232A
:10EE4000184670BD10B50146012300220220F3F7D9
:10EE500075FD10BD10B50220F3F73AFD10BD10B5D9
:10EE6000F3F7C1FD10BDF0B58D4D0446E87A83B0CF
:10EE7000002803D18BA1974807F0D5FA642C4DD315
:10EE8000954900200246091B824147D39348417FA0
:10EE9000007F814242D19248007D00283ED1687AAD
:10EEA0001421844F4843854EC519306801AA0019C2
:10EEB0006946F3F709FE694604200856002802DD7A
:10EEC0000098401C0090A96800986B680A18D21A34
:10EED0001202844B120A9A4220D8AA7C062A08D031
:10EEE00014235A43D2195268511A0902090A81425D
:10EEF00014D3B068401C05D00120F3F7E9FC0020D2
:10EF0000C043B060306800193060A86800994018AC
:10EF10000002000A7061012003B0F0BD002003B0C0
:10EF2000F0BDF8B50646401EC5B2142061496843DD
:10EF30004418207C002803D15AA16B4807F073FACB
:10EF40006648017F407F81420CD0684A14234B43BE
:10EF50009B181B7CB3420CD00A290CD0491CC9B2A7
:10EF60008142F3D15E48017D002964D0007CB0422B
:10EF700061D10020F8BD0021F1E7217C052905D0F1
:10EF8000217C062902D0217C072928D10121217466
:10EF9000C17A0023027B8A4221D00246565CAE42EF
:10EFA00001D1012301E0002B04D00A2911D04E1C0D
:10EFB000965D56540A290ED0491C167BC9B28E4262
:10EFC000ECD1002B0BD0117B002906D0117B491E00
:10EFD00004E00026ECE70021EFE70A211173617CD1
:10EFE00000292AD06774C17A0023027B8A4224D088
:10EFF000425CAA4201D1012301E0002B04D00A297E
:10F0000012D04A1C825C42540A290FD0491C027B50
:10F01000C9B28A42ECD1002B0FD0027B0146002AF4
:10F0200006D00A7B521E04E00022EBE70021EEE747
:10F030000A220A7301E018480027217C01299CD18B
:10F04000617C002999D10120F8BD70B505461420D6
:10F05000184A05216843801801740F4C207B0A2848
:10F0600011D0207BE17A401C884203D11749204807
:10F0700007F0D9F9207B2554207B0A2807D0207B74
:10F08000401C207370BDE07A0028EFD0F2E700202A
:10F09000F7E700008E000020D80D00208C00002033
:10F0A0006C0E00207372635C72656D2E630000004D
:10F0B000EA060000E80D0020EB0600004C0E0020E0
:10F0C000EC060000FF7F841E0020A107B8DF0000CF
:10F0D0000E0700002D070000FF1FA107A00D002054
:10F0E000C00D0020FFFF3F006A070000E00C002079
:10F0F0000702000070B5FF4D00246C702C70AC61ED
:10F1000000F0CEFC284620304470C473AC6214304A
:10F110002C6305F094FF002804D0FF20F6A14E30A8
:10F1200007F081F92C7770BD0B23DB4310B5C21AB1
:10F13000F54998421FD008DC1C3222D00A2A20D080
:10F14000142A1CD0182A08D117E0083011D004283E
:10F150000DD0082809D00C2805D0FF20E6A1753075
:10F1600007F061F910BD04200CE000200AE0FC204B
:10F1700008E0F82006E0F42004E0F02002E0EC20B3
:10F1800000E0D820C86010BD70B50125DF49022617
:10F190000E60DF490022CA63CD63DE49C96A0907F0
:10F1A0000ED4DC494031CB6ADB4A53620B6B93626D
:10F1B0004B6BD3628B6B1363C96BD30519435163DC
:10F1C000D14C002826D0012828D0FF20CAA1A13088
:10F1D00007F029F9D148A063FF200430606325635C
:10F1E00003202061C849962040314860C1491C2055
:10F1F0000856FFF799FFCB49C9488860C948CA49F2
:10F2000080304160C9490160C9480660C949102081
:10F21000486070BDC8486061C84803E0C848606184
:10F22000C648801FA061D5E770B50C46B14D0146B8
:10F230000622A81C06F079FF2C7270BDAD48203064
:10F2400040787047AB4A517010707047F8B504466B
:10F250000D465079117900020843690009190884A4
:10F260001F461646501C06F0C1FF317800020843C5
:10F27000A90060502846083001268640002F0ED095
:10F28000012F04D0FF209CA1E83007F0CCF8206BC0
:10F29000304301460120A84001432163F8BD206BA3
:10F2A000B043F6E770B50D460446082904D9FF209F
:10F2B00091A1F93007F0B7F80022A24809E09100C7
:10F2C000635809180B6053001B191B8C0B62521CEE
:10F2D000D2B2AA42F3D3206B9A494031086070BD84
:10F2E00010B50446FFF720FF8248047710BD81481F
:10F2F0002030007B704710B5834CC178616206F006
:10F3000075FF0002E06110BD252808D0262808D02E
:10F31000272808D041000A2807D8091D06E0022145
:10F3200005E01A2103E0502101E0891DC9B2764AA7
:10F33000916075494031486170476E4988617047F6
:10F3400070B5002818D002226A4C784B0320A272B4
:10F35000F0331860734D72486860002001262075F4
:10F3600000290BD0012910D002291BD0952062A1C1
:10F37000800007F058F870BD0122E5E77248012AC5
:10F3800001D0466070BD066070BD5A48012A006B0E
:10F3900005D00121490508432063696070BD012142
:10F3A0000905F8E7A069002803D153A1674807F0D1
:10F3B0003AF8A169A06A40186549886059486549CA
:10F3C0008030816060491031C1600120216BC00331
:10F3D00001432163686047482030C67370BD08B59B
:10F3E0000C20694608705148002110380161564AC6
:10F3F000012111610BE000BF00BF00BF00BF00BFD3
:10F4000000BF00BF00BF6A461178491E11706946EF
:10F410000978002902D001690029ECD068460078FB
:10F42000002804D1494834A1203006F0FCFF08BD73
:10F43000F8B53E4CF034206886083E48B600416876
:10F44000C906CD0F10218160002727603549344857
:10F450008860FFF7C4FF35481038076100F020FBD3
:10F460002660002D02D0334910204860F8BD10B549
:10F4700006F0BCFE00022449000AC86310BD2349FF
:10F48000022008602A49086070472049022080391C
:10F4900008607047304908707047164810B534301E
:10F4A00005F0D5FD002804D0284813A15A3006F0F5
:10F4B000BAFF10BD0F4810B5343005F0E0FD10BDA7
:10F4C00011494860704770B50A4D0446A86AA042C9
:10F4D00004D31E4808A16B3006F0A5FF0120287355
:10F4E0001C49002008392C6148601948446000F02C
:10F4F000DEFA70BD7C0E00207372635C68616C5F25
:10F500007263732E630000000015004080E100E08C
:10F51000C01F004080000010001700405B06000084
:10F520000040000400F50140408000401011004000
:10F5300080E200E000130040060102002500030203
:10F5400005010300001600400010004047020000C3
:10F5500040850040488100409700002010B5FF48DA
:10F5600002210173C6210161FD4A00215160806AB8
:10F57000FC49C630486000F09AFA10BD0121FA48F3
:10F5800089058160F548026B8A430021026301739B
:10F590007047F64801214160C160F1490020486090
:10F5A000F0494860ED4988627047F149402008629F
:10F5B000F0490A6802430A607047EE480168402239
:10F5C00091430160EA49002008627047E9480168F8
:10F5D000102291430160E849012088617047E749A2
:10F5E0000020C861E34801681022114301607047A0
:10F5F000E249CA69012A01D000207047DC4A9268BA
:10F600005206520E524202700020C861012070471B
:10F6100070B5D248D24D017B002902D0696801291A
:10F6200009D00024D5490A69012A06D00023807A2E
:10F63000012804D006E00124F4E74023F7E7CA6874
:10F64000012A04D000221A43012802D004E020221B
:10F65000F9E74B68012B05D000231343C84A022861
:10F6600002D007E01023F8E71668012E02D1CE6819
:10F67000012E04D000261E43022802D007E00826EF
:10F68000F9E71268002A02D1CA68012A04D00022D0
:10F690003243022802D005E00422F9E7002C01D011
:10F6A000022300E000231343022807D14868012801
:10F6B00004D16868012801D0012600E00026B14885
:10F6C0001E4302681206120E02D04A69012A00D0B7
:10F6D0000022A24C2034227300680006000E02D0E3
:10F6E0008869012800D000206073A148006A0028C2
:10F6F00003D000F0A8FA012800D00020A07300F089
:10F70000C7F9002068603046F3E670B50C00054686
:10F7100003D19D499D4806F086FEE00706D0012CE6
:10F7200004D06D209849C00006F07DFE002D0ED05B
:10F7300002218A4801294172C4728E4809D00229E7
:10F740000AD0924890491A3006F06DFED1E60121A8
:10F75000EFE70168042201E001680822114301601B
:10F76000C7E670B57D4C0022E37A990701D54107C1
:10F7700014D47A49DD062031002D05DA4D7B002DA9
:10F7800002D08D7B002D09D01D0702D50D78002DEC
:10F7900004D15B0703D54978002900D10122637A9F
:10F7A0007449002B06D00225284010430CD0FFF7E7
:10F7B0003FFE9EE66C4A76489060086880088000AC
:10F7C000086000F06DF994E6012B07D0022B0ED0F3
:10F7D0006E486D496B3006F026FE8AE60868042202
:10F7E0009043086000F05CF90120A07281E608688F
:10F7F00008229043086000F053F9A57279E6574952
:10F8000008757047F8B5554F544D2037FA7B564C64
:10F810000021286B002A31D00122D203A26090433C
:10F820002A46544D10632E685A4A102090600020DA
:10F8300028601014A060FFF7D2FD00F029F92E60B7
:10F84000281460605349102048604448817A4A482F
:10F8500001290DD002290ED04C484FA1801F06F07F
:10F86000E2FD0020F8733D48007D022874D0F8BD09
:10F8700001210160F5E701214160F2E73A4A906019
:10F880000E462963FFF7C4FE044636482E754168CC
:10F8900069620068A862AA7A022A0AD16A78002AF4
:10F8A00007D0334B403B5B681B7813402A789A4360
:10F8B00008D03E70E20708D0084603F04AFD012157
:10F8C000A86A09E001223A70F4E7A10601D50221F5
:10F8D00002E0A10702D5002103F04BFD2448403887
:10F8E00041680622A81C093106F0F2FB002809D164
:10F8F0001F48297A403840680078C009814201D108
:10F90000012000E0002078702046FFF72AFF2648FB
:10F91000007800280DD001284AD002285BD00328A7
:10F9200078D01DA1214806F07EFDA87A022870D06B
:10F93000A3E0A00701D502F0EDFB200702D50120CE
:10F9400002F020FC600702D5002002F01BFCA0069C
:10F95000EBD502F07CFBE8E793E000007C0E002092
:10F96000408100404085004000F50140008000409B
:10F9700040150040001200400010004000110040FF
:10F980000014004040160040F8F40000630300003B
:10F9900000400004001300407372635C68616C5F98
:10F9A0007263732E6300000097000020E6040000DD
:10F9B000A00701D504F0BBFF200702D5012004F009
:10F9C00021FF600702D5002004F01CFFA006ACD583
:10F9D00004F0A4FEA9E7A007BF27002802DA3C40F4
:10F9E000F3F702FB200703D53C400120F3F7FBFAB5
:10F9F000600703D53C400020F3F7F5FAA00602D5D6
:10FA00003C40F3F7EFFA60068FD5F3F7EEFA8CE798
:10FA100000E012E0A00701D5F3F7EAFA200702D5CB
:10FA20000120F3F7E4FA600702D50020F3F7DFFACC
:10FA3000A00690D5F3F7DAFA77E7287B00281CD0E8
:10FA40001F494E6002281FD0012803D01D491E48BF
:10FA500006F0E9FCA96A2869884204D81A481949BD
:10FA6000401C06F0E0FC2969184841600120296B20
:10FA700080050143296316494860287D012800D08C
:10FA8000F5E6F3F7C5FAF8BD2969A86A4118EBE76E
:10FA900010480021C160016141604161816170478E
:10FAA0000D480021417281720121C17270470A48DC
:10FAB0000121026B89050A430263054841607047D2
:10FAC0004081004098F90000FB04000040850040A0
:10FAD00000F50140001100407C0E00202E4800215E
:10FAE00001704170704770B5064614460D460120FE
:10FAF000F1F758FC28490120284B08709E60DC6013
:10FB00001D6170BDF8B504460120F1F74BFC224998
:10FB10000120087021494C60214900264E600321D4
:10FB2000204D0906A960204F002C0AD0012C03D0DB
:10FB30001EA1412006F077FC3E60032000066860AD
:10FB4000F8BD386001200006F9E710B512480178C9
:10FB500000290ED00321134A0906916010494A6812
:10FB60000021002A03D0154A1268427000E041705B
:10FB700001700020F1F716FC10BD0748017800293C
:10FB800007D007484068002802D00C480068C0B27F
:10FB900070474078704700009800002000F5004052
:10FBA00000F1004000F5014000F200407372635C18
:10FBB00068616C5F63636D2E6300000000F40040B9
:10FBC0003A4800210170417010218170704770B572
:10FBD000064614460D460220F1F7E4FB01203349A6
:10FBE000334A0870E41E14619660556070BD10B50C
:10FBF0000220F1F7D7FB2D49012008702D48002184
:10FC000001604160816001202B49C005486010BD42
:10FC100010B5264C2078002811D001202649C005B7
:10FC2000886000F034F80021002804D001206070C2
:10FC30002248006801E061701020A070217000204F
:10FC4000F1F7B0FB10BD10B51848017800290BD0B2
:10FC500018480068002805D000F019F8002800D0E6
:10FC6000012010BD022010BD407810BD10B50F4816
:10FC70000178002909D000F00AF8002803D00F48C5
:10FC80000068C0B210BD102010BD807810BD0948BA
:10FC90000168002905D04168002902D08068002849
:10FCA00001D0002070470120704700009A0000201A
:10FCB00000F5004000F1004000F5014000F4004074
:10FCC000FFB593B0044600201D9E049015981C9D1E
:10FCD0001027082806D0E06901F014F8002809D0A0
:10FCE0003770CCE028880921384328801F980227E4
:10FCF000017016E0E169012088710521E269C902FD
:10FD00009180E1698872E169F9480881E169002020
:10FD10008873288820210843288011211F980427F0
:10FD200001701F980225801C0390307810900A20E3
:10FD30003070204618301190F6F76BFC00206FE011
:10FD40001598102809D1022D07D06846828A049997
:10FD50000398401A8270110AC1706846C08A1699C9
:10FD6000884203D9E349097A149106E0884204D114
:10FD70001099002901D0317021E003990870000A20
:10FD800048701E980088401BC01B83B2FF20C01B18
:10FD9000984200D203460398149AC0190CA9009205
:10FDA000019002912020015D6846C08A0022F6F78A
:10FDB000A5FC3070002806D0C0B2832862D0684607
:10FDC000C08A208345E00F98002805D0C948006804
:10FDD00000790A2830D33CE06846008EC119C9B2C8
:10FDE0000491022D0FD01F99049A4978914203D1B2
:10FDF0006A46128C824209D0BE480491006801789C
:10FE0000032909D027E008461F994870B9480068BF
:10FE10000178042906D008E000790A281BD20120C5
:10FE20000F9009E06946C98A8180039904980818EF
:10FE300003900498281885B205AA14991198F6F72A
:10FE4000EBFB002805D11E980088401BB84200DB60
:10FE500076E7022D0ED01598102807D1049A039941
:10FE60006846808A891A8870000AC8701E980580C2
:10FE7000002030709F4800680078032802D00020DE
:10FE800017B0F0BD0220FBE7F8B50446406B002632
:10FE9000134600282BD0491F8DB2618F2A460832A5
:10FEA000278F8A18BA4221D89A7840185F781102B1
:10FEB00039430170090A41701A79DF781102394318
:10FEC0008170090AC1700571290A41712A46591DBC
:10FED000801D06F02AF9608FAD1D401980B2608741
:10FEE000626B002110180170417000E00926304655
:10FEF000F8BD30B50B88048F9C4212D9446BE018D2
:10FF00004478057824022C430BD0447905792402E7
:10FF10002C436404640CA41D1B190B80106000208A
:10FF200030BD822030BDF7B588B000256846058217
:10FF300005275DE00398417802780E021643417967
:10FF4000027908021043000452D40A980123068063
:10FF500005A802905B02002200970195304609999E
:10FF6000F6F7CCFB04004AD16846018A0183039866
:10FF70004179027909021143437802781C02144343
:10FF8000B4421ED10A041CD44B0401215B0C89032A
:10FF900000950B4301970295C17880780A020243CD
:10FFA00020460999F6F7C6F9040011D1039948795A
:10FFB0000A79000210430122D20310430871000A9B
:10FFC000487103AA06A90898FFF793FF0400CED052
:10FFD0000399009501970295487809780002084333
:10FFE00069468B8A00220999F6F7A4F9822C06D17A
:10FFF00003AA04A90898FFF77CFF04009AD068467A
:020000040001F9
:10000000058209E003984179027909021143490404
:10001000490C0171090A417103AA04A90898FFF764
:1000200068FF0028EED0822C02D020460BB0F0BD35
:100030000020FBE730B50446406B002597B0002850
:100040000DD00B2268460270228F0281606B0391F3
:10005000019000216846F3F7E2FA6846057065638F
:100060006587258717B030BDF8B50F460546696B23
:100070000020069E144600290FD0012B0DD13246D8
:1000800039462846FFF74FFF002806D1002C04D040
:1000900032463946284600F044FEF8BD0022028070
:1000A000C262831D0263C3614263428702872030BC
:1000B0000170704710B50022D24302800420FDF782
:1000C000FEF910BD10B596B00446FFF7B3FF208EC1
:1000D000002808D0012069460870E06A01900021DC
:1000E0006846F3F79CFA0020E062206316B010BD6A
:1000F00001280000B40E00200146098800200A07EC
:1001000000D501200A06120F01D002221043CA05B1
:1001100001D5042210438A0501D510221043490558
:1001200001D5202108437047FFB5A9B00600329DD4
:10013000359C2B981F46229016D0007841060FD48C
:100140008106890E1E2909D021884A05520E0BD13D
:100150003A88172A08D3FE4A914205D0C10906D031
:100160008006800E122802D003202DB0F0BD20465C
:100170002C302690F7492A980872002018AA03907C
:1001800010726A46107404AA0A60339A4A6020AA60
:10019000908090812298007801908106681C1C90C4
:1001A000701F1D902B98890EC21C2492224620326B
:1001B0001B92083A401C02920B0006F025FA1FFD24
:1001C000FD11FD1FFD8EFDFCFDFBFDFAFDF9FDFCA3
:1001D000FDF8FDFDFDF7FDF6FDFDFDFDFDF5FD0066
:1001E000032E76D102E018A9087219E303202870C3
:1001F0001C9917220A7000224A70CFE2052EF0D116
:100200004178027808021043208320A98880249A2C
:100210005178127809021143618300287ED0884208
:100220007CD800202072E080401E60840298F6F79F
:10023000F0F905202870A81C0190022000901BAA4C
:100240002A990298F6F7E8F9002868D118A8807C66
:10025000012803D002206870102002E0012068709D
:1002600002202490002225A91CA8F2F746FD0028B0
:100270002BD120A8007D2499814226D13A8800996B
:10028000801C511A814220DB10A8C18D0198017099
:10029000090A417001991CA8891C01910099019AD1
:1002A000891C009125A9F2F728FD20A8007D01995D
:1002B0001BAA091801910099081880B200902A9988
:1002C0000298F6F7A9F90028CCD00098022826D089
:1002D00064E272E018A9087261E2072E6DD34178DA
:1002E0000346027808021043208320A98880249ABC
:1002F0005178127809021143618300280ED0884298
:100300000CD8012020725879197900020843E08046
:1003100000202073E06900F0F5FC01E098E0A9E01E
:1003200000280ED1E169012088710521E269C90226
:100330009180E1698872E16987480881E16900205C
:100340008873F01F60842298C01D60620298F6F7DF
:1003500060F907202870681C00900120019000209F
:1003600010A9C8852FE00198012814D0E069807990
:10037000012830D000981E38417F007F09020143D8
:1003800000980170090A41700098801C0090019843
:10039000801C80B2019010A8C18D00980170090ADC
:1003A00041700098801C09E00AE296E13BE1DFE041
:1003B00004E29BE077E036E016E2AFE000900198BF
:1003C000801C80B201901BAA2A990298F6F724F9A2
:1003D000002803D007E010A8818DD1E73988019863
:1003E000081A0428BFDA0198012843D0E06980790F
:1003F000012804D010A8818D5548814206D110A84B
:10040000818D00980170090A417009E000981E383A
:10041000417F027F0802009910430870000A48706B
:100420000198801CBAE1072E01D0152E76D14178B3
:10043000027808021043208320A98880249A5178EA
:100440001278090211436183002801D0884201D942
:1004500001203FE7012020720020E0802073052E5C
:100460000AD01D982299E269C0B2491DF2F71FFC1B
:10047000002801D00A202DE70020C04360841AA87C
:10048000019023A9229802970395009100780023F8
:100490008206920E20462A99FFF712FC0390208BC9
:1004A00020A988807BE1032EC0D1402220A98A8127
:1004B0004178027808021043208320A988802A9975
:1004C0001EAB1C9A02930192009139880022491EAA
:1004D0008BB21B990978F6F711F918A90872002850
:1004E00033D10B20287010A8008F3FE0052E9DD13E
:1004F000802220A98A814178027808021043208353
:10050000249984464A78097812020A43628420A911
:1005100088801248824202D30720DBE6AFE03F200A
:100520008002024362842A981FAB1C9902930191B6
:1005300000903888401E83B21B9801786046F6F719
:10054000DDF818A9087200280CD08328AAD107E08A
:10055000FFFF0000B40E002001280000010200008F
:100560000220B8E00D20287010A8808F401C15E1F3
:1005700001990C22C9095143C91CB14204D90198FF
:1005800040067CD5002009E1427803781002184328
:1005900020AA9080844622980078400609D505203C
:1005A0006A46107422980078C00905D000201074A3
:1005B0001DE106206A46107424981F902A9A009024
:1005C0000023701A029383B21E9001921B9800229E
:1005D00001786046F5F7AEFE18A908720022694658
:1005E0000A74832801D102200390229800784006E3
:1005F0000DD52088C00506D520A9208B8988884282
:1006000001D100206062002018A90872C6E0FF2115
:10061000013120A88181808820831E9860841F98E2
:1006200060621320B8E0052E29D3417802780802D1
:10063000104320A98880218F002902D0FE4A9142D0
:1006400006D10A216A4611740121C943218702E0BB
:1006500007216A46117422992A9A491D0192009134
:1006600001221D990023D203029311438BB22499D6
:100670004A78097812020A431B99097800E0C9E018
:10068000F5F758FE18A90872002269460A7401227B
:10069000520220A98A81832808D0002809D0218FFE
:1006A000E54881427ED10020208778E08888208339
:1006B0004DE7606B002808D031462046229AFFF7AC
:1006C000E3FB18A90872002869D12B463A46304648
:1006D000229900F056FB039061E02298022E4078A8
:1006E00001907DD1002801D0012879D108206946E8
:1006F00008740198087521A800901B9800220178C1
:100700002046019BFFF7B0FC6946002248758A75B8
:10071000002802D10198012809D0208F002806D096
:10072000002008740120800220A988810EE004A81E
:100730003399F2F774FF0390002069460874012092
:10074000800220A988810398022807D0BB4800684E
:100750008079002805D018A908722BE00198208321
:100760001DE00398002803D0812018A9087240E0FA
:1007700021A800901B98012201782046019BFFF7D9
:1007800073FC18A9087220463499FFF753FC18A986
:10079000087A002803D11920287001203880684683
:1007A000007C00E03CE0002804D004A83399F2F774
:1007B00036FF0390039800282ED01AE0062012E599
:1007C0002078000713D5012E11D109216846017444
:1007D000A188818204203499FCF771FE082100E091
:1007E00005E020A88181CDE60198400612D50320BE
:1007F000039020A9208889890843208020A988891E
:100800004005400E04D026992B98086026988680D3
:100810000398AAE40420E6E418A8007A00280ED081
:100820000120287022980078687020A88088A8701D
:10083000000AE87018A8007A28710520388020A9DD
:100840002088898988432080E2E7FFB50746A1B068
:1008500000201C903A7801209040794A7C68104032
:1008600010AA1087744B22885B1C9A4203D0002880
:1008700004D0100702D5012025B0F0BD249E002031
:10088000307023980025028810A8028518A80575E5
:100890006A4B68461972057404A8186020462C300B
:1008A0001B902A985860249E94463878721C052123
:1008B000039201282DD0022808D003287DD130785A
:1008C000800980011D303070B889A08038780228F6
:1008D00004D13078800980011B303070F01C1FAAD1
:1008E00001900292009110A8008D0022C01E83B2D8
:1008F0002020015DB889F5F701FF0028DED10398BB
:10090000B9890170090A417010A9888FC01C088537
:1009100028E1787B18AA10753A7B012A02D0022AB6
:10092000CCD1FCE022887F231B011A4010AB1A8730
:10093000802A4AD006DC102A10D0202A0ED0402A65
:100940000AD124E0FF3A013A65D0FF3A013A79D062
:10095000FF3AFF3A022A76D00525A2E02078C006A9
:1009600001D5082000E010201C9004206A46107475
:10097000002090821AA81DAA1EAB03960192029035
:1009800000933B8A20461C9AFFF79AF984E0228B59
:100990003B8A9646934268D10A221C92002839D19C
:1009A000039801906046401E1FAA83B20292202045
:1009B0000091015D0022704600E0BAE0F5F79EFE6E
:1009C000014618A801750B201AE0228B3B8A964637
:1009D00093424AD10C221C92002862D103980190C4
:1009E00060461FAA401E0292009183B22020015D42
:1009F000628C7046F5F782FE014618A801750D203D
:100A0000307010A8818F491C01850421684601744B
:100A1000218B818245E0238B3A8A9C469A4224D1DD
:100A200012221C9200283CD1606A002813D00022B8
:100A30006B4607C3638C07E0FEFF0000B40E002086
:100A400009F800000DE04BE02020015D6046F5F75D
:100A500071FC18A9087513203070012010A90885B1
:100A60001FE0398A228B914201D00425B6E016217D
:100A70001C91002815D11B98818802682046FFF739
:100A800003FA18A9087500280BD11B983346016892
:100A900080881AAA00F075F9054602281BD0042D9B
:100AA00019D01B988088002811D06846007C002847
:100AB00004D004A82A99F2F7B2FD05460120694640
:100AC00008741B981B990068059000208880002DF1
:100AD00048D0052D2ED06846007C032878D07DE0D4
:100AE00018211C91002806D0388A20832046B96836
:100AF000FFF7A0FAD5E72046183000902020015DCE
:100B0000237E01222046FFF7AFFA18A908750028B6
:100B1000ECD119203070012010A90885E6E7208863
:100B200001214902084010A90887FF38FF38022830
:100B300006D0052510A92088098F884320804DE024
:100B4000208F9849884290D116201C90386900283F
:100B500005D06063B88A20870020608702E000200B
:100B6000C043208710A8008F7F21090102468A43D5
:100B70000DD0782300220420B968FCF7FBFB3878FD
:100B8000A07010A92088098F0843208002E02188E6
:100B9000814321806846007C002805D08248416856
:100BA00004A8F2F73CFD054618A8007D002815D0E2
:100BB0001C98707001203070208BB070000AF070AB
:100BC00018A8007D3071052110A8018506E0FFE717
:100BD0007548416804A8F2F722FD05467248017A7B
:100BE00020884005400E22D11B98808800281ED006
:100BF000239A0026138810AA1385249A2A9B6F46ED
:100C00004CC71B9A039412681AABFFF78DFA05467E
:100C100002280CD00120694608741B982A990068A4
:100C2000059004A8F2F7FBFC05461B98868010A8E7
:100C3000018D2398018028461EE600B597B0042850
:100C400007D102206A461070019100216846F2F730
:100C5000E6FC17B000BD10B5534C037800222168A4
:100C6000012B02D0022B42D126E00B78002B01D0C1
:100C7000042B03D10A712268032111702168838833
:100C80000A79D200921D8B5221680A79D20008326B
:100C90008918C2880A80216803890A79D2000A3239
:100CA0008B52428920680179C9000C314252216877
:100CB0000879401C08711EE00A7482888A802168C5
:100CC000C288CA80226801891181226841895181C4
:100CD000C1682068C1606168F2F7A1FC0146022882
:100CE00007D02068007C002802D1002903D0812091
:100CF00010BD832010BD002010BD406B002800D027
:100D0000012070478178012909D100880521C90295
:100D1000884202D0491C884201D10020704705203A
:100D20007047F7B586B00024684615460F468481A3
:100D300005261AE0049841780278090211432980B7
:100D4000811D019602940091417902790B021343AF
:100D5000C178827809020A43417800780902084381
:100D60003946F5F7E7FA002806D104AA03A9069840
:100D7000FFF7BFF80028DDD0822800D1002009B09D
:100D8000F0BD10B51488844201D2052010BD17248F
:100D90001C701080421E581C491C05F0C6F900202A
:100DA00010BD0000FEFF0000B40E002010B540484A
:100DB00004F04DF9002801D00C2010BDFF211131A5
:100DC0003C4805F011FA3B4901200870002048809A
:100DD000E03188718874887520310871344804F0D6
:100DE0004EF9002010BD10B5314804F028F9002854
:100DF00003D031A1312005F016FBFFF7D7FF002803
:100E000003D02DA1382005F00EFB10BD10B504460F
:100E1000274804F01CF9002801D00C2010BD2549FA
:100E20000878002807D0002008702148216004F0CD
:100E300026F9002010BD1E4804F021F91F2010BD26
:100E400070B505460C461A4804F001F9002801D097
:100E50000C2070BD174A5088A84202D11078002893
:100E600004D0134804F00BF9122070BD1048226022
:100E700004F005F9002070BD10B504460C4804F0DC
:100E8000E6F8002801D00C2010BD0A48017800299E
:100E900007D00020C0432080054804F0F0F812205D
:100EA00010BD40882080024804F0E9F8002010BD01
:100EB0009D000020C00E00207372635C6C6C5F6448
:100EC000622E630010B5282105F08CF910BD70B5B5
:100ED000054600780A0700090001120F1043287028
:100EE0000B0005F091FB07050705070509050B0039
:100EF000062408E00C2406E0222404E00024F2A1E9
:100F0000572005F090FA68788009800120436870C6
:100F100070BD00780007000F704710B50622C01C96
:100F200005F003F910BD10B50622093005F0FDF8F3
:100F300010BD0278BF23C9071A40490E0A43027048
:100F4000704702785206520EC9010A430270704778
:100F500070B515460E4604461F2A03D9DAA1A8200B
:100F600005F061FA20462A463146093005F0DDF8E1
:100F70006078AD1D80098001A906890E0843607064
:100F800070BD70B515460E4604461F2A03D9CEA182
:100F9000CC2005F048FA20462A463146093005F0B3
:100FA000C4F86078AD1D80098001A906890E084348
:100FB000607070BD70B501780907090F03292ED044
:100FC000052931D1411C827E0C46437E1102194312
:100FD000037FC27D1D02037EC67E1B021343827DFA
:100FE000407835438006800E22281DD106291BD368
:100FF0001920C001814217D8FF26F436B54213D814
:10100000002A11D0082A0FD88A420DD28B420BD861
:10101000617F227F09021143814207D904E04078B1
:101020008006800E0C2801D0002070BD012070BD0C
:1010300000210A464254491C2229FBDB704710B5A7
:1010400002788B07920892009B0F1A430270427835
:10105000520952014270012908D0022906D0032901
:1010600005D0FF2098A1EE3005F0DDF910BD01217B
:101070000A43427010BD10B502788B0792089200A7
:101080009B0F1A43027042785209520142700129A3
:1010900007D0022905D0032904D08BA18E4805F082
:1010A000C2F910BD01210A43427010BD00788007CB
:1010B000800F70470278EF23C9071A40C90E0A4310
:1010C0000270704770B50546C1700B0005F09CFAC0
:1010D0000E080A0C0E1012120C14141212160C1810
:1010E0000C2413E0082411E002240FE017240DE083
:1010F0000D240BE0012409E0092407E0062405E0A3
:101100007548002470A1A03005F08DF96878400979
:1011100040012043687070BDC0787047017AC27981
:10112000080210437047817A427A080210437047E0
:10113000017BC27A08021043704781794279080224
:101140001043704700797047817B427B080210434F
:10115000704770B5017AC37909021943431C857A37
:101160001C46467A2B023343657926792C02344398
:10117000C21C5A4E00798D1FB54214D8FF25F43594
:10118000AB4210D800280ED008280CD888420AD2CA
:101190008C4208D8507A117A00020843B11D884267
:1011A00001D8012070BD002070BD0B4610B5011D97
:1011B0000522184604F0B9FF10BD817A427A080270
:1011C0001043704701717047007970470B4610B5A6
:1011D000011D0822184604F0A8FF10BD027B0A700A
:1011E000407B487070470B46014610B508220E310F
:1011F000184604F09AFF10BD0B46014610B50422B4
:101200001631184604F091FF10BD10B50822001DDC
:1012100004F08BFF10BD10B504220C3004F085FFE4
:1012200010BD017170474171090A81717047C17128
:10123000090A017270470079704781794279080282
:1012400010437047017AC279080210437047017158
:101250007047017170470B4610B5011D08221846F2
:1012600004F063FF10BD10B50822001D04F05DFFFF
:1012700010BD70B515460E4604461B2A03D912A1AF
:10128000174805F0D0F82A463146E01C04F04DFF1F
:101290006078E90640094001C90E0843607070BDDE
:1012A00070B5054640780E46C406E40E1B2C04D9E2
:1012B0000B4805A10C3005F0B6F82246E91C304673
:1012C00004F033FF204670BD7372635C756C5F7011
:1012D00064752E6300000000070200007A0C000015
:1012E000F7030000C1074008C207C90FD20F511809
:1012F0004008C207D20F51184008C207D20F511838
:101300004008C207D20F51184208D007C00F40183A
:101310005208D107C90F0918500840187047002219
:1013200002808271C271C2720273427382738270D0
:10133000C270027142714276828303464284203336
:101340009A7102859A72C2750276C2730274DA7259
:101350001A739A7319750284FF21603081709A752F
:10136000704770B504460020A083208C1E46484379
:101370001546114604F061FF2084F000294604F070
:101380004EFF401C80B20146192269439202E0835D
:10139000914201DD401EE0837D202946000204F0D9
:1013A0003EFF401CA08470BD70B50546087B0E460C
:1013B000C006C00E08730020A87504463019007AD4
:1013C000FFF790FF29194874A97D641C0818E4B23E
:1013D000A875052CF2D3C0B2252803D979A18A209B
:1013E00005F021F870BDF8B5044630302646274692
:1013F0002546C036A03780350090032909D0002942
:101400001AD0012924D0022902D1A11CFFF7CCFF58
:10141000F8BD1146FFF783FF002028836883A88367
:10142000E883288468847871E88538732621085514
:10143000A08430703071F8BD0020E885B871A188B3
:1014400023890A460098FFF78CFFA11C0098DDE76E
:101450000020E885B38A328AA1880098FFF781FFCF
:10146000F8BD70B5867D0D460446002E01D0252EB0
:1014700001D9122070BD002A18D0287EE17D50438A
:101480000818252104F0CBFE0846E1754207520FEB
:10149000C908504B69189A5C097A8A4368D031466A
:1014A00004F0BDFE491CCAB2002007E0002070BD58
:1014B000002803D02118097C511ACAB22118497C8E
:1014C00091423AD32918097AC943CB07DB17D21ABC
:1014D000521E1206120E35D08B07DB17D21A521E7F
:1014E0001206120E30D04B07DB17D21A521E12060C
:1014F000120E2CD00B07DB17D21A521E1206120E38
:1015000028D0CB06DB17D21A521E1206120E24D098
:101510008B06DB17D21A521E1206120E20D04B0673
:10152000DB17D21A521E1206120E1CD00906C9175A
:10153000511A491E0A06120E18D0401C0528B7DBA6
:101540001F2070BDC00013E0C000401C10E0C000B0
:10155000801C0DE0C000C01C0AE0C000001D07E0B8
:10156000C000401D04E0C000801D01E0C000C01D9F
:1015700020769BE738B505460C466846FEF738F8F6
:1015800000281ED0694600200856207209216156A5
:101590000022411A00D5494220356B798B420FDC7D
:1015A000FF2B0DD0A17A491CC9B2A172AB79994227
:1015B00002D8617A7F2903D160720020A0720122D3
:1015C000104638BD7372635C6C6C5F7574696C2E09
:1015D000630000007667010010B5040004D0FF200E
:1015E000FAA1AB3004F01FFFFB4821464143FB4802
:1015F000FF230918FF330022581C5A544254C81DB7
:10160000FF30FA3002704270F448001FC378A342E2
:1016100002D18270FF23C370EF48EF4BC01E081841
:101620009B1EC91802700A7010BD70B5EB480026E9
:10163000001F8670FF24C47035462846FFF7CCFF94
:101640006D1C2D062D0EF8D00020E4490B229201CE
:10165000E14B43435B189B181E74401C0006000EB0
:10166000F6D0DF48FFF7E4FC0021DD48FFF722FD5C
:101670000121DB48FFF7E3FCDA4804704470847012
:10168000C4700471447170BDCFE71B20704730B542
:101690000021D24A0B239B01CF4C4C43A418E418E1
:1016A000247C002C05D0491C0906090EF4D000202A
:1016B00030BDC94C01254C43A218D21815740170D5
:1016C000284630BD10B5044600F0D0F900280CD0F3
:1016D0002046FFF781FFC0490B224C43BF49002041
:1016E0006118920189180874012010BD10B50446D4
:1016F00000F0BCF9002802D0BA484471012010BDA6
:10170000034610B5B748B44940794843B349421835
:101710001046FF30E130C17F807F04F0D5FF10BD5F
:1017200010B5B048AC4940790F224843AB49401846
:10173000A949D239095CFF30FF3004F09FFF10BD8A
:1017400010B5044600F092F9002802D0A5480471B3
:10175000012010BD034610B5A2489F4900794843B7
:101760009E4942181046FF30E130C17F807F04F06F
:1017700098FF10BD70B59B4C97492079974D484311
:101780004019C11DFF31F931FF30E130807F0F2258
:1017900004F064FF002813D020798F494843401992
:1017A000FF30FF3002300178491C01700178407829
:1017B000814204D1884885A1773804F034FE0120A5
:1017C00070BD884884490079484384494018FF30F7
:1017D000E130C17F807F814201D10120704700202C
:1017E000704770B57F487C49007948437B49401871
:1017F000FF30E130867FC57F0F242946304604F054
:1018000026FF002801D0204670BD70066906400EF4
:10181000490E884201D3401A01E0081A201AC0B2CA
:1018200070BD0F20704770B50C46054600F01EF9DC
:1018300000280ED0002020706748454367482818CC
:10184000FF30FF300230017842788A1A22704170EE
:10185000012070BD70B50C46054600F007F9002860
:101860000BD05D4845435D482818FF30FF300230FB
:1018700001784078081A2070012070BD5849016035
:10188000704710B5044600F0F1F8002802D0554822
:101890000470012010BD5149091FCA78FF2A02D0E7
:1018A0000021016007E08A784C492439012A02D0DE
:1018B000016001207047002070474848801E017871
:1018C000012908D001210170464801784348001FD2
:1018D000C170012070470020704710B5044600F029
:1018E000C5F8002802D03F484470012010BD3B4994
:1018F0003C4B091FCA785B789A4206D18A78203916
:10190000002A02D001600120704700207047334850
:10191000344A001FC1785278914209D1FF21C17029
:10192000801C0178002903D000210170012070473C
:101930000020704729482B4A001FC17852789142F5
:1019400004D18078002801D0002070470120704722
:1019500010B5044600F08AF8002802D02148C4706F
:10196000012010BD034610B51E481B49C0784843EE
:101970001A494018C21DFF320B21FC328901401860
:10198000C17B807B04F0A0FE10BD10B51548124944
:10199000C0784843114940180B2189014118C97B7F
:1019A0000D4AD21E8018062204F068FE10BD0D48B4
:1019B0000949C0784843094941180B20800108189B
:1019C000C17B807B81420FD1012070477372635CC1
:1019D000646D5F712E630000D1020000F40F0020DF
:1019E000C51200209E0000200020EEE710B504463E
:1019F00000F03CF8002802D021488470012010BD7E
:101A0000034610B51E481F49807848431E494018B8
:101A1000C21DFF320B21FC3289014018C17B807B43
:101A200004F03FFE10BD10B51548164980780B2212
:101A300048431549920140181249891E41188018DF
:101A4000807B062204F00AFE10BD0D480D49807807
:101A500048430D4941180B2080010818C17B807B49
:101A6000814201D10120B0E70020AEE7002805D176
:101A70000648007C002801D00120A6E70020A4E74A
:101A80009E000020D1020000F40F0020B4120020BC
:101A9000F8B5FF4E0446B079002500280AD0002989
:101AA0002DD1657010202070F079A070307AE07030
:101AB000B57124E0F64F203F387A012804D0707ABF
:101AC000012810D00020F8BD002918D1657013201E
:101AD000EF4920701C221639A01C04F026FB0120BF
:101AE000A0713D720BE0002909D165701420E8490E
:101AF000207008220A31A01C04F017FB7572012027
:101B0000F8BDF8B5E3480178002902D00C2630462C
:101B1000F8BD0026DE4D3446403D2E756E75EE75DF
:101B20002E76AE75294620396E730F464E734037B8
:101B30007E717F218170687E002804D0FDF73DFD15
:101B4000FEF766F86C763C72D14884711430FFF76A
:101B5000B9F9CF483C30FFF7B5F9D8E710B5CD4B10
:101B600000221A70CA4B203B1A711A46603A11665D
:101B7000D065FFF7C6FF002804D0FF20C6A187303C
:101B800004F051FC10BDC2484038007D7047C04988
:101B900010B54039C87B897B42078307D20FDB0F22
:101BA000D218C007C00F101840000B0004F02CFD25
:101BB000050B060B04080F00BB4906E0BB4810BD2F
:101BC000B949083101E0B8490839085A10BDFF2069
:101BD000B1A1A73004F027FC002010BDAC48B449E7
:101BE0004038008A48437047F8B5A94C0646407B08
:101BF000403CE07337791346A773012F26D0308815
:101C00002082A348B27B203882710546603D29704E
:101C100006221946681C04F088FAB0796873062217
:101C2000F11DE81D04F081FA607B0126002800D038
:101C3000667597486038407B002800D0A6753B0049
:101C400004F0E2FC0506082549084B000020D7E710
:101C500000211DE08E4801211430FFF738F98C482F
:101C6000E91D1430FFF75FF9687B002807D00128D1
:101C700007D0FF2088A1EE3004F0D5FB0CE0002156
:101C800000E0012182481430FFF75BF904E00621EF
:101C90007F481430FFF71BF90020E07520767C4860
:101CA000691C1430FFF739F9794829781430FFF7A7
:101CB00040F9774804213C30FFF709F97448691C62
:101CC0003C30FFF72AF9724829783C30FFF731F9A8
:101CD00026750020F8BD0221DAE7FF206EA1F8305A
:101CE000CAE770B56A4C0125403C0346257620467C
:101CF0002030007A002801D03A2070BD64480022CC
:101D0000803806789E4206D1E2750622401C04F017
:101D10000CFAE57500E02276002070BD70B504462F
:101D20005B4D0020403DA87528462246323804F01D
:101D3000FCF92846203844730120A87570BD544929
:101D400020390871704710B5514C0022403C627533
:101D5000607302462046123804F0E7F901206075EE
:101D600010BD4B49203948717047F8B500F0A4FB0D
:101D7000474C0025403C607E002804D0FDF71DFC48
:101D8000FDF746FF6576434F3D70FDF793FBA07B63
:101D9000012804D00021084601F0A6FAF8BD002170
:101DA000022001F0A1FA3A4C203C207A002809D008
:101DB000374881790029F1D11321C17105720121C0
:101DC0008171F8BD78780028FBD0314E0622803E24
:101DD000707BE0733078A0753046F11D703004F0F0
:101DE000A4F930460622711C773004F09EF93C209D
:101DF000A072012020727D70F8BD10B5244C403CCB
:101E0000E17BA07CCA0701D0C2070BD08A070FD59F
:101E100082070DD42620FDF777FAA07C0221084323
:101E2000A07410BD2520FDF76FFAA07C0121F6E714
:101E30004907F6D54007F4D42720FDF765FAA07CC2
:101E40000421ECE770B5134E3078002872D1104CA5
:101E5000403C207D00286DD0FDF71FFB0025A574B8
:101E6000E57475702846FDF715FB0020FDF78CF929
:101E70000D480D38FDF73FFA0B481038FDF7F7FA1B
:101E8000FDF76CFBFFF7B9FFFDF7FFFA012111E049
:101E900068130020A40000207372635C6C6C5F61A7
:101EA00064762E63000000008E6701009A8913009B
:101EB000710200000020FDF743FA0F210520FDF715
:101EC000C1F92646403E3178701CFDF7ADF9A07B84
:101ED00001280CD004280AD0607D002807D02146B4
:101EE00012390846627B6630FFF732F86575A07DCF
:101EF000002807D0FE480146427B12399C30FFF78C
:101F000040F8A575306E0178002903D00178001DD6
:101F1000FDF7C8F9F06D0178002906D0F44A401C9D
:101F2000C732FDF754FE01206076FDF7C3FA0020AA
:101F300070BDFFE70C20FBE7EE494860704770B5C5
:101F4000050001D0FFF759FFE94C2034E07C002860
:101F50000AD0A07B012804D19920E749C00004F0F1
:101F600062FAFFF702FFE3E7002D0DD00221002007
:101F7000FDF7E6F9DE4840300079032801D001285A
:101F800002D10220FDF73BFCE07D002600280DD0A9
:101F9000D74D203D2846691C9430FEF7BEFF2846E9
:101FA000691CBC30FEF7B9FFE6752676D048743060
:101FB000FDF786FAA07B030004F026FB0504040469
:101FC0000D04090001210846FDF79FFB03E0CA4903
:101FD000CA4804F028FAE17BA07C81430120002953
:101FE00003D1A17B012903D0E074C24908709FE7A7
:101FF000A674FAE710B5FDF750FABE48007800283D
:1020000018D1BB482030007D002813D00020FFF7F6
:1020100096FFB74840300079002809D001280FD03A
:10202000022805D003280BD0B349B54804F0FBF9CA
:10203000002010BD00F040FAFDF73CFA0C2010BD66
:10204000F0F7E6FFF4E7AB49012048707047F8B5B8
:10205000002400F0E0FF002824D0FF202D30FDF701
:102060006CF9A44D2878A24F403701281DD00228D2
:1020700001D0032834D0A2489F496B3004F0D3F933
:10208000287800280DD0387900280AD0012808D0F7
:10209000022838D0032836D099489749803004F078
:1020A000C2F9F8BDFFF761FEF8BD914E2036B07B56
:1020B000032815D0707E002803D0FDF798FDFDF7AA
:1020C00074FA8B48C430FDF7FBF9B07B012812D0BD
:1020D000042810D0B879012806D0032804D004E0E1
:1020E0000120FFF72CFFCBE7102421460E200143EF
:1020F0000020FDF70AFB7879012801D1FDF76FFA7E
:1021000002202870BCE728780228CDD10120FDF7F5
:1021100076FBF8BD70B5764840304079012801D192
:1021200000F0D4F9724C2034607E002803D0FDF713
:1021300044FAFDF76DFD00F06EFF00280CD06D4DE8
:102140002878022804D06E486B49A33004F06BF95C
:10215000A07B012803D006E0FFF707FEE8E6992000
:102160008000FDF7EAF80120FFF7E9FE2878002853
:10217000F4D028780128F1D039205F49000104F01B
:1021800052F9D5E6F0B5074689B000200690FDF774
:10219000AEF800900020019056480078022804D044
:1021A00057485549F03004F03EF9514D40356879B3
:1021B000012801D100F08AF94D48C430FEF7A9FE8C
:1021C0004B4E04462036002F70D03046A430FEF728
:1021D000F1FE0028F8D0FDF731F80028F4D0707E29
:1021E00000280AD005277F1EFFB2FDF72CFD02282C
:1021F0000FD0012800D0002001903D492046C43175
:102200000C46643C030004F0FFF906A4A4A40CA44B
:1022100056A4002FE7D177203AA1C00004F003F9BB
:10222000E9E7B07B012841D004283FD0019A00980B
:10223000104304D1A879002801D0022836D168794A
:1022400001281DD1607A00281AD101206072087817
:1022500006224006C00FA0722548C91C6B3003F04F
:1022600064FF244C224FA07871377F2804D1A92025
:1022700024A1C00004F0D7F8A07838707F20A070A7
:102280001B489C30FDF71CF91A480321017028797E
:10229000002860D001280AD002285CD0032806D08C
:1022A000164818A1E03804F0BEF854E051E00120CF
:1022B000FDF7A5FA4FE00E480F462038C978C079DF
:1022C000814230D10A4839792038027A91422AD1A4
:1022D0007979427A914226D1B979827A914222D192
:1022E000F979C27A91421ED1397A027B914211E08A
:1022F00008130020A4000020981E0100F60400002E
:10230000DE0200007372635C6C6C5F6164762E6346
:102310000000000007D13978407B4906C90F81428F
:1023200001D1012100E00021B07B012801D0042867
:1023300001D100290AD100280BD101990098084346
:1023400004D1A879002801D0012802D1307E0028CC
:102350001FD001200690707E002803D0FDF72DF9D4
:10236000FDF756FC0698002802D00120FFF7E7FD94
:102370005D48017800290AD00178012907D000784A
:10238000032804D095205949C00004F04CF809B046
:10239000F0BD55480422406855490F3003F0C5FE92
:1023A000387806224006C10F4F4840680177F91C73
:1023B0001D3003F0BAFE4C484D4940680322091D08
:1023C000133003F0B2FE4848494A4068B97D817530
:1023D0000F3A117ED37D09021943018311468B7E8A
:1023E0004F7E1B023B438380137FD77E1A023A4302
:1023F000C2808A7F4B7F1102194301813C4905222B
:1024000010310A3003F091FE3948374A1130017912
:102410005768C906C90EB97600794009F876287A56
:10242000002809D0A07900283AD11320E0710020BB
:1024300020720120A07133E00020A8727888B08556
:10244000387FE8732A48394606221D31833803F065
:102450006CFE27490622F3390878A87508467730BC
:10246000491C03F062FEB888F087F888208038891C
:102470006080F87E20710198002860790BD00121DE
:1024800008436071FDF7F2FB61794000C907C90F8D
:102490000143617102E04008400060710120287230
:1024A000114C0020207000F007F8FDF703F8012020
:1024B000616800F019FF4EE710B5FDF76AF8FDF707
:1024C0005DF8FCF7B5FFFCF7DAFF10BD064810B564
:1024D000801CFDF78DF8002802D103497F20887009
:1024E000FDF774F810BD0000A400002004230100D3
:1024F000DB1300208107C90E002808DA0007000F4F
:1025000008388008F74A80008018C06904E0800815
:10251000F54A800080180068C8400006800F7047A8
:1025200010B500F03BFF10BD70B5F04C0546626879
:10253000002908D0002A04D0FF20EDA10C3003F0C0
:1025400072FF656070BD002A04D1FF20E8A112303F
:1025500003F069FF0020606070BDE948C07E7047ED
:10256000E7482830C07E704738B5E04C20680168E5
:102570004978012925D001216846FAF7C9FC684647
:102580000078E049000203F04AFE2068426AC06811
:1025900012685118FBF7ADFC2168C860D84A206862
:1025A00028320321904218D0028B002A15D0012234
:1025B0004272017200210171021D017F00F0FBFED9
:1025C00038BD7D21C068C900FBF793FC2168C86055
:1025D000FFF7DDFA21680861E0E7028B521C0283F5
:1025E0004172E6E7FFB5C64E85B0706A346805688B
:1025F00060680190306A0390298E0798401A80B273
:1026000002900898002804D02746383720464830E2
:1026100002E0371D2846A830009003203871059845
:10262000002820D001287DD002285ED003287AD04F
:10263000AFA1B54803F0F7FE0898002807D0387915
:10264000032804D0B048AAA1093003F0ECFEA16A27
:102650007069FBF74EFCB860616A206A88427DD9D8
:10266000009801601FE1306A002804D1A648A0A1AB
:102670007A3803F0D8FEA449288B373948434018EC
:10268000069900F0A6FEA0619F49A8883739484303
:10269000069900F09EFEE061316A9B48891CA162A8
:1026A0002A8B37384243A069974B121AE63BD2185F
:1026B0005118A162944BAA7D373B5A4340008018C1
:1026C000FF30193020626062306A081AED21FF384D
:1026D000C90015388842AFD28C49884204D28A4852
:1026E00083A15D3803F09FFEB6E0874A288B373A16
:1026F000E16850430818069900F06BFEA06182491A
:10270000A88837394843069900F063FEE061306AD3
:10271000002804D17C4876A1553803F084FEAE2011
:10272000405B01E02CE05AE00028288B784AE16801
:102730001DD050430818A169401AA0622169A06801
:10274000734A4843A1694018A97D4000514340188D
:10275000FF3017302062A888504300E0A1E0E16913
:10276000411A6F20C000081A6062A06A34E050432A
:102770000818A169401A3168D63849684018DCE762
:10278000284680300190C08D002802D0306A002891
:1027900004D15F4856A1401F03F045FEA8885C495C
:1027A000E3694843C01AA06201999C46CA8D216919
:1027B000A368521A4B43A169591863465343C91879
:1027C000AA7D534B49005A438918FF3117312162C2
:1027D0006F21C900411A6162316A401A35E00898D8
:1027E000002803D03420005D002878D1A88848490B
:1027F0004843E169401A02994843A0622846803064
:102800000490C08D0028019829D0002804D03E48AB
:1028100037A1163803F007FE04983D4AC18D02988F
:102820000818E16948434000FF3017302062A8884B
:102830005043411A6F20C000081A606200F0AEFDDC
:1028400000281CD0A16A0398081AED21FF38C9009E
:102850005538884200D3EFE601203871ECE60028B5
:1028600002D00398002804D1294821A11A3003F08E
:10287000DAFD0198A16AD6380818A062CCE7FBF708
:102880009EF8726901461046FCF7BFFAA16A081A61
:10289000ED21FF38C90050388842DCD2012009B050
:1028A000F0BD0099086000981A4900688035081842
:1028B000F860298B0798081A00B2002804DD0598F3
:1028C000022801D0032000E00120787108983870B8
:1028D0000898002820D03420005D00281CD0022059
:1028E000DDE7000000ED00E000E400E0B4000020BF
:1028F0007372635C6C6C5F6C6D2E73302E630000C2
:10290000F413002010270000190500002902000020
:10291000E20400004B1700000898012148402034D1
:102920006075317F3A46304600F045FD0020B6E73D
:1029300010B5FE4900280A68516A096807D0126874
:102940008988FB4BD2695943891A03F068FC10BD92
:10295000F8B5F64F38680468416A26460D68203697
:10296000717D00290AD0618E2A8E914206D1407A6B
:10297000012803D1EF49F04803F055FDFBF71FF89C
:10298000014638684069FCF740FAFFF7D1FF2A8E0C
:10299000618E1318994202DB491C618602E0401CDB
:1029A00010186086B07D002806D19C21608E495B9E
:1029B000884201D1401C6086DC480168088B0328EE
:1029C00002D2401C088302E0618E982041532846C1
:1029D00040300646C1898089081A298E401E401859
:1029E00087B218E0D148EB7E00685B00406A00794E
:1029F0004100D248415AC05A401881B2207D00237C
:102A0000FFF7F0FD00280FD001280ED0CA48C949B1
:102A10003A3003F008FD628EB81A00B20028E1DAFD
:102A20000820B07200F010FEF8BD608E401C608679
:102A3000F1E770B5BD4D002168680162C27E1300E8
:102A400003F0E2FD045656034A56426A14680268CF
:102A500011700268516000682030407D002808D164
:102A6000FAF7ADFF69680968096CFCF7CEF9002830
:102A700018DC6868228E0168498E914206D1214691
:102A800080318B8B9A1ACA83238605E0891A9E228D
:102A900011530168498E21860268C1681164C168BA
:102AA000416111E068680168098E228E8B1A224606
:102AB0008032D3830168098E218601680B6CC36064
:102AC0000B6C4361886C9062204601F0D8FC0028B2
:102AD0000DD098499A4808E0C1684161FFF7B2F902
:102AE000002804D096489349801D03F09CFC70BDDB
:102AF000934890490D30F8E710B58C4A0B001268E6
:102B000003F082FD0906090F1F0C2E2E082B2E0044
:102B1000FFF78FFF10BD00F068FC10BDFCF772FEE0
:102B200010BDD07E022806D0D07E032806D0FF201C
:102B30008049A3300EE0FFF70BFF10BDFFF714FD37
:102B400010BDD07E0228F6D0D07E0328F6D0FF201C
:102B50007849AE3003F067FCF0E7FAF715FF10BDD7
:102B6000FF207449BC3003F05EFC10BDF3B581B0AA
:102B70000E4601276D4D734C0B0003F045FD090611
:102B80002F39392F40403939400001216D48FFF776
:102B9000CBFC31460198FFF7AFFFE07E022826D13B
:102BA00068680568406A0668FAF7E7FEB188604A17
:102BB0005143EA69891AD639E962B72802D26248D4
:102BC000081803E0081A6049B7314018E8625F4806
:102BD000E96A814200D80846E86205E00198FFF7FB
:102BE0008BFFE07E022802D1206820300775FEBDF1
:102BF0002C600198FFF780FF00202860FEBDFF20B9
:102C00004C495C3003F00FFCFEBD70B50C46064627
:102C10000B0003F0F9FC09060D10100D1A1A101024
:102C20001A00484801212830FFF77EFC2146304633
:102C3000FFF762FF70BD43483C4D283028603046A6
:102C4000FFF75AFF0020286070BDFF20394982300D
:102C500003F0E9FB70BDF0B5344C0020216885B06D
:102C600003258D76CA7E0746032A03D0C97E002934
:102C700029D029E0087F002803D12E49344803F0E9
:102C8000D2FB2068067F684605714571FAF797FE0A
:102C90000290FF20F53003900121684601706946DB
:102CA0003046FBF70CFB00E020BF2068007FFCF7FC
:102CB00038F90028F8D02068007FFAF765FE206810
:102CC000077700F072FB012021688F7605B0F0BD18
:102CD00016490A68907600E020BF0A68D07E002876
:102CE00003D0D07E937E9842F6D0D07E002803D0C9
:102CF00000200021917670470120FAE770B5114954
:102D00000024CA7E094D032A03D02831CA7E032A33
:102D10002ED12960002827D0012821D00C48054950
:102D2000973003F080FB0020296813E0B4000020F6
:102D3000E2040000F0280100F70500009E67010092
:102D4000A1030000F4130020C4F8FFFF38120000B4
:102D500072020000086048622860002C08D070BD34
:102D60000320FFF7B5FF01E0FFF775FF0446DAE740
:102D70000C2070BDF8B5F94F04461F25E67E3300E0
:102D800003F042FC042920031B20F548844204D0B0
:102D9000FF20F449FC3003F046FB02203C60FFF7C3
:102DA00097FF002805D03968002008604862386025
:102DB00011E00C25002038600AE00120FFF79EFF9B
:102DC000054603E0E749E84803F02DFB002D02D05B
:102DD000E07EB042D2D1E07E002804D0E248E14952
:102DE000801D03F020FBF8BD10B5DD48FFF7C2FFE2
:102DF000DB482830FFF7BEFFD94900205031087565
:102E0000D649C91F4870D64948610A4628325061E0
:102E100088769076D1494860086010BD70B5044648
:102E20000120FFF767FBC5B20B20FFF763FBC0B2C1
:102E3000854204D0FF20CB49C63003F0F4FA0120CC
:102E4000FFF758FBC5B21820FFF754FBC0B285420C
:102E500004D0FF20C349C73003F0E5FA0420C04383
:102E6000FFF748FBC5B21920FFF744FBC0B285420B
:102E700004D0FF20BB49C83003F0D5FAB748B849A1
:102E8000083804700020C87688760A462832D07642
:102E90009076B24B012408331C711860486250626E
:102EA00008601060FFF7A0FF70BDAC4908310871E1
:102EB0007047FEB5AA49CA7E08462830A74C002AAA
:102EC00002D1C27E002A03D0C97E022903D005E0C8
:102ED000A648216006E0C17E002901D00C20FEBD7D
:102EE0002060A348FAF7FCFC216808779B4920681A
:102EF000C91F0160C91C4162007F002804D1AD20B8
:102F00009849800003F08FFAFAF737FD9949884213
:102F100000D20846FF30C83086B220680325C57647
:102F2000FEF735FE21680861FEF758FE00270028ED
:102F300027D0FEF753FE21684A6A10600968012015
:102F4000087001466846F9F7E3FF684600788A4949
:102F5000000203F064F90191FAF731FD019971184B
:102F6000FAF7C7FF2168C8602068057245720771CB
:102F7000021D017F00F01FFA2068078300202760F0
:102F8000FEBDFAF71CFD3146FAF7B3FF2168C860B1
:102F900008680770096801204870E5E77047F8B5D0
:102FA0006F4EF17E002904D131462831C97E0029B7
:102FB00001D00C20F8BD0221F176694C674F5034E6
:102FC0000837776234600025386025753979C07E0E
:102FD0004A006A4940008A5A085A2B46101881B2A2
:102FE0002A462846FFF7FEFA002804D0CF205D4984
:102FF000800003F018FA25610120A5602075658620
:1030000025865748703085753968088E401E0886B9
:1030100035830020F8BD10B5504801244068817EFA
:1030200003290CD001684978002906D0006A544968
:10303000884202D90024FFF706F8204610BD00247C
:10304000FBE74648406802681178491C1170016A24
:103050000068C26A914204D8007D012801D0012095
:1030600070470020704700207047F8B53B4C3C4843
:103070002060416A00680D68002634210E54A621A4
:10308000495D00294BD1007D032848D1FAF797FC10
:10309000014620684069FBF7B8FE00283FDDFFF7D6
:1030A00047FC298E401C4118206802681186006880
:1030B000018E9C22525B511A09B200292FDD012199
:1030C0002030817528464030C1898089081A298EB0
:1030D000401E401887B21BE0496A09794A00274917
:1030E0008B5A028E007D9446EA7E5200895AC91896
:1030F00089B201236246FFF775FA00280FD0012834
:103100000FD002280BD01B481649193803F08BF951
:1031100021680868028EBA1A12B2002ADCDA266028
:10312000F8BD20680068018E491C0186F0E7F8B5FB
:103130000A4D00266A680128516A0C6853D1087943
:103140000E4940000B5A1068077D032F1AD0027DEC
:10315000022A24D0007D012834D044E0B4000020AD
:10316000F4130020F0280100070200006D2B01007D
:103170000B2C0100F6050000102700009E670100DF
:10318000D98213000661106886609C20025BE07E95
:103190004000085AC01881B2002303201BE02246D9
:1031A0008032D78D0761E07E928B4000085AC018AC
:1031B00081B200230220FFF715FA6A680121126824
:1031C00011750AE09C20025BE07E4000085AC0189E
:1031D00081B200230120FFF705FA002803D09C49A3
:1031E0009C4803F020F9FAF735FB9B480078EFF78D
:1031F0006FF8686806830268218E51860068203067
:103200008675F8BD38B5944C0021083460680D46C9
:1032100000684278002A01D045701FE0007800283D
:1032200009D001216846F9F773FE684600788B499A
:10323000000202F0F4FF6068426AC0681268511828
:10324000FAF757FE01466068C160057103214172BB
:10325000021D017F00F0AFF860680583FAF7FAFA03
:103260007D480078EFF734F838BD7B4A10B5014649
:10327000083250680B0003F0C7F9060D1504081753
:103280000C31012100F0D1F807E00021106800F0B6
:10329000CCF810BD0120FFF74AFF00210846FFF7D8
:1032A00043F910BD032116E0416A02680968D36939
:1032B00093608A886A4B5A430368DA600A46C032D0
:1032C000D3890B83137B8B75138A8B80538ACB80B6
:1032D000928A0A8102210068017510BD5D485C492F
:1032E000913003F0A0F810BD70B500280BD05A4CF7
:1032F000083401280ED002281ED056485449B43054
:1033000003F091F870BDFFF77DFF00210846FFF73D
:103310000BF970BD6068002501684D7000F045F83C
:103320000320F5F7B8FEFAF795FA4B486560007888
:10333000EEF7CEFF656070BDFFF764FF606800F0D8
:1033400034F800210846FFF7EFF80420F5F7A3FE54
:1033500070BD414908314968CA7E022A08D10A680D
:103360001378002B04D150600968CA6A1018C8622B
:103370007047394A10B50832526800290CD001292B
:1033800007D0022907D033483149D93003F04BF830
:1033900010BD801E00E0401F106210BD2E48083096
:1033A0004068002800D0012070470021C176817656
:1033B00001604162704710B50B46C17E847EA14218
:1033C00004D011461846FAF77AFF10BDFFF7EDFF5B
:1033D00010BD024610B50020002905D00846504314
:1033E000204902F01CFF401C10BD1B4810B50830DE
:1033F0004068C07E030003F007F9041515030B15A0
:1034000001F05EF900280CD00F2017A1800106E022
:10341000FEF7F0FD002804D0F12013A1800003F096
:1034200002F810BD10A11448F9E710B504460029B0
:1034300003D00020FFF77BFE03E007480078EEF79B
:1034400047FF2046FFF7B1FF0020F5F724FE10BD2F
:10345000F028010092060000AC00002010270000B8
:10346000E204000040420F007372635C6C6C5F6C9E
:103470006D2E73302E630000CB030000F8B5FEF70D
:10348000B0F90446FEF756FAF84E0546706920304A
:10349000407D002809D0012827D002282AD00328FF
:1034A00032D0FF20F2A19A3037E0F0481830FEF712
:1034B0001EFA002801D003200FE0EC481830FEF778
:1034C00049F9002804D070695B21095C002908D003
:1034D000E6481830FEF7D2F90120716920314875AD
:1034E0001DE002212030417519E0E0481830FEF758
:1034F000C5F914E0DD481830FEF72CF900280ED18C
:10350000FF20DBA18C3008E0D8481830FEF7EFF937
:10351000002804D1FF20D6A1943002F084FFB069C6
:10352000F72201781140017072692032937DDB0728
:103530001B0F1943FB2319400170D37DDB075B0F81
:1035400019430170577DEF23022F04D0012F07D0BC
:10355000032F07D00CE0012C06D8002D04D007E083
:103560006D1E2C43002C03D019401023194300E09A
:1035700019400170D17F002916D0517D012913D047
:10358000BF48FBF79DFFBE480021283001767269D5
:10359000916ED26E42610161B949B269FCF7A3FA3A
:1035A0000020FCF7AFFA03E0FBF78AFFFCF7CDFA47
:1035B000B0690078C00606D4F0690078C00602D46D
:1035C000F079002806D0B079002803D101210846FF
:1035D000FCF79BF8032030703079002803D1FBF70B
:1035E000BDFF01203071F8BD70B5A0481C30FEF75A
:1035F000B9F901259D4C002802D00020607002E03E
:1036000065709F48E061606940300078002802D012
:103610006078002805D0E069FBF752FFFCF795FAC7
:1036200070BD9748FBF74CFF9548283005766269D6
:10363000116F526F42610161914AE169FCF753FADF
:103640000120FCF75FFA70BD10B588490023486976
:1036500002462030C3768377012049239854A03254
:103660009279002A03D008700021022001E0002195
:103670000320FFF7FAFD10BD70B57C4C6079C206DF
:103680002046406901468031002A01DA002202E02A
:10369000CA8DCB8BD218CA850246C0321379002B53
:1036A00005D0034640331D8AC98B69181982617A97
:1036B000002903D03D2001F051F94AE003462033B0
:1036C000D97E042945D0217A002913D0480701D496
:1036D000C80601D51E2030E0080701D53D202CE0AA
:1036E000C80705D1880703D461A1664802F09BFE94
:1036F0002A2022E04030817D002905D0418A4D1CDE
:103700004582858AA9420FD2517A062902D0117AC0
:10371000062905D1018B4A1C0283828A914203D279
:10372000028AC1898A4201D3222006E09A7F8089D9
:10373000002A0AD088420FD3082001F00FF96069EF
:103740002030C07E042804D006E0062804D33E20A2
:10375000F3E7FFF779FF70BD0120207000210846D4
:10376000FFF783FD70BD10B5404840690146203128
:103770008A7F002A29D0012A27D0022A06D0032ACC
:1037800004D03BA1404802F04EFE10BDC97E032983
:103790000FD0082919D001464031CA898989511AA8
:1037A000891E89B2032900D303218030828B5118EE
:1037B00009E0014640318A89032A06D3028EC9896D
:1037C00080305118491C018310BD8030818BFAE78D
:1037D00000B5030002F018FF0604070B0F121217C2
:1037E00000290ED00FE0891E02290AD90BE0891F9B
:1037F000012906D907E0082903D004E00B390C2978
:1038000001D8012000BD002000BDFEB505461748C7
:103810001830FEF740F8002804D11B4814A1D13815
:1038200002F001FE114CA069FDF702FC0321A06922
:10383000FDF721FCA069EF220178114001702946B3
:10384000FDF740FC002601272B0002F0DDFE0E5C98
:103850005C085C2C6060255C4C5C603C375C60699B
:103860006521095C002911D0062111E0C400002067
:103870007372635C6C6C5F736C6176652E630000C1
:1038800090140020430200005C080000C030417921
:10389000A069FDF797FC3AE060698030417CA0693F
:1038A000FDF7D7FC33E06169A069B831FDF7ADFCE5
:1038B0006169A0698C31FDF7AEFC28E00621A069A2
:1038C000FDF7C5FC23E020690178A069FDF7A9FC9C
:1038D00020698188A069FDF7A6FC20694188A0695C
:1038E000FDF7A5FC13E00096019660696030007951
:1038F000002803D069460878384308706946A069F3
:10390000FDF7B1FC03E0F949F94802F08CFDFDF741
:10391000D4FF002804D1F648F449801D02F083FD4D
:103920000C2D06D0072D03D0606940304682877584
:10393000FEBD606940300683FEBDF0B5ED4CC82089
:1039400061698DB0405C04280AD0052835D15C201F
:10395000405C00282AD0012060314871022026E016
:1039600010226846D63101F030F86169102204A8AF
:10397000B03101F02AF8684601F0DFFB08AE8DCEC9
:10398000616984250E4678360DC66F5000250D6797
:103990004D67012540267554D74D88318DC5284681
:1039A0000822093002F0C1FB052000E00D20FFF7DE
:1039B0002CFF61690020C03108720DB0F0BDF8B570
:1039C000CC481830FDF767FF002848D0C94C207A52
:1039D000002844D16069C421095C002500290ED06B
:1039E0002030C17E0120FFF7F3FE002807D1606977
:1039F0002030C17E0420FFF7EBFE002806D060696E
:103A0000C921095C0126062907D00DE06069502113
:103A10000D526030457102204EE02030C17E0420FE
:103A2000FFF7D6FE002813D0616908462030C27E19
:103A3000921E130002F0E8FD166262621D6262626D
:103A400060621F6262622843626262626262466210
:103A500060695E21095CC90702D0C0304572F8BDBB
:103A60000C20FFF7D2FE60694030817F31438177BF
:103A7000F8BD072020E0FDF79AFF0028F8D0606924
:103A8000403005700B2017E0F9F741FA0C28EFD30E
:103A900060690821B830F9F73BFA002806D0606960
:103AA00004218C30F9F734FA002804D1C72093A1FF
:103AB000C00002F0B8FC0420FFF7A7FEF8BDFFF736
:103AC0003CFFF8BD00228A66CA66C6770A4678318E
:103AD000C8C9894878322838D26842632830C8C0BB
:103AE00008220D30091D02F020FB0620FFF78DFE95
:103AF000606940308575F8BD0920DDE700F036FFCC
:103B0000F8BD70B57B4C3B216069095C08292FD159
:103B10000146028EC0314B89521C9A4228D1227A2A
:103B2000002A25D10A8A83889A4207D14B8AC58800
:103B3000AB4203D18B8A0589AB4209D043884B85C0
:103B40008A854A8ACA858A8A0A860122E6210A5417
:103B500001221146FDF747FC00210420FFF785FBF9
:103B600060690021C92211542030C1760321817778
:103B700070BD70B55F4C60692030C07E172803D0DF
:103B80005EA1624802F04FFC616900220B4640339F
:103B9000DA7608469A75E030867D0B240125002EE2
:103BA00006D0837C002B14D1C4740275857410E098
:103BB0001E7F002E07D01A774C88FA235C520276BB
:103BC0000C23837505E04E88FA235E520276057752
:103BD00084752031CA7670BD70B5464CA0798007D7
:103BE00036D5207A002833D160692030C17E01208B
:103BF000FFF7EEFD00282BD1A0690126C078002533
:103C0000030002F001FD0E8585088537465F0A85B1
:103C1000168526625285032152E060692030C07EFD
:103C2000052804D0394835A1333802F0FCFB60691F
:103C30000CE060692030C07E092804D033482FA1F1
:103C40002D3802F0F0FB606956210D542030C57606
:103C500070BD60692030C07E0B2804D02B4827A19E
:103C6000263802F0E0FB60695B210E540C21203005
:103C7000C17670BD60692030C07E0F2804D0234813
:103C80001EA11F3802F0CFFB60695B210E5410218A
:103C9000EDE760692030C07E102804D01B4817A1D2
:103CA000183802F0C0FB12210AE060692030C07EA3
:103CB000102804D0154811A1123802F0B4FB1421C9
:103CC0006069D4E7FFF755FF70BD60690146C030F9
:103CD000027A062A04D14031897F890700D505720E
:103CE000417A0629F0D1457270BD0000703801009C
:103CF000CD070000C4000020B81400207372635C7C
:103D00006C6C5F736C6176652E6300004C0500007F
:103D1000FD49FE4802F087FBE6E710B5FC4C606900
:103D20002030C17E0020FFF753FD002803D1207A08
:103D3000012108432072207A002808D1E069FDF7AC
:103D4000EBF961699122505405202031C87610BDED
:103D500010B5EF4C60690146C0314A7A002A06D09E
:103D6000097A062903D0217A012211432172217A8E
:103D7000002928D14030807F800715D4E069FDF705
:103D80005AFA61694031C877E069FDF756FA61690E
:103D900040310884E069FDF755FA6169022240313B
:103DA0004884887F10438877606900220146C031CB
:103DB0000B7A062B00D10A724030837FDB0702D1D9
:103DC00006234B72028310BDF8B5D14C60692030D8
:103DD000C17E0020FFF7FCFC0125002807D16069A7
:103DE0004030007F002802D1207A28432072207AB8
:103DF000002830D160690026014640304682857532
:103E0000B031E069FDF7EFF96169E0698831FDF7EC
:103E1000F3F960690146E030827D0827002A06D068
:103E2000817C002913D1C774067585740FE04A8818
:103E3000F8204252FA31E069FDF7C8F96169E0699A
:103E4000FF310331FDF7CAF96069E03087756069B9
:103E50000F212030C176F8BD10B5AD4C606920301F
:103E6000C17E0020FFF7B4FC002803D1207A012195
:103E700008432072207A002812D1E069FDF769F921
:103E800000280ED0E069FDF75FF96169CA2250523F
:103E9000098E00F0D6FD002806D0282000F05EFD37
:103EA00010BDFFF73AFF10BDE069FDF74BF96169FE
:103EB000C0310873E069FDF740F96169C031C8811C
:103EC000E069FDF72BF96169C0310882E069FDF70F
:103ED0002AF96169C0314882E069FDF729F9616911
:103EE000D422505208202031C87610BDF8B5884C35
:103EF000A079C00776D0207A002873D1606920307D
:103F0000C17E0120FFF764FC002863D1E069002531
:103F1000C178022701260B0002F076FB0D1613086C
:103F2000415A5A445C575A192F545A00FDF74CF91C
:103F30006169C62250543B20475440314D828E75F2
:103F400048E000F093FD45E0FFF786FF42E060693E
:103F50002030C17E0020FFF73BFC002802D1207AF0
:103F600030432072207A002834D160690146403104
:103F70004D828E750B2120300FE0606901462030A4
:103F8000C27E0C2A02D0227A3A432272227A002A76
:103F900020D1C57740310E770D21C1761AE0FFF7A9
:103FA00013FF17E0606901462030C27E122A02D05A
:103FB000227A3A432272227A002A0BD140318D753F
:103FC0001721EAE7FFF7C4FE04E000F00DFD01E071
:103FD000FFF7A3FE62690023106F516F401C594127
:103FE00051671067F8BDF8B5494C05466069203047
:103FF0008079012801D1FBF7E9FA012D14D160691C
:104000004021095C002903D12030C07F002801D065
:10401000FBF79BFDFBF7BDFAFBF7B0FAFBF708FADD
:10402000FBF72DFAFBF746FA60790225C107012656
:10403000002901D180070ED560692030817F0029D9
:1040400002D0032902D006E0867700E085770021C0
:104050000120FFF70AF960692030817F012903D12F
:104060006179090700D58577607A002803D100F0CF
:1040700027FDFFF7A4FC207900250028606902D005
:104080008030058403E08030018C491C0184607914
:10409000C00705D06069AC210D544030858104E033
:1040A000616940318889401C8881E079002806D008
:1040B0006169A031087B022806D8401C087360693A
:1040C000A030007B022806D9606901468030058453
:1040D0004584A0310D7360692030C17E0020FFF758
:1040E00077FB002804D160692030C07E072855D1B5
:1040F00060690146C0310A7A062A4FD0497A0629FA
:104100004CD03E21095C05E0FC3C0100BA050000F2
:10411000C4000020022941D1A030007B00283DD1FD
:10412000FDF74FFB002839D0FDF704FC002835D0FF
:1041300061690A468032508B01282FD90846A03089
:10414000844646716038C7898389B81E834201DB83
:10415000012002E0F81A401E80B2138CA789BB42EE
:1041600001D3012302E0FB1A5B1C9BB2984200D9E9
:104170001846012801D163465D71C0310B78002BD0
:1041800010D0528C49888A4201D3012102E0891A59
:10419000491C89B2884205D9084603E061690120BB
:1041A000A0314D7161690A8E803110188883FFF744
:1041B000DAFAFFF761FAFEF756FF002809D06069C6
:1041C0000146FF3001300279002A02D14988C180BE
:1041D00006716069A0308571F8BD70B5F84C6069F2
:1041E0002030407D00283ED0022810D1FDF7C2FAD1
:1041F000002804D17120F349000102F014F962692A
:104200000023916ED06E491C58419166D06660695A
:10421000002520304575017D012904D10575A1795E
:1042200010221143A171C17C012915D1C574A07957
:1042300008210843A071FDF76AFB002804D1E5209E
:10424000E049C00002F0EFF860690023816EC26EA1
:10425000491C5A41C266816660692030817D01290E
:1042600002D0012181753FE585753DE570B5D44CDF
:104270000026E169012508788207920F0420012AAF
:1042800015D0022A13D0032A03D0217A01432172C8
:104290002AE560780028FBD1606920308574A17917
:1042A0002943A17122E0C6751EE5C5751CE5497854
:1042B000CA0624D06278002AEAD1C906C90E1B2991
:1042C00018D8617901436171FDF75FFB002804D1C3
:1042D0003B20BC49400102F0A6F860690023016F51
:1042E000426F491C5A41426701672030C17D012954
:1042F000DBD1D8E7207A102108432072F4E460690A
:10430000F3E77CB504460020C0436946888001A8D5
:10431000FCF7B2FD00287AD169468888FCF790FD49
:10432000002803D0A749A84802F07DF8009801466C
:10433000E030827C0025002A08D0657010212170B1
:10434000C17CA170017DE170857472E082799C4E20
:10435000002A13D065700720207008E07169E620FC
:104360008D8445540A22A01CE83101F0DEFE00983D
:10437000E03080790028F1D1A5705AE0827D002AD2
:1043800038D0827D130002F03FF90D2F2F2F2F2FF1
:104390002F2F2F112F2F24082F0065700C21217033
:1043A000017EA17071694988A18010E065700820C4
:1043B00020707069082240886080201DFA3101F069
:1043C000B4FEFF2100980331095AA181E0308575C0
:1043D0002FE065700B212170017EA1707169498801
:1043E000A180017FA171F2E7774876495D3002F044
:1043F0001AF81EE0C81DF9300279002A08D01122EF
:1044000065702270811C89886180057111E012E05D
:10441000027A002A0FD012226570FF312270033118
:1044200004E005720A8962804A89A280027A002A21
:10443000F7D101207CBD00207CBD614800780128B7
:1044400001D00C2070470020704770B55C4C0546C9
:104450002078002804D05C485A49933001F0E3FFEB
:1044600000202561A07201202070FFF7E6FF0028E0
:1044700004D0554853499E3001F0D5FF34E4F8B5D7
:104480004F4F3978012901D00C20F8BD0126A62113
:1044900078610E548030807CFDF752F900282FD0CF
:1044A00078698030807CFDF753FA002828D078693D
:1044B0008030807CFDF7E5F9002821D078698030D4
:1044C000807CFDF70AFA00281AD0FAF7E6FF78692F
:1044D00000258030408B002827D039481830FDF760
:1044E000DAF9002821D07869C421095C00291CD0A0
:1044F0002030C17E0120FFF76BF9002802D014E0C4
:104500001220F8BD78692030C17E0420FFF760F9E1
:1045100000280AD1786950210D526030457102207F
:10452000FFF773F97869A03045717869E621095C75
:10453000002903D1818CC288914200D8C188B981F9
:1045400001468031CA8B521E93B20A8CD21892B2A5
:104550000A8494460246A0321479002C02D04D847D
:10456000157102E04C8CE4184C8404464034A78951
:10457000FF18A7814C8B012C01D8641C4C83002BA5
:1045800000D015732030C07E0D4C04281ED0507909
:1045900000281DD0A1898C451AD2FDF712F90028F8
:1045A00016D060690146C0310A78002A10D08030E8
:1045B000408C498888420BD3A570E6700AE0000061
:1045C000C4000020FC3C010081080000A67001E04E
:1045D000A570E5706069A5210D543B21095C062991
:1045E00001D0072918D1CA21028E095A511A09B2DD
:1045F000002911DB01460522CC310A3001F095FD7E
:10460000012202216069FCF7EEFE6069C9210D54A8
:104610003B210D546030867160699E210A5A811CCD
:104620003030FCF71EFFA07800283DD16069C02122
:10463000095C002901D0803045840120FAF7A4FDEF
:1046400060691330FAF713FF60690F30FAF753FE11
:104650000120FAF71FFF61694020405C002803D168
:104660003F20405C00280DD00A467831C8C9F9487F
:104670007832D26842632830C8C008220D30091D44
:1046800001F053FDFAF701FF01210846FAF758FE41
:1046900060698030806AFAF716FFFEF7A5FF60694F
:1046A0004030007AFAF730FE6571E571A571257228
:1046B0006572257102202070FAF7FCFE0020F8BD1B
:1046C00010B5E54C2078022801D00C2010BDA07850
:1046D000002803D00020FFF786FC17E0FAF7DDFE84
:1046E00000F033F9606920308079012801D1FAF7B0
:1046F00076FFA07A002809D0012807D0022807D029
:10470000032805D0D549D64801F08DFE002010BD04
:10471000EEF77EFCFAE7D0498872704710B5CE4CB0
:104720002078032804D0CE48CC49293001F07BFE04
:10473000606901212030827C002A06D00022827428
:104740000175A27904231A43A271A2691378DB438D
:104750009B0707D1C37C002B04D1C174A07902212F
:104760000843A0711078C00606D4E0690078C0063E
:1047700002D4E07900280CD06078002809D1A07913
:10478000002806D1FEF75DFC002802D0207A002820
:1047900003D00120FFF727FC03E0FEF725FF00F020
:1047A000D4F8207801280DD0A07A00280AD001285A
:1047B00008D0022807D0032805D0A948A7496830A7
:1047C00001F031FE10BD0120FBF719F810BD10B546
:1047D000A14C606920308079012812D1FAF7F6FEE9
:1047E0006169881C3031FCF7C5FE002809D060697A
:1047F000C21D4388F93253812030007E107301209E
:10480000107210BD70B5944C05462078042804D071
:1048100093489249803001F006FE617910200143EF
:104820006171002D50D0FBF7A8F96178012508438C
:10483000002811D160694021095C00290CD0E16990
:104840004A78D20608D0097820300907C07DC90F00
:10485000814201D165724EE0E078002809D0E0691C
:104860004178C90605D10078C00602D4FFF7AFFF32
:1048700041E0FFF7ACFFE06900784007C10F6069D5
:104880002030807D814205D0FFF7A7FC60790821A8
:1048900008436071E06900780007C10F606920304B
:1048A000C07D814201D1FFF7E1FC6079284360714E
:1048B0000020E071A079000704D560692030C07E37
:1048C000032818D0207A14E0022001436171E079B6
:1048D000401CC0B2E07101280DD8606940300078FA
:1048E00000280CD05B484078C106C90E052906D2C5
:1048F000C006002803D00120FFF775FB01E0FEF79A
:10490000BDFD207801280DD0A07A00280AD001280A
:1049100009D0022806D0032805D051484F49E2307B
:1049200001F081FD9FE40120FAF769FF9BE410B5D7
:1049300049480078042804D049484849EA3001F041
:1049400072FD0120FFF74FFB10BD10B501210020C3
:10495000FAF7DBFE40490420087010BD3E494A22A8
:104960004969505404202031C876704710B53A4C3C
:10497000C8206169405C00281CD0062806D0203180
:10498000C97E0020FEF724FF002813D0606901468D
:10499000C0310A7A130001F037FE070D0D0D0D0D21
:1049A0000D050D004030807FC20704D0C043800752
:1049B00000D1087210BD0C20FEF727FF60690122AC
:1049C0004030817F1143817710BD10B5002A0AD095
:1049D000002306E0D41A6418203CE47FC4545B1C16
:1049E000DBB29342F6D310BD7CB51B4C606920301E
:1049F000C17E0020FEF7ECFE0125002802D1207ABE
:104A000028432072207A00281AD16946E069FCF711
:104A100022FC684600780022C107C90F6846017071
:104A20006069002902D06030057101E060300271D8
:104A30006069014640304282857509202031C87680
:104A40007CBD401A074900B2884201DC00280BDC1B
:104A50000120704790140020C4000020FC3C01009D
:104A6000F4090000FE7F00000020F2E710B5534C6F
:104A700060692030C17E0020FEF7AAFE0028207A5F
:104A800010D000280DD1E069FCF797FB6169CA22BC
:104A90005052098EFFF7D5FF002807D02820FFF7D6
:104AA0005DFF10BD01210843207210BD6169E069FE
:104AB000CC31FCF77AFB606906212030C17610BD4D
:104AC00010B500F04EF83D4C607940070BD5606999
:104AD0002030C17E0520FEF77BFE002803D0207A1F
:104AE000082108432072FFF701FA00F018F8FFF7D9
:104AF00073F8A079C0060FD5207A00280CD1606920
:104B00002030C17E0B0001F07FFD07070707070774
:104B1000070507000721C176FEF7F3FF10BD10B5AA
:104B200026488179490715D5017A002912D14069B3
:104B30003B21095C891E0B0001F066FD07050C0C8A
:104B40000C0D0C0F0C00002256210A54C030807945
:104B5000FFF704FF10BD012100E00221C0304172C7
:104B600010BD10B515488179090720D5017A0029B3
:104B70001DD1406902462032D47EA41E230001F0DC
:104B800043FD13160B1616161616161616161616BF
:104B90001616161616171600562211546030407954
:104BA000002801D0062000E01620FFF7D7FE10BD38
:104BB0004030C1768175D17610BD0000C400002060
:104BC00030B50346002002460DE09C5C2546303D92
:104BD0000A2D02D30020C04330BD0A256843303877
:104BE0002018521CD2B28A42EFD330BD70B50D46A8
:104BF000144608E00A2101F012FB2A193031203A4C
:104C0000641ED177E4B2002CF4D170BD10B500233E
:104C100010E0040A00020443A0B2CC5C4440200629
:104C2000000F60400407240C44402006C00C604084
:104C30005B1C9BB29342ECD310BD000010B572B662
:104C400000F0DCF800280BD0ECF72AFBF8F7EFFDBA
:104C500000F0A5FD6E490020C86288626D490860B9
:104C600062B6002010BDF3B5002501200007C06A20
:104C700081B0C0430006000E04D167480068401CA4
:104C800000D1012572B600F0B9F8002802D062B652
:104C90000820FEBDECF75AFAECF706FB5F4B604EBE
:104CA00000211A68CA40D2071FD00246CA40D20764
:104CB00018D14AB2002A07DA1407240F083CA408C6
:104CC000A400A419E46904E09408564FA400E41970
:104CD00024689207D20ED4402206920F012A04D0F3
:104CE000032A02D062B65048FEBD491C2029D8D301
:104CF0000198030001F088FC14212323232323239C
:104D000023230B0D0F11131F1517191B1D2E002424
:104D100016E0012414E0022412E0032410E004242D
:104D20000EE008240CE009240AE00A2408E00B2421
:104D300006E00C2404E0052402E0072400E0062439
:104D4000F06901210002000AC9070843F061002D43
:104D500004D009E062B601200003FEBD2C4D3348AB
:104D6000E862ECF7A1FAA8622A49314808603149A3
:104D700002980860ECF798FA214600F0F7FCF8F783
:104D80001AFD00F0FDFE00F073FD0198ECF756FAF5
:104D9000040062B603D0FFF751FF2046FEBD00209D
:104DA000FEBD10B5044600F029F8002800D001200F
:104DB0002070002010BD204908600020704710B509
:104DC0000C46102808D011280BD012280CD013281C
:104DD0000ED00120086010BD03CC083CFFF743FF54
:104DE0000AE0FFF72BFF07E02068FFF7DAFF03E098
:104DF0001149206808600020206010BD05480C495A
:104E00000068884201D101207047002070470000EF
:104E100000050040780000200010001000E100E0D4
:104E200000ED00E000E400E00110000000190000C7
:104E3000BEBAFECAE40000200400002010B52038ED
:104E40000C46030001F0E0FB33A6AAAEB2B8BCC02A
:104E5000C5E0DBE41B1F23272C31373C41474D5075
:104E600054585C606D71656974787C8084888C901E
:104E700094989C9FA2CACFE9F0F3D3D7F80020689A
:104E800000F0DDF8D6E0206800F0E1F8D2E020681C
:104E900000F0F5F8CEE0207840B200F0D7FAC9E093
:104EA000207840B200F0F5FAC4E02078616840B2A2
:104EB00000F008FBBEE0207840B200F018FBB9E03B
:104EC000207840B200F023FBB4E02078217940B292
:104ED00000F02EFBAEE02078616840B200F058FB95
:104EE000A8E000F064FBA5E0206800F068FBA1E00A
:104EF000207800F07DFB9DE02068F8F72CF899E021
:104F00002068F8F72CF895E021792068F8F72EF85A
:104F100090E0206800F0E6F98CE0206800F0E7F906
:104F200088E0207800F0E7F984E000F0F1F981E012
:104F3000207800F0F3F97DE0207800F005FA79E0C0
:104F4000206800F01EFA75E0206800F020FA71E099
:104F5000206800F022FA6DE0206800F023FA69E092
:104F6000206800F025FA65E0206800F027FA61E08B
:104F7000206800F028FA5DE00846ECF7FFF859E0F9
:104F8000EDF719FA56E0EDF746FA53E02068EDF731
:104F90004EFA4FE0206800F0E1F84BE0206800F0A6
:104FA000E9F847E0206800F0F0F843E02078A268D4
:104FB000616800F0F5F83DE0207800F006F939E08E
:104FC000207800F017F935E02078616800F027F9C3
:104FD00030E02078616800F03AF92BE02179207800
:104FE00000F016FC26E0206800F06BF822E0206854
:104FF000F8F70CFB1EE02068F8F7F0FA1AE007CC8F
:105000000C3C00F0FFFC15E0206800F052FD11E0C0
:1050100003CC083C00F07DFD0CE0206800F06EFF42
:1050200008E009E003E0FFE700F080FF02E020680D
:1050300000F0B8FF206010BD0120086010BD002105
:105040000170084670470146002008707047EFF372
:105050001081C907C90F72B60278012A01D0012256
:1050600000E0002201230370002900D162B6002A6B
:1050700001D000207047012040037047E7E7EFF3BD
:105080001081C907C90F72B600220270002900D131
:1050900062B600207047F2E710B52848FFF7CFFF4F
:1050A000002803D026A11D2001F0BDF92348401C93
:1050B000FFF7C5FF002803D021A1212001F0B3F99B
:1050C00010BDF1B5224D6F6801261C48FFF7BFFFE8
:1050D0001A4C002803D10026601CFFF7D0FF1D4AA0
:1050E0001D490120506000BF00BF00BF00BF00BFCE
:1050F00000230B604B60009B6B60106000BF00BF23
:1051000000BF00BF00BF0868002802D1486800281F
:10511000F9D048680028E4D1002E04D06F60601CEC
:10512000FFF795FF07E0601CFFF791FF0028D3D140
:105130000248FFF7A4FF0020F8BDC2E7E800002006
:105140007372635C736F635F6563622E630000005C
:1051500000E5004000E0004000E100405A495B4BA0
:105160000A685B499A42096801D18904890C016087
:10517000002070475449554B0A6855499A4201D15D
:105180008004800C4860002070474F494F4B0A68EC
:105190004F499A4201D18004800C886000207047FA
:1051A00030B5494B494D1C684A4BAC4202D01028DF
:1051B00002D203E00E2801D3184630BDC300444894
:1051C000181801614261002030BD3F493F4B0A6819
:1051D0004049491C9A4202D0042802D203E0022826
:1051E00001D3084670473C4A0121C0008018016085
:1051F000002070473449354B0A683649491C9A42A9
:1052000002D0042802D203E0022801D308467047E6
:10521000314A0121C000801841600020704770B5FC
:10522000294A2C4B14682D4E284D82005B1C921984
:10523000AC4203D0042803D2116006E0022801D357
:10524000184670BD8804800C1060002070BD70B5D9
:105250001D4A204B1468214E1C4D82005B1C921984
:10526000AC4203D0042803D2106806E0022801D320
:10527000184670BD10688004800C0860002070BD66
:1052800010B5134A164890600E200021C3009B18E9
:1052900019615961401C1028F8D300200F4A05E01D
:1052A000022803D383009B18196005E083009B1834
:1052B0001C68A404A40C1C60401C0428F0D310BD7E
:1052C000034907488860704778000020BEBAFECACC
:1052D00000F501400820000000F0014000F8014006
:1052E00000C0FFFF47490968016000207047454939
:1052F0000860002070470121434A002803D001289C
:1053000003D042487047916300E0D16300207047AA
:105310003F49012008603D48801C704704223D4BF6
:105320003B49002805D05A600869012210430861F2
:1053300008E008694008400008619A60324900208E
:10534000C03188600020704731490622002808D00B
:10535000012809D002280DD003280FD02B48401C6B
:1053600070470869904302E008699043801C086117
:105370000020704708699043001DF8E70869104352
:10538000F5E723494A6A02434A62002070472049F0
:105390004A6A82434A62002070471D49496A016097
:1053A000002070471A49CA690243CA610020704749
:1053B0001749CA698243CA61002070471449C96904
:1053C0000160002070471249024600204031002A47
:1053D00003D0012A01D0072070478A6370470D4926
:1053E0000420886008490020C03188600A480168AC
:1053F0008022090A0902114301600849012008605E
:1054000070470000000400404000004004200000FD
:10541000000500400003004000E400E000E100E07F
:105420008107C90E002808DA0007000F0838800835
:10543000814A80008018C06904E080087F4A8000AB
:1054400080180068C8400006800F704710B50446F9
:1054500000F0DBF8002813D02046FFF7E1FFC0B2D0
:1054600000F0E1F800280DD07549E2060B78D20E65
:1054700001209040002B08D04A681043486006E0A5
:10548000704810BD6F48401C10BD6F490860002077
:1054900010BD10B5044600F0B8F800280BD06849DC
:1054A000E2060B78D20E01209040002B05D04A680E
:1054B00082434A6004E0634810BD6349803108605C
:1054C000002010BD70B50D46044600F09EF800287F
:1054D0000BD05E480068E206D20E012191400840E0
:1054E00000D001202860002070BD564870BD10B566
:1054F000044600F08AF8002807D0E106C90E012012
:10550000884052490860002010BD4E4810BD10B5BB
:10551000044600F07AF8002808D0E106C90E012000
:1055200088404A4980310860002010BD454810BDC0
:1055300070B50D46044600F068F8002819D02846DA
:1055400000F071F8002816D0A007C10EFF228A4093
:10555000A807000E8840002C10DA2107090F08392F
:105560008B0835499B005B18D96991430143D96188
:105570000CE0344870BD3348401C70BDA3082F496F
:105580009B005B181968914301431960002070BDAE
:1055900070B50C46054600F038F8002805D02846BE
:1055A000FFF73EFF2070002070BD264870BDBFF39E
:1055B0004F8F21492648C860BFF34F8FFEE770B573
:1055C0001F4C05462178012000290ED1207072B6AB
:1055D00000F0F4F81C4E803631688143616000F0C1
:1055E000EDF8C043306062B600202870002070BD26
:1055F00013490A78002A06D0002804D1124A4868C4
:105600001060002008700020704710B50446202864
:1056100007DA00F0D3F80121A140084201D10120AE
:1056200010BD002010BD012803D0032801D00020A8
:10563000704701207047000000ED00E000E400E04A
:10564000EC0000200120000000E100E000E200E0AA
:105650000400FA05F8B50446800700250126002855
:1056600004DA5848C563C66302208443E00404D5C5
:105670005548C563C66380148443600003D553480E
:10568000456080058443E00504D55148C563C66381
:1056900080158443A00404D54E48C563C6634014F6
:1056A000844360042704C00FF90F884203D04AA145
:1056B000612000F0B8FEB80F0AD04C49CD634C48C9
:1056C000C563C563CE63C663C6630320800384439A
:1056D00020050AD5474FFD632F20EBF765FDFE63DC
:1056E0002F20EBF761FDF8148443FFF7C9FD424812
:1056F000044203D038A18D2000F095FEF8BDF0B52E
:1057000000210A46FF230446CC40E4072AD04CB2CD
:10571000E606F60E0125B540384E3560384E356048
:10572000002C11DA25072D0F083DAE08354DB600C7
:105730007719FD69A407E60E1C46B440A54314463C
:10574000B4402543FD610DE0A6082F4DB600761943
:105750003568A407E70E1C46BC40A5431446BC4070
:1057600025433560491C2029CDD3F0BD70B5274CA9
:105770000D462060FFF76EFF2068FFF7C0FF284648
:10578000ECF7EAFEFFF788FCF7F778FBFFF778FD08
:10579000FFF725FEECF766FD00F06AF870BD10B566
:1057A0001A4C2068FFF756FF2068FFF7A8FFFFF7A5
:1057B00067FDECF74BFF0020206010BD1348006828
:1057C00070470000C01F0040C0CF004000E501400E
:1057D000C08F0040C0DF00407372635C736F635F13
:1057E000636F6E6669672E6300000000C0EF0040C3
:1057F000C0FF0040C0BF0040FEFF0FFC80E100E0A2
:1058000080E200E000ED00E000E400E0F4000020B1
:1058100070B5002402460D4620462146002A1ED0BF
:10582000012A04D0022A04D0032A1ED103E0012059
:1058300002E0022013E003202B0000F0E5FE071633
:105840000507090B0D0F1600012108E0022106E0F3
:10585000032104E0042102E0052100E00621F8F71D
:1058600058F8002801D0204670BD0724FBE700004F
:10587000B348002101708170704770B5B14D0123AC
:105880006B60B14B1C68002CFCD0002407E00E6854
:1058900006601E68002EFCD0001D091D641C944289
:1058A000F5D30020686018680028FCD070BD70B582
:1058B000A34C0E466178884203D0A4A16F2000F06B
:1058C000B2FD0325330000F09FFE09520624245246
:1058D0005252524952002078022803D09BA17320D3
:1058E00000F0A1FD2570A078022802D0012804D084
:1058F00008E0A06800F0D2FB04E02046083007C8AA
:10590000FFF7BBFF0020A070F7F7A4FF0420207072
:1059100070BDF8F754F801466068F9F776FA064664
:105920002078022803D089A1872000F07CFD8B4AD3
:105930008B498C48964205D86269032A02D2521CD0
:10594000626102E0864207D84D71801BC8608449BD
:105950006078F8F7B4FC70BD032003E0A07800285D
:10596000FAD10220F7F77EFE00F0E1F870BD77A1D2
:10597000B12000F058FD70BD70B50546F8F71FF86E
:105980006F4C60602078012803D070A1B82000F02F
:105990004AFD73490220087000220A718D600422BA
:1059A0004A71704ACA6020706078F8F788FC70BD50
:1059B00010B5634CA078002802D12078002801D0CF
:1059C000112010BD6848F7F78BFF607060780028E1
:1059D00004D0012020700020606110BD032010BDA4
:1059E00010B50124020B64040121604BA04202D2D5
:1059F0009140186802E0203A58689140084000D071
:105A0000012010BDF8B50E46910005464F19144609
:105A10003F1F009100F053FB009980028919091F74
:105A2000B14201D2012200E00022002C03D0FF216C
:105A300001318C4201D90920F8BD4D498D4219D35D
:105A4000AF4217D3854205D2874203D2284630435E
:105A5000800701D01020F8BD8E420BD3002A09D157
:105A60002846FFF7BDFF002804D13846FFF7B8FFEE
:105A7000002801D00F20F8BD3E483F490068884209
:105A800005D0224631462846FFF7F7FE0FE0FFF724
:105A90008FFF0028EFD12A480121C660856004618C
:105AA00081702046302148431830FFF765FF002001
:105AB000F8BD10B504462E48800A84420BD300F08E
:105AC000FEFAA04201D8102010BDA0020446FFF744
:105AD00087FF002801D00F2010BD26482649006806
:105AE000884203D0204600F0D9FA0AE0FFF760FFB1
:105AF0000028F1D112480221846081701F48FFF70D
:105B00003BFF002010BD1A48010B01208840401EB9
:105B1000704700B50B460246FFF7F5FF104201D073
:105B20000F2000BD114802604360002000BD10B589
:105B3000034C6078F7F728FF00202070A07010BD9C
:105B4000F800002000E5014000E401407372635C4E
:105B5000736F635F666C6173682E6300307500005D
:105B6000E0140020D0FB0100AF5801000006004007
:105B70000080010078000020BEBAFECA3A5600003C
:105B8000F74805218170002101704170C17081606A
:105B9000704710B5F3490A78022A07D0CA6810186E
:105BA000C860C8689638F9F7E9F810BD8A68101817
:105BB00088608868F6E70378EB49EC4A002B02D04E
:105BC000012B10D014E00379002B01D0012B0FD151
:105BD0004379002B01D0012B0AD18368643B8B42AF
:105BE00006D2C06810E00379002B03D0012B01D04E
:105BF000002070474379002B01D0012BF8D1C368F6
:105C0000643B8B42F4D280689042F1D80120704707
:105C1000F8B504460226F8F740FD0068002803D0D6
:105C2000D3A1BD2000F0FFFB0127CD4D002C08D0F3
:105C30002078002817D0012805D0022811D0032889
:105C400013D02F710DE06068C82808D3F9F70BF95D
:105C5000002804D06068FFF79CFF012603E00026BF
:105C600001E000F0F9F93046F8BD28780028F8D1B5
:105C70006068FFF7A0FF0028E3D060680078002884
:105C800026D0A878042803D0B9A1F72000F0CBFBD8
:105C9000B44F0020387060680079012800D00020DF
:105CA000387160684079002837D0042078716068C6
:105CB0008168E868F8F71DF9B8606068C0689630D8
:105CC000F8600320A870A749E878F8F7F8FAC8E761
:105CD000A4480221017061680979012919D00021C5
:105CE000017161684979002915D004214171616809
:105CF0008968963181606168C968C160C068984CE4
:105D000014346060F7F75BFE20606F700220A870AB
:105D1000A7E70321E4E70321E8E70320C6E7F8B596
:105D20008F4C0D46E178884204D0FF2090A11930B5
:105D300000F079FB28468A4F00250126143703001E
:105D400000F062FC090612375A7C8D97C4A0C4008B
:105D5000A078032807D0A078022804D0FF2084A1CF
:105D60001D3000F060FBF8BDA078032807D0A078B4
:105D7000022804D0FF207EA1213000F054FB042033
:105D8000A07025712078002810D1FFF702FFE0787D
:105D9000F8F7D6F8E0607D49886A7D4A02402261C2
:105DA0007B4AD24310408862002050E000F054F952
:105DB000F8BDA078032807D0A078022804D0FF20DF
:105DC0006BA1423000F02FFB2078002802D000F0B9
:105DD0004FF9F8BDA07803281FD104202AE0091A42
:105DE0006048C1600146E078F8F769FAF8BD042020
:105DF000F7F738FCA570F8BDA078032807D0A07885
:105E0000022804D0FF205AA1633000F00CFB207858
:105E10000028DCD1A07803280BD0F7F7D0FD01468D
:105E20003868F8F7F2FF0028E1DB79688142DEDBB1
:105E3000D5E70520F7F716FCA670F8BDA078042872
:105E400004D0FF204AA1843000F0EDFA0220A168BE
:105E50008847FFF7DDFEFF260546BD3642E0A07805
:105E6000042804D0FF2042A1893000F0DCFA012090
:105E7000EDE7A078042899D0FF203DA18E3000F0F6
:105E8000D2FA93E7A07804280AD06078002802D0DC
:105E9000A078022804D0FF2035A1933000F0C3FA87
:105EA0002078002893D12079002804D00620F7F725
:105EB000D9FB2571C0E76078002805D02949E07832
:105EC000F8F7FDF96570F8BD0720B3E7FF2028A1BA
:105ED000AE3046E7002D0AD0012D06D024A1304671
:105EE00000F0A1FA022DF5D1F8BD042000E0032056
:105EF000A1688847FFF78CFE0546F3E770B50500FB
:105F000005D0174CA078052803D0112070BD1020B3
:105F100070BD2048F7F7E4FCE070E078002803D07B
:105F2000A5600020A07070BD032070BD10B50C48A6
:105F30000178002901D0112010BD817805292BD0CE
:105F4000817801292AD08178002927D00121017088
:105F50008178012922D0807800281FD020E000001D
:105F600010010020F01400203D860100FF1FA10752
:105F70007372635C736F635F726164696F5F74698E
:105F80006D65736C6F742E630000000000050040A7
:105F9000028100001F5D01000F2010BD00F068F8B5
:105FA000002010BDF8B5394E0446B078002801D065
:105FB00001280DD1002C0DD02046FFF7FCFD002854
:105FC0000AD02078324D002808D0B078012823D09C
:105FD0000F20F8BD1020F8BD0720F8BD02272F7054
:105FE0002079012814D0002028716079002811D070
:105FF00004206871A0689630A860E068E860E868EE
:10600000224C14346060F7F7DAFC2060B77019E0B6
:106010000320E9E70320ECE700202870207901281D
:1060200016D0002028716079002813D004206871F0
:10603000A168F068F7F75DFFA860E0689630E86057
:106040000320B0701249F078F8F739F90020F8BD54
:106050000320E7E70320EAE710B50E48816A0E4AFD
:1060600011400A4A126911438162F7F7F3FB10BD30
:1060700010B5064CE078F7F787FC0820F7F7F2FA3E
:106080000520A07000202070607010BD100100205D
:10609000F014002000050040FD7EFFFF0A4A0221A7
:1060A00051600A490B68002BFCD0906008680028FA
:1060B000FCD00020506008680028FCD07047012008
:1060C000000740697047000000E5014000E401401E
:1060D000034610B50B439B070FD1042A0DD308C804
:1060E00010C9121FA342F8D018BA21BA884201D9A8
:1060F000012010BD0020C04310BD002A03D0D307EB
:1061000003D0521C07E0002010BD03780C78401C1F
:10611000491C1B1B07D103780C78401C491C1B1B16
:1061200001D1921EF1D1184610BDF8B5042A2CD326
:10613000830712D00B78491C0370401C521E830742
:106140000BD00B78491C0370401C521E830704D0EF
:106150000B78491C0370401C521E8B079B0F05D007
:10616000C91ADF002023DE1B08C90AE0EBF72CF870
:10617000F8BD1D4608C9FD401C46B4402C4310C064
:10618000121F042AF5D2F308C91A521EF0D40B7854
:10619000491C0370401C521EEAD40B78491C037042
:1061A000401C012AE4D409780170F8BD01E004C064
:1061B000091F0429FBD28B0701D50280801CC90767
:1061C00000D00270704700290BD0C30702D00270C4
:1061D000401C491E022904D3830702D50280801C7B
:1061E000891EE3E70022EEE70022DFE70378C278AA
:1061F0001946437812061B0219438378C0781B04A2
:10620000194311430902090A000608437047020AAC
:1062100008704A70020C8A70020ECA707047002221
:1062200003098B4273D3030A8B4258D3030B8B426F
:106230003CD3030C8B4221D312E003460B437FD4A3
:10624000002243088B4274D303098B425FD3030AB5
:106250008B4244D3030B8B4228D3030C8B420DD3C8
:10626000FF22090212BA030C8B4202D31212090256
:1062700065D0030B8B4219D300E0090AC30B8B4294
:1062800001D3CB03C01A5241830B8B4201D38B0342
:10629000C01A5241430B8B4201D34B03C01A5241E7
:1062A000030B8B4201D30B03C01A5241C30A8B422A
:1062B00001D3CB02C01A5241830A8B4201D38B0215
:1062C000C01A5241430A8B4201D34B02C01A5241B9
:1062D000030A8B4201D30B02C01A5241CDD2C3092B
:1062E0008B4201D3CB01C01A524183098B4201D3A7
:1062F0008B01C01A524143098B4201D34B01C01A92
:10630000524103098B4201D30B01C01A5241C30809
:106310008B4201D3CB00C01A524183088B4201D378
:106320008B00C01A524143088B4201D34B00C01A64
:106330005241411A00D201465241104670475DE079
:10634000CA0F00D04942031000D3404253400022FC
:106350009C4603098B422DD3030A8B4212D3FC22A5
:10636000890112BA030A8B420CD3890192118B4224
:1063700008D3890192118B4204D389013AD092113A
:1063800000E08909C3098B4201D3CB01C01A5241F5
:1063900083098B4201D38B01C01A524143098B42BE
:1063A00001D34B01C01A524103098B4201D30B01A7
:1063B000C01A5241C3088B4201D3CB00C01A5241CC
:1063C00083088B4201D38B00C01A5241D9D24308B3
:1063D0008B4201D34B00C01A5241411A00D20146F0
:1063E000634652415B10104601D34042002B00D55A
:1063F0004942704763465B1000D3404201B500201C
:10640000C046C04602BD70477047704710B500F0E7
:106410003BF810BD012308CB134B1860134B1960D8
:10642000134B1A607047134A134B13607246053AB8
:10643000F0E7114A0F4B1B689A420ED10D4B00201A
:10644000186001980D4B04B598470CBC9E46024657
:10645000029800990A4B1B68184706980599094B42
:106460001B68DB6818470000340100203801002059
:106470003C0100202C010020EFBEADDEC9CD0000A4
:10648000E4000020040000201D481E497047FFF76B
:10649000FBFFEAF753FE00BD01200007C06AC0B24F
:1064A000FF2804D1184819490968884202D01848C1
:1064B00018490160184819490968884203D1184AE7
:1064C00013605B68184700BD20BFFDE71248134901
:1064D000096888420ED1134B18680B498842F3D0E3
:1064E00080F308881049884204DD104802680221C0
:1064F0000A4302600E4880470E4880470E48004716
:106500000015002000150020FFFFFFFF0010001005
:106510002C050040080000000010000000000020D2
:10652000040000200080010000200020240500401D
:10653000DFCD000099640100156401001348704527
:1065400002D1EFF3098101E0EFF308818869023895
:106550000078102814DB202810DB2B280BDB0C4ADA
:1065600012680C4B9A4203D1602804DB0A4A104798
:10657000022008607047094A10470000084A104787
:10658000084A12682C32126810470000FDFFFFFF16
:1065900078000020BEBAFECAAD1200003D4E0100D8
:1065A000BF4D0100040000200D4B0E4908470E4B63
:1065B0000C4908470D4B0B4908470D4B0949084743
:1065C0000C4B084908470C4B064908470B4B05493B
:1065D00008470B4B034908470A4B0249084700008C
:1065E00079250000192200009D2B00003F2A0000A1
:1065F000ED2900009F270000B912000013140000CD
:10660000012B00000F23000030B47446641E25786F
:10661000641CAB4200D21D46635D5B00E31830BCD6
:10662000184703B5684600784006400E401C884273
:1066300005D269460878401CC0B208700CBD684697
:106640000078000601D500200CBD80200CBD414023
:10665000802901D0002070470120704737B50878A5
:106660000C4669460978884206D020781146FFF723
:10667000D8FF207001203EBD00203EBD37B5044646
:106680000078154669460979FFF7E1FF002801D037
:1066900000203EBD20782946FFF7C3FF207001206F
:1066A0003EBD0FB568460179007881420AD0684640
:1066B000007922214006400E4843801818600120CE
:1066C00004B000BD0020FBE77FB5684601791C4699
:1066D00015460078FFF7BBFF002802D0002004B069
:1066E00070BD6846007822214006400E484340199C
:1066F00020600120F3E70000FFFFFFFF0000FFFF25
:106700000100030000000100000000000000000084
:1067100000000000000000008700000000000000F2
:10672000000000000000000000000001020304005F
:106730000D0E0F100000000033690000516B0000C7
:10674000196C0000736C0000C76C00002F6D000016
:106750008D690000456A0000D16D0000DF790000FE
:10676000100110013A0200001A02000004013C006E
:10677000230044000E0001020408102040805555FB
:1067800055D6BE898E0000007006120DB4130000AD
:1067900014035A06A00900006004F208840DF401F5
:1067A000FA00960064004B0032001E001400000046
:1067B000E067010008000020100000000411000044
:1067C000F0670100180000202801000004110000FB
:1067D0001869010040010020C013000020110000D2
:1067E0000249022208681042FCD0704700E200E033
:1067F0000000000000000000000000000000000099
:106800000000000000000000000000000000000088
:106810000000000000000000000000000000000078
:10682000000000000100010054000020FB349B5FC9
:106830008000008000100000000000000000000048
:106840000000000000000000000000000000000048
:106850000000000001000000000000000000000037
:106860000000000000000000000000000000000028
:106870000000000000000000000000000000000018
:106880000000000000000000000000000000000008
:1068900000000000000000000000000000000000F8
:1068A00000000000000000000000000000000000E8
:1068B00000000000000000000000000000000000D8
:1068C00000000000000000000000000000000000C8
:1068D00000000000000000000000000000000000B8
:1068E00000000000000000000000000000000000A8
:1068F0000000000000000000000000000000000098
:106900000000000000000000196401000000000009
:0869100000000000000000007F
:1080000000800020592402009524020097240200D9
:108010000000000000000000000000000000000060
:108020000000000000000000000000009924020091
:1080300000000000000000009B2402009D240200BC
:108040009F24020019C401004D2E02009F2402004B
:108050009F24020000000000592502009F24020016
:108060009F240200E1300200392B02009F2402000D
:108070009F2402009F2402009F2402009F240200EC
:108080009F2402009F2402009F2402009F240200DC
:108090009F240200CD120200B52002009F2402009E
:1080A0009F2402009F240200000000000000000046
:1080B00000000000000000000000000000000000C0
:1080C00010B5064C2378002B07D1054B002B02D0AE
:1080D000044800E000BF0123237010BDC820002029
:1080E0000000000080DC0200044B10B5002B03D020
:1080F0000349044800E000BF10BDC0460000000076
:10810000CC20002080DC0200164B002B00D1144B49
:108110009D46402292029A1A924600218B460F46B3
:108120001348144A121A14F084F90F4B002B00D094
:1081300098470E4B002B00D09847002000210400E8
:108140000D000D48002802D00C4800E000BF0FF0E1
:10815000BBFD2000290013F016FF0FF09FFDC04665
:108160000000080000800020000000000000000067
:10817000B0200020502A0020000000000000000075
:1081800070B50160E1210400084B490218600848FD
:1081900004F0E8F9074D0848290010F049FD2900CE
:1081A000064810F045FD200070BDC046E4200020C8
:1081B00080220020559F0100C9820100D982010060
:1081C000F0B504008DB0006810F095F96B461426E8
:1081D0009D1C236832009968280014F00EF91624BB
:1081E0001822002106A814F024F9FF231B206C4458
:1081F0002370FE3BAB703200290068446370A370AB
:10820000267114F0FAF800231800E25C013380189C
:10821000192BFAD1FF210BF003F965254027617670
:108220000F4E300012F074F9381A192806DC013D9F
:10823000002D13D0012001F06FFEF1E7642500232B
:108240001A222100300004F0D5FA064B984205D1DD
:108250000120013D01F060FE002DF0D10DB0F0BD18
:10826000802200200DFCFFFFF7B5164D40210700CE
:10827000280004F04BFA2021280004F047FBFF23DC
:10828000002401AE3370FE3B7370B370F4702800AD
:1082900012F02EF90021002800DC0221280004F051
:1082A00015FB335DC0B2834207D10134042CEED1FB
:1082B0003800FFF785FF0024E9E7FF3844424441D6
:1082C000E5E7C04680220020024B10B51868FFF792
:1082D000CBFFC046E4200020024B10B518680FF019
:1082E000FFFFC046E420002082B037B504000692AC
:1082F000079301F0CFFF2300F0331B681C4AC31A19
:10830000934230D906AB1B881A00643A032A0CD872
:10831000A2184C321278002A07D0503B9B00E31879
:108320005B68C01A134B98421DD9A56801222B0027
:10833000280041331A7006A99218423014F05DF8F3
:108340002B00280006AA528844331A70089B453037
:10835000042201A9019314F050F8122354352B7014
:10836000A06810F071FB37BC08BC02B01847C046CB
:10837000AF0400001F030000F8B51700D722036800
:10838000920006009C18002901DD002F03D1200077
:1083900005F0BCFFF8BD0B480AF0BCFF051EF6D087
:1083A0007F230022F90FBB4251412000C9B205F0E2
:1083B0007FFFD72330689B00A9B2C01805F00CFFDF
:1083C000E8E7C04640420F00F7B503680500FC33FC
:1083D000D86F0C0010F0DCFF44490BF0FBFD0226C7
:1083E0000CF0EEF86B46320069461880200014F05D
:1083F00004F82B68FC33D86F10F0D7FF3B490BF023
:10840000E9FD0CF0DDF86B46320069461880A019D2
:1084100013F0F3FF2B68FC33D86F10F0A4FF6B460A
:1084200040429F19320039003880201D13F0E5FFCB
:108430002B68FC33D86F10F09DFF32003900388074
:10844000A01D13F0DAFF2B68FC33D86F10F099FFF2
:108450004042388020003900BE273200083013F037
:10846000CCFF2B687F00D85902F0F4FD01002800F2
:1084700010F07BF901A90880200032000A3013F0C7
:10848000BCFF2A68D05911F04CF8FA216A468900DD
:10849000971D0AF0C9FF38802000320039000C30E7
:1084A00013F0ABFFBE2329685B00C85811F040F8F9
:1084B000FA2189000AF0B8FF388020003900320024
:1084C0000E3013F09AFFBE222B685200985811F01C
:1084D00036F8FA2189000AF0A7FF38802000320020
:1084E0003900103013F089FFF7BDC04600007A4410
:1084F000074B10B59A4200DD1A0009010B00006815
:10850000A933FF33C018110003F044FE10BDC0466C
:10851000FD030000F0B5040085B01F000CAB1B8804
:1085200010300E001500019310F02DFD20002430B6
:1085300010F0C5FB26806580182013F02BFF02AEDB
:10854000050033000AAA03CA03C32F6028000827C6
:1085500000213A000C3013F06CFF3A003100281D66
:1085600013F04BFF064B02226B61200000230199A0
:10857000A5600A43E360A2802362E36205B0F0BD18
:1085800007830200F0B587B01E000EAB0500049112
:1085900005921F88002E24D00C9B002B02D10D9B2E
:1085A000DB071ED5302013F0F5FE6B460400029762
:1085B0000CAA03CA03C333000499059A2000FFF7ED
:1085C000A9FF2B6821005B6828009847002806D087
:1085D000200010F0FDFB200013F0D1FE024807B090
:1085E000F0BD0248FBE7C04616FCFFFF17FCFFFF8B
:1085F000F0B504007D4A002597B003002160059185
:10860000110045608560057445741433C1C9C1C348
:10861000C1C9C1C3C1C9C1C30968283219602100D9
:108620003C3149CA49C1136820000B6001235B42F9
:10863000236510222900E56454301E0013F0F9FE72
:10864000200010222900643013F0F3FE20001822CD
:1086500029006567783013F0ECFE200060222900C5
:10866000903013F0E6FE22002000F0321560290061
:108670001922F43013F0DDFE27002000FC371530FE
:108680007E6114222900FF3013F0D3FE20002D302C
:1086900050222900FD62FF3013F0CBFEBE22059B65
:1086A0005200985810F008FF0FAEA84219D180224E
:1086B000D20012921392149264220F901090119093
:1086C000030094466846B26112AAA2CAA2C06246DA
:1086D000BE25026020686D0019001A00405910F094
:1086E000D5FE20681930FF3010F078FE002809D040
:1086F000BE2523686D00585910F0E2FE23685859D2
:1087000002F0CCFBBE2523686D00585910F0D4FE52
:10871000002803D12368585902F0C0FB23680821C0
:10872000FC33D86F0025036810279B6998472068A1
:108730002F4A8030844607926A460895029707AB15
:1087400003CB03C223002A0001216046FFF71AFF72
:108750002068274A8030844609926A460A95029723
:1087600009AB03CB03C223002A0002216046FFF7B6
:1087700009FF20681F4A803084460B926A460C9598
:1087800002970BAB03CB03C223002A000D216046E6
:10879000FFF7F8FE184A20680D926A460E95803061
:1087A00002970DAB844603CB03C2FA216046230037
:1087B00001228900FFF7E6FE104B75600F936B46B0
:1087C0000297206806CE06C3FA2123000222890000
:1087D0008030FFF7D7FE042013F0DCFD21000500F8
:1087E000FFF7CEFC2000E56017B0F0BD20C6020008
:1087F000E9820100A38302005D8802007188020003
:10880000F0B591B004001698002802D11798C0075F
:1088100013D510200290684616ADC0CDC0C004A884
:10882000FFF778FE236804A99B682000984704A8F6
:1088300010F0CEFA002011B0F0BD0148FBE7C046B1
:1088400017FCFFFFF0B500258BB004006A461E4EF2
:1088500000680296039502AB82CB82C2803023006F
:108860002A000121FFF7CCFF6A462068049605958F
:1088700004AB42CB42C2803023002A000221FFF722
:10888000BFFF124A206806926A46079506AB42CBA4
:1088900042C2803023002A000D21FFF7B1FF0C4AAD
:1088A000206808926A46099508AB42CB42C28030E4
:1088B00023002A002900FFF7A3FF606813F05FFD83
:1088C00020000BB0F0BDC046E9820100A383020086
:1088D00047830200F0B5070003004C3704003D0059
:1088E000002689B05033039303071B1A04932B7897
:1088F000002B1DD01A4A206806926422D11B491908
:108900008AB205926A4680308446079606AB03CB4E
:1089100003C22300002205996046FFF771FF049B04
:10892000E818104B0001C0182368181803F0FCFB6E
:10893000FF232B71039B2E7001359D42D7D1200060
:108940000FF00BFF20000FF078FD01F0A3FC2300D7
:10895000F033186020000FF095FD09B0F0BDC0465F
:10896000E9820100E8FCFFFFF0B597B004000D00BC
:1089700017000FF066FF002800D1BDE05F4A2E000F
:108980000692002269466436B3B20593079206AB9D
:10899000206844CB44C18030230002220599FFF7B0
:1089A0002FFF5649002208916946099208AB2068BA
:1089B00044CB44C18030230003220599FFF720FFF8
:1089C0004E4900220A9169460B920AAB206844CBBB
:1089D00044C18030230004220599FFF711FF0022D3
:1089E0000D926A4645490CAB0C91206842CB42C2BD
:1089F0008030230005220599FFF702FF012F42D1A5
:108A00003E4A10210E9200220F926A4620680EAB59
:108A1000029142CB42C28030230002220599FFF727
:108A2000B1FD364A10211092002211926A46206848
:108A300010AB029142CB42C2803023000322059941
:108A4000FFF7A0FD022263198133FF331A702E0154
:108A50002368A936FF369819032103F005FC236823
:108A6000981903F061FB23689819390003F054FC4E
:108A7000172D41D8631978331F7001F00BFC243592
:108A8000AD00285138E0022F27D11C4A1021129244
:108A9000002213926A46206812AB029142CB42C276
:108AA0008030230004220599FFF76CFD134A102142
:108AB0001492002215926A46206814AB029142CBB0
:108AC00042C28030230005220599FFF75BFD280193
:108AD000A9302368FF301818C7E7002FC8D1280134
:108AE000A9302368FF301818390003F015FC172D42
:108AF00002D864197834277017B0F0BD478302009C
:108B0000F0B58FB00E7804AF04000D00FA60731159
:108B1000062B62D11D2219333340FB601640013B06
:108B2000BE608E78012B02D9FB68032B24D1BB6871
:108B3000012B07D1D722236892009818002E13D159
:108B400005F0CEFAFB68023B012B07D8D722236839
:108B500092009818002E0BD105F000FB20000FF0BA
:108B6000CAFCBD460BB0F0BD310005F0E1F9E9E704
:108B7000310005F049FAF1E74B7830003B620DF027
:108B800019FB0022CA4B0CF0E1F8CA4B00220CF092
:108B9000E7FC0DF09FFABB687862042B0BD1002331
:108BA00010212068FB61791800930C33CA186830D3
:108BB000202102F003FFFB68053B012BCED80223E6
:108BC0001021FB6100232068791800930C33CA1828
:108BD0006830202102F0F2FEC0E7052B0BD1D22530
:108BE0000068AD0040190025CB788A784978009557
:108BF00005F028FCB2E7022B00D088E01F221640C7
:108C0000012E25D16B466A46BB60FB680021063306
:108C1000DB08DB00D31A9D461123FA6804AE023A42
:108C200031706B44B018F960C11A03D4F968197037
:108C30000133F9E7A91C300013F0DFFB0A226B783F
:108C400031005A4320000FF0B0FCBB689D4685E719
:108C5000042E21D18B784A781B021343CA78012055
:108C6000120413430A7912061A4300235D1D1100F2
:108C7000D9401E000140F43649420133A155AB42B0
:108C8000F5D1192BF2D123000122FC3352425A6153
:108C900020000FF06FFC61E7022E19D14A1C002161
:108CA0000FF05CFCAA1D012120000FF057FC2A00E8
:108CB00031000B3220000FF051FCFB68102B04D95F
:108CC0002B7C2200FC32536148E701235B42F8E72A
:108CD000032E00D042E70600FB68FC360B2B05D9BB
:108CE0007369002B02DBCA7A93420CD16A1C032100
:108CF00020000FF033FC2000AA1D04210FF02EFCF1
:108D000020000FF037FC01235B42736126E7012B43
:108D10003DD11F2232404E78042A17D130012368FA
:108D2000A930FF30181803F0FFF9AA7831002000AD
:108D30000FF02CFD032E00D910E7A61933000022F6
:108D40004C331A70FF235036337007E7012A08D1DD
:108D500030012368A930FF308978181803F0AEF984
:108D6000E8E7022A0CD110200C2338180231C01871
:108D700013F043FBBA8B31002000FFF7B9FBD9E7B2
:108D8000052AD7D18A783100FFF7EEFDD2E7032B11
:108D900017D11F221640012E0DD11020093338188B
:108DA00001311B3AC01813F028FB6A79F9692000D9
:108DB000FFF7E2FAD2E6002E00D0CFE60FF0CDFCAE
:108DC000CCE6002B00D0C9E61F221640012E00D1B0
:108DD000C4E6022E66D14B78FB60032B00DDC0E6B3
:108DE0001900FA68AB7864318618012B40D1EB7812
:108DF000013B5A4253415BB2BB6033004C331B789A
:108E0000002B07D0330050331B78BA685BB2934213
:108E100000D1A3E6284A14237A618AB27A60002539
:108E20001022FB1820685D6002926A4680308446FA
:108E300003CB03C22A00796860462300FFF7A2FB38
:108E4000FB681801A9302368FF30181803F0E8F90F
:108E5000330001224C331A70BA6874361A7101F06B
:108E600019FAFB689B00E31858655D66357075E676
:108E700010220C23BA18D3180F4A0025FA618AB2BF
:108E8000FA6000686A46803084465D6003CB03C2A6
:108E900023002A00F9686046FFF7B2FC33004C3328
:108EA0001D704FE7032E00D058E6FFF713FD55E67F
:108EB0000000594000E06F40E9820100F0B5040075
:108EC00085B001930AAB1E880BAB1B78451C02933F
:108ED0000EAB1B78170003930B78102203704B8A9C
:108EE00001314382280013F088FA268300260122EC
:108EF000019B67616383039BE6832377029B2000CA
:108F0000EB77A31CDA770C9B0C25636223000D9A88
:108F100028331A705E709E702A0031002C3013F0D6
:108F200088FA2000064BE663A3632A003100403034
:108F300013F07FFA2000034B2665E36405B0F0BD13
:108F40009388020085880200F0B50700A3B01422C0
:108F5000002113F06EFA380007220021143013F0BC
:108F600068FA3800122200211B3013F062FA380030
:108F7000142200212D3013F05CFA38001422002155
:108F8000413013F056FA380014220021553013F006
:108F900050FA380008220021693013F04AFA3B00E9
:108FA00000220126A44D71331A70A4492B687967F9
:108FB000A34C334208D12000FFF71AFBA14AA24973
:108FC00020002E6013F0DFF90022A049BC671AA828
:108FD000A7600FF00BFD542013F0DCF90E230025E1
:108FE0000126040001930633049600933A001AA95F
:108FF00003950295FFF762FF2000954BFC67E7623F
:1090000008220CA930300C930D9513F0F6F92300CB
:1090100090492933A16302341E702A00E6778E49F5
:109020001AA80FF0E3FC542013F0B4F912233A000D
:10903000040001930B3B0496009314321AA9039584
:109040000295FFF73BFF391DCC670234E6772A0013
:1090500082491AA80FF0CAFC542013F09BF912237E
:109060003A000496019300931B321AA903950295C6
:109070000400FFF723FF39000831CC670234E6779C
:109080002A0007911AA876490FF0B0FC542013F07B
:1090900081F9142212230092019313003A000496DE
:1090A0002D321AA9039502950400FFF707FF3A0035
:1090B000883214600234E6776A4908921AA82A00B6
:1090C0000FF094FC542013F065F90822022300925B
:1090D000019313003A000400049669321AA903951B
:1090E0000295FFF7EBFE3A0020005F4B8C320AA995
:1090F0001460E762082230300A930B9513F07DF973
:10910000544AA31CA263220029321670FA6FDE773C
:1091100010923A1DD26F10AE7260079A3020D26F53
:109120003461B260089A1268F2607A6F08928032F5
:10913000099213F02FF9040010300FF024FF2000E3
:1091400024300FF0BCFD494B1820236013F022F9A6
:10915000474B07900760082229000C300E930F95AB
:1091600013F067F9079A0EA9101D082213F045F9AC
:10917000404B079AE56053611223A380089BA260CD
:109180000433DB6F2562E5625B682100099898472C
:10919000A84205D020000FF01BFE200013F0EFF8CE
:1091A00015AD0022344928000FF020FC5821592029
:1091B0002B7804AA521813706B8A123104AA521821
:1091C0001380253904ABC9181022C01813F015F903
:1091D0006C21052304AA52181370742204AB9B1847
:1091E0000022D1241A807B6F2096A400185911F018
:1091F00055FD03681AA91B6898477B6F185911F031
:109200004DFD0600142013F0C5F8002204001B4B8E
:109210000261169280C008322900159313F0EDF810
:10922000174BE360B369002B03D13800B46123B05E
:10923000F0BD2361F9E7C046E82000207C22002031
:10924000EC2000200020002045880100E4D6020028
:10925000AD890200A1880200C4D60200D4D6020063
:1092600004D70200F4D602006B890200E803010073
:1092700035890200CB880200B4D60200D1890200F1
:109280000B890200F0B585B004000FF0D2FB002876
:1092900034D0230014331900A06F02930FF0CDF9DE
:1092A00023001B331900A06F0393FFF78DF8D12320
:1092B000626F9B00D05811F0F1FC0127261DF26F60
:1092C0000368D18B0097DD68029A0723A847D12352
:1092D000626F25009B00D05811F0E0FC0835EB6F61
:1092E000039AD98B03680097DF681223B847124AA4
:1092F00013780133DBB2022B02D8137005B0F0BD36
:109300000023D1271370636FBF00D85911F0C6FC3A
:10931000F36F029AD98B03685E690723B047636FC6
:10932000D85911F0BBFCEB6F039AD98B03685C69C9
:109330001223A047E2E7C0467429002010B50400BC
:10934000034B036040300FF08DFD200010BDC04680
:1093500060C60200F8B5C82000F0DEFD902013F0D2
:1093600019F801270400FFF7EFFD104E104D336888
:109370002C60104C3B4209D10F492000FFF738F90F
:109380000E4A0F492000376012F0FDFF20000FF059
:1093900079F80C4811F026FB2868002805D0FFF763
:1093A00071FF132000F0B8FDF6E7F8BDE8200020BB
:1093B00078220020EC2000207C22002000200020C9
:1093C000458801007425002010B5054800F0FAF822
:1093D000044905480FF02CFC00F0BCFD002010BD36
:1093E0007C220020559F01005593010010B5054CCB
:1093F000200000F03FF8044A0449200012F0C3FFA7
:1094000010BDC0467C2200200020002011940100E5
:10941000D7239B0010B50400C01804F0B1FCD22380
:109420009B00E01804F096FFBE23114A9B00E25017
:109430001C33E0180FF016FDC4239B00E0180FF05A
:1094400011FD20004130FF3001F0FAFB20001930FF
:10945000FF3001F0F5FB2000A03002F089F8200079
:10946000803002F0B5FC201DFFF768FF200010BD22
:1094700044CC0200F0B504001427250095B06435F3
:109480003B00009719221821043003F075F82800DA
:1094900011F0A7F823006833390013221800129343
:1094A00010F002FC2000803002F0B2FC2300A03358
:1094B000434A07211800139302F07EF8200000268B
:1094C000012319301A0000961121FF3001F0C4FB6E
:1094D000200041300096012302221021FF3001F0CC
:1094E000BBFB20006930032302220121FF3002F080
:1094F00061FD2700129801F02DF9FC37F8671298EA
:1095000001F004FCBE235B00E05001002000009548
:109510008130139BFA6FFF3001F05EFF2000913025
:1095200029000822FF3003F07BFB792320001193F0
:10953000023B109301330F93033B0E93013B0D93BA
:10954000013B0C93013B0B93013B0A93013B0993B5
:10955000013B0893013B0793013B0693013B0593B5
:10956000013B0493013B0393013B0293013B0193B5
:10957000A930013B652200936421013BFF3010F0CC
:10958000B5FBBE239B00E018290005F02DFAC72388
:109590009B00E018092102F0DBFED1239B00E6507E
:1095A0000433E0182822122104F06EFFD7239B0019
:1095B000E01804F07FFC2000267015B0F0BDC04616
:1095C00068C60200F0B503788FB00700DB0700D54E
:1095D0008CE0030080331800039300F02DFB0FF0A4
:1095E000E3FA002800D083E000F0FEF9302012F00A
:1095F000D1FE040010300FF0C6FC200024300FF024
:109600005EFB7E4B1820236012F0C4FE002506008E
:109610007B4B0760082229000C300C930D9512F04B
:1096200008FF0CA9301D082212F0E7FE754BA6605A
:1096300073611223E560A3802562E562210003982F
:1096400002F05AFBA84205D020000FF0C1FB200019
:1096500012F095FE01233A786B4913433B703B00AF
:1096600064331800059310F0C2FF68490490059810
:1096700010F0BDFF00240690642000F04DFC260091
:1096800025003B001933FF33180007930FF0A6FEA7
:1096900000284FD1049B002B55D1069B002B52D1A3
:1096A000D1245B49A400080000F0E6FC3B59002BE4
:1096B0001CD100F0AFF801000AA800F02FFE0BA8A3
:1096C0000FF051FABE239B00F818069B0BAA0AA9BB
:1096D0000093039B05F0DEF90BA80FF0C3FB0AA86B
:1096E0000FF0C0FBC0239B00FB583B510FB0F0BDF7
:1096F0003D00FC35E86F0FF036FE0400E86F0FF018
:1097000039FE0490E86F0FF03CFE060038009130FF
:10971000FF3010F0C4FFBA239B000500F81802F0D8
:109720005FFD049B5C4066407540684000B200F0FD
:109730008BF95BE738004130FF300FF04FFE002817
:10974000A8D0182DA6DC3800153031B222B2FF2384
:10975000FF30013600F050FEF6B2322000F0DCFBA4
:109760000135052E02D10026631CDCB2049B192DA5
:1097700007D0002B00D184E72349059803F0E4F9D2
:1097800001E0002BF8D1049812F0F9FD069812F0D0
:10979000F6FD1F49080000F06FFCBE239B00FB187C
:1097A0000893D1239B00FB580993002B1ED100F096
:1097B00031F801000AA800F0B1FD0BA80FF0D3F9B1
:1097C00001230BAA0AA900930898039B05F062F9EC
:1097D0000BA80FF047FB0AA80FF044FBC0239B0027
:1097E000FB580993D123099A9B00FA503900079A34
:1097F000A031089805F028FB43E7C046FD030000B0
:10980000F38A0200B38A02004AD7020055D7020049
:1098100000200020F0B58DB004ABDF1D19221549E2
:10982000380012F0EAFD0022134B05245A71802201
:109830005205566E0122250001940292039301996C
:10984000300009F0EDFD0800029909F063FD019B6D
:1098500003996B430193029B361A6B430293631E79
:109860002C1B6C433C19225C1C1ECA54E7D1080017
:109870000DB0F0BD65D7020075290020BFF34F8FF2
:10988000024B034ADA60BFF34F8FFEE700ED00E0C2
:109890000400FA05F0B54B4B8DB01B680600002B99
:1098A00000D10133DBB20193474A0123002107A80D
:1098B00009F072F8454B9E4200D9002672B6444B1F
:1098C00064211D68434B30000393052409F0ACFD6F
:1098D00060435030281804900A21300009F0A4FD9C
:1098E0000A2109F087FE6143503169180591300063
:1098F0000A2109F07FFE8026614300245031691857
:109900000691B601019B002B54D002AD0027002325
:109910000293032C02D180261C00B60100216A6844
:109920000293029B082B18DC0320029B43432A4826
:109930001B195B00C31858781B78105C84461020F4
:10994000184103006046034203D00120029B984067
:109950000143029B01330293E3E7C9431F4B090113
:1099600019402B6893420ED1312F0CDC002107A83F
:1099700012F0C3FCFA23DB000293029B002B04DDF0
:10998000029B013BF8E73143F1E7FA230134013749
:109990007600E4B25B009F42B9D1043506ABAB421E
:1099A000B4D1084B1B68002BACD0019B013BDBB250
:1099B0000193A7E7BFF34F8F094B0A4ADA60BFF361
:1099C0004F8FFEE7E4250020F0FF0000E7030000D2
:1099D00004200020B4D702007ED70200F01F000050
:1099E00000ED00E00400FA05F8B50023124C2360F6
:1099F0000FF0DAF8002808D0042120000FF0D0F88A
:109A0000002801D00D4B2360F8BD0122A1270425B9
:109A10000B4B0C491A602268FF0048604E68002E0C
:109A2000FCD0DE591202013D3243002DF5D12260F7
:109A300001225A60E8E7C046E0250020ED5EBC0B3D
:109A400000D00040FCD00040014B18607047C04679
:109A5000E0250020F0B585B01F000AAB1B8806008A
:109A6000029115000393002F1BD0302012F092FCBE
:109A70006B4604001989039BAAB200933B000FF0C8
:109A80008DF9336821005B6830009847002806D0C4
:109A900020000FF09DF9200012F071FC024805B083
:109AA000F0BD0248FBE7C04616FCFFFF17FCFFFFB6
:109AB0000B4B70B51C68002C10D0656D00F0EAFBF4
:109AC000A36C002901D1834206D820000FF09AF838
:109AD000044920000FF086F82C00ECE770BDC0466A
:109AE000EC2500200C260020F0B595B007932A4BFA
:109AF00004AC1E68049005910692002E4AD0274BB4
:109B0000258867881C6800230293002C2ED0636D83
:109B100023480393A36C9AB2A36C1B0C99B28542A1
:109B200014D12048824211D1002B01D0B9420BD16F
:109B3000029B002B08D120000FF064F81A49200086
:109B40000FF050F801230293039CDEE7002A01D0B6
:109B50009542F9D1002B01D0B942F5D120000FF088
:109B600051F8114920000FF03DF8EDE70F4BEB18CD
:109B7000012B0FD910233A00009329000C4B08A8A1
:109B80000FF00CF9336808A99B683000984708A8C3
:109B90000FF01EF915B0F0BDE82500201C260020AE
:109BA000FE030000FF0300000C26002002FCFFFF64
:109BB000E99A010010B572B60E4B1C68002C0ED04D
:109BC00020000FF01FF80023E3640B4BE36372B631
:109BD0000A4B1A681C60A26562B6200010BD62B60E
:109BE0005C2012F0D7FB5C220021040012F021FC63
:109BF000E9E7C0461426002000800020102600203F
:109C0000074B10B51C68E36CDB0706D5FFF7D2FFE6
:109C1000044B1860002800D00400200010BDC0468E
:109C200020260020F0250020024B18780123184040
:109C30007047C0467B290020F7B50600FFF7F4FF08
:109C4000051E33D11A4C2660FFF7B4FF194B1A4991
:109C500018600EF0C7FFFFF7ADFF184B1860184BE8
:109C60004363184B8363206800280ED0C027164E2C
:109C70002A00330015490097FFF7ECFE00973300E8
:109C80002A0013492068FFF7E5FE0C2012F082FB42
:109C90000023838083710F4B03600F4B836000F0C0
:109CA00011FB01230D4A11780B431370F7BDC04619
:109CB000E8250020202600200C2600201826002061
:109CC000FC7F0020B38C0200E99A0100FF03000032
:109CD000FE03000088C60200B19A01007B29002023
:109CE000F7B5134E050033680F00002B1ED0FFF7A9
:109CF0009BFF00281AD0FFF783FF04003B042B438F
:109D000083640EF07FFF20000A490EF06BFF0A4BC0
:109D10000024EB18012B07D9C02300933A00074B0E
:109D200029003068FFF796FE2000FEBD044CFBE7DB
:109D3000E82500201C26002002FCFFFFE99A010014
:109D400016FCFFFFF7B506000D0017000193002871
:109D500002D100242000FEBD0029FAD0FFF72AFF1F
:109D6000041EF6D0074B019A436306604560876086
:109D7000054B002A00D0054BA363054920000EF0D7
:109D800031FFE7E7FC7F00207D8C02009B8C020006
:109D90000C260020F8B50500EFF30884C36B006CB7
:109DA0001C1B6B6C1B1A9C4210D91F23084E2034BD
:109DB00037689C433560002801D000F0BDF92000D1
:109DC00000F086F92864001968643760F8BDC04661
:109DD00020260020024B1868434258417047C04675
:109DE0000C260020002310B504499C006258002A6C
:109DF00001D00133F9E76050100010BDF4250020B8
:109E0000002310B5044A99008C58844201D00133D4
:109E1000F9E70020885010BDF425002010B500247B
:109E2000084BA200D058002802D003685B6898470E
:109E30000134062CF4D1044B1B68002B00D120BF49
:109E400010BDC046F42500200C260020F8B5FFF711
:109E5000EBFE00281CD02A4D2C68E36CDA0718D5DD
:109E600002273B43E364274B1E680423F26C300057
:109E70001343F364636BF363FFF78CFF3000716C83
:109E800005F003FA2868C36C3B4201D005F037FAAD
:109E9000F8BD1D4F1D4E3A683168002A1ED1296059
:109EA0002A68914208D11B0706D52C60FFF7B6FF40
:109EB0003B68002BFAD02B6029688C42E8D03368CD
:109EC000994214D1124B4B63124B8B632000FFF766
:109ED00061FF2968626C4B6C20000DE0206DB84278
:109EE00003D1606D002800D002002A60D8E79C42B0
:109EF000ECD1002210004B6C05F086F9C8E7C04693
:109F000020260020F02500200C2600201826002006
:109F1000FC7F0020B38C020070B50400FFF784FEC4
:109F2000002803D1200012F028F970BDFFF768FE69
:109F3000050000F0AFF92418AC6428000EF062FEB2
:109F4000034928000EF04EFEFFF780FFEDE7C04604
:109F5000EC250020F8B5FFF767FE002827D0002485
:109F6000184E30680EF04EFE174D2B68002B02D0B5
:109F700001345B6DFAE7032C0ADD2F68013C7B6D31
:109F8000386C2B6000F0D8F8380000F0D5F8F2E714
:109F9000290030680EF026FE72B60C4932680B6854
:109FA000934206D19B6D0B6062B6FFF74FFFF8BD81
:109FB0000B00002BF8D0996D8A42F9D1926D9A6509
:109FC000F2E7C0462026002014260020102600209C
:109FD000F7B507000D0000282ED0FFF725FE00285A
:109FE0002CD00724164E3068C36C1C4007D0154A8D
:109FF000290038000EF02AFE00242000FEBD05F0E6
:10A0000066F902213268D36C1940019103D0032113
:10A010008B43D364F1E701242343D3642800B8477A
:10A020003268D36C1900A143D164019C5B07E4D56D
:10A0300028000EF02AFEE0E7034CDEE7034CDCE7E5
:10A04000202600208B8C020017FCFFFF16FCFFFF70
:10A05000020010B5014B12CB12C210BD2426002005
:10A06000034B1A68034B1A607E225A607047C04641
:10A07000042000202426002070B5114E3278022AD8
:10A080001AD081421AD90C1A072C17D90D000323B4
:10A0900005432B4012D172B60A4DD2005051AA1876
:10A0A00051608022A4081206144304603278013201
:10A0B000327062B6180070BD0348FCE70348FAE747
:10A0C0007D2900202C26002013FCFFFF17FCFFFF3A
:10A0D00070B5051E23D0124C124E2378002B0CD1E4
:10A0E000114912483370FFF7C7FF114B984202D154
:10A0F0001E20FFF7CFFB0123237000243378A342F7
:10A1000009DD0C49E300C91828000EF0DCFD002829
:10A1100005D10134F2E71420FFF7BCFB002070BD2D
:10A120007C2900207D29002000780020502A002072
:10A1300017FCFFFF2C26002070B5002819D0104B0B
:10A1400010491C7800239C4216DDDA0055588542E0
:10A1500010D28A18526882420CD9041F2368002B3F
:10A1600002DC1E20FFF796FB802322681B061343A8
:10A17000236070BD0133E6E71E20FFF78BFBF8E795
:10A180007D2900202C26002070B5051E14DD0B4E05
:10A190000B4C3368002B02D0206811F079FEFA21B5
:10A1A00020680024074B89008361C46269433560DD
:10A1B00011F076FE200070BD0348FCE73C2600202D
:10A1C0006C26002071A2010017FCFFFFF8B5114FAB
:10A1D00006003D68002D0AD1302012F0DBF80400A3
:10A1E00008F00CF90C4BA5612360E5623C600B4D57
:10A1F0002B68002B09D1102012F0CCF8040011F0CC
:10A200009BFE20002C6011F071FE3000FFF7BCFFB8
:10A21000F8BDC0466C260020D4CF0200682600207E
:10A22000014B18687047C0463C26002070B50D4CA5
:10A230002368002B03D00C4B1B68002B02D1062097
:10A24000FFF7C4FF206811F068FE02000749C3173A
:10A250000D684E685219734120680A604B6011F016
:10A2600062FE70BD682600206C260020B020002011
:10A2700010B5FFF7DBFF0024054BA200D0580028E3
:10A2800002D003681B68984701340A2CF4D110BD32
:10A290004026002010B5FFF7C9FFFA22034B9200B9
:10A2A00018685968002309F023FA10BDB020002077
:10A2B00010B5FFF7BBFF024B1868596810BDC046C8
:10A2C000B02000200B4B10B51B680400002B03D0FE
:10A2D000094B1B68002B02D10620FFF777FF0023F4
:10A2E000064A99008858002801D00133F9E78C50BC
:10A2F00010BDC046682600206C26002040260020A5
:10A30000002310B5044A99008C58844201D00133CF
:10A31000F9E70020885010BD4026002010B5040049
:10A32000002902D00B78002B03D1034B23602000BF
:10A3300010BD0EF09EFDFAE798C60200F8B50400C5
:10A340000E00150000290AD00B78002B07D0002A38
:10A3500005D0080097B212F0ACF8874203D90B4B36
:10A3600023602000F8BD681DFFF7B2FE20600EF0EC
:10A3700015FF23682A005F8023683100181D12F042
:10A380003CF823685D1900232B71EAE798C60200A8
:10A39000014B03607047C04698C6020010B50548DF
:10A3A000054C20600EF0FDFE044A0549200011F026
:10A3B000EAFF10BD98C60200702600200020002091
:10A3C000658E0200084B73B51C680500002C0AD08E
:10A3D0000100266808310822684612F00EF80CCDFC
:10A3E00031682000884773BD74260020014B03604C
:10A3F0007047C046A0C6020030B500684488A1423C
:10A400000CDA8588AA4209DA002907DB002A05DB75
:10A410005443401800198371002030BD0048FCE708
:10A4200017FCFFFFF0B5070085B00E001D000029E6
:10A4300021DD002A1FDD002B1DD0046863880393F3
:10A440008B4200DD0391A3880293934200DD0292C8
:10A45000002306340193019B029A93420EDA2900ED
:10A460002000039A11F0C9FF3B68AD195B88E4181E
:10A47000019B0133EEE7024805B0F0BD0020FBE789
:10A4800017FCFFFFF8B504000D0016001F0000299F
:10A4900001DB002A02DA0E4B2360F8BD10004843AE
:10A4A0000630FFF715FE20600EF078FE23685D8011
:10A4B00023689E80002F06D03B0032002900200038
:10A4C000FFF7B0FFE9E720000EF09FFDE5E7C0468B
:10A4D000A0C60200F7B506000D1E03D1244B036091
:10A4E0003000FEBD00200F000400010001903B7809
:10A4F000002B1AD03022524294469C446246092ACC
:10A5000011D90A2B0AD1019B241801330193A142CE
:10A5100000DA2100002004000137E8E70028FBD022
:10A5200001340020F8E70120F6E70127019A09B27B
:10A5300012B230007F42FFF7A5FF39000A203368CE
:10A540009A1D2C78002CCBD02300303B092B08D847
:10A55000FB43DB173B4043431B19303B1F000135D6
:10A56000EFE7002FFBDB177001320F00F7E7C04663
:10A57000A0C60200F0B5040089B006A80E00029241
:10A580001D00FFF765FD236802995A88914235DA6C
:10A590009B889D4232DA1F2E30D9079B01939E4241
:10A5A0002CDC0523002273430393069B0493039B37
:10A5B00004999B18A03BCB5C00210593AE18029B2D
:10A5C000CF1823685888019087420EDA9888B042E5
:10A5D0000BDDDB1910270F41019870431B180598FC
:10A5E0000740781E87417F429F7101310529E6D1DE
:10A5F0000132052ADBD1002009B0F0BD0048FBE79D
:10A6000017FCFFFFF7B50468070063880E1E01936F
:10A610001EDD994218DA0023063400933B68009A45
:10A620009B889A4212DA019BA1199D1B2A002000E7
:10A6300011F0E3FE601931000EF0D9FC3B685B8835
:10A64000E418009B0133E8E70EF0DFFC002000E097
:10A650000048FEBD17FCFFFF10B50548054C206003
:10A660000EF09FFD044A0549200011F08CFE10BD3C
:10A67000A0C602007826002000200020E18F020002
:10A6800010B5054C012120000EF07FFD034A04495E
:10A69000200011F078FE10BD7C2600200020002054
:10A6A000479102000388074A10B50120934208D061
:10A6B000834202D00020DB0703D41E20FFF7EAF814
:10A6C000002010BDFFFF00000048704716FCFFFF90
:10A6D00010B53220FFF7DEF8004810BD16FCFFFF72
:10A6E00010B5124C002308348280046041620224B9
:10A6F00014220100837184720363838602813631E0
:10A700000A78C360A243F13422400361436183614C
:10A71000C36103620A70020040321370021DD387C6
:10A72000013343878387C38710BDC046C0C602007C
:10A730008B8883808B798371054B03608B68836082
:10A740000B7B03734B7B43730E23CB568373704792
:10A75000B0C60200F0B5624C8DB026680500002E30
:10A7600025D13A210FF0E1FF071E2AD0082011F071
:10A7700011FE012233001100070010F00FFA0B2325
:10A780001C22822104A801F04DFC04A908A8FFF7AF
:10A79000CFFF5C2011F0FEFD052306000193353349
:10A7A000009308AA3B00290002F056FD26604D4B9D
:10A7B0001868002802D021680EF091FE20680DB0C4
:10A7C000F0BD322128000FF0DEFF061E21D0082048
:10A7D00011F0E0FD01223B001100060010F0DEF94F
:10A7E0000B231C22822104A801F01CFC04A908A848
:10A7F000FFF79EFF5C2011F0CDFD052301932D3363
:10A80000009308AA33002900070002F0C1FE276068
:10A81000CDE73C2128000FF071FF071E26D008204D
:10A8200011F0B8FD012233001100070010F0B6F955
:10A830000B231B22842104A801F0F4FB04A908A81F
:10A84000FFF776FFA42011F0A5FD06230600029372
:10A85000013B01933733009308AA3B00290002F023
:10A8600019FC204B266044361E60A0E730212800EA
:10A870000FF0B7FF06000820002E1FD011F08AFD50
:10A880003A0002230121060010F088F90B2315225B
:10A89000822104A801F0C6FB04A908A8FFF748FF1D
:10A8A0005C2011F077FD052301932B33009308AA58
:10A8B00033002900070003F013F8A8E711F06AFD40
:10A8C000012233001100070010F068F9442011F054
:10A8D00061FD050005223900FFF702FF256066E7EC
:10A8E0008026002084260020F0B56149C56885B027
:10A8F0008D4254DA0300022236331B78134059D1BB
:10A9000004698C4264DA020036321278520768D445
:10A91000426901920200019E40328E426FDA0100CC
:10A9200036310978090774D4002B7DD1137802934E
:10A93000002B16D006000127011DCB8F36360133C0
:10A940009BB2CB8703963678BC46374000D188E06F
:10A950001D2B06D963469E43039B1E700023CB87A5
:10A9600013700EF068FC434A0723904276D942499F
:10A97000043B8D4272DBC8220133920095426DDCAC
:10A98000023B8C426ADB013B944267DC0198043352
:10A99000884263DB0133904260DC00235EE0C82222
:10A9A000002352009542ABDD030036331A780023B2
:10A9B0009207A5D4012306001F00363632785408CA
:10A9C000A7433C0002279C40BA432243327097E7DA
:10A9D000C822520094429BDD0200363212785207A0
:10A9E00096D406000122363633789F08BA43970082
:10A9F000042293431A003A433270012388E7C821A6
:10AA0000019E49008E428FDD010036310978090729
:10AA10008AD40100012636310B78DF08BE430827AF
:10AA2000F600BB4333430B701378032B00D97DE74B
:10AA30000133DBB21370012B03D10021031DD98731
:10AA400074E7042B00D071E7020036321178033B23
:10AA50000B43137000230430C3870B33180005B079
:10AA6000F0BD092B00D87CE7029BCF87013B77E73D
:10AA700070FEFFFFFF700200E0FCFFFFF0B5040076
:10AA800087B0C0680BF05CFB0090019120690BF06F
:10AA900057FB0490059160690BF052FB0200060021
:10AAA000802000060B180F00009801990BF030FD74
:10AAB0000BF004FCE062051C0BF0ECFC0390281C7E
:10AAC0000BF0AAFC051C03980BF0A6FB009A019B57
:10AAD0000AF046FD00900191281C0BF09DFB32000E
:10AAE0003B000AF03DFD02000B00009801990AF0BE
:10AAF000A9FF02000B00049805990BF009FD0BF06B
:10AB0000DDFB0022051C00233000390008F0A2FD07
:10AB1000002806D1A5620223A2791343A37107B0CE
:10AB2000F0BD0021281C08F0CFFD0B4E002811D1EC
:10AB30000A4F281C0BF070FB02000B00300039009C
:10AB40000AF080FF32003B0009F0E4FD0BF0B6FB99
:10AB5000A062E0E7024FECE7EA2E4454FB21F9BF84
:10AB6000FB21F93F70B5C369C1681A68451D8AB0F9
:10AB70000400EB7F114255D0002B58D1EB7F082BFE
:10AB80000DD90122A379134209D11343A371A188DE
:10AB9000130006A80EF001FAFFF77CFB2062EB7FA2
:10ABA000012B23D80123A2791A421FD00025A188A6
:10ABB000A571022202A80EF0F0F9A31DDE7F012E7E
:10ABC00014D1FFF767FB2B00226A801A994100908D
:10ABD0000191019BA188AB4203D1174B009A9A4285
:10ABE00027D90123042206A80EF0D7F90322A3795E
:10ABF0001340012B14D1FFF74DFB0023226A801A6A
:10AC00009941994202D10D4B984209D90223A27968
:10AC1000A1881343A3710522012306A80EF0BDF9F4
:10AC20000AB070BD0B2BA9D80133EB77A6E7013B27
:10AC3000FBE733000322D6E7E7030000DB05000053
:10AC400010B50400034B08330360FFF759FB2000E5
:10AC500010BDC046F4C60200F0B5070000250E0086
:10AC6000040085B002930AAB1B78083703930F4B9F
:10AC7000019208330360858085712900182238000D
:10AC800011F0D7FB039A3100380011F0ECF9019B69
:10AC9000029AA380A31DE671DA77631D2562200066
:10ACA000DD77FFF70FFB200005B0F0BDF4C6020012
:10ACB0000048704716FCFFFF10B53320FEF7EAFD91
:10ACC000004810BD16FCFFFF002310B50400838070
:10ACD00083710D482164083020608020C000A0618D
:10ACE000E0612062E3602000236163616362A3622C
:10ACF000E36223636363A363E363636411000EF0A1
:10AD0000B3FB200010BDC0460CC70200F0B5614D7A
:10AD10008DB02E680400002E25D11D210FF01CFDE2
:10AD2000071E28D0082011F035FB01223300110046
:10AD300007000FF033FF0B231D22832104A801F02D
:10AD400071F904A908A8FFF7F3FC602011F022FBB9
:10AD5000062301931733009308AA3B002100060045
:10AD600002F04CFB2E604C4B28681B68002B00D077
:10AD700043640DB0F0BD3C2120000FF01BFD061E0A
:10AD800021D0082011F006FB01223B001100060033
:10AD90000FF004FF0B231D22832104A801F042F9C8
:10ADA00004A908A8FFF7C4FC602011F0F3FA0623F9
:10ADB00001933633009308AA33002100070002F004
:10ADC0008BFC2F60CFE73C2120000FF097FC071E83
:10ADD00025D0082011F0DEFA01223300110007000F
:10ADE0000FF0DCFE0B231B22842104A801F01AF9CA
:10ADF00004A908A8FFF79CFCA42011F0CBFA0623B5
:10AE000006000293013B01933733009308AA3B00ED
:10AE1000210002F03FF9204B1E604436A2E72021BA
:10AE2000200002F071FF06000820002E1FD011F054
:10AE3000B1FA3A000223012106000FF0AFFE0B2306
:10AE40001722842104A801F0EDF804A908A8FFF74F
:10AE50006FFC702011F09EFA062301931A330093C1
:10AE600008AA33002100070002F022FFA9E711F031
:10AE700091FA01223300110007000FF08FFE4820E5
:10AE800011F088FA040006223900FFF71DFF2C603C
:10AE900069E7C046842600208026002030B50425BE
:10AEA000837985B004002B421BD10368DB69984786
:10AEB00020000EF005FBA379A1882B43A371032288
:10AEC000012368460EF069F8A0790300AB43A37133
:10AED0000223184043425841034B4042184005B0FA
:10AEE00030BD0248FBE7C04614FCFFFF15FCFFFF26
:10AEF000F0B5040089B0406C0EF057FA071C606C86
:10AF00000EF046FA02222100061C05A80EF0E9FA0E
:10AF1000069809F075FB051C079809F071FB041CE5
:10AF2000381C0BF0B7FA0390381C0BF075FA01903F
:10AF3000301C0BF0AFFA0290301C0BF06DFA039945
:10AF4000071C201C09F046F80199061C281C09F072
:10AF500041F8011C301C09F06FF9061C059809F036
:10AF60004FFB391C09F036F80299071C281C09F020
:10AF700031F8039909F02EF8011C381C08F0B8FCD0
:10AF80000299051C201C09F025F8019909F022F806
:10AF9000011C281C08F0ACFC311C0BF0BDFA0F4959
:10AFA00009F018F80BF038F90D4A0E4B09F0CEFEF7
:10AFB0000BF084F9011C0C4809F03EF90021041C37
:10AFC00008F06EFB002804D0201C044908F090FC17
:10AFD000041C201C09F0F4FA09B0F0BD0000B443D1
:10AFE000EA2E4454FB2119400000B4421FB501224F
:10AFF000010001A80EF075FA029809F001FB041C8B
:10B00000019809F0FDFA211C0BF086FA0D4908F0B1
:10B01000E1FF0BF001F90C4A0C4B09F097FE0BF025
:10B020004DF90021041C08F03BFB002804D0201C33
:10B03000074908F05DFC041C201C09F0C1FA04B0AB
:10B0400010BDC04600003443EA2E4454FB210940A1
:10B050000000B44310B5837904005A070DD49B0750
:10B0600001D4FFF71BFF636C2000002B02D0FFF719
:10B070003FFF10BDFFF7BAFFFBE70148F9E7C04605
:10B0800015FCFFFF82B0F0B50400EDB064207393AF
:10B09000729211F072F8052210A811000DF0BEFF97
:10B0A000994911A8FFF716FA002221AB6CA91A6082
:10B0B0005A609A600C339942F9D12F2008AB1922BB
:10B0C000C018002111F0B5F9A0680EF0D2FD0026DD
:10B0D0000B90FF21A06800F057FC8C4FA06800F097
:10B0E00063FB07960996894B9F4203D0884B9F428A
:10B0F00000DBFFE0A0680EF0BEFDA56885491AA838
:10B10000FFF70CF978221AA9280000F013FC1AA8FE
:10B110000DF0A8FE00267D4F0322099B60680133D5
:10B120001A4009920EF01FF9050060680EF022F92E
:10B130000022794B05929D4210DB013205922A00D4
:10B14000C8320BDBAA22042192000591954205DC4E
:10B1500002220592C82D01DD0132059200220692DD
:10B16000984210DB012306930300C8330BDBAA23AC
:10B1700004329B000692984205DC02230693C828FD
:10B1800001DD0133069310A80DF03FFF00252F23AA
:10B1900008AA9B18EB5C012B08D160496B00CA1808
:10B1A0005278C95C10A8FF23FFF726F90135192D45
:10B1B000EDD16B4618229A5E6B4610A81421595E99
:10B1C000099BFFF719F9002F01DB0F2E07D9002388
:10B1D000A068009374301A0010A90DF02CFF012311
:10B1E0000893089B05995A004C4B9B189A1E12789D
:10B1F0008A4226D1013B1B78069A934221D1089AB4
:10B200006CAB9B18633BFF3B0A931B78012B18D058
:10B210000C23079A216853431D0000220CA80EF04E
:10B2200060F921AA2B0094460CAA634423CA23C3C5
:10B2300001220A9B01361A70079BF6B20133DBB27A
:10B240000793089B013308931A2BCAD1642010F08E
:10B2500094FF079B643F3FB2182B00D843E71A00C6
:10B2600021A91AA80EF060FB6A461DAB23CB23C2AE
:10B270001B6813601A991B9A1C9B20680EF006F934
:10B28000E568002D0CD0264912A8FFF747F81C23CB
:10B290001AAA12A928000FF0E3F912A80DF0E2FD96
:10B2A000A0680EF0E8FC11A912A8A5680DF0A5FE93
:10B2B00000221C4B009212A901932800130000F0F9
:10B2C000DDFA12A80DF08CFEFA20800010F055FF78
:10B2D000A0680EF0D0FC0B99A06800F055FB11A8F7
:10B2E0000DF07EFE10A80DF07BFE6DB0F0BC08BC2A
:10B2F00002B01847002F02D00F2E00D00CE7A06834
:10B3000000F052FA08E7C04694D902008C3C0000D5
:10B31000D18AFFFFD9D9020058FDFFFFF9D90200F9
:10B32000EED90200DC050000F0B587B001930EAB4A
:10B330001B88060003930D9B0D000093019B029256
:10B340000C9F002B40D0002F02D1009BDB073BD588
:10B35000302011F01FF8040010300DF014FE200012
:10B3600024300DF0ACFC029B18202580638011F086
:10B3700011F80500009B08220593019B0021036042
:10B380000C30049711F055F8082204A9281D11F07B
:10B3900034F80E4B02226B6100230399E3602362B1
:10B3A000E36233680A43A560A2805B682100300035
:10B3B0009847002806D020000DF00AFD200010F06C
:10B3C000DEFF034807B0F0BD0248FBE74D950200E1
:10B3D00016FCFFFF17FCFFFF70B58CB08360109B5D
:10B3E00001604260C3600400184918000FF0FFF8C4
:10B3F000051E14D001001C22103105A810F0FDFF1D
:10B400006A4608AB43CB43C21B68136020680599AA
:10B41000069A079B0EF03AF8280010F0B0FF0C4B8C
:10B42000186800280ED00B4A05AB05920022069240
:10B43000C03202926A4622CB22C223000322062196
:10B44000FFF772FF20000CB070BDC046EED90200BD
:10B450007426002085B00100F0B5040085B0637A41
:10B460009C46002B04D120000EF07CFA05B0F0BD04
:10B47000A37A266F01931023019AF35600259B1897
:10B4800001229A402900F36803920293029BAB4287
:10B4900031DDB368019A6B439B1872695B00E77AF0
:10B4A000D3181A785878E379012F14D15F1E3F1A08
:10B4B00010003A005B004343606F8218D3189B79F9
:10B4C000634500DD6346627B1A4202D00123AB4034
:10B4D00019430135DAE7022F05D15F1EBA1A277A20
:10B4E000013F381AE6E7032FE4D1277A013FBF1A5C
:10B4F00002003800DEE71123C943F356606C99401F
:10B5000023691940039B194310F0F7FEA27B072A19
:10B51000ACD8637B0C495B006373531CDBB29000B7
:10B520004158A373022A03D8080010F01BFE96E7C7
:10B53000064B2000236300236363054BE46223640E
:10B54000143010F0ADFC91E738C7020059B4010087
:10B550004F99020010B50400044B036010F098FCF2
:10B56000200006F061FF200010BDC046D4CF0200CD
:10B5700010B504000E4B08330360FEF7C1FE200037
:10B5800074300DF02DFD200060300DF029FD2000FD
:10B5900058300DF067FC200050300DF063FC2000A7
:10B5A000044B14306361FFF7D5FF200010BDC04687
:10B5B00058C70200E8CF0200F8B500250400324B5E
:10B5C0008580083303608571143016000F0006F083
:10B5D00015FF20002D4BE562636125645030FEF7B6
:10B5E000D7FE20005830FEF7D3FE20006030FEF773
:10B5F000FDFE20000423F25E33682667590009B27D
:10B6000074300DF00BFD3368226FE371736801260F
:10B61000237210236581A7802561D356916859183C
:10B62000994204DD3000984001330543F8E71123C7
:10B630000120D356D1685918994206DD02009A407C
:10B640002669013332432261F6E7142010F0A2FE8E
:10B65000226900212A430123060007F09DF9FF23F8
:10B66000220063720133A381002348326664A3730E
:10B6700020001370A366FEF725FE0123A2792000A7
:10B680001343A371F8BDC04658C70200E8CF0200BB
:10B69000F0B5437A85B00400002B04D120000EF0F1
:10B6A00061F905B0F0BD0122837A11009C46102398
:10B6B000066F0025F35603926344994002912900D6
:10B6C000F3680193019BAB422CDDB36872696B4355
:10B6D00063445B00E77AD3181A785878E379012F2E
:10B6E00010D15F1E3F1A10003A005B004343606FA9
:10B6F0008218D3189B79002B02D0039BAB401943CF
:10B700000135DFE7022F05D15F1EBA1A277A013F04
:10B71000381AEAE7032FE8D1277A013FBF1A02005F
:10B720003800E2E71123C943F356606C994023695E
:10B730001940029B194310F0E0FD667AB31EDBB29C
:10B74000FC2B14D8FEF76CFD0B4B05002363002384
:10B750000A4863630A4BFF21E4622364704307F0E5
:10B7600063FE290041432000143010F099FB637AF6
:10B77000012B00D995E791E765990200B603000017
:10B780004F9902001FB5012381881A0068460DF009
:10B7900004FC012303491A0068460DF0FEFB05B0C6
:10B7A00000BDC046FE0300001FB5030048331A78F1
:10B7B0000400002A0DD000221A70012381881A008B
:10B7C00068460DF0EAFB012304491A0068460DF0B3
:10B7D000E4FB200074300DF018FC1FBDFF030000D7
:10B7E00010B50400230048331A78002A07D01B78CC
:10B7F000012B04D0012102480DF037FAF2E710BD09
:10B80000FF03000010B50121040007200DF02DFA00
:10B81000064B984208D148342378002B04D0237873
:10B82000012B01D020BFF7E710BDC04616FCFFFF7B
:10B8300070B50600141E19DB050048352B78002B67
:10B8400002D02B78012B13D1002330001A00743062
:10B85000FEF790FE002C07D033004A331C800024F2
:10B8600007234C3634802B70200070BD014CFBE761
:10B87000014CF9E717FCFFFF12FCFFFF73B5079CB3
:10B880000500002C1CDB060048363078002802D06A
:10B890003078012816D106981BB2C0B2009028005B
:10B8A00012B274300DF0C7FB002C07D02B004A33C6
:10B8B0001C80002407234C352C803370200076BD7B
:10B8C000014CFBE7014CF9E717FCFFFF12FCFFFFFF
:10B8D000F0B587B00D9C06000F0002920393002C78
:10B8E00020DBFFF77DFF330048331D78EDB2002DDC
:10B8F0001AD1390005A80DF080FB0C9B0194009330
:10B90000029A039B05A93000FFF7B8FF05A80DF0C8
:10B9100067FB002C03D03000FFF774FF2C002000E1
:10B9200007B0F0BD014CFAE7014CF8E717FCFFFF48
:10B9300011FCFFFFF8B50400171E1DDD0600483698
:10B940003378002B02D03378012B17D12200E37912
:10B950005632013B137023000025200054331D8014
:10B9600050300DF0DEFA23004A331F8002232800F6
:10B970004C3425803370F8BD0148FCE70148FAE7F4
:10B9800017FCFFFF12FCFFFFFF2902D841720020C5
:10B9900070470148FCE7C04617FCFFFF13B50400E1
:10B9A00004A800780090200010F0D4F9002801D1FC
:10B9B000207516BD0048FCE70EFCFFFF13B5040020
:10B9C00004A800780090200010F0ACF9002801D104
:10B9D000207516BD0048FCE70EFCFFFF7FB50D008B
:10B9E00011000F226A4404001E1E117016D0089B1D
:10B9F000002B13DD012329000093FFF7DFFF002850
:10BA000002D0074804B070BD0090089B32002900A6
:10BA10002000FFF7C3FF0028F4D0F2E70148F1E768
:10BA20000EFCFFFF17FCFFFF10B5040086B0006C92
:10BA300006F05CFD237BA0219A00105100200C4AE7
:10BA4000C90050500B4914305050626C6846517C0C
:10BA5000C91849B20EF00FFA039B019A03211A602C
:10BA6000207B0130C0B207F0DBFC217306B010BDB3
:10BA7000007000400405000082B070B5040000258D
:10BA800088B00C920D93636C9A68AA420ADD197C07
:10BA900002A8491949B20EF0EEF9069B039A013546
:10BAA0001A60F0E75D7C237B02A8ED186DB22900D7
:10BAB0000EF0E1F9039A059B01921A600021182209
:10BAC00002A810F0B6FC02A80022290010F0CBFA60
:10BAD000206C002801D010F052FC082010F05AFC15
:10BAE0002900060006F0DCFC094B2000E36200237D
:10BAF000FA212363074B2664A462E3631030090133
:10BB000010F0CEF908B070BC08BC02B01847C046AF
:10BB100029BA0100219E0200F0B5040085B01F0083
:10BB20000CAB1B8810300E00150001930DF02BFAA2
:10BB3000200024300DF0C3F826806580182010F016
:10BB400029FC02AE050033000AAA03CA03C32F6012
:10BB50002800082700213A000C3010F06AFC3A0057
:10BB60003100281D10F049FC064B02226B612000B9
:10BB700000230199A5600A43E360A2802362E36287
:10BB800005B0F0BD379E020070B5040086B01030DD
:10BB90000D0006F033FC0023184AA3622261184A04
:10BBA000E36316686564237323606360A3609E4249
:10BBB0001FD0144A30200492059310F0EBFBC023F1
:10BBC00005006A46029304AB03CB03C2230007219E
:10BBD00002222800FFF7A0FF336829005B683000CD
:10BBE0009847002805D028000DF0F2F8280010F042
:10BBF000C6FB00232000236406B070BDE8CF02001E
:10BC00007426002079BA010030B5134B93B01D683B
:10BC10000400002D17D0114B6A46049300230593AE
:10BC20001033029304AB03CB03C22300022207218B
:10BC300006A8FFF771FF2B6806A99B6828009847A4
:10BC400006A80DF0C5F82000054B10302361FFF762
:10BC500081FC200013B030BD7426002079BA0100A9
:10BC6000E8CF0200F7B507000D1E3FD000230226E3
:10BC700004690193002C35D0AA88A388534033422D
:10BC800004D1324204D1AB88334226D0E46AF1E7D2
:10BC9000A968A0680EF067FF0028F4D02B88002B5D
:10BCA00002D022889A42F1D16B88002B02D06288A0
:10BCB0009A42EBD1EB68E268934201D0002BE5D1C8
:10BCC0007B68002B01D020009847A288084B1343C3
:10BCD000A380019B01330193D8E7A368AA6893422C
:10BCE000D4D1DBE7019B2000002B00DC0148FEBD26
:10BCF0000080FFFF17FCFFFFF0B5060085B00D1EAA
:10BD00005DD001270469002C26D00221AA880023D7
:10BD10000A4202D0A3885B083B40226829688A4215
:10BD200014D1A068A968002B0ED00EF01CFF0028CB
:10BD30000CD0EB68E268934208D1A3881AB2002ABB
:10BD400006DB204805B0F0BD8842F2D0E46ADAE7AD
:10BD50005B045B0CA380F4E730692A88002807D1D4
:10BD600035610123184968460DF017F90020E9E70D
:10BD7000010003001C88944206D2DC6A1900002CE2
:10BD80000DD02300F6E723001C88944207D15F887A
:10BD90006C88A74203D8DC6A1900002CF3D18842D2
:10BDA00009D10B889A4204D305D148886B88984200
:10BDB00001D9E962D4E7CB6AEB62CD62D1E70348EF
:10BDC000C0E7C04616FCFFFFFD03000017FCFFFFA5
:10BDD000064B10B51A00040008322C330260836051
:10BDE0000830FEF70DF8200010BDC04670C70200F5
:10BDF00008B4024B9C46083808BC6047D1BD01001E
:10BE000008B4024B9C46083808BC6047D59E020027
:10BE10000C4A002311002C32083110B54360838195
:10BE200083738260036143618361838301600400E3
:10BE30000830FDF7D7FF044B1A68002A00D11C60B8
:10BE4000200010BD70C702007426002082B0F7B534
:10BE50000125402709930CAB1B78046908920193D4
:10BE6000002C37D008AA238812889A4201D0002BD0
:10BE700028D108AA638852889A4201D0002B21D188
:10BE8000FDF7D2FE0123002806D0C022A38813406C
:10BE9000C03B5A425341DBB2019A934218D1A68863
:10BEA00033B2002B14DB102208A9A01810F0A5FA59
:10BEB0003E4209D1FDF7B8FE002805D02100084810
:10BEC000FEF786F8E46ACBE720000EF00CF8F9E7FD
:10BED0000025F7E72800FEBC08BC02B01847C046A2
:10BEE000E79E020008B4024B9C46083808BC604735
:10BEF00081A0020010B502480DF045F810BDC04603
:10BF0000B8200020F0B587B001930EAB1B88060067
:10BF100003930D9B0D000093019B02920C9F002B3D
:10BF200040D0002F02D1009BDB073BD5302010F022
:10BF300031FA040010300DF026F8200024300CF007
:10BF4000BEFE029B18202580638010F023FA0500B6
:10BF5000009B08220593019B002103600C3004978D
:10BF600010F067FA082204A9281D10F046FA0E4BBB
:10BF700002226B6100230399E3602362E36233686A
:10BF80000A43A560A2805B68210030009847002822
:10BF900006D020000CF01CFF200010F0F0F9034840
:10BFA00007B0F0BD0248FBE7CFA0020016FCFFFF80
:10BFB00017FCFFFFF0B50400160000258380164A29
:10BFC000164B85710260218146810573186889B01E
:10BFD0008C46A8421DD0124A05950492C0220292B6
:10BFE0006A4604AB82CB82C223002A006146FFF777
:10BFF00089FFC022094B0A49186802926A460691D5
:10C0000006AB079582CB82C223002A003100FFF7DE
:10C0100079FF200009B0F0BDB4C7020074260020EB
:10C02000F9A1020030B5002403730123034D84718C
:10C030000560818082734373846030BDB0C60200A6
:10C0400070B583790400DB0702D5806810F097F99A
:10C05000A3799B0702D5A06810F091F9A3795B073B
:10C0600007D5A0230021144ADB00D150A06810F0AE
:10C0700086F9A3791B0708D5A568002D05D02800EF
:10C080000EF0E8FD280010F07AF9A379DB0605D55B
:10C09000A068002802D00368DB6898476023A27973
:10C0A0001A4205D0A068002802D003685B68984750
:10C0B0000023A360A37170BD00700040F7B5022794
:10C0C000037B04000D003B4226D0012926D8867947
:10C0D0003E40009614D1FFF7B3FF182010F05AF934
:10C0E0000E230600E35618220099019310F0A1F9DF
:10C0F000019930000FF0C9FFA379A6603B43A371FB
:10C10000A3685A68002D04D00025DB681A60280057
:10C11000FEBD1B691A60FAE7014DF8E7014DF6E72D
:10C1200016FCFFFF17FCFFFFF7B50126037B040099
:10C1300033422AD0612385791D4017D1FFF780FF54
:10C14000182010F027F90E230700E3561822009359
:10C15000637B2900019310F06CF9019A0099380073
:10C160000FF081FFA379A7603343A3716023A27905
:10C17000A0681A4202D00FF00EFEFEBD436940686F
:10C180001B681840431E9841F7E70148F5E7C04691
:10C1900016FCFFFF70B5037B04000D001B0713D5D1
:10C1A0000B4B994212D80EF0B5F8030000208342E1
:10C1B00009D1280008F024FA064907F033FD011CD4
:10C1C000A06803F011F970BD0348FCE70348FAE7E3
:10C1D000FF03000000C07F4416FCFFFF17FCFFFFB9
:10C1E00070B50425037B04002B4214D083792B42C5
:10C1F0000DD1FFF725FF082010F0CCF80E21060026
:10C20000615606F04DF9A379A6601D43A571A0689B
:10C2100006F06CF970BD0148FCE7C04616FCFFFF54
:10C22000F7B50127037B04003B4219D01023857921
:10C230001D4011D1FFF704FF282010F0ABF80E21AC
:10C24000A2883B00615600950600FEF705FD10220E
:10C25000A379A6601343A371A0680DF0BFF8FEBDDB
:10C260000048FCE716FCFFFF10B5012483794173F9
:10C270001C4004D080680FF087FF002010BD6022B2
:10C28000134203D080680FF08DFDF6E70048F5E714
:10C2900016FCFFFFF8B56023857904000E001D40F1
:10C2A00025D1FFF7CDFE582010F074F80E210700BD
:10C2B000615600F029FD3800A760617B0FF072FD28
:10C2C0000122A068114B124F4362046285624763EA
:10C2D00011001C3006F0F2F9A0680E4B8463C363B2
:10C2E0000564C76401221C30022106F0E7F96022D0
:10C2F000A3799343403A012E05D0022E02D00020AC
:10C30000A371F8BD40221343F9E7C046B1A3020070
:10C31000FFA20200D5A3020010B503000C00032900
:10C3200012D8080006F0ECFF0C0202081800FFF714
:10C33000B1FF0024200010BD1800FFF771FFF8E7DF
:10C3400018000EF059F8F5E7004CF3E717FCFFFF73
:10C3500070B5040000250C4B0E00083385808571F4
:10C360000360210018300EF07EF8200021002030FC
:10C370000EF09EF8054BA680E5802572E5602561EC
:10C38000656120001C6070BDC4C7020088260020C3
:10C390008379DB0702D5C160002070470048FCE7C5
:10C3A00016FCFFFF8379DB0701D5C06870470148A1
:10C3B000FCE7C04616FCFFFF70B545690400002D80
:10C3C00022D0037A032B21D8FFF7ECFFA8622C20A0
:10C3D0000FF0E0FF2C220021050010F02AF80022C7
:10C3E00063695A622369934208D16369236100201B
:10C3F000237A65610133237270BD13005A6A002AE3
:10C40000FBD162695A62F2E70148F5E70148F3E7B8
:10C4100017FCFFFF13FCFFFF144B70B55A68144C58
:10C42000002A03D000225A600132A2601A69002A51
:10C4300017D0002119618023DB000E4DE3582868D6
:10C44000012B0FD1A923DB00E1584942FFF7A0FFE0
:10C450002868FFF7B1FF2B685A69074BE2500123A8
:10C46000A36070BDFFF794FFF9E7C046FC100040E1
:10C470000010004088260020040500000300006929
:10C48000002809D00221054AD167426A1A611A7A46
:10C49000013A1A72024B19607047C04604E100E08D
:10C4A00000E100E0F0B585B004000FF0A2FC204BE5
:10C4B0001B785B0737D50025236CC6B20227DF5FE8
:10C4C000BD420EDA200029B240300CF04FFDB042E0
:10C4D00005D101230C211A0068460CF05EFD0135E0
:10C4E000EEE7250023004E3528884C3319780130BB
:10C4F00007F080F8230050331B8889B28B4214D098
:10C500002B88A26CD654636C2980002B0BDB2A8805
:10C51000934208D1012302225B42636402330C215F
:10C5200068460CF03AFD05B0F0BD01230322F6E7A2
:10C530007E2900200121024A13788B431370704733
:10C540007E2900200223024A11780B4313707047A2
:10C550007E2900200221024A13788B431370704712
:10C560007E29002010B5002903DB024B19600FF073
:10C5700065FC10BD8C26002070B504001E0004ABC5
:10C580001D7805F005FF20000E4B40302360FDF7BD
:10C59000FFFE230001364C33013522001E701D734F
:10C5A0000023E1214E32A36463651380538093819D
:10C5B000D381013B200063644902FFF7D3FF2000D1
:10C5C00070BDC04660C6020070B505001400012AA7
:10C5D00011D003004E331888023B4018197807F039
:10C5E00009F869640025022C03D121000C200CF00D
:10C5F0003CFB280070BD014DFBE7C04617FCFFFF68
:10C6000070B50600503604000A003388002906D1B0
:10C6100002004E3212889A4208D10F4870BD01299B
:10C620000FD101004E310A889A42FCD0A36C3088A9
:10C630004C341D5C2178013006F0DCFF280031808D
:10C64000ECE70229F2D101004E3109889942EDD17F
:10C650000121FFF7B9FFE9E70CFCFFFFF0B505008A
:10C6600007005C355A372B883A8885B004009A4217
:10C670001ED0104B1B781B071AD52B88426DD15C3E
:10C680000FF0BBFB2300288858331978013006F0DF
:10C69000B1FF3B888EB2B34209D107490123022280
:10C6A00068460CF07AFC012120000DF051FF2E802D
:10C6B00005B0F0BD7E290020FF030000F8B5114D44
:10C6C00004002B781B0705D501210DF041FF606D9B
:10C6D000FDF732FD082623002F785833B7432F701B
:10C6E0001878FDF7F5FC6065002808D023000020CD
:10C6F0005A335C343E4318802E702080F8BD0248C7
:10C70000FCE7C0467E29002013FCFFFF70B50B4BF1
:10C7100004001B780D009B070ED4FFF713FF2300C6
:10C72000013558331D702000FFF7C8FF05002000B9
:10C73000FFF710FF280070BD014DFBE77E290020A8
:10C740000DFCFFFF73B50D0006A904000978043045
:10C75000002A01D1DE070ED5002D0CD018264E433D
:10C760000C34A41962600122A360044B256063614C
:10C7700006F09EFB73BD0022FAE7C046DBA4020070
:10C78000F0B58BB005930300070004000025583373
:10C7900006930433039104925A370793049B9D42F6
:10C7A00011DA069B3E881978701C06F023FF079B60
:10C7B00089B21B888B4206D0039B626D5B5D01359D
:10C7C00093553980EAE7059B012B03D002210748E6
:10C7D000FDF786FA012320000093054A002321007B
:10C7E000FFF7B0FF28000BB0F0BDC046FF0300000C
:10C7F0005DC60100F7B5184C1F00237805000191B4
:10C8000016009B0724D4002A24DD002922D0FFF73C
:10C8100099FE23781B0714D50024019B321B19199C
:10C8200028003B00FFF7ACFF3900241828000DF06A
:10C8300080FE002F01D0A642EFDC2800FFF78AFE21
:10C8400004E02800FFF73AFF041EE5D02000FEBDFB
:10C85000024CFBE7024CF9E77E2900200DFCFFFFAC
:10C8600017FCFFFFF0B5164E87B0337805005B0765
:10C8700005D500210DF06CFEA86CFDF75DFC0427CA
:10C880003378BB43039333702B004C331878FDF798
:10C890001FFCA864002811D02B0000244E331C80FC
:10C8A0005C80039B28001F433770064A00942300D6
:10C8B0002900FFF747FF200007B0F0BD0248FBE763
:10C8C0007E290020A5C4010013FCFFFF012370B5E1
:10C8D0000E000C4905000A781A4211D113430B705F
:10C8E000530708D531002800FFF78AFE0400FFF740
:10C8F00021FE200070BDFFF7B5FF041EF2D0F8E75F
:10C90000014CF6E77E2900200DFCFFFF012310B546
:10C91000094A14781C420CD12343137003000131DF
:10C920004C331970FFF79EFF0400FFF703FE200051
:10C9300010BD024CFBE7C0467E2900200DFCFFFF26
:10C94000F7B580277F053D697C690822113C6C435F
:10C950000600210068460FF050FD104B009A9A42E5
:10C9600019D000930023019379693000133969438A
:10C970000DF0F4FD019A009930000DF00BFE21003E
:10C9800030000DF0EBFD7969AB08133969432200E3
:10C9900030000DF0EFFD0198FEBDC046FECA00005C
:10C9A000F0B50D00A9B00D9200213022060010A8AC
:10C9B0000B930FF03EFD28000FF07BFD431C0C9302
:10C9C000102B00D9B5E00B9B202B00D9B1E029003A
:10C9D00030000DF00CFE071E50D129000C9A10A853
:10C9E0000FF00BFD0D990B9A14A80FF006FD802394
:10C9F0005B051A695F690C92113F7A4330005D69EB
:10CA00000B92FFF79DFF3022002104001CA80FF0BD
:10CA100010FD290000270C9B1339594330000DF0FD
:10CA20009DFD0D9730257D430B9B0833ED18A742E4
:10CA300042DA290030221CA80FF0DFFC10A91CA844
:10CA40000FF02DFD002827D13C49300022000E9127
:10CA50000F940DF09FFD6A46099513AB23CB23C2BB
:10CA600023CB23C223CB23C23000129B1099119AEF
:10CA70000DF09EFD01230D930137D3E710300B9A83
:10CA80000D990FF0ABFC040038000FF078FC002C7F
:10CA9000A3D1200029B0F0BD6A4609951FAB23CB76
:10CAA00023C223CB23C223CB23C230001C991D9A5F
:10CAB0001E9B0DF07DFDDFE7E5433023ED1725409C
:10CAC0005D430B9B08355D190D9B002B1DD10C9B05
:10CAD0003021981E06F01EFCA0422CD017490134CC
:10CAE000300022000E910F940DF054FD6A46099516
:10CAF00013AB23CB23C223CB23C223CB23C23000CF
:10CB00001099119A129B0DF053FD0B9930000DF006
:10CB100025FD80235B0559690C230C9A1339634367
:10CB20004A430233110030000B9A0DF023FD00241C
:10CB3000AFE7034CADE7034CABE7C046FECA0000CD
:10CB400017FCFFFF13FCFFFF8023F0B55B051A699C
:10CB500095B003925A6905910399113A51435D6961
:10CB6000039B133D040002915D43FFF7E9FE061E9F
:10CB70003BD0002730220021083508A801950FF08E
:10CB800058FC019920000DF0E9FC049730237B4309
:10CB9000029D0835ED18B7421FDA2900302208A897
:10CBA0000FF02BFC059908A80FF079FC00280AD19A
:10CBB0001949721E2000069107920DF0EBFC01232B
:10CBC00004930137E2E70C23019A290020000DF0BD
:10CBD000D1FC019B30330193F3E7049B002B06D17A
:10CBE0000D49320020000DF0D5FC0C4812E00299EE
:10CBF00020000DF0B3FC80235B0559690C23039AD8
:10CC000013394A437343110020000233029A0DF096
:10CC1000B1FC002015B0F0BDFECA00000CFCFFFF07
:10CC200070B50400A280FA22002308000C4992008B
:10CC300008312160A3716061E260A36063820949E9
:10CC40000DF0D5FC051E09D0010020001031022294
:10CC500012300FF0D2FB28000FF091FB200070BDC6
:10CC6000DCC702002BDA020030B50225837987B0D9
:10CC700004002B4204D1FDF7B5F8A3791D43A5713B
:10CC800020000DF0FEFC00281CD06B46DD1C2800A7
:10CC90000DF0EEFC2B78002B17D001A80DF0E6FC70
:10CCA0000321019AD3170B409B189B102382FDF799
:10CCB000F1FAE368A18818180123A0601A0002A8FD
:10CCC0000CF06BF9002007B030BD0122064B1A6052
:10CCD000064A51680029FCD000215160044A1268BC
:10CCE000019201225A60DBE700C00040FCC0004016
:10CCF00008C5004010B50400024B036005F018FBA6
:10CD0000200010BDFCC7020010B5040005F01CFB9C
:10CD1000034B00222360002320002265636510BDC1
:10CD2000FCC70200022802D10122014B1A70704791
:10CD30007F29002070B5064C05002378002B04D114
:10CD4000044802F0ADFC01232370280070BDC046EA
:10CD50008029002025CD010070B50C000BF024FFC8
:10CD6000002810D00023144DA40A2B7020000DF0D1
:10CD7000B5FC002803D00A200FF0FFF9F6E72B7866
:10CD8000002BFCD070BD02210C4B0D4A9950802124
:10CD9000C90008005D58002DFCD0A121C9005C50DD
:10CDA00019580029FCD0002199508021C9005A58F7
:10CDB000002AFCD0E6E7C0467F29002000E00140C1
:10CDC00004050000F8B50C0015001E000BF0ECFE89
:10CDD000002811D00023174F3B703200290020009B
:10CDE0000DF07AFC002803D00A200FF0C6F9F4E712
:10CDF0003B78002BFCD0F8BD01210F480F4B844637
:10CE000019508021C9005A58002AFCD080270022DE
:10CE1000FF00964207DD910068586050D9590029FB
:10CE2000FCD00132F5E7002261465A50DA59002A57
:10CE3000FCD0E0E77F2900200405000000E001406D
:10CE400008B4024B9C46443808BC6047E1A6020087
:10CE5000FA21F8B50389C9000400594332480DF09E
:10CE600098FEFA21890006F055FA304F2081A17A08
:10CE700038000DF08EFE23002600250022894C3359
:10CE8000A072A0361A808C35317800232A222868B7
:10CE90000CF012FF002801D02548F8BD31781F237F
:10CEA0005B2228680CF008FF0028F5D13178202398
:10CEB0005C2228680CF000FF0028EDD131780123B6
:10CEC0002C2228680CF0F8FE0028E5D131780123E7
:10CED0002D2228680CF0F0FE0028DDD131780123E6
:10CEE0002E2228680CF0E8FE0028D5D1A17A38005F
:10CEF0000DF04AFE3178C3B20E2228680CF0DCFE39
:10CF00000028C9D1FA2123898900594306480DF028
:10CF10003BFE01230343DBB231782A2228680CF060
:10CF2000CBFE0028B9D0B7E70CC8020004C8020045
:10CF30000EFCFFFF08B4024B9C46443808BC604717
:10CF400051CE0100074B10B51A00040008323C33E3
:10CF50000260436444300CF055FA20000CF05DF997
:10CF6000200010BD6CC8020008B4024B9C46443837
:10CF700008BC604745CF010008B4024B9C464438CA
:10CF800008BC6047EBA60200F0B5042583798BB09E
:10CF900004002B4204D1FCF725FFA3791D43A571A2
:10CFA00020009030FFF7C0F80026B0420FD12300D8
:10CFB000A033197820000C2307AD00938C302B0090
:10CFC00001220068FEF70AFD061E03D02C4E300039
:10CFD0000BB0F0BD0A2304AA9B182A785A706A780D
:10CFE0001A700022985EAA785A70EA781A700022A5
:10CFF000995E03912A795A706A791A7000229F5EAD
:10D00000AA795A70EA791A7000215A5E04922A7A33
:10D010005A706A7A1A7000215A5E0592AA7A5A707A
:10D02000EA7A1F251A7000229B5EA27A03999C4619
:10D03000514349425043CB172B407A435B185B1155
:10D04000A361C3172B401818D3171D406423AD18D4
:10D05000059A5B425343A36764236146049A4011D7
:10D060005A434B43E2676D11221DE06125622000A7
:10D07000D3670CF04BF9200044300CF0CAF9A6E756
:10D080000EFCFFFF08B4024B9C46443808BC6047C6
:10D0900089CF0100F7B51E00040008AB1B881500FE
:10D0A000019309AB00911A8831000AAB1F88FDF784
:10D0B00017FB20003A0031004430FDF705FE134B0A
:10D0C00020001A003C336364230008322260009A77
:10D0D0008C331A60AB8890308380AB79019A83716E
:10D0E0000B4B03210360AB6883602B7B03736B7B6B
:10D0F0004373AB7B83732300A0331A80FFF7B4F82C
:10D100002000FFF7A5FE2000FEBDC0466CC802004F
:10D11000B0C60200F8B5FA260189B60004007143D2
:10D1200026480DF036FD310006F0F4F8244F20813A
:10D13000A17A38000DF02DFD2500A0725835297810
:10D1400000232A22606C0CF0B7FD002801D01D4896
:10D15000F8BD297810232B22606C0CF0ADFD00285F
:10D16000F5D1297801232D22606C0CF0A5FD002853
:10D17000EDD1297801232E22606C0CF09DFD002852
:10D18000E5D1A17A38000DF0FFFC2978C3B20E2258
:10D19000606C0CF091FD0028D9D1218907487143BA
:10D1A0000DF0F2FC01230343DBB229782A22606CE4
:10D1B0000CF082FD0028CBD0C9E7C046D4C80200DD
:10D1C000CCC802000EFCFFFF10B50400034B08336F
:10D1D00003600CF022F8200010BDC04634C90200E4
:10D1E0007FB50425837904002B4204D1FCF7FAFDB6
:10D1F000A3791D43A57120004830FEF795FF002557
:10D20000A8420ED123000A265833197806236E440B
:10D21000009301223300606CFEF7E0FB051E03D093
:10D220000C4D280004B070BD022300210420F356E9
:10D23000A27ADB00715630565343C000C9005143F7
:10D2400042435B42A3612368E16122629B6A200042
:10D250009847E6E70EFCFFFFF8B50400150006AAA4
:10D26000168807AA0F0012881900FDF739FA0F4B2C
:10D270006764083323602300AA8848339A80AA7918
:10D2800020009A710A4AA264AA6822652A7B1A734E
:10D290006A7B5A73AA7B9A730023A37123005833C5
:10D2A0001E80FFF737FF2000F8BDC04634C90200DA
:10D2B000B0C6020010B50400034B083303600CF045
:10D2C000A1F8200010BDC046C8C90200F0B5070093
:10D2D0005C3787B00400397800231022806C0CF092
:10D2E000EBFC0326002802D01F4807B0F0BD0F2535
:10D2F00002ABED180123397808220093A06C2B00B3
:10D30000FEF76CFB184B9842EED02B78334203D0DB
:10D310006420FCF701FEEAE7FA262189134DB600E6
:10D32000714328000DF035FC310005F0F3FF20813A
:10D330003978A0231122A06C0CF0BEFC0028D3D1B8
:10D34000A36C21890393714328003F780DF01CFCE6
:10D3500001231843C3B21022390003980CF0ACFC2F
:10D360000028C2D0C0E7C0460EFCFFFF68C902001B
:10D370007FB50825837904002B4204D1FCF732FDE8
:10D38000A3791D43A57120004C30FEF7CDFE061E8B
:10D390000ED023000A255C33197806236D440093D0
:10D3A00001222B00A06CFEF719FB061E03D0124EC3
:10D3B000300004B070BD2A7802AB5A706A78200041
:10D3C0001A700022995E64224A43A263AA785A70B6
:10D3D000EA781A700022995E6422524251436163D6
:10D3E000297959706979197000215B5E5A43236865
:10D3F000E2631B6A9847DBE70EFCFFFFF8B5040009
:10D40000150006AA168807AA0F0012881900FDF752
:10D410005BFC0D4BA764083323602300AA884C33C0
:10D420009A80AA7920009A71084AE264AA68626523
:10D430002A7B1A736A7B5A73AA7B1E829A73FFF740
:10D4400045FF2000F8BDC046C8C90200B0C60200B2
:10D45000F7B5FA250189204FAD0004006943380073
:10D460000DF097FB290005F055FFA17A20811B489C
:10D470000DF08FFB2600636CA07200932189583653
:10D4800033786943380001930DF07EFB0723034393
:10D49000DBB22022019900980CF00EFC002801D08C
:10D4A0000F48FEBD317810232222606C0CF004FC82
:10D4B0000028F5D1A17A0948656C37780DF064FB36
:10D4C00080235B420343DBB22322390028000CF0A7
:10D4D000F3FB0028E5D0E3E7FCC90200F4C9020031
:10D4E0000EFCFFFF10B50400034B083303600BF084
:10D4F00094FE200010BDC0466CCA0200F0B50425A1
:10D50000837985B004002B4204D1FCF76BFCA3792E
:10D510001D43A57120004830FEF706FE061E0ED002
:10D5200023000A255833197806236D440093A82256
:10D530002B00606CFEF752FA061E03D0134E30002B
:10D5400005B0F0BD1F200023EA5ED31703409B18EF
:10D550000222A95E5B11CA170240521804216F5EB5
:10D560005211F9170140C91949112B806A80A9800D
:10D57000A07A4343424341435B42E3612368524202
:10D58000A26121629B6A20009847D8E70EFCFFFF4A
:10D59000F8B50400150006AA168807AA0F0012881D
:10D5A0001900FDF79DF80F4B6764083323602300D3
:10D5B000AA8848339A80AA7920009A710A4AA264FC
:10D5C000AA6822652A7B1A736A7B5A73AA7B9A73AC
:10D5D0000023A371230058331E80FFF739FF20007A
:10D5E000F8BDC0466CCA0200B0C60200F7B5FA2505
:10D5F00004000189134EAD00694330000DF0C9FAF3
:10D60000290005F087FE2700A36C208100935C377A
:10D610003B7881B26943300001930DF0B5FA602286
:10D62000C3B2019900980CF047FB002801D00648CE
:10D63000FEBD397801236222A06C0CF03DFB00286E
:10D64000F6D0F4E7A0CA02000EFCFFFF10B50400FC
:10D65000034B083303600BF0D5FE200010BDC0461D
:10D66000C8CA02007FB50825837904002B4204D183
:10D67000FCF7B8FBA3791D43A57120004C30FEF7E1
:10D6800053FD051E0ED023000A265C3319780623AD
:10D690006E440093E8223300A06CFEF79FF9051E4C
:10D6A00003D00C4D280004B070BD0223F25E962317
:10D6B0005B425A4362630021725E20005343A363BE
:10D6C0000423F25E96235343E36323681B6A98475F
:10D6D000E8E7C0460EFCFFFFF8B50400150006AAF7
:10D6E000168807AA0F0012881900FDF7EDFA0D4BF6
:10D6F000A764083323602300AA884C339A80AA7950
:10D7000020009A71084AE264AA6862652A7B1A734B
:10D710006A7B5A73AA7B1E829A73FFF767FF200009
:10D72000F8BDC046C8CA0200B0C60200FA2170B5F2
:10D7300003898900040059433B480DF02AFAA17A75
:10D7400020813A480DF025FA2500A0725835297835
:10D75000B6231422606C0CF0AFFA002801D03448D4
:10D7600070BD0F266420FCF7D7FBA37A29783340DD
:10D770003200606C0CF0A0FA0028F0D123892978DF
:10D7800033401022606C0CF097FA031EE7D1297821
:10D790001322606C0CF090FA0028E0D1062329785F
:10D7A0003422606C0CF088FA031ED8D12978162236
:10D7B000606C0CF081FA0028D1D11023297817224F
:10D7C000606C0CF079FA031EC9D129781822606CBC
:10D7D0000CF072FA031EC2D129781922606C0CF089
:10D7E0006BFA0028BBD1297881231A22606C0CF0D7
:10D7F00063FA0028B3D1002329781B22606C0CF057
:10D800005BFA031EABD129781E22606C0CF054FA2F
:10D810000028A4D1297802232022606C0CF04CFA55
:10D8200000289DD09BE7C046FCCA0200F4CA020053
:10D830000EFCFFFF10B50400034B083303600BF030
:10D84000ECFC200010BDC04664CB0200F0B50425FE
:10D85000837985B004002B4204D1FCF7C3FAA37985
:10D860001D43A57120004830FEF75EFC0026B04243
:10D870000ED123000A255833197806236D440093EE
:10D8800002222B00606CFEF7A9F8061E03D0134E8F
:10D89000300005B0F0BD1F200022AB5EDA17024059
:10D8A000D2180223E95E5211CB1703405B18042102
:10D8B0006F5E5B11F9170140C91949112A806B800D
:10D8C000A980A07A434342434143E3612368A261B4
:10D8D00021629B6A20009847DAE7C0460EFCFFFFF2
:10D8E000F8B50400150006AA168807AA0F001288CA
:10D8F0001900FCF7F5FE0F4B676408332360230023
:10D90000AA8848339A80AA7920009A710A4AA264A8
:10D91000AA6822652A7B1A736A7B5A73AA7B9A7358
:10D920000023A371230058331E80FFF7FFFE200061
:10D93000F8BDC04664CB0200B0C602007FB5FA2134
:10D94000038989000400594379480DF022F98223A4
:10D9500020814B222021A06C0CF0AEF9002802D0CF
:10D96000744804B070BD6420FCF7D6FA01234B2242
:10D970002021A06C0CF0A0F90028F1D16430FCF754
:10D98000CBFA23894C22DB00DBB22021A06C0CF007
:10D9900093F90028E4D184234E222021A06C0CF0BE
:10D9A0008BF90028DCD123005E331878032800D9D6
:10D9B000BCE005F0A5FC02B09AA50123512220216C
:10D9C000A06C0CF079F902230028C9D15222202141
:10D9D000A06C0CF071F90028C2D10125230000953C
:10D9E0005F335D222021A06CFDF7F8FF0028B7D13E
:10D9F00023000095613364222021A06CFDF7EEFF27
:10DA00000028ADD12300009560335E222021A06C58
:10DA1000FDF7E4FF0028A3D12300009562336522BF
:10DA20002021A06CFDF7DAFF002899D12300009592
:10DA30006C3371222021A06CFDF7D0FF002800D0AC
:10DA40008EE7230000956D3370222021A06CFDF736
:10DA5000C5FF002800D083E70E2502266D440096FE
:10DA60002B006A222021A06CFDF7B8FF002800D00F
:10DA700076E76A782B78120213432200643213800F
:10DA800000962B0068222021A06CFDF7A7FF00283C
:10DA900000D065E76A782B781202134322001BB28C
:10DAA00066321380538000962B0062222021A06CE6
:10DAB000FDF794FF002800D052E76A782B78120215
:10DAC000134322006A32138000962B006C2220211F
:10DAD000A06CFDF783FF002800D041E76A782B781F
:10DAE000120213436E3423803BE707235122202187
:10DAF000A06C0CF0E1F82223002800D166E72FE7A4
:10DB0000172351222021A06C0CF0D6F851230028B5
:10DB100000D15BE724E7042351222021A06C0CF004
:10DB2000CBF8002800D01BE716234FE7024818E780
:10DB300098CB02000EFCFFFF17FCFFFFF0B5082595
:10DB4000837989B004002B4204D1FCF74BF9A37907
:10DB50001D43A571082306AD009342222B0020210E
:10DB6000A06CFDF73BFF0390002800D08DE0AB795F
:10DB7000DA0700D486E06A782E78E9781202164334
:10DB8000AA7809020A4312B2D21004926A7928795B
:10DB90001202104300B242100592E97936B209022E
:10DBA000194323006E331B888F10F610029319005F
:10DBB0009803002F00D0390005F036FC344BC01814
:10DBC00000B20500230045436D331B78ED115BB2B5
:10DBD0005D4323006C331B78DB01584380232D18F1
:10DBE0005B036D12ED18230061331B785BB2A03329
:10DBF0006B431B135E4323005F331B7876135BB2CA
:10DC0000DB00F61823006A3300229A5E059B36B2C9
:10DC10009A1A230068330021595E6B460820185E6B
:10DC2000230064331B88381A484379005943802302
:10DC30001B02C9182300D20380106633101A002279
:10DC40009B5E0914C91805F0EFFB230062331B78B3
:10DC5000049A5BB2A0336B431B135A4360255313E2
:10DC6000642265575242ED005B191BB25343636354
:10DC7000642300B258435E432368E063A6631B6AD3
:10DC800020009847039809B0F0BD024B0393F9E7D1
:10DC900000C0FFFF0EFCFFFF10B50400034B08336C
:10DCA00003600BF0AFFB200010BDC046E0CB0200CC
:10DCB000F8B50400150006AA168807AA0F001288F6
:10DCC0001900FDF701F80E4BA76408332360230009
:10DCD000AA884C339A80AA7920009A71094AE26492
:10DCE000AA6862652A7B1A736A7B5A73AA7B9A7345
:10DCF000012210339A701E80FFF720FE2000F8BD2D
:10DD0000E0CB0200B0C6020070B501230C004B222C
:10DD1000202105000BF0D0FF00280BD16430FCF768
:10DD2000FBF8E1B2402228000BF0D3FF3238434227
:10DD3000584170BD0048FCE70EFCFFFF084B800017
:10DD4000C018A2230322DB0010B50649C4582143A2
:10DD50002243C150C046C046C046C25010BDC04656
:10DD600000600040031F0000A2220321034B80003B
:10DD7000C018D20083588B43835070470060004026
:10DD800010B50400034B08330360FCF7B9FA200018
:10DD900010BDC0460CCC0200F8B5A02303223049C8
:10DDA000DB055A5004315A5080212E4A890599507A
:10DDB00080210127A225C9052B4C99502B4BED0042
:10DDC000E75063592A492B4E0B40635162592A4B45
:10DDD000002013436351FFF7B1FFA35924493800D2
:10DDE0000B40A351A259254B1343A351FFF7A6FFA4
:10DDF000C046C046C046224B224A23495A51A3225C
:10DE0000D2009C519950214A214922485A5004314C
:10DE10005850214921485C500431585020495A50EB
:10DE20000F2220495A50204B104A9F5000225A502E
:10DE300004315A5002325A51A8223221D200DF60F6
:10DE400099501A4A01399950043232319950184A7E
:10DE5000C919995080225C3992009950F8BDC0468A
:10DE6000740700000C05000000600040FC0F00007B
:10DE7000FFE0ECFF14050000001D0300001E13006E
:10DE800000F0014040A1004044A100400460004077
:10DE90001C05000048A10040240500004CA10040E2
:10DEA0002C0500000405000000A00040440500000F
:10DEB0004C0500000023154A10B508320260EE211F
:10DEC000A0228380837104000320D205C900505032
:10DED00080200F494005505032220E4920000A7020
:10DEE0000D490A700D490A70FA210D4A0901137093
:10DEF0000C4A118001210C4A11700C4A1370FFF773
:10DF00004BFF2000FCF7DEF9200010BD0CCC020016
:10DF10000C0500008229002083290020842900208C
:10DF2000852900202429002081290020862900201D
:10DF3000F8B50D00642952D802232C4A012713702A
:10DF4000A2222B4C2B4ED200317000206760E7607C
:10DF5000A350FFF709FF3800FFF706FFA92363224C
:10DF6000DB00E250244BBF18E7506D0808D02800B2
:10DF70003900784305F058FAA8233F1ADB00E75030
:10DF800001221E4D80272B781D491A431D4BBF05CA
:10DF90001B782A709C46A0236046DB055F50012851
:10DFA00001D9012A1CD18022D2055A503378012B85
:10DFB00002D90020FFF7C2FE124B1B78012B05D9B6
:10DFC0002B78032B02D10120FFF7B8FE0123A022FA
:10DFD00023608021A123D205DB004905D150F8BD83
:10DFE000A1228021D200C9059950DFE786290020AF
:10DFF00000A00040832900204C0500008529002056
:10E000000C05000084290020F8B50C0064294FD8C5
:10E0100002232B4A01271370A2222A4E2A4DD20036
:10E02000297000207760F760B350FFF79DFE38003D
:10E03000FFF79AFEA92363226421DB00F250234BF1
:10E04000FC40F15006D02000484305F0EDF9204B8C
:10E050000138F05002221F4980270B781E481A43CE
:10E060002B78BF059C46A0236446DB050A701F5031
:10E07000012C01D9022A1CD18022D2051A50174B3B
:10E080001B78012B05D90B78032B02D10020FFF759
:10E0900055FE2B78012B02D90120FFF74FFE0123FB
:10E0A000A02233608021A123D205DB004905D15095
:10E0B000F8BDA1228020D200C0059850DFE7C046FD
:10E0C0008629002000A00040842900204C05000083
:10E0D00044050000852900200C050000832900204C
:10E0E000F7B5194F3B780193022B18D10124174E35
:10E0F00000207460F460FFF737FE2000FFF734FE65
:10E10000A0258021124AED0513788905A3431370D9
:10E11000104AA95004D180214905A9503B70F7BD90
:10E12000019B3B700C4B1B78012BF8D9A127802356
:10E13000FF00DB05EB512000FFF700FE80235B05AD
:10E140003460EB51EBE7C0468629002000A0004078
:10E15000852900200C05000084290020F8B5194B02
:10E160001F78022F19D10125174E00207560F56028
:10E17000FFF7FAFD2800FFF7F7FDA0248021134ADE
:10E18000E4051378C905BB431370114AA15005D1AA
:10E1900080214905A1500B4A1370F8BD094B1F702F
:10E1A0000C4B1B78012BF8D980239B05A350002032
:10E1B000FFF7C4FDA1238022DB0052053560E25049
:10E1C000EBE7C0468629002000A0004085290020FA
:10E1D0000C050000832900200B002B4A143B9BB246
:10E1E00070B50D0093424ED80322284B284C19805D
:10E1F000284B1A700022284B1A7001236360E360D9
:10E20000A223DB00F42900D80432E2500020FFF7FB
:10E21000ABFD0120FFF7A8FDA02380211F4ADB05ED
:10E22000890599508021043AC90599502901F42D96
:10E2300000D929001A4805F06DF8A92385B23220CB
:10E240006A1EDB00E250174B6843E550642105F07D
:10E25000EBF8A8232D1ADB00E550134B0138E050F2
:10E260000020FFF76BFD114B1B78002B02D1012022
:10E27000FFF764FD0123A02223608021A123D205A2
:10E28000DB004905D15070BD0C4E00002429002050
:10E2900000A0004086290020852900200C050000F0
:10E2A0000024F4004C0500004405000081290020F2
:10E2B00070B5124B124E1B783170032B1DD1012407
:10E2C000104D00206C60EC60FFF74EFD2000FFF762
:10E2D0004BFDA02380210C4ADB0589059950802144
:10E2E000043AC90599500020FFF728FD3378002B28
:10E2F00002D12000FFF722FD2C6070BD862900208E
:10E300008129002000A000400C05000070B50E4DD2
:10E310002B78032B17D101240C4B00205C60DC60B0
:10E32000FFF722FD2000FFF71FFDA0228021084BF0
:10E33000D2058905D1508021C905D15080214905D8
:10E34000D15000232B7070BD8629002000A0004012
:10E350000C05000010B50400034B08330360FBF705
:10E36000CFFF200010BDC04624CC0200F7B501212C
:10E370000C008368324A9C40A023DB059C50322469
:10E38000013CC046C046C046C046C046C046C04626
:10E39000C046C046C046C046C046F1D10500113552
:10E3A0000195A1250400ED00AC460D3407250E00B3
:10E3B0008768BE4027782F410F4232D06746DE5132
:10E3C000C046C046C046C046C046C046C046C0461D
:10E3D000C0469E50013DEAD2019D0134A542E5D1DF
:10E3E00001210C0083689C40A023DB059C50322354
:10E3F000013BC046C046C046C046C046C046C046B7
:10E40000C046C046C046C046C046F1D1827B437B71
:10E41000047C9B18C27B12199B18002B0ED04174F0
:10E42000F7BD6746DE51C0469E50C046C046C04656
:10E43000C046C046C046C046C046CBE74374EFE77F
:10E440000C050000F8B504002500260006A8007899
:10E45000277B6273A173E37320740D35113628781E
:10E46000784307F06DFE0022064B06F06FFC05F0C6
:10E470005FF928700135AE42F1D12000FFF776FF39
:10E48000F8BDC04600E06F400023F7B5040083806C
:10E4900083712448227308302060A0200322A160E9
:10E4A000C131FF31C00589000A50A168023A8A4093
:10E4B000250026001C490D354250277B6374637389
:10E4C000A373E3732374113601912878784307F01E
:10E4D00037FE0022154B06F039FC05F029F92870AB
:10E4E0000135B542F1D10123A26801999340A022E0
:10E4F000D20553503223013BC046C046C046C046F9
:10E50000C046C046C046C046C046C046C046C046DB
:10E51000F1D120000CF09BF92000FBF7D3FE200086
:10E52000FEBDC04624CC02000C05000000E06F4098
:10E5300010B50400054B083303601C300AF092FC50
:10E54000200018300AF08EFC200010BD3CCC0200E8
:10E55000FF23F0B52C4D8DB02B70002301AE0400CD
:10E5600031000088019303F0E7FC002801D1B37863
:10E570002B70264E3368DB68002B07D100232088E0
:10E580001A0019000CF079F90DB0F0BD2B78032BAF
:10E59000F4D81F496846FBF7C1FE33686946DE6858
:10E5A00004A80AF0B6FC04A930000CF053F80027C8
:10E5B000060004A80AF056FCBE421ED031002022FC
:10E5C000103104A80DF019FF30000DF0D8FE2978A5
:10E5D00004ABC9005918082202A80DF00EFF2088CC
:10E5E0000123082202A90CF048F90137002804D1C0
:10E5F0002088084A0C210CF03EF968460AF032FCEB
:10E60000002FBBD0C0E7C046842000209C260020FD
:10E6100054DA0200FFFF0000F0B5837991B00400E6
:10E620005B071BD5FBF736FE00232269801A994150
:10E63000994203D1F423FF3398420FD9A0680028F0
:10E6400008D0364B1D880CF025FB036815221B6A89
:10E65000290098470422A3799343A371A3799B07C8
:10E6600059D52F4D2B68DB68002B50D02D4B1B78D4
:10E67000032B4CD8294B2C491B8804A80193FBF78A
:10E680004DFE2B6804A9DE6808A80AF042FC08A920
:10E6900030000BF0DFFF070008A80AF0E3FB02AB35
:10E6A0009E1D08233200338006A9073B01980CF019
:10E6B000E6F8002F08D039002022103108A80DF00C
:10E6C0009CFE38000DF05BFE164B32881B7806A9C5
:10E6D000DE0008AB9E1930000DF080FE002813D03C
:10E6E000082206A930000DF088FE2B6804A9DD6819
:10E6F00005A80AF00EFC202308AA05A928000BF0A3
:10E70000AFFF05A80AF0AEFB04A80AF0ABFB02229B
:10E71000A3799343A37111B0F0BDC0462629002010
:10E720009C2600208420002054DA0200F7B5089EC1
:10E730000500152922D8012007008F40244C2742CC
:10E740001CD0E97FCC181F2C41DC69183418A14279
:10E7500010D80021C8B2834204D9545C7018847068
:10E760000131F7E732789A183270EA7F9B18EB771D
:10E7700000202CE00878C8540139E8E73478013CDF
:10E78000E4B2A34208D10023D9B28C42F0D9D05CC4
:10E79000F11888700133F7E7EF7F0120FF183F1B66
:10E7A0001F2F14DC0227A01C7F423618381B019053
:10E7B000E87F2F18BE4204D23078019FF055013611
:10E7C000F6E7041B023CEC7728000CF08BF8FEBD4A
:10E7D000FC00200070B504000D1E036809D15B69C0
:10E7E0009847FA2080006843074904F093FDE080D1
:10E7F00070BD9B689847A842F3D9236820009B68A6
:10E8000098470500EDE7C04671020000F0B507002B
:10E810001600A1B002C704006B4918A81D000CF037
:10E82000A8F8331E03D030000DF043FE83B201225E
:10E83000049200220392029202320192009332006B
:10E8400018A93800FAF73AFB23006049583318A892
:10E8500007930CF08EF82B1E03D028000DF029FE34
:10E8600083B20122049200220392029202320192A8
:10E8700000932A0018A90798FAF720FB23005449AF
:10E88000AC3318A808930CF074F8269B002B03D027
:10E8900018000DF00EFE83B20122049200220392B2
:10E8A0000292023201920093269A18A90898FAF768
:10E8B00005FB631CFF33474918A809930CF059F86E
:10E8C000279B002B03D018000DF0F3FD83B201222B
:10E8D00004920022601C0392029202320192009381
:10E8E000279A18A9FF30FAF7E9FA23005533FF33C6
:10E8F000394918A809930CF03CF8289B002B03D049
:10E9000018000DF0D6FD83B201220492002203927A
:10E910000292023201920093289A18A90998FAF7F4
:10E92000CDFA2300A933FF332C4918A80A930CF021
:10E9300020F8299B002B03D018000DF0BAFD83B2FC
:10E9400001220492002218AD039202920232019237
:10E950000093299A29000A98FAF7B0FA204B1B78FD
:10E960000B93002B2CD1079B12971393089B0DAF91
:10E970001493631CFF331593099B1A4916930A9B42
:10E98000380017930BF0F5FF1D2149203B7810222A
:10E990002B707B8A12AE6B8206ABC918C0180DF0C3
:10E9A0002CFD06232B750B9B2068AB83AE610CF00E
:10E9B00075F9036829001B6898470122084B1A70F3
:10E9C000200021B0F0BDC046292A0000242A000002
:10E9D000252A0000272A0000262A0000282A0000F5
:10E9E000872900200A18000070B5002504000B4B91
:10E9F0008580083385710360C1601830FBF7C8FC5F
:10EA000020001C30FBF7C4FC0123621CD377044AAE
:10EA1000A560656120001460A37170BD3CCC02004C
:10EA20009C260020FA2130B585B005000123022282
:10EA3000890068460AF0B1FA074C2068002809D01E
:10EA40000BF0D0FF2988054B2268198002239179A9
:10EA50000B43937105B030BD9C2600202629002071
:10EA600010B50C0007290DD880680CF013F9064B7F
:10EA7000195703685B6C9847431E9841034B40420B
:10EA8000184010BD0248FCE74CDA020016FCFFFFFC
:10EA900017FCFFFFF0B59C4C0D00A544040096AB9D
:10EAA0001B7808A80793994B06921968FBF736FC68
:10EAB000200029001C300AF034FA954909A8FBF718
:10EAC0002DFC94490AA8FBF729FC0CAE09AA08A959
:10EAD0000BA80AF035FA2A00300011AD0BA90AF094
:10EAE0002FFA0AAA310028000AF02AFA290008A8F9
:10EAF0000AF017FA28000AF0B5F930000AF0B2F966
:10EB00000BA80AF0AFF9E020C00000F0BFFD08201C
:10EB10000DF040FC0700002100F0A8FC0C22A760CB
:10EB2000002130000DF085FC2B0007CE07C37A4B87
:10EB30002900EB60002338002B610CF094F8A068EA
:10EB40000CF0A8F808220021059012A80DF071FC25
:10EB500014200DF01FFC714B2A0011930300C2CA50
:10EB6000C2C36F4B059FC3600023A43703613B689A
:10EB7000002B00D0C2E03860A0680CF08FF80822AB
:10EB80000021060012A80DF054FC14200DF002FC28
:10EB9000644B1193030086CD86C3634BC36000238F
:10EBA0000361336B002B00D0AAE03063A0680CF047
:10EBB00071F808220021059012A80DF03AFC1420EB
:10EBC0000DF0E8FB594B11AD11932A000300C2CAA6
:10EBD000C2C3574B059EC360002398360361336858
:10EBE000002B00D08EE03060012004AB1B7F04AA14
:10EBF00003430BA913770BF044FEA0680CF052F806
:10EC000003684C495B6A9847A0680CF04BF80368AE
:10EC100049499B699847A0680CF044F800210368B3
:10EC200000911E680A000B00B047079B002B0AD01A
:10EC300020000BF0E0FE032805DDA0680CF032F8A0
:10EC40000368DB68984706212000FFF709FF1820BA
:10EC50000DF0A0FBA16800F01FFA384B384A1B6882
:10EC6000A1680393374B28001B680CAD0293364B09
:10EC700000261B680193069B1B6804330093234BFB
:10EC800012681B68FFF7C2FDA0680CF003F8036868
:10EC900029009B6A98470823A0682B80DB186B80AB
:10ECA000AE800BF0F7FF03682900DB6A9847062166
:10ECB000A0680BF06AFE089A09219378A0680432D4
:10ECC0000BF076FEA0680BF0E5FF0671A0680BF074
:10ECD000E1FF3221FFF77EFDA0680BF0DBFF0BF0B8
:10ECE0003EFE0AA80AF0BEF809A80AF0BBF808A878
:10ECF0000AF0B8F891239B009D44F0BD03613AE708
:10ED0000036152E703616EE7BCFDFFFF0C200020AA
:10ED10006DDA020037DB020087A8020025EA010055
:10ED200095A8020051E50100A3A80200D1A80200A5
:10ED3000B1A802004DED010081ED010098260020F0
:10ED400094260020082000209026002013B50622DB
:10ED50006846FBF7F3FA094B1C68002C0AD0694699
:10ED600001A80AF0D6F8200001A90BF064FE01A862
:10ED70000AF078F868460AF075F813BD9C26002062
:10ED8000002373B501AE0C0031000500019303F0C0
:10ED9000D3F8002802D1B278064B1A70064B1868D7
:10EDA000002806D061426141044BC9B21D800BF0BE
:10EDB0004AFE73BD842000209C26002026290020C6
:10EDC00030B50D00FF248DB021002800FCF7DCFDDC
:10EDD000053C0220FBF7A0F8002CF5D128000AF032
:10EDE0004AFF17236B441922164918000DF005FB42
:10EDF0000522172311006B4403A80AF016F903A992
:10EE000004A80AF0FAF8019400942300220004A94F
:10EE10002800FCF75DFD04A80AF0E2F821002800B4
:10EE2000FCF7B2FD05340220FBF776F8FF2CF5D194
:10EE300096204000FBF770F803A80AF0D1F80DB057
:10EE400030BDC04633DA0200F0B58A4B8DB0059272
:10EE50001A68082304000391D16C07A80B43D364FC
:10EE60008549FBF75BFA854908A8FBF757FA2200AA
:10EE700000251C3207A90BA80AF062F808AA0BA902
:10EE800009A80AF05DF80BA809F0ECFF631CDD7718
:10EE9000A0680BF0FFFE03685B699847A0680BF061
:10EEA000F9FE070006000A371F22290038000DF07E
:10EEB000C0FAFD7730000BF049FD0621A0680BF089
:10EEC00064FD099A09219378A06804320BF070FD63
:10EED000A0680BF0DFFE0571A0680BF0DBFEC82117
:10EEE000FFF778FCA0680BF0D5FEFF272E00058108
:10EEF000A0680BF0CFFE0BF032FD0398FCF754FC3A
:10EF00002000FAF76FFF03992000FFF759FF0399DC
:10EF100020000BF0ABFD0495012563691D402DD049
:10EF200057490AA8FBF7D6FA0AA90BA80AF065F810
:10EF300000220BA91300019200920398FCF7C8FC71
:10EF40000BA80AF04DF8049B002B42D1043F282F58
:10EF500041DD0025FE2F00DC049D05980AF03EFAF5
:10EF6000002806D0012362699A4313000422134348
:10EF7000636100260AA80AF033F804950422636945
:10EF8000134233D0FF210398C826FCF7FDFC00256F
:10EF9000B600A36902229B5EAB4222DD200029B2AB
:10EFA000183009F0E3FF0023010003981A007430C1
:10EFB000FBF7E0FA3000FAF7AFFF03980AF05BFEC8
:10EFC000C820FAF7A9FF02226369134209D101356B
:10EFD000DFE70437BBE703980AF04DFE002FBCDDE6
:10EFE000BAE7FA208000FAF797FF00260223656946
:10EFF0001D421CD006331D4024D022490AA8FBF72D
:10F0000069FA0AA90BA809F0F8FF00220BA90192DE
:10F01000009213000398FCF75BFC0BA809F0E0FFDB
:10F020001948FAF779FF0AA809F0DAFF174E6420A9
:10F03000FAF772FF164B01369E4200DC6CE7FAF7D6
:10F040001DFC69E713490AA8FBF744FA0AA90BA8B3
:10F0500009F0D3FF2B002A000BA901950095039816
:10F06000FCF736FC0BA809F0BBFF0AA809F0B8FFB3
:10F07000DDE7C0462026002060DA020037DB020010
:10F0800070DA0200B5DA0200983A00008C0A00003B
:10F090008B0A0000F2DA02000022554BF0B508336B
:10F0A000060003601000A9B00391B1600BAB991882
:10F0B00001324870102AFAD10F3A4E4C1A700E32B3
:10F0C000105D991A0874013AFAD2997B5A7B0902A9
:10F0D0000A43310045270C31029125211B7813ADDD
:10F0E0002B7002ABFF186A82C918102238000DF08D
:10F0F00084F9029B0A226B610123002402A9FA779A
:10F100003C3252182B77D37719931DAB1C706D23AB
:10F110005B181C706E230C225B181EA82100EC8368
:10F120006C621C700DF085F9334B0C22210023A872
:10F13000AB63EC630DF07DF92200304B2C65EB6482
:10F140000595347306AD2B1901345A70102CFAD181
:10F1500001232B482B700E33195CEA1A1174013B02
:10F16000FAD211212520AA7B6B7B12020BAC134330
:10F170002A78638202ABC9182270C01810220DF0E1
:10F180003CF9012300272375039805ABA361A783EE
:10F190000BF084FD036821001B68984713ABDB8BE1
:10F1A000B068B3820BF07AFD03680097B18A029AC7
:10F1B000DC680123A047B0680BF070FD0700142045
:10F1C0000DF0E8F8002304000361069340C001330A
:10F1D0000822290007930DF010F90A4BE360BB6980
:10F1E000002B03D13000BC6129B0F0BD2361F9E7E9
:10F1F00054CC020061DB0200938802008588020083
:10F2000071DB0200CDAA0200002815D00060416029
:10F210008260C360046145618661C76144460462DF
:10F220004C464462544684625C46C462644604634D
:10F230006E46466374468463002A06D0C46B043C61
:10F24000043A25681560B442F9D18C6BA6464E6B22
:10F25000B546002B06D0CC6B043C043B1D682560F2
:10F26000B442F9D10C6BA446CC6AA3468C6AA24680
:10F270004C6AA1460C6AA046CF698E694D690C693B
:10F28000CB688A680868496870470060416082609E
:10F29000C360046145618661C761444604624C46AF
:10F2A0004462544684625C46C462644604636E46AB
:10F2B000466374468463C46B043C043925680D605E
:10F2C000B442F9D1C769866945690469704700602D
:10F2D00041608260C360046145618661C7614446E4
:10F2E00004624C464462544684625C46C46264468E
:10F2F00004636C4644637446846304697047846B9A
:10F30000A646446BA546046BA446C46AA346846A19
:10F31000A246446AA146046AA046C769866945694F
:10F320000469C368826800684168704710B5041EAC
:10F330000CD00DF0BEF8431EE3189C4208D2227890
:10F340001978013B21705A700134F6E7014810BD6D
:10F350000020FCE717FCFFFFF0B585B002900C1E03
:10F360002AD00023C217161A56400193019B300081
:10F370005D1C63190A215F1E039304F03BF94942A7
:10F380003031397030000A2104F04EF8474206004F
:10F39000002F0FD1029B002B04DA2D23019D039A2D
:10F3A00002351370002320006355FFF7BFFF3800BC
:10F3B00005B0F0BD0195D9E7004FF8E717FCFFFF56
:10F3C0000268084B406810B5C018C0001018030050
:10F3D0009A4205D81C688C4202D31800083BF7E714
:10F3E00010BDC046FFFFFF1F70B50D1C06000021B9
:10F3F000281C04F055F9041E06D13000291C03F026
:10F4000089FC2000756070BD0048FCE717FCFFFF19
:10F4100070B5002817D1114D2E68002E11D108307B
:10F420000CF0B8FF066046600D4E04003368002BF8
:10F4300002D10BF076FE306023682C609B00F358FD
:10F440006360286870BD0122064907480B681340B5
:10F45000F8D1026043600A60F4E7C046A4260020A9
:10F46000B0260020A0260020A8260020002370B58A
:10F4700004000160436099420AD1064D2B68002BBD
:10F4800002D10BF04EFE286023689B00EB586360AE
:10F49000200070BDB0260020436810B50400002B8A
:10F4A00002D104480CF0B1FD606803681B699847FD
:10F4B00010BDC04681DB0200436810B50400002B7C
:10F4C00002D104480CF0A1FD606803689B6998476D
:10F4D00010BDC04681DB0200436810B50400002B5C
:10F4E00002D104480CF091FD606803685B6A98479C
:10F4F00010BDC04681DB020010B5040001F0E8FC3D
:10F50000034B1B68002B01D02000984710BDC0465C
:10F51000B8260020F0B58BB0050002F047FB0020B4
:10F5200000F0D2FB036807001B6998473B680400A2
:10F530009B69380098473B6806005B6A380098472B
:10F540000300288810380B2861D803F0D9FE063D47
:10F550006060605A606060666078AF882000390043
:10F560000BF0E7FF22006B7B583201931378A879E8
:10F570009C46022361460B43137004AB1F8001239A
:10F5800004AA93701300D070019AE91D9A722B009F
:10F590000622163305A809930CF02FFF29000B2033
:10F5A00004AB06220E31C0180CF027FF94346368B8
:10F5B000A360A06800282AD0C36804A99847A3685C
:10F5C000002BF4D01B69F3E720002F49AF880BF024
:10F5D000B0FF2200022058321378A97983431370B8
:10F5E00004AB1F809970A0346368A360A0680028F2
:10F5F0000DD0C36804A99847A368002BF4D01B69F9
:10F60000F3E75B69A888A91D002B00D09847290063
:10F6100030000CF0B5F80BB0F0BD636E002BF6D0E7
:10F62000AF79A366A06E0028F1D0C368390098476F
:10F63000A36E002B01D1636EF3E71B69F1E7012292
:10F6400069460D27AB7BEF571A4001925A07920F7C
:10F65000DB080A720B730622E91D04A80CF0CDFE2C
:10F66000019A04ABDA716A46127A9F711A726A467D
:10F67000127B20005A722B000F3307938C3480309A
:10F68000236804A99847C2E7FFFF00000723D72893
:10F6900002D9024B1860002318007047B4260020DE
:10F6A000014B18607047C046B82600201FB5802265
:10F6B000A323D205DB00D3580820DB0700D4053094
:10F6C0001D4B48221D4902F0B1FC00280AD080B22F
:10F6D000002807D1BFF34F8F194B1A4ADA60BFF3E6
:10F6E0004F8FFEE7002302A8029301330370164BED
:10F6F0001B6843600BF0DEFA002802D0072005B03B
:10F7000000BD6B46581C0BF0D3FA0028F6D16B46AF
:10F71000591C0BF0CBFA0028F0D10C4802F0B6FCD3
:10F7200080B20028EBD10A4802F0BAFC80B200286F
:10F73000E5D100F0C3FFE2E7B9AC0200BC2600202F
:10F7400000ED00E00400FA05B426002015F50100E4
:10F75000F9F4010080B2002807D1BFF34F8F034BAB
:10F76000034ADA60BFF34F8FFEE7704700ED00E019
:10F770000400FA0500487047FFFF0000F0B597B09D
:10F780000593036807AD1B680491039311002B00D8
:10F79000060091C991C30024D36821000C220CA853
:10F7A000EB602C610CF045FE22000B4B10940F9384
:10F7B00011AB1C70191901344A70102CFAD15A82FD
:10F7C0000193059B2A00009304990CAB3000039C25
:10F7D000A04717B0F0BDC046DBAD020070B5FC30ED
:10F7E000046C0500002C0DD124200CF0D3FD064B39
:10F7F00044608361054B8460C46004614461C461FA
:10F8000003602864286C70BD34CD02001CCE020059
:10F8100070B5FC30C56B0400002D11D134200CF004
:10F82000B9FD084B85604360074B45610361074B99
:10F830000562C361064BC5628362064BE0630360E9
:10F84000E06B70BD64CD020054CD0200C4CD020057
:10F85000D4CD0200E4CD02007FB503791548002B1A
:10F8600023D0154E154C33782000002B1DD10A25CE
:10F870006D4428000BF08EFA002810D16B88592BAC
:10F880000DD12B78AA88D91F012910D800920C4AD3
:10F890002021200008F058FA0123337004E02022D0
:10F8A000084920000CF00CFE200004B070BD00924E
:10F8B000054AEDE7A4DB0200A829002088290020E2
:10F8C000C6DB0200BEDB0200E3DB020010B5040071
:10F8D000024B08C00BF03EFB200010BD54CD0200CF
:10F8E00010B50400024B08C00BF049FB200010BD0E
:10F8F00064CD0200064B70B5040003604068002828
:10F9000004D005690CF03BFD2800F8E7200070BD2D
:10F9100044CD0200064B70B5040003604068002827
:10F9200004D005690CF02BFD2800F8E7200070BD1D
:10F9300074CD0200064B70B50400036040680028D7
:10F9400004D005690CF01BFD2800F8E7200070BD0D
:10F9500084CD0200064B70B50400036040680028A7
:10F9600004D005690CF00BFD2800F8E7200070BDFD
:10F97000C4CD0200064B70B5040003604068002847
:10F9800004D005690CF0FBFC2800F8E7200070BDEE
:10F99000D4CD0200064B70B5040003604068002817
:10F9A00004D005690CF0EBFC2800F8E7200070BDDE
:10F9B00068CC0200064B70B5040003604068002864
:10F9C00004D005690CF0DBFC2800F8E7200070BDCE
:10F9D00078CC0200064B70B5040003604068002834
:10F9E00004D005690CF0CBFC2800F8E7200070BDBE
:10F9F00088CC0200064B70B5040003604068002804
:10FA000004D005690CF0BBFC2800F8E7200070BDAD
:10FA100098CC0200064B70B50400036040680028D3
:10FA200004D005690CF0ABFC2800F8E7200070BD9D
:10FA300034CD020070B5FC30046C0500002C0DD1F3
:10FA400024200CF0A7FC064B44608361054B8460C6
:10FA5000C46004614461C46103602864286C70BDA3
:10FA600034CD02001CCE0200104B10B508330360E9
:10FA70000F4B0400C36080230E4A5B00C250C018C5
:10FA8000FBF768FD20000C4BB830E360FFF7B2FFD6
:10FA90002000AC30FFF79EFF2000A030FFF78AFF68
:10FAA00020006C30FFF776FF200010BD48CE02002A
:10FAB00090CE0200E8CF0200A8CC0200F8B5050005
:10FAC0000400AC356B68AB60A868002807D0C36839
:10FAD00021009847AB68002BF4D01B69F3E72500A1
:10FAE000B0352868002804D006690CF048FC3000C6
:10FAF000F8E72200FC212860583213780B4013707D
:10FB000023005C33187020000A300BF001FB20004A
:10FB100034300BF0FDFA606E002804D005690CF05B
:10FB20002EFC2800F8E72500983560662868002834
:10FB300004D006690CF023FC3000F8E72600A43658
:10FB400028603568002D05D02F6928000CF017FCBF
:10FB50003D00F7E72000356029000C226C300CF0E6
:10FB600068FC2000074BE567A36729000C22803062
:10FB70000CF05FFC2300044A8C33903428001A6098
:10FB80002560F8BDBFAD0200B1AD0200444AF0B53A
:10FB90000600C260A022434B163608330360010002
:10FBA000002342820400320085B003718360037435
:10FBB00083823531137001329142FBD1802580223E
:10FBC0002000AD00D201F377358411000093383066
:10FBD000002300F09DFD23002100403303931A0011
:10FBE0002B0000255F31157001328A42FBD1039A48
:10FBF000FC21D577220060321380137920000B405E
:10FC00001371230068331D70274B2567E3660C22B0
:10FC1000002178300CF00DFC2300270088331D6094
:10FC2000224B0837FB67843700210C2238000CF088
:10FC300000FC1F4B1F4AFB602300A0333D611A608C
:10FC40001D4A5D60DA601D4A1D619A61DD61300008
:10FC50000BF05EFA03980BF05BFA194B601CE36043
:10FC60002300C4331D705D709D70FF3002F0C6FB31
:10FC70008C235B00E55023001933FF335D61802343
:10FC8000104A5B00E250230001222000FE33524262
:10FC90005A86023B9D63DD631D6405B0F0BDC0461E
:10FCA000A8CC020048CE020068CC0200BFAD020022
:10FCB000B1AD020078CC020088CC020098CC0200E2
:10FCC00090CE0200E8CF020070B5074C2368002BED
:10FCD00007D1A02040000CF05DFB0500FFF756FFA8
:10FCE0002560206870BDC0460427002070B50C2236
:10FCF0000D00002104000CF09CFB00232361024B4B
:10FD000025602000E36070BDCDAD020070B5002518
:10FD10000400254B85800360244BC5608360244B21
:10FD200085614361234B45620362234B0563C362D4
:10FD3000224BC563836329004430FFF7D7FF2000BF
:10FD400029005830FFF7D2FF200029006C30FFF760
:10FD5000CDFF1B4B2200236023008032F83320C2EA
:10FD60009342FCD126001D00E936FF362800082208
:10FD7000002108350CF05DFBAE42F7D18E23002246
:10FD80009B00E11804C6B142FCD18E2300219B00E8
:10FD9000E2540C4B0C4AE318A218198002339A4221
:10FDA000FBD1200070BDC04694CD020044CD0200BE
:10FDB00054CD020064CD020074CD020084CD020057
:10FDC0001CCF02003A02000062020000024B0B60EE
:10FDD000092313607047C04608DC020010B5040018
:10FDE0000020FFF771FF03681B6998470300F33396
:10FDF0001C7086235B00C05003000021044AFC33C2
:10FE00005A61044A99615A62F4300CF049F810BD05
:10FE1000EDB30200FFB30200012110B5044A08004F
:10FE200001F064FA0023984200D00B33180010BD93
:10FE3000DDFD0100F0B593B0019000200C00FFF74C
:10FE400043FF03685B6A984700F058F906AB002847
:10FE50000ED000221A7105AA0692082218001A7301
:10FE60000AAA9A6000F01AFA002803D013B0F0BD75
:10FE700018711873002727732771019BBA331B78F9
:10FE8000BB4242D907237B431A000199BB32CB18EE
:10FE9000BB331B788A180292022B2ED1002506AEA6
:10FEA000337BAB4223D9AB000393089BAA0099583C
:10FEB00002980BF07FFB00281CD0B3689C46AB0077
:10FEC0001900237B614402939A000868A368D0500C
:10FED000029B01332373337B5A1E954205D00C4895
:10FEE0001B1860469B001B580B6006AB1A7301374A
:10FEF000FFB2C2E70135EDB2D1E72379216802985C
:10FF00009A00013350502371F1E70020AEE7C0465C
:10FF1000FFFFFF3F70B50C780222012C08D04B8800
:10FF2000032C07D1A03B0B4D9BB22200AB4207D95B
:10FF3000100070BD203B084C9BB20322A342F7D8AF
:10FF4000064B8C8803229C42F2D80BF0F8FA020090
:10FF5000EEE7C046603F0000E03F0000FF3F0000CA
:10FF6000F0B59DB01E006B465F1C3A70050006227E
:10FF7000981C0CF042FA02AC002E2FD0338823805C
:10FF800073886380B388A380F388E3800CAB04A9F3
:10FF9000049314AB8B602E000023B9360B710B73E6
:10FFA0003378002B22D101223378022608A913408E
:10FFB00058000B78B3430343229804AE4E600028E8
:10FFC0001BD12800323000789343104003430B705C
:10FFD000AB8D0B81EB8D4B812B8E1CE0322323806C
:10FFE000DB186380F533A680FF33CEE72800FFF7E8
:10FFF00021FF0028D7D01DB0F0BD2298934380790F
:020000040002F8
:10000000104003430B70229B1B880B81229B5B8853
:100010004B81229B9B88220038008B810BF01FF9BB
:10002000030000208342E6D00630082BE3D006D838
:100030000130042BDFD0834209D10420DBE7052007
:10004000112BD8D0034A9342F7D0102BF5D00B20B8
:10005000D1E7C0460232000070B500200D00FFF766
:1000600033FE03685B6A98472B780400142B1ED07C
:1000700003D8132B0CD0002070BD152B1FD0222BC2
:10008000F9D16B6818882369002BF4D09847F2E700
:100090006B68012518889B78646819005A08DB068C
:1000A00029402A405B0F002CE5D0A047E3E76B68AE
:1000B00018889978A368002BDDD09847DBE768683B
:1000C000827813091207120F012A03D0022A0BD0DB
:1000D000002106E0013BDBB20021022B01D8064AD9
:1000E000D15C0088E368E6E70421012BF9D00131F7
:1000F000022BF6D0ECE7C04611DC0200014B187869
:100100007047C046A9290020F0B51D000023304FDC
:1001100087B000923A7806000C009A4204D100F0B1
:100120000BFF002803D00B23180007B0F0BD002DF3
:100130000ED003A9222003950BF03AFA002807D02D
:1001400006230828F0D01138434243410433EBE73B
:1001500002ABD81C0023037001F0E2FA0028E2D1C0
:1001600001251C4902220B782E40AB43334307265E
:1001700093430193009B2C4033409340AC409C46FA
:10018000019B02AA1C431C239C4363461C430E2371
:100190009B181880104B0C700393022303AC23713F
:1001A000093002AB0522C0180CF027F921000B48DA
:1001B00001F020FB002807D033000428B4D0013B15
:1001C0000828B1D00533AFE73D700300ACE7C04667
:1001D000A92900208520002059000200AA2900201A
:1001E00010B5074801F0DEFB0023984206D0073324
:1001F000042803D0013B082800D00533180010BDA7
:10020000AA290020002373B501930F4B01AD1B7881
:100210000E0029002B7001F08FFE041E05D0042370
:10022000052800D00733180076BD3100280001F002
:100230001BFB23000028F6D007230428F3D0013B42
:100240000828F0D00533EEE7AA29002073B56B46E5
:10025000114C0E00050005222100D81C0CF0CDF831
:10026000012E03D0022E11D002230DE002222378AA
:10027000B343934323706B462800D91C0BF096F9C7
:100280000023984200D00B33180076BD012322785A
:100290001343B343EEE7C04685200020094B10B559
:1002A0001A7801000923002A09D0074801F014FB3D
:1002B0000023984203D003330E2800D003331800E4
:1002C00010BDC046A9290020AA29002013B5046842
:1002D0000093A46813000A000149A04716BDC04658
:1002E000FFFF000037B506AC257804680195009340
:1002F000246913000A000149A0473EBDFFFF00002A
:10030000F0B587B00D00002469466F4616004C809A
:100310000DAA0CA90988127839800193A2421BD139
:1003200001004479F83194420DD908310F00083F9B
:100330003F88B7421BD1302120329200125801323F
:10034000D27F0A4215D16A46310028000BF046F9E7
:10035000002808D1062407E06A46310028000BF087
:100360003DF9002800D00324200007B0F0BD013281
:10037000D9E710210A4051424A41002002ACE36013
:100380000CABA360174B01322680A270A0809D4267
:1003900007D1FFF799FC03681B6998470BF0CCF86D
:1003A0000500210028000BF01DF9002482B2A242B2
:1003B000DAD0112A13D00BD8082ACBD06A463100E4
:1003C00028000BF00BF905240028CDD0023CCBE728
:1003D000054B9A4203D0054B9A42EFD1BAE7052468
:1003E000C2E7C046FFFF00000330000001340000F8
:1003F000F0B5050099B008002E240C9100F00EF91C
:1004000006ABE4181290220012A901200BF0E4F8C8
:10041000002802D0032019B0F0BD23880C9A0B905D
:1004200093830C9B0B9A1B7D934200D8C6E06B799B
:100430001D2B01D90720EEE70C9B9B690D930B9BAD
:100440000D9A9B009C586369002B07D1638B002B8E
:1004500004D1631CDB7F022B00D1AAE0200000F056
:10046000DDF823000026283312900E960D960F9388
:100470000F9B1B78B34221D9626AB3009F58342284
:1004800006AB9B1800221A700023002113AAD21871
:1004900001335170102BF8D1462206AB9B184A4A03
:1004A00013A938001A800BF01CF9002803D07B69CF
:1004B0000D937B8B0E930136F6B2D9E76979A31CB5
:1004C0001F31C9006918621CDB7FD27F08912100AF
:1004D0002A310978002007912100293109780691F5
:1004E0000E9905910D990491217F0391218B029121
:1004F000618B01916169009112A90BF074FA0028D7
:1005000000D087E76B7907001A00203292001F3372
:100510005451DB005B5BE3836B7901336B71230028
:1005200028331B78BB4244D98E239B00EB5C132BF2
:1005300000D97FE7626ABB009E580023180013A908
:100540000B70CA1801335070102BFAD11E4B3000BB
:100550004B820BF0C6F80D90002827D1300000F038
:100560005DF88E2189006A5C738B1E32FF32520067
:10057000AA180292327F12900192328B12A9009235
:1005800072690D980BF0D9FA002800D042E78E214D
:1005900089006A5C531CDBB26B541D337A32FF3323
:1005A00092005B005651EB185B88F3830137FFB272
:1005B000B5E70B980130C3B20B9332E72B790020DB
:1005C00001332B7127E7C0460129000070B50500F3
:1005D0000AF0CCFD04000620002C1CD12800782253
:1005E000210080300BF025FF2800E9305022210047
:1005F000FF300BF01EFF280008222100F8300BF01E
:1006000018FF054B2822E81821000BF012FF8E235B
:1006100020009B00EC5470BD3A020000F0B5438A04
:1006200085B00193037805000126002B35D0214ABF
:1006300000241100831900931F4B1F68A74210D09C
:100640000023981E012804D90098D65CC05C86421D
:100650002CD10133102BF4D111235C4309190E7CEA
:100660001BE000980BF0A8F92B7807000600002B80
:1006700001D112350095042C0FD0112565430D4B87
:1006800010225D19009928000BF0B7FE0023AB7013
:10069000EB70094B01342F741C6003AB9E705888BB
:1006A000019B00040343180005B0F0BD0134113272
:1006B000C4E7C046AB290020082700201FB500234F
:1006C00002ACA380283323806933FF336380E38047
:1006D0006B46D81D1123052203700C490BF065FAF7
:1006E00080B200280FD1802080000BF05AFA80B22F
:1006F000002808D120000BF056FA80B2002802D161
:100700000BF04DFA80B204B010BDC04614DC0200FC
:10071000F7B5FA26B6007143009308AB1B780400C6
:10072000080013491700019302F0F4FD85B2300070
:10073000258078430E4902F0EDFD009B80B2A38036
:10074000019B6080A371032D01D8042323808023A3
:100750002288DB019A4200D92380032801D8042291
:10076000628062889A4200D963802000FEBDC04644
:1007700071020000064B10B5586980235B05421CCE
:1007800004D0196989B202F0C5FD10BD5869FCE7B3
:1007900000100010034B10B51B78034A9B009B58B8
:1007A000984710BDF029002044CF02000B0037B558
:1007B0000C24020018009D6809786C43044D083031
:1007C0002D680095034D1B696459A04737BDC0468D
:1007D0000C270020102700208022520511691422C6
:1007E0000E4B10B5187889B242439B181A69501EF7
:1007F000DA881B898018C01802F08CFD084B1A6833
:100800000123824207D30023824204D1054B1B6897
:1008100058424341DBB2180010BDC0461C270020DF
:100820004827002060270020082310B5034A1168DC
:1008300099431160FFF7AEFF10BDC0464C27002062
:10084000094910B50A6813070AD4930702D5012392
:1008500013430B600222054B1A70FFF79BFF10BD7C
:10086000FFF7E2FFFBE7C0464C270020F0290020FD
:10087000064B10B51B681B0705D40122044B1A70E8
:10088000FFF788FF10BDFFF7CFFFFBE74C270020E5
:10089000F029002010B5002806D0112805D1082322
:1008A000094A11680B43136010BD1423074A1178DD
:1008B000594304315118FFF779FF0422044B1A7091
:1008C00000F090F8F0E7C0464C2700201C270020DD
:1008D000EF29002070B514248025114B6D051A787E
:1008E000104E54431C192B6921692089E2889BB260
:1008F000401861699A420DD92C69A4B2141B2A6967
:10090000091992B2920820180BF055F92B699BB285
:10091000336070BD92080BF04EF9E388F8E7C046EB
:100920001C2700205827002070B58025094B6D0535
:100930002A691B6894B2013B5C43FFF71BFF2B69DC
:10094000411E9BB25943044B20001A680BF033F947
:1009500070BDC0464827002050270020142270B5E3
:1009600080260E4B760519784A439B181A89DC8835
:100970001B69A4183169E418200089B202F050FD07
:100980000D00FFF7F7FE3369411E9BB25943044B3C
:1009900049191A6820000BF00EF970BD1C270020C1
:1009A0006027002010B5FFF7E5FE802207495205B9
:1009B0001369146909681269A4B2614392B2441EB2
:1009C00098B2920860430BF0F6F810BD482700205B
:1009D00010B5034B18680BF0ECF8FFF75BFF10BD88
:1009E00048270020F0B52B4B85B0187803280ED887
:1009F00002F086FC020F124D0023274A1360274A9B
:100A00001360274B5B78002B01D000F0F5F805B0A0
:100A1000F0BDFFF75FFFFAE7224C1425236880271B
:100A200001930123019A7F059A431D4B2260029294
:100A30001A78396955435D192B6989B218000393F7
:100A400002F068FC184B06001860039B3969581EB9
:100A5000EB8889B2C01802F05DFC864210D10223F7
:100A6000029A13432360114B1A68114B002A0CD1D0
:100A700021680232114208D11A70FFF78BFEC6E7D7
:100A80000323019A9A431300ECE70022F4E7FFF7EF
:100A90009FFFBCE7EF2900205C270020582700209B
:100AA0001C2700204C27002048270020502700202A
:100AB000F029002014230C20F0B58025484A85B089
:100AC00011786D054B43D318DF68464A78431218F6
:100AD0001489508952686043821829691C890292DE
:100AE000DA881E6913199B190193002303923E4A69
:100AF00089B21360300002F093FC2A00002918D15B
:100B00002B6903999BB2994205D0029B01998B42B4
:100B10004ED1002C58D11169300089B202F0FAFB95
:100B2000324B18600323324A1370FFF75BFF05B0A6
:100B3000F0BD022FEFD02969A01989B202F070FC34
:100B40002C4B89081960019A029B2969934220D095
:100B500089B2019802F064FC00291AD080246B4607
:100B600064052169188989B29F8802F0D3FB266940
:100B70000500B1B2380002F0CDFBADB280B28542C3
:100B800009D16B466A461B8992889B1A164A9B08B4
:100B900013600223C7E723692169380089B29CB238
:100BA00002F03EFC89B2641A0F4BA4081C60F0E707
:100BB000022FB0D02969A01989B202F031FC0D4B87
:100BC000890819602969C3E7022FA4D02969A019EF
:100BD00089B202F025FC074B890819602B69D8E718
:100BE0001C27002010270020602700204827002015
:100BF000EF2900205027002014220D4B10B5197842
:100C00004A439B18D9880B4A1B791160DAB2012A32
:100C100005D0002A02D0033B012B05D910BD064B9D
:100C20001A70FFF7DFFEF9E7FFF744FFF6E7C0466B
:100C30001C2700200C270020EF290020F7B5124EBA
:100C40000193757808AC27880424022D19D03478D4
:100C50006419012C00DD023C14235C4334196261E9
:100C6000220020710C3209C909C2019B2781E3804F
:100C70000024064B01351B787570A34201D1FFF7A4
:100C8000BBFF2000FEBDC0461C270020EF2900202E
:100C900070B51424114D002029786143043169187E
:100CA000FFF784FD23000022012029784B43EB1835
:100CB0001A71DA80D8601A615A611A816B78091842
:100CC000013BC9B26B70022905D02970044B1A7020
:100CD000FFF788FE70BD2A70F8E7C0461C27002089
:100CE000EF2900201422084B10B519784A439B18AD
:100CF0001B79042B02D0FFF7CBFF10BD0122034B61
:100D00001A70FFF76FFEF8E71C270020EF2900207C
:100D1000F8B508241E4E37683C4035D180235B056A
:100D200019691C4B1D68002D1BD014221A4B89B267
:100D3000187842439B181A69501EDA881B8980185C
:100D4000C01802F0E7FA154B1B68984209D1144B02
:100D50001C6001231F43134B37601C70FFF71AFD03
:100D6000F8BDFFF739FD002806D000220C4B1A60B1
:100D70000C4B02321A70F1E7002D02D0094B03220E
:100D8000F8E7FFF7AFFFEBE7FFF74EFDE8E7C046F8
:100D90004C270020602700201C2700204827002027
:100DA00050270020F0290020054B10B51B681B07B9
:100DB00002D4FFF797FF10BDFFF736FDFBE7C046F3
:100DC0004C27002070B5174D2C68230727D4164AEE
:100DD000136801331360154B1B68002B05D00422E8
:100DE000134B1A70FFF7D6FC70BDFFF7F5FC002817
:100DF00002D00F4B0222F4E70E4B1B68002B0BD0E6
:100E0000012321000A4A194003D123432B601170AA
:100E1000E8E703231370E5E7FFF764FFE4E7FFF774
:100E200003FDE1E74C270020482700205027002041
:100E3000F0290020602700201E4B10B51B78022BE4
:100E400030D0032B19D0012B13D108211A4A136873
:100E50000B4222D11423194A11784B43D218184B54
:100E60001968D3885B1A9BB2D380002B02D1FFF79D
:100E70000FFF10BDFFF72EFDFBE708210E4A136898
:100E80000B420AD10F4A136801331360FFF7A4FC29
:100E9000002804D1FFF726FFEBE78B431360FFF731
:100EA000A1FDE6E7084B094A1B789B009B58984731
:100EB000DFE7C046EF2900204C2700201C27002038
:100EC0005827002048270020F029002058CF020092
:100ED00070B5154C042522781300AB4303D00228CB
:100EE0001FD0032800D070BD104B1B681B0718D4FF
:100EF0000F490B6801330B60032B07D0022A02D085
:100F0000FFF770FDEFE7FFF745FCECE71423094A14
:100F10000D201178594304315118FFF747FC257013
:100F2000EEE7FFF789FFDEE7EF2900204C270020DE
:100F30005C2700201C27002010B501220024154B3F
:100F40001C801C71DC80DA601C615C611C811C7679
:100F50005C831A625C629C629C830F4B1C80FFF76F
:100F600009FC80235B051B69821E98B25043042252
:100F70000A4B18600A4B20001C600A4B1C609C60E6
:100F8000094B1C70094B1C60094B1C60094B1A6013
:100F900010BDC0461C27002028290020542700200F
:100FA0004827002010270020EF2900205C27002080
:100FB000582700204C2700202A4BF7B51B68040057
:100FC0000E0008205B070FD50630002C0CD000293E
:100FD0000AD02368002B07D080277F053A69A388B1
:100FE00092B2934201D90720FEBD0F2BFBD9E288B4
:100FF000002AF8D053431C490D685B190193FFF791
:10100000B9FB3B69421E98B25043019B8342EAD828
:10101000A2889307E7D1154B04201F88012FE3D046
:101020000C237B431248376075602668C1184D60F9
:101030001E500A81E088802448816405504323695A
:1010400021699BB2C018013889B202F0EDF9246918
:10105000054BA4B2604345191D60044B01371F8046
:101060000020C1E74C270020542700202829002019
:1010700010270020104B30B51C680823640717D5D3
:101080000633002814D0002A12D00368002B11D197
:101090000A4D2C68002C0DD02C894068614309183A
:1010A0006889444368682418A14203D213605160E0
:1010B000180030BD0723FBE74C2700201027002035
:1010C000F7B505001A480468082064072FD50630D4
:1010D00000292CD0002D2AD02C680738002C26D1CE
:1010E00014488446644624680720002C1FD06046BC
:1010F00006894489406874436F6824180720A74212
:1011000015D2002A13D0964211D3D418A6420EDB72
:101110000324093021420AD1234208D1274206D1B3
:1011200000930F3813000A002900FFF787FDFEBD6A
:101130004C27002010270020F7B505001A48046846
:10114000082064072FD5063000292CD0002D2AD086
:101150002C680738002C26D114488446644624683D
:101160000720002C1FD060460689448940687443DC
:101170006F6824180720A74215D2002A13D0964280
:1011800011D3D418A6420EDB0324093021420AD120
:10119000234208D1274206D100930C3813000A00DD
:1011A0002900FFF74BFDFEBD4C2700201027002033
:1011B000F0B51700224A85B0126802900D009C46D7
:1011C0000824530734D50634002931D000282FD005
:1011D0000C68002C2FD11B4E3268002A2BD030898E
:1011E0007289736842434968D218914223D2002F12
:1011F00021D0B8421FD36346FA1890421BDB03226A
:10120000029B134219D16346134216D10A4003923E
:1012100013D161443A0002980BF0EFF80C232A68CE
:10122000009753430221F658039A029B2800B047C7
:10123000200005B0F0BD0724FAE71024F8E7C04607
:101240004C27002010270020F0B51E4B05001B681E
:1012500085B00E0008205B0732D50630002D2FD058
:101260002B680738002B2BD1174A1368002B27D087
:101270001789536852896C687A43D2180392944252
:101280001ED20930A2071BD1E01A390002F0C8F8BB
:101290000720002914D13900300002F0C1F889B2CA
:1012A000072000290CD1002E0AD0039B3419A34239
:1012B00006D300223300009229000438FFF7BEFC59
:1012C00005B0F0BD4C270020102700200120054B61
:1012D00010B51A7850401870034B1B68002B00D0D3
:1012E000984710BDF1290020642700200C4B70B5F1
:1012F000050015200C001A600AF077FC00280ED1BA
:10130000290015300AF073FC002808D115300AF0C6
:101310006AFC002803D1210003300AF06AFC70BD8A
:10132000642700200E23F0B589B004AA13800C2294
:10133000039001914B782649534304AACB1811001E
:101340001889023103230AF05EFC002820D1019B9A
:1013500018255B781F4C1F006F4300933B00083338
:10136000E318029304AB1E88991C320002980BF01C
:1013700035F800280FD10C22009B5343144AD31890
:10138000997A0223194003D1E0192A000BF051F891
:10139000002009B0F0BDE7197B680F4F002B00D08B
:1013A0000E4F18250322009B02986B43E250E3186E
:1013B0005E6004AB3200991C0BF01FF8019B2A0001
:1013C00059780398694338236118B847E0E7C04665
:1013D0002A29002090270020C110020039110200A4
:1013E000F7B504000E006A4681782048FFF742FEF8
:1013F00000283AD10C2362781D4F5A431D4B9B188D
:101400009B7A5B0605D4022E03D01B4F012E00D021
:101410001A4F1C25A1781A4B69432A00C91868463F
:101420000023B84700281ED1022E1ED00C2261785E
:10143000104B4A439B189A7A4030694382439A7210
:10144000104B2A00591868462B00B8470C23227805
:1014500021005A430C4B68469B189B7A0B4A9B0011
:101460009B58984701E0022EF0D1F7BD5428002088
:10147000391102002A290020C11002000BBC020011
:10148000AC27002074270020682700208CCF0200A2
:10149000F7B518220190437828485A4381184C68C0
:1014A000274F002C30D00C2159437918897A4DB23E
:1014B000002D28DA490626D41500A6B2083514589E
:1014C00045190C225343FB181889320023002900C8
:1014D0000AF097FB0B281AD10C22019B29005B789C
:1014E0005343FB181889320001230AF08AFB0C21B0
:1014F000019B144A5B784B43FF1838890AF07FFB45
:1015000000280AD1FEBD002426002500D9E70028C6
:1015100000D00D48012CF5D1E9E702220B4BC3188E
:10152000934308D0082806D0113843425841064B4F
:1015300040421840E6E70448E4E7C0469027002010
:101540002A290020FFFF000041800000FECFFFFF9E
:10155000F8B5182507004878094C68430E00201894
:1015600038232A003900FFF723FE002806D17378BC
:101570005D4364196368013300D16060F8BDC04603
:101580009027002070B51C244443050020000D4E18
:101590001130A4198019062200210AF04AFF1022F6
:1015A000002120000AF045FFFF232374A376013BAE
:1015B000FF3B23830233AB40034A11689943116018
:1015C00070BDC046AC270020A827002037B581B2E7
:1015D00005006A460748FFF74DFD041E08D1542157
:1015E0006846FFF731FE041E02D12800FFF7CAFF4C
:1015F00020003EBD54280020F0B51D00414B93B0A3
:101600001B6801900F001600002B36D0189B542B3E
:1016100033D8FF22002403AB5A709A70DA701C7022
:1016200002AB1C74189B0B950A93A1B204AA36480E
:10163000FFF720FD002822D1082204A901980AF012
:10164000CDFE00281BD103AB9C7003ACA178FF2911
:1016500013D0032F19D1189A06AB542A13D1343A58
:101660001A70032219780A431A7009AB0793254BA5
:1016700032001B6806A92000984713B0F0BD013462
:10168000062CD2D1E1E74022EAE7204BEB1AA72B48
:1016900015D81F480368002E03D101228A40134247
:1016A000EBD001228A4093432022036006AB1A70DC
:1016B00006AB19780222022FD5D10122D3E7154BB0
:1016C000EB1A1B2B09D8202206AB1A70002363707B
:1016D0000CAB0B9318230A93EAE70F482D1A172D2A
:1016E000CBD8302302AA1374002363700133E37054
:1016F0000A4B997A02231940DAD118220AF099FE8E
:10170000D6E7C0466827002054280020AC270020D8
:10171000A827002074270020902700202A290020D5
:10172000F0B5060085B0002850D00024284B294889
:101730001C605C729C7201235B420381FE3B0722AA
:10174000210043810AF075FE1822210022480AF088
:1017500070FE20000134FFF715FF062CF9D11F4B56
:101760001F4D01931F4B290068460093FFF724FC8F
:1017700000281CD101231C4F34783B70002C1CD155
:101780001C26A1B202AA2800FFF774FC00280CD185
:1017900033006343154A02A99B189C461C22030090
:1017A0006046FFF705FD002803D000233B7005B01D
:1017B000F0BD0134062CE4D1F9E76B469988DB884B
:1017C0002800594389B2FFF73FFDF0E70848EEE7EC
:1017D000682700202A2900209027002054000600B6
:1017E00054280020F9150200092A0020AC27002007
:1017F0000E800000F8B5174B06001B780F00002B79
:1018000022D0002822D0002920D00B68002B1DD028
:10181000114D2C68002C1BD12800053108C0052271
:101820000AF0EBFD0121022204203B79AB722B7AF6
:101830008B43134383432B72EB7919430A4382434F
:101840002000EA713470F8BD0448FCE70448FAE768
:101850000448F8E7092A00206827002008800000D3
:101860000E80000004800000154B1B78002B22D056
:1018700000281ED000291CD00378002B1BD1114B4F
:101880001B68002B17D04278002A16D10E4B9B7A8A
:10189000012B12D02420184003D0012310000B701C
:1018A00070475BB2002B02DA02230B70F8E7087076
:1018B000F6E70648F4E70648F2E70648F0E7C046D0
:1018C000092A0020682700202A2900200E80000015
:1018D0000880000010800000F0B52B4B85B01B780D
:1018E000002B4FD000284BD0002949D00B689C46D4
:1018F000002B45D08B680093002B41D00378002B40
:1019000040D1224A1268002A3CD00224204A1C26D8
:10191000D07A0190927A1800224002921A00039421
:10192000019C9C4221D00C7B84420CD935000327BA
:101930005D43184C2C19A57E3D40022D03D1009F1C
:101940008500EC5101300C79944211D934005C438C
:10195000104D039F6519AD7E3D4209D10E4F950094
:101960003C1967460132EC5102E0029C002CDAD0AF
:101970000133062BD4D1087300200A7105B0F0BDE5
:101980000648FBE70648F9E7092A002068270020F7
:101990002A290020AC270020BC2700200E80000050
:1019A00008800000104B70B51B78002B1AD000285F
:1019B00016D00478002C15D10C4B1B68002B11D0CD
:1019C00020001C252B006343094A9B189B7EFF2B9C
:1019D00002D02000FFF7FAFD0134062CF2D170BDD1
:1019E0000448FCE70448FAE7092A00206827002099
:1019F000AC2700200E8000000880000000487047DF
:101A000091800000194A0300127810B50800002ADE
:101A10002AD0002B26D0002924D01C78002C23D1DA
:101A2000134A1268002A1FD09A78FF2A0CD15B78DB
:101A3000FF2B07D00C214B430E49F83AC9188B7A7B
:101A40009B070BD40C480CE01C2102234A430B4992
:101A500089188C7E1C40F5D1072210310AF0CDFC8C
:101A6000200010BD0648FCE70648FAE7092A0020D6
:101A7000682700202A29002005800000AC270020CC
:101A80000E80000008800000F0B5234B8BB01B785F
:101A900006000C00002B3BD0002837D0002935D0A1
:101AA0000378002B34D11D4A1268002A30D0817887
:101AB00005292FD81C252A004A4319488218907EF0
:101AC000FF2827D02261174A03AF6260E360636199
:101AD000A360276089B201AA1348FFF7CBFA002858
:101AE00012D12B002A0001A93800FFF761FB002862
:101AF0000AD1E060B37860615D43094BA060ED18E6
:101B0000084B2561636027600BB0F0BD0748FBE719
:101B10000748F9E70748F7E7092A00206827002067
:101B2000AC270020F2290020542800200E8000005D
:101B3000088000001080000013B5040081786A4618
:101B40000B48FFF797FA002810D11C226378094848
:101B500053436946C0181300FFF72AFB064B074A98
:101B60009B7A21009B009B586846984713BDC0464E
:101B70005428002074270020682700207CCF020012
:101B800070B5050000241C2631006143064B280077
:101B9000C9180AF09AF8002803D10134062CF3D1B1
:101BA000F934200070BDC046AC270020FF23F0B5FB
:101BB000BE4A8FB0127800900393002A41D0BC4AED
:101BC00012680192002A3CD004AC6370A370E370E9
:101BD000030005AE043373602A2333810023B54F1D
:101BE00023700388BD7A102B28D08288A90707D5D7
:101BF000B1498A4200D135E13989914200D131E1C0
:101C0000172B00D1C9E000D931E1132B52D0142B8E
:101C100027D0112B15D102232A009A431300BA7240
:101C20002A0716D55BB2002B03DA00212000FFF74C
:101C3000D7FB1023BB720233337008E0EB0700D5EB
:101C400046E10FB0F0BD0136062E00D05AE1002566
:101C50007CE0A078FF28ECD0FFF794FCFF23A37072
:101C6000E7E7944EF37AFF2B14D1009B934AD9896E
:101C70001C200023944602005A436244128B8A427D
:101C800014D10822DBB21543FB72BD722000A37091
:101C9000FFF752FFF37A8A49FF2B00D10021009B06
:101CA000864A9888002309F0A8FFCAE70133062B6B
:101CB000E1D1EFE7132333700F3B1D43009BBD724F
:101CC000981DFFF75DFF0390FF2802D0C0B2A070FF
:101CD000F872784DEB7AFF2B52D10026E33B1800C7
:101CE0007043764A1018827EFF2A14D12B78022B7B
:101CF0000ED0FD2310308372F83A29000AF07DFBE4
:101D000003AB1E70039BDBB2A370EB72002506E0F1
:101D1000FE238376F4E70136062EE0D1694D0021DB
:101D20001C230B91FA7A0D915343644A0991D318FD
:101D30000C93634B0A9108935D4B1A1D009B988886
:101D400008AB09F058FF002800D07AE7584B05AEE1
:101D50001B682A003100200098473378122B00D0EE
:101D60006FE75448837A012B00D16AE701235B4275
:101D70000381FE3B4381072200210AF05AFB60E702
:101D8000162351480E220021083033700AF051FB0F
:101D90004023AA7A1343AB72B8E70126444B444A66
:101DA0005B7A1420B3435372042305AA41499D432F
:101DB0001070009A8D729279002A05D0C87AFFF7C8
:101DC00005FC009B9D79C1E7009AD2791A4200D1A7
:101DD0003DE7A278FF2A00D139E708231D43009B85
:101DE0008D72DB7A9B0706D51C205043334B1B18A2
:101DF000987EB0439876CB7AFF2B00D127E71C233F
:101E000053432E4D0878ED1802280DD028000722E4
:101E100010300AF0F2FA0222AB7E9343AB76012136
:101E20002000FFF7DDFA12E7254B01225B8A2B83A6
:101E3000AB7EF2E780235B421D43953333701C4B2E
:101E4000BD729B7A214A9B009B5820009847FEE672
:101E5000174B1E4A9B7A20009B009B589847F0E640
:101E60001323E9E6FA7AA27000226270C8E61C2BFE
:101E7000F6D0522BECD0182B00D0E2E6009B9B79D9
:101E8000112BD7D12B07D5D50F480E2200210830B2
:101E90000AF0CFFA162333704A331D43044BBD7248
:101EA0005A7A02231343024A5372D0E6092A0020C9
:101EB000682700202A290020FFFF0000AC2700200F
:101EC0007427002043800000902700206CCF020080
:101ED0001123337000236370009B07229B88380016
:101EE0003B810223BB72009B9D1D29000AF085FAED
:101EF0002800FFF745FE0390FF280FD100260D4B69
:101F0000103300931C207043009B072218182900EF
:101F10000AF064FA002800D095E603960822B97A00
:101F2000039B0A43DBB2FB72BA722000A370FFF777
:101F300003FE8CE6AC27002030B5002913D00A78C8
:101F4000002A12D10A4B1B68002B0ED0FF23094C2C
:101F50008B702589FA3B854203D14A70E37A8B70F6
:101F60001300180030BD044BFBE7044BF9E7C046F3
:101F7000682700202A2900200E8000000880000029
:101F8000F0B5254B85B01B78DBB20093002B18D041
:101F9000224E234F33685A425A41D2B201923A68D4
:101FA000002A14D1009C002B0BD021E003983B6841
:101FB00098472C0019E028003368984729E0002C46
:101FC00005D005B0F0BD002CFBD1009C019403A806
:101FD00009F037FE009C0500052806D00028E5D052
:101FE00000221100FDF7B6FB0024019B002BE6D177
:101FF0000C4B03A91B880B800B4B1D68280009F0B4
:1020000026FE0528DFD00028D5D000221100FDF7DC
:10201000A1FB002CECD1D9E70A2A00205C28002083
:1020200064280020362900206828002070B50400AC
:102030000720002913D08D0711D1094801600949F3
:1020400020000A80084A0949136009F0FCFD0028B5
:1020500005D10122064B16301A7009F0F0FD70BD53
:1020600068280020362900206028002053BC020088
:102070000A2A002010B509F0E8FD03005A1E93411A
:10208000014ADBB2137010BD0A2A00200E2300287B
:1020900002D0024B18600023180070475C28002013
:1020A0000E23002802D0024B18600023180070474E
:1020B00064280020074B10B51B68002B07D09847F9
:1020C000002803D000221100FDF744FB10BDFFF7EC
:1020D00057FFFBE760280020F0B50D788FB0002D8A
:1020E00000D098E0514C02AB9A1D210008230688CD
:1020F00013803431073B300009F0B1FD4C4B1B68B5
:102100009847B12009F0ADFD002803D02A0029002E
:10211000FDF720FB09F0A7FD002803D000221100E5
:10212000FDF718FB434D686909F09FFD01950028F4
:1021300003D000221100FDF70DFB00233E4D3000BF
:1021400029000493FFF7F8FE061E3AD108A92800DB
:10215000FFF79AFC071E4CD10C9E0722310020008D
:1021600010310AF04AF931001022E01D0AF045F959
:102170002000089E1122310018300AF03EF920009C
:1021800031002A3012310A220AF037F9200009F012
:102190006EFD002803D03A003900FDF7DBFA012379
:1021A000002404930333069305A904AB2800079386
:1021B0000594FFF723FCA04203D022002100FDF785
:1021C000C9FAC02280211D4BC903520099501968D9
:1021D000012000231A4C02009A400A4200D0E26714
:1021E0000133202BF7D1019B586900F02BF80FB079
:1021F000F0BD21002800FFF705FC002803D03200C5
:102200003100FDF7A7FA200009F031FD0028D8D0F1
:1022100000221100D3E70322012100F031F8002849
:10222000E5D000221100FDF795FAE0E738290020FB
:1022300010200020001000100B2A002000E100E018
:1022400004E100E0F0B50300186880F308885868DE
:10225000FF2464B2EFF30585002D01D1A6460047A7
:10226000251C061C21273FBAF0B4002400250026B7
:102270000027F0B4F92040B20047C046F0BDC04688
:10228000F0B5060087B00E20002E23D03788124B01
:1022900006389F421ED0114B1B78002B1AD0104DD0
:1022A0001023697069462B7002300D3BCB80AA70F9
:1022B0000021062268440AF0BCF8338A02AC23806D
:1022C0000123A3706B46210006333800A360E5604C
:1022D00009F026FD07B0F0BDFFFF00000F2A002027
:1022E000102A002070B504000D00160000211022F5
:1022F0000AF09FF8054B320023612900200000F00E
:10230000A3FA034B20001C6070BDC046A0860100EC
:102310006C28002070B5054D04002B68834203D063
:10232000016900F04BFA2C6070BDC0466C2800209B
:1023300010B50400034B083303601C3000F0B6F9FD
:10234000200010BD9CCF020070B5050004000E4BAC
:102350000E00083308C52800182200210AF069F889
:10236000002320003100E36123626363A363E3641D
:10237000064A23001C3000F069F92800310009F0FA
:102380006DFE200070BDC0469CCF0200CDBD020096
:1023900010B5040000F006F8014B2000236010BDCA
:1023A000B4CF02000C4B70B5036000234360836020
:1023B000C360036243628363962304009B01051D8F
:1023C000C363280000F0D6FC28002200034900F077
:1023D00063FD200070BDC046C4CF020005BE0200F0
:1023E00010B50400044B036009F052FD200000F01A
:1023F0001BF8200010BDC046D4CF0200084B10B51A
:1024000008330360002343608360C360040000F06E
:1024100017F80449206109F03DFE200010BDC046B8
:10242000F4CF020055BF020010B50400034B08337F
:10243000036009F09CFD200010BDC046F4CF0200EF
:102440000048704708D0020010B5024809F02BFE82
:1024500010BDC04608D002000848026803210A43A4
:1024600002600749074A084B9B1A03DD043BC85822
:10247000D050FBDC05488047054800472405004054
:102480008CDC020000200020B02000204932020035
:1024900009810100FEE7FEE7FEE7FEE7FEE7FEE753
:1024A00070B50E000E4C05002100300000F0BCFE9F
:1024B00028600023E3565A1C01D1002302E0B342F6
:1024C0000CD1A368A02201200649D2002B718850AC
:1024D0006A221B021343044A8B5070BD0C34E8E798
:1024E00024D0020000700040040500000B4B0C4992
:1024F00010B55A580B4C22405A5002795C581202BF
:1025000022435A5080200122C0001A6019581142FB
:10251000FCD1A122D200985880B210BD00700040BA
:1025200004050000FF00FFFF01704B1C0AD00123CF
:102530008B404360044BC360044B0361044B436115
:10254000044B83607047C046080500500C050050DE
:102550001005005014050050F7B5A223A022DB009F
:10256000D205D358BE220193314B5200995800290D
:102570003FD0C1218900595800293ADA0024E025CA
:10258000C0269C50ED00B6022A4BA700F858002840
:102590002CD0294BE35C002B17D0019B0121E34099
:1025A0000B4227D02300A022C133FF339B00D2056A
:1025B0009B589B039B0F032B1CD0204B1B68E340B5
:1025C0000B4217D01E4B1B689847A023DB05FF1852
:1025D0007A5932420AD07A591A490A407A51019AF4
:1025E000E240D3071FD57A5932437A5101341F2C68
:1025F000CAD1F7BD019B0122E3401342E5D123007C
:10260000A021C133FF339B00C9055B589B039B0F7F
:10261000032BDAD10C4B1B68E3401342D5D0084B97
:1026200002211B68D0E78022795992020A43DCE735
:102630000060004078280020172A0020FC28002095
:10264000F4280020FFFFFCFFF828002030B504002C
:1026500008004D1C1CD00F4821600260BE220020E3
:102660000D4C5200A0500D4A8D00AB5001220C4B76
:102670005A54C122802392001B06A350094B0A4CD6
:1026800099580C40C02109042143995040221A60F6
:1026900030BDC046F42800200060004078280020AB
:1026A000172A002000E100E0FFFF00FF002103687F
:1026B000014A9B00995070477828002070B5A024EB
:1026C000E0250068E4058300ED001B195C591F4EEE
:1026D00034405C511E4D01242E68002A26D0A142B0
:1026E00003D181400E432E6006E0022904D18440CC
:1026F000184A11680C4314602A680121C2400A423A
:1027000004D1144A1268C2400A420ED0A021A2226B
:10271000C905D2008958F132C140FF329858C90723
:1027200011D5C02189020143995070BD012902D100
:1027300081408E43D7E70229DED1844005490A68EB
:10274000A2430A60D8E78021ECE7C046FFFFFCFF08
:10275000FC280020F82800200368074A9950074AFF
:10276000FC33196A002902D0002018627047013A30
:10277000002AF6D10120F9E71C050000A18601001E
:1027800010B50368002A03D08022022092009850DE
:1027900001221C001A62084AFC34E068002806D0B6
:1027A0000020A322E060D2009B580B7010BD013ABC
:1027B000002AF2D10120F9E7A186010010B50B4CE7
:1027C00002680B4BA14205DC0A498160CC21490417
:1027D000D15010BD084CA14204DC08498160802121
:1027E000C904F5E706498160CD21F9E78FD00300E0
:1027F00024050000A08601007F1A060090D0030087
:10280000801A060070B504001000A025C026C13053
:10281000FF30F600ED05800046510800C130FF3062
:1028200080004651A1252068ED004251054A8150A3
:1028300019002000FFF7C2FFA02305212268DB005A
:10284000D15070BD0C050000F8B50E001500040055
:1028500000F0E2FB264AF1B21378DBB2012B1DD166
:10286000507888421AD19778E8B2874216D16373BC
:10287000204B19000022FC312360657126718A62A9
:10288000A021C9005A501C4920005A5001325A5008
:102890002A003100194BFFF7B5FFF8BD184BE8B21D
:1028A0001F78012F09D15F788F4206D19F78874228
:1028B00003D102236373134BDBE71778002F04D196
:1028C0000123137051709070D1E71A78002A04D157
:1028D00001321A7059709870EBE70B4809F095FBBC
:1028E0000023FC222360657126719362FFDEC046DF
:1028F000362A002000300040FC0F0000A0860100B6
:102900003A2A0020004000401ADC0200036800223E
:102910001900FC3110B58A62A021C9005A5006493D
:102920005A5001325A50052204218256415683687A
:10293000FFF768FF10BDC046FC0F000003680021D0
:102940001A00FC3210B5916001315961074B916852
:10295000002905D000240473FFF7D8FF200010BD24
:10296000013B002BF3D10120F9E7C046A18601000D
:10297000036810B51900FC318A6A0020012A08D1C9
:10298000044C1C5988625A610238A40701D4012002
:10299000404210BDC40400000261064A10B5426006
:1029A000054A01738260054A1900026009F082FC41
:1029B00010BDC0460405005010050050000700502F
:1029C00000210C4A0300515681420ED0012151567C
:1029D00081420CD001209278404252B29A4203D1F7
:1029E0000330054B187040B270470020F9E7012012
:1029F000F7E7C0468A2000203E2A00200023134A21
:102A000030B5D35683421DD00123D35683421BD009
:102A10000223D356834214D10223190045310C48B6
:102A20000C4CFF3189000C5001210D005C00601C32
:102A30008540A140A120084C2943C0002150FF211E
:102A4000D15430BD0023E8E70123E6E78A200020C7
:102A500000600040031F020000F00140F8B50023B1
:102A6000114C0600E356114D013314D00123E356F7
:102A7000013315D00223E356013313D02878032104
:102A8000013000F0B7FD0F0060562970FFF7B6FF68
:102A9000E65578B2F8BD00202654287040B2F9E718
:102AA0000120F9E70220F7E78A2000203E2A0020D3
:102AB000012370B51E000200A0258640C132FF32FE
:102AC000ED0592005351134A0002AE50A226124A5D
:102AD0004C001043114A89008D18F600E4B2A85149
:102AE000C046C046C0460E48E20012180D482B6092
:102AF00015500D48091891510C490D48555004398D
:102B000050501900E2189140A3400A4A0B4304496F
:102B10008B5070BD0C0500000300130000600040E6
:102B200000F001401405000040A100401C05000019
:102B30004CA1004004050000A820012110B5124A54
:102B4000124B1488C00059601C50548810481C5007
:102B50009088A922D2009850802208209200985094
:102B600080200932FF32000398500A4A1078A222CE
:102B7000D2009850084A1088084A985000221960DC
:102B8000FC331A6510BDC0467E20002000A0004026
:102B9000440500008D2000207C2000204C05000012
:102BA00070B5012686570D003000FFF709FF0400BD
:102BB000431C0ED13000FFF751FF030051331D4974
:102BC000FF331D4A9B0004009950C1B23000FFF74B
:102BD0006FFF1A4BA200D5502A00194B64001B78D6
:102BE000043BDA40174BE252002D03D0164B1B6812
:102BF0009D420ED33000FFF701FF0123A022B34016
:102C0000D205002D03D0A121C900535070BD0F493A
:102C1000FBE772B600210E4A074B1165C1228021E5
:102C20009200090399500B49053AFF3A995062B650
:102C3000ECE7C046FFFF000000A000400029002094
:102C40008D2000207E200020142000200C05000094
:102C5000FCA0004008080000F8B5244B0D001978CE
:102C60000600002926D10122214B22485A60195022
:102C70001A502148C2271950043019501F49BF006B
:102C80000878A221C9005850802108208900585096
:102C90001B491C4C08881C4958501C49C859044001
:102CA0008020C0032043C8518020C00008601A6003
:102CB0000E4B1A702800FFF783FE0400431C0ED150
:102CC0002800FFF7CBFE030051331149FF33084AB8
:102CD0009B0004009950C1B22800FFF7E9FE75700F
:102CE000347030000021FFF75BFFF8BD3F2A002061
:102CF00000A00040FC0F0000040500008D20002013
:102D00007C200020FFFF00FF4C05000000E100E0F8
:102D1000FFFF0000084B70B50D1C0400186801F09F
:102D2000B9FC291C01F056F901F04AFC0100200011
:102D3000FFF736FF70BDC04614200020012310B5F8
:102D40000A4ADC0014598C4207DD013BDB00D31832
:102D50005A680168064BCA5010BD0133112BF0D1DF
:102D600080210268024B4905D150F5E790D002005E
:102D700024050000F8B50F0016000122244BBA40CC
:102D80000360A023234CDB05195905000A431A519F
:102D90008022195912060A430121B1401A511A59C9
:102DA0008A4396211A511A598901520052081A5120
:102DB000FFF7C4FF002204202B6817495A506C39D2
:102DC00058500121996019601900FC31CA601349FB
:102DD0005A506A6014391F325A5011495F5009180D
:102DE0005A501E517B1C03D00321380009F052FABF
:102DF000731C03D00321300009F04CFA0122094B67
:102E000029001A600848073209F0F7FAF8BDC046F1
:102E100000200040140500006C0500001C050000A7
:102E20000C05000014290020442A0020962310B528
:102E3000DB00994202DDFFF781FF10BD9E21026891
:102E4000014BC902D150F8E724050000C1230E4A06
:102E50009B00D15810B5090603D50C49096A002911
:102E600008D1D3585B0704D5084B0021DB68002B41
:102E700001D110BD0121064B18680028F9D0054B7F
:102E80001B689847F5E7C04600200040FC20004042
:102E9000102900200C290020034B196043680349C6
:102EA0009B005A507047C0460C2900201029002072
:102EB00000681F4B30B5C3185C4263415B00002AB9
:102EC0001CD0002911D0012914D0FF20C024DD001E
:102ED000A8401849A4000A598243C020A8400243D0
:102EE0000A5101229A400A6030BDC1220421920099
:102EF0008150EAE7C12280219200F9E7002908D039
:102F00000129F1D1C2228024920084508258920873
:102F100006E0C22204219200815082580339D2096E
:102F20009143E1D001229A401300034AD367DBE7C3
:102F300000E0FFBF00E100E004E100E003681A00E8
:102F4000FC32106A0128FCD100201062014AC9B28B
:102F5000995070471C050000A023F0B52A4EDB00F5
:102F6000F25885B000920022A024F250EA23274DA7
:102F7000274AE4056759DB006251E15804200191BA
:102F8000E250A1238022DB005203E2508022120390
:102F9000E25009F0CFF9A223DB00E15801220296AA
:102FA0000395C90229D5E3581324DB0C134225D01D
:102FB0000120A023039ADB059F50EA220199D20049
:102FC0009950A023029A0099DB00D15005B0F0BDC2
:102FD000104B0420EE5009F0ADF9A123DB00EE50B8
:102FE000042009F0A7F9A223DB00EB58DB02DFD4B1
:102FF000013C002CECD12000DBE71324A025802627
:10300000ED053603F4E7C046004000404C070000E1
:103010000D0600000C050000A023144A1449DB052E
:1030200010B55A5004315A50124B00211A00FC328C
:10303000D1601162A12113221420C9005A500E4AF6
:103040000E4C9850CC200E4A40049850A2200D4AB5
:10305000C00014500C480D4C145001205050A022B8
:103060000521D2009950FFF777FF10BD0C06000034
:103070004C070000004000400C05000038410040B3
:103080002405000000F00140140500001C40004031
:10309000012310B50D4C0E49A36480239B00CB6720
:1030A0000C490D4A086D002804D0002008651168FD
:1030B0000131116009490B60A923DB001068E35856
:1030C000010C9BB20004184310BDC04600900040A4
:1030D00004E100E0FC9000401829002000E100E03D
:1030E000F8B50F4C636C002B0FD000270D4E6764B2
:1030F0003378BB4209D00C4B1D68FFF7C9FF2D1A6E
:10310000BD4202DC3770FFF79FF9236D002B05D01D
:10311000064A13680133136000232365F8BDC046D7
:10312000FC900040402A00201C2900201829002083
:1031300070B51B4D2878002831D10121194B1A4A4E
:10314000596050608020C005016051680029FCD0A2
:1031500000221649A2205A5004240121C000D9603F
:103160001C5008381A501248C2261A50C12280201A
:103170009200000398508020400298500D4AB600FB
:1031800090590D4C0440C020000220439051C024AF
:10319000802064008000105110601960297070BD9B
:1031A000412A002000900040FC000040040500007F
:1031B0004C05000000E100E0FF00FFFF044B10B5EC
:1031C0001B78002B01D1FFF7B3FFFFF761FF10BDA4
:1031D000412A0020104B70B51B780400002B01D150
:1031E000FFF7A6FF0D4D0E4E2B78002B02D0336853
:1031F000A34210D0FFF74CFF201A0A2803DCFFF788
:1032000047FF0A30040001232B70A823054A3460CD
:10321000DB00A4B2D45070BD412A0020402A002017
:103220001C2900200090004010B50400431C07D06A
:1032300009F099F80400431C02D1024808F0E5FEA9
:10324000200010BD2BDC0200224910B50B68DBB258
:10325000012B0FD1204B1B681B070BD11F4BE02408
:103260001A68F02310001840224228D11C4A126824
:103270001A4227D00B68DBB2012B12D1164A126812
:1032800012070ED1F021154A12680A40402A08D1CF
:10329000134A12680A4204D18021C122C905D20012
:1032A0008B508022A3230021D205DB00D1500D4B8F
:1032B0009960013191609A68002AFCD010BD3028D5
:1032C000D4D0D7E7084B094A1A608022084B120273
:1032D0001A60CFE7E00F00F0E40F00F0E80F00F015
:1032E000EC0F00F0FC00004004050040DFFF07C0C9
:1032F000186C0040014B18687047C0462029002018
:1033000002B4714649084900095C49008E4402BC78
:103310007047C046002243088B4274D303098B4296
:103320005FD3030A8B4244D3030B8B4228D3030C95
:103330008B420DD3FF22090212BA030C8B4202D337
:103340001212090265D0030B8B4219D300E0090A5F
:10335000C30B8B4201D3CB03C01A5241830B8B4268
:1033600001D38B03C01A5241430B8B4201D34B0351
:10337000C01A5241030B8B4201D30B03C01A5241B6
:10338000C30A8B4201D3CB02C01A5241830A8B423B
:1033900001D38B02C01A5241430A8B4201D34B0224
:1033A000C01A5241030A8B4201D30B02C01A524188
:1033B000CDD2C3098B4201D3CB01C01A524183093C
:1033C0008B4201D38B01C01A524143098B4201D376
:1033D0004B01C01A524103098B4201D30B01C01AA1
:1033E0005241C3088B4201D3CB00C01A524183081B
:1033F0008B4201D38B00C01A524143088B4201D348
:103400004B00C01A5241411A00D2014652411046A7
:103410007047FFE701B5002000F0F0F802BDC0469C
:103420000029F7D076E7704703460B437FD400228C
:1034300043088B4274D303098B425FD3030A8B4248
:1034400044D3030B8B4228D3030C8B420DD3FF22B2
:10345000090212BA030C8B4202D31212090265D080
:10346000030B8B4219D300E0090AC30B8B4201D333
:10347000CB03C01A5241830B8B4201D38B03C01A7A
:103480005241430B8B4201D34B03C01A5241030BF1
:103490008B4201D30B03C01A5241C30A8B4201D3A2
:1034A000CB02C01A5241830A8B4201D38B02C01A4D
:1034B0005241430A8B4201D34B02C01A5241030AC4
:1034C0008B4201D30B02C01A5241CDD2C3098B42A9
:1034D00001D3CB01C01A524183098B4201D38B0126
:1034E000C01A524143098B4201D34B01C01A5241C9
:1034F00003098B4201D30B01C01A5241C3088B420E
:1035000001D3CB00C01A524183088B4201D38B00F8
:10351000C01A524143088B4201D34B00C01A52419A
:10352000411A00D201465241104670475DE0CA0F71
:1035300000D04942031000D34042534000229C4631
:1035400003098B422DD3030A8B4212D3FC2289013B
:1035500012BA030A8B420CD3890192118B4208D311
:10356000890192118B4204D389013AD0921100E073
:103570008909C3098B4201D3CB01C01A5241830987
:103580008B4201D38B01C01A524143098B4201D3B4
:103590004B01C01A524103098B4201D30B01C01ADF
:1035A0005241C3088B4201D3CB00C01A5241830859
:1035B0008B4201D38B00C01A5241D9D243088B42AF
:1035C00001D34B00C01A5241411A00D20146634652
:1035D00052415B10104601D34042002B00D54942B6
:1035E000704763465B1000D3404201B5002000F0F5
:1035F00005F802BD0029F8D016E770477047C046AD
:103600008446101C62468C46191C634600E0C04686
:103610001FB501F03DFF002801D40021C8421FBDA5
:1036200010B501F095FE4042013010BD10B501F01B
:103630002FFF002801DB002010BD012010BDC04677
:1036400010B501F025FF002801DD002010BD01208C
:1036500010BDC04610B501F0B7FE002801DC002007
:1036600010BD012010BDC04610B501F0ADFE002810
:1036700001DA002010BD012010BDC0468446081CA0
:103680006146FFE71FB500F055FC002801D400217A
:10369000C8421FBD10B500F0D7FB4042013010BD3D
:1036A00010B500F047FC002801DB002010BD012010
:1036B00010BDC04610B500F03DFC002801DD002023
:1036C00010BD012010BDC04610B500F0E5FB00287C
:1036D00001DC002010BD012010BDC04610B500F077
:1036E000DBFB002801DA002010BD012010BDC04620
:1036F000002B11D1002A0FD1002900D1002802D0BF
:103700000021C943081C07B4024802A140180290D6
:1037100003BDC046E9FEFFFF03B4684601B5029849
:1037200000F024F8019B9E4602B00CBC7047C046D6
:1037300070B500220C4B04000D00FFF795FF002828
:1037400004D12000290002F0C5FC70BD064B002208
:103750002000290002F076F902F0BCFC80231B0651
:103760009C466044F1E7C0460000E041F0B54F469A
:103770004646D646C0B5040082B00D009146984634
:103780008B422FD82CD04146484602F039FE290002
:103790000600200002F034FE331A9C46203B9A4675
:1037A00000D576E04B46524693401F004B4662469A
:1037B00093401E00AF4228D825D05346A41BBD41DC
:1037C000002B00DA7BE0002200230092019301230A
:1037D000524693400193012362469340009318E0C0
:1037E0008242D0D900220023009201930A9B002B31
:1037F00001D01C605D600098019902B01CBC90462D
:103800009946A246F0BDA342D7D9002200230092D8
:1038100001936346002BE9D0FB07984641467208A6
:103820000A437B0866460EE0AB4201D1A2420CD8A7
:10383000A41A9D41012024196D410021013E241844
:103840004D41002E06D0AB42EED9013E24196D4108
:10385000002EF8D100980199534600196941002BB8
:1038600023DB2B005246D3402A006446E2401C0072
:1038700053461500002B2DDB26005746BE40330073
:1038800026006746BE403200801A9941009001919F
:10389000ACE7624620239B1A4A46DA406146130091
:1038A00042468A4017001F4380E7624620239B1A46
:1038B0002A0066469A402300F3401343D4E7624649
:1038C000202300219B1A0022009101920122DA405C
:1038D000019280E72023624626009B1ADE402F00DB
:1038E000B0466646B74046463B003343C8E7C0464D
:1038F000F8B54746CE4643025B0A4400C20F9C46D9
:103900004800DD004B02240E5B0A000E80B598468D
:1039100026009146C90FDB00271A8A4229D0002FC2
:1039200015DD00284AD1002B00D095E0ED08FF2CD2
:1039300000D188E06B025B0AE6B25B02F605580A2A
:103940003043D20710430CBC90469946F8BD002F77
:1039500000D087E0601CC0B2012800DCB6E0EE1A9F
:10396000720100D5C5E0002E3DD1002200260023C3
:10397000E3E7002F00DC96E000285DD0FF2C60D04C
:103980008022D20413431B2F00DDECE02022D21B47
:1039900018009340F8405A1E93410343ED186B0101
:1039A0007BD50134FF2C00D1B7E0012207262A4045
:1039B0006B089A4D1D4015432E4029E0FF2CB5D0D1
:1039C0008022D20413431B2F00DDB2E02022D21B41
:1039D00019009340F9405A1E93410B43ED1A6B01B5
:1039E0005BD5AD01AE09300002F0ECFC0538864035
:1039F000844265DC041B330020200134E340041BB7
:103A0000A640751EAE41334307261D0000241E400C
:103A100001224B461A40002E04D00F232B40042BCA
:103A200000D004356B0100D480E70134E6B2FF2CEE
:103A30002FD1FF26002380E7002B52D1FF2C00D08E
:103A400074E70A00ED08002DF3D08023DB032B433D
:103A50005B025B0AFF2670E7013F002FBED0FF2C00
:103A6000B1D163E7002C47D0FF2869D08024E4045B
:103A70007A4225431B2A00DDC5E02C002026D440D5
:103A8000B21A95406A1E954125435D1B0400894684
:103A9000A5E7AB015B0A50E7002401224B461A4020
:103AA0006B07BAD142E7002F3BD10134E0B20128C5
:103AB0004ADDFF2CBDD00726ED186D082E40A7E784
:103AC0000723574D241A35401E40A1E7002C1BD177
:103AD000002D6ED1002B00D19AE00A001D003C00A1
:103AE00024E7013F002F00D158E7FF2C00D04AE720
:103AF000A7E75E1B894676E7002D1CD10A00FF2848
:103B00001FD004001D0011E7002D5DD1002B17D13F
:103B100080230022DB03FF260FE70A00FF26002395
:103B20000BE7002C21D1002D66D1FF28E9D11D0023
:103B300087E7012352E77A1CA7D0FA43FF2899D1DF
:103B40000A001D00FF24F1E6002E21D1002D4FD0E8
:103B5000002B4CD0ED186B019ED5314B07362E4013
:103B600001241D4054E7012318E7FF28DFD08024FB
:103B7000E4047F4225431B2F4DDC2026F61B2C003E
:103B8000B540FC406A1E95412543ED18040006E748
:103B9000002DCCD0002B00D153E780216046C90313
:103BA000084203D04046084200D11D0001211140C7
:103BB00047E7002B00D1B9E6EA1A500125D50726C0
:103BC0005D1B2E40894623E7FF24002B00D1ADE684
:103BD00080226046D203104204D04046104201D1F8
:103BE0001D00894601224B46FF241A409EE62B0009
:103BF000DD080A0000249DE67A1CC6D0FF43FF289A
:103C0000B9D11D001DE701253FE7151E00D044E78F
:103C10000022002391E60125B7E7C046FFFFFF7DA4
:103C2000FFFFFFFBF8B557464E464546DE464402C9
:103C3000E0B546008846640A360EC70F002E63D0F2
:103C4000FF2E24D08023E400DB041C43002399468C
:103C50009B467F3E434642465D02D20F5B006D0AA3
:103C60001B0E9046924665D0FF2B55D08022002136
:103C7000ED00D2047F3B1543F61A43464A467B408B
:103C80000F2A00D98DE06D48920082589746002C8B
:103C900054D108239946063BFF269B46DAE70025C8
:103CA000534602291BD0032900D1BFE0012928D0A7
:103CB00030007F30002820DD6A0704D00F222A4020
:103CC000042A00D004352A0103D530005C4A803034
:103CD0001540FE2803DCAC01640AC2B201E0FF22F9
:103CE00000246402D205600ADB07104318433CBC81
:103CF00090469946A246AB46F8BD0122101A1B28F1
:103D00007CDD00220024ECE7002C1DD10423994621
:103D1000033B00269B469DE7FF3E002D20D102215C
:103D200043464A467B400A430F2AD8D8454892006A
:103D300082589746002D19D10121F1E70C239946AD
:103D4000093BFF269B4685E7200002F03BFB7626D9
:103D5000431F9C4000237642361A99469B4679E7DA
:103D60004A4603231A439146032186E7280002F0BE
:103D700029FB431F36189D40763600217DE78024BD
:103D80000023E403FF22ACE700258023DB031C4271
:103D900028D01D4226D12B435C02640A4346FF22F1
:103DA0009FE762016C01A24224D21B210025013E43
:103DB000012710006D005200002801DB944201D859
:103DC000121B3D4301390029F3D11400621E9441B6
:103DD00025436DE7BA46594625005346022900D0CF
:103DE00061E77CE78023DB031C436402640A3B0039
:103DF000FF2276E7121B1A210125D9E79E362A00F9
:103E0000B5402C00C240651EAC411443620704D08B
:103E10000F222240042A00D00434620103D4A401FA
:103E2000640A00225DE7012200245AE78024E403AB
:103E30002C436402640AFF2253E7C04618D10200F3
:103E4000FFFFFFF758D1020070B542004E024C0050
:103E500045026D0A120EC30F760A240EC90FFF2AFF
:103E60000FD0FF2C11D00120A24200D070BDB5426E
:103E7000FCD18B420DD0002AF8D12800451EA84164
:103E8000F4E70120002DF1D1EBE70120002EEDD168
:103E9000E9E70020EAE7C04670B54A004E02450255
:103EA00044006D0A240EC30F760A120EC90FFF2CB0
:103EB00015D0FF2A0ED0002C15D1002A01D1002EDA
:103EC0001CD0002D14D08B4227D00220013B18407B
:103ED000013870BD002EEED002204042F9E7002DDF
:103EE000FAD1FF2A0ED0002A0ED1002EEDD00BE021
:103EF00001230139994308000130EAE70020002D31
:103F0000E7D0E2E7002EE7D18B42DED1944205DD17
:103F10000221581E08400138DBE70024A24204DCDD
:103F2000B542D2D80020B542D3D2581E01239843BF
:103F30000130CEE730B5420044024D02C30F4800C5
:103F4000640A120E6D0A000EC90FFF2A12D0FF2854
:103F50000CD0002A12D1002819D1002D17D1002C25
:103F60002BD00220013B1840013826E0002DF0D074
:103F7000022022E0002CFBD1FF281FD000281FD1F7
:103F8000002D1DD10220013B1840013815E0002C06
:103F90000ED08B42E5D10022904204DCAC42E0D846
:103FA0000020AC4209D2581E01239843013004E09E
:103FB0000123013999430800013030BD002DD7D1CC
:103FC0008B42CED18242E7DD0221581E08400138E3
:103FD000F3E7C046F0B54E4657464546DE46E0B5E7
:103FE00043025B0A450083B00F1C99462D0EC60F95
:103FF000002D57D0FF2D24D08020DB00C0041843B3
:10400000002381469A469B467F3D7C027A00FB0F47
:10401000640A120E984623D0FF2A4BD0E300802476
:104020000020E4047F3A1C43AD186B1C4746019303
:10403000534677403A000F2B48D87D499B00CB5818
:104040009F46002B00D085E008339A46063B9B46EE
:104050007C027A00FB0FFF25640A120E9846DBD122
:10406000002C00D090E0524601231A4392460120D2
:10407000DBE74C4658461700022824D0032800D11D
:10408000CFE00022002301284DD15802D205400A7A
:10409000FF071043384303B03CBC90469946A24604
:1040A000AB46F0BD002B5BD104239A46033B0025B1
:1040B0009B46AAE7FF35002C60D1524602231A43E3
:1040C00092460220B1E7FF220023DEE74B461B0C9D
:1040D0009C464B462604360C180461463300220CDD
:1040E0006446000C43434E435043544380191A0C1A
:1040F0001218964203D9802149028C4664441B045D
:104100001B0C1004C01883015E1EB341800E1843BF
:10411000130C1B199B0103431C00230179D50123B8
:1041200062081C401443019A7F32002A4DDD630768
:1041300004D00F232340042B00D00434230103D5E3
:104140003C4B019A1C408032FE2ABCDCA3015B0A76
:10415000D2B29AE70C239A46093BFF259B4654E7C7
:10416000180002F02FF94A46431F76259A40002393
:104170006D4291462D1A9A469B4646E752460323C6
:104180001A439246032050E7200002F01BF9431F18
:104190002D1A9C40763D002047E780230027DB0353
:1041A000FF2272E7424666E74C463200584662E715
:1041B00080234A46DB031A4222D01C4220D12343EB
:1041C0005B025B0A4746FF225FE701239A1A1B2A1C
:1041D00021DC23000199D3409E318C401A0023003A
:1041E0005C1EA34113435A0704D00F221A40042A2D
:1041F00000D004335A0111D49B015B0A002244E72A
:1042000080234A46DB0313435B025B0A3700FF222D
:104210003BE7019587E70022002336E701220023D0
:1042200033E78023DB0323435B025B0AFF222CE797
:1042300098D10200FFFFFFF7F8B54746CE4644008D
:10424000C20F80B547024802400A844666464800CD
:104250007F0A240EF60025009046FB00000EC90FD1
:10426000B146FF2800D185E001267140261A91420F
:1042700057D0002E43DD002800D07FE049460029BA
:1042800000D1AAE0013E002E00D0F7E05B1A5A01EF
:1042900000D48BE09B019C09200002F093F80538C4
:1042A0008440854200DDD3E0451B230020200135FA
:1042B000EB40451BAC40621E94412343072400257C
:1042C0001C40012241460A40002C04D00F21194015
:1042D000042900D00433590100D480E00135ECB248
:1042E000FF2D00D0A3E0FF2400235B02E405580A61
:1042F000D207204310430CBC90469946F8BD002ECF
:1043000074D1601CC0B2012800DCA7E04A469C1AA8
:10431000620100D5B6E0002CBED1002200240023AB
:10432000E3E7002E00DC85E0002846D0FF2C49D0D2
:1043300080224846D2041043814601221B2E09DC0C
:1043400020204C46801B84404A462000F240441EF8
:10435000A04102439B185A0128D50135FF2D00D1F9
:10436000A8E00122072494491A405B080B4013433C
:104370001C40A6E7002E00D078E775E7FF2C54D04C
:1043800080224946D2041143894601221B2E09DCB2
:1043900020214846891B88404A460100F240481EB9
:1043A00081410A439B1A5A0100D573E70122414615
:1043B0000A40590700D089E711E04846002858D143
:1043C000FF2C0CD1DB08002B00D18CE78020C00330
:1043D00003435B025B0AFF2487E7FF2C25D0DB0841
:1043E000FF2DF0D05B025B0AECB27EE7002C4DD0D3
:1043F000FF2818D08024E404724223431B2A00DDE6
:10440000C4E01C002025D440AA1A93405A1E9341B0
:1044100023434A460500D31A884638E7721CF8D071
:10442000F243FF28EAD10A004B46FF25D7E79B015C
:104430005B0A5AE7002E41D1651CE9B2012945DD2E
:10444000FF2D00D14FE707244B445B081C4038E7A1
:1044500007225A4B2D1A2340144032E7002C1DD15D
:10446000002B7AD14B46002B00D191E00A000025A9
:10447000B5E7013E002E19D14B446CE7FF2C84D1E7
:10448000FF25ACE74A468846D41A05E7002BC5D17C
:104490000A00FF28C8D005004B46A0E7002B49D1F1
:1044A0004B46002B77D00A00FF2598E7FF2C00D061
:1044B00043E787E70A00FF24002316E7002C15D105
:1044C000002B57D1FF28E6D14B467BE7002C20D1AB
:1044D000002B57D04946002953D04B445A0168D588
:1044E0000724364A1C4001251340EAE6FF28EBD09A
:1044F0008022D204764213431B2E53DC2025AD1BB1
:104500001A00AB40F2405C1EA34113434B4405002C
:1045100021E7002BD8D04946002900D152E780215D
:10452000C9030F4200D14DE76046084200D049E779
:104530004B4647E74846FF25002800D14FE7802239
:10454000D203174204D06046104201D14B46884640
:1045500001224146FF250A4041E7484600281FD076
:104560001A1A500120D54A460724D31A1C408846FF
:104570000025A6E6741CC9D0F643FF28BCD14B46E3
:1045800020E799464B460025DB082BE7012340E74F
:1045900000220023A9E680230022DB03FF24A4E6F7
:1045A00000251CE70123B1E7002AF1D01300002504
:1045B000FCE60025FAE6C046FFFFFF7DFFFFFFFB9C
:1045C00041024200C30F490A120E00207E2A0DD973
:1045D0009D2A0CD8802000040143952A0ADC9620ED
:1045E000821AD1404842002B00D108007047034A8C
:1045F0009818FBE7963A9140F4E7C046FFFFFF7F2B
:1046000070B500283DD0C317C5185D40C40F280001
:1046100001F0D8FE9E22121A962A07DCD2B2082890
:1046200033DD083885406802400A23E0992A0BDD13
:10463000052329001B1AD94003001B339D402B0082
:104640005D1EAB4119430D00052801DD431F9D4050
:104650002B000F490B406E0709D00F263540042D63
:1046600005D004335D0102D59F220B40121A9B0135
:10467000580AD2B24002D205400AE4071043204350
:1046800070BD002400220020F4E76802400AF1E730
:10469000FFFFFFFB70B5041E34D001F093FE9E2295
:1046A000121A962A07DCD2B208282EDD0838844078
:1046B0006002400A21E0992A09DD030021001B3332
:1046C00099404B1E994105231B1ADC400C430528D9
:1046D00001DD431F9C4023000D490B40650709D0B5
:1046E0000F252C40042C05D004335C0102D59F22F9
:1046F0000B40121A9B01580AD2B24002D205400A5E
:10470000104370BD00220020F7E76002400AF4E782
:10471000FFFFFFFBF0B54F464646D6460C000903A7
:10472000C0B5490A470F5E0039431F03DB0F9C46A3
:1047300065007B0A570F1F436D0DE40F760DA146F0
:10474000C000B846D200AB1B64457BD0002B5FDDB8
:10475000002E00D0A4E03E00164300D112E15E1E00
:10476000002E00D09EE1871A4346B84280410125C1
:10477000C91A4042091A0B0200D431E149024E0A1B
:10478000002E00D16EE1300001F01CFE0300083B5A
:104790001F2B00DD61E120223900D21A9E40D1405A
:1047A0009F400E439D4200DD51E15D1B6B1C1F2BA2
:1047B00000DD7CE12021C91A3D0030008F40884097
:1047C000DD40791E8F41310007222843D940002562
:1047D00007433A40002A09D00F233B40042B05D061
:1047E0003B1DBB42BF417F42C9191F000B0200D4D1
:1047F00026E26A1CC64B55056D0D9A4200D106E1B2
:10480000C44AFF080A40530752023B43120B8EE092
:10481000002B00D0B8E06B1C5B055B0D012B00DCAE
:1048200030E1871A4346B842B641CB1A76429E1B06
:10483000330200D54CE13B003343A1D100220024D8
:10484000002570E0002B00DCE5E0002E00D183E0C5
:10485000AF4EB54260D0802636043743B846382B79
:1048600000DC3EE1434613431F007A1E97413F1888
:1048700087428041404209180B0200D4B0E0A44BAB
:1048800001359D4200D1C3E0A24A7B080A400121C4
:104890000F401F435108D30707221F433A4099E7AF
:1048A0009B4EB54238D0802636043743B846382B65
:1048B00000DDDCE01F2B00DC30E11E004746203E1F
:1048C000F740BC46202B04D04026F31A46469E40B3
:1048D0003243170063467A1E97411F43CCE0002BFA
:1048E00000D104E24346134300D159E14B07C0080D
:1048F00018438023C9081B03194208D04546ED0818
:104900001D4204D14346D008590708432900420FED
:10491000C9007F4D1143C0004B07CA087C49C0083D
:1049200003438D4268D012036D05120B6D0D0021FB
:1049300012031800130B0A0D12051A43764B2D05AE
:1049400013402B435B00E4075B08234319001CBCA6
:1049500090469946A246F0BD3E00164312D05E1E18
:10496000002E00D000E18718874280414144404238
:10497000091801250B0233D5022585E7644633006B
:10498000414610001D00C7E7002D00D0DAE00C0002
:104990000443F3D05C1C00D19FE15D4CA64200D1E2
:1049A0002FE1DB43382B00DD66E11F2B00DD83E1C7
:1049B00020240500E41A0F00DD40D940A040434602
:1049C000A7405B1A441EA04198462F433843171A4C
:1049D000BA42924143465242991A64463500CAE6A9
:1049E00007223A40002A00D0F6E64B07CA08484999
:1049F000FF083B438D4296D11900114300D19EE13F
:104A0000802109030A431203120B414D8FE7150061
:104A1000002200238BE7002B00D0C7E06B1C5F0552
:104A20007F0D012F00DCF1E0394DAB4200D1B9E040
:104A300085180A008542894142444942511807229B
:104A4000CF076D082F4349083A401D00C2E60722F0
:104A50003049ED1A31403A40BCE63E0028388640E5
:104A600000279FE6380001F0ADFC20308EE643467B
:104A700013431F007A1E9741C71BB8428041404232
:104A8000091A78E60E003B0006431343002D61D15E
:104A9000002E00D0F4E0002B00D11BE16446390069
:104AA000100039E71A4FBB427AD03300FFE63000DE
:104AB0001F3DE840202B03D04021CB1A9E403743B6
:104AC0007B1E9F41072207433A400021002589E7CA
:104AD000171A4346BA42B641591A76428E1B6446AB
:104AE0004EE61F2B00DDADE020264746F61AB74004
:104AF000B9461700B246DF404E463E4337005646A1
:104B0000B240561EB24117434246DA408918AEE61B
:104B1000FF070000FFFF7FFFFFFF0F8020264746B3
:104B2000F61AB740B9461700B246DF404E463E433C
:104B300037005646B240561EB24117434246DA404D
:104B4000891A99E77F4CA6425BD0802424045B42FB
:104B5000214327E7002E0CD1002B00D1CBE0644687
:104B600039001000774DD7E6764FBB4218D033009E
:104B700075E6002B14D04B07C00818438023C908E2
:104B80001B03194207D0FC081C4204D17907D00846
:104B90000843E14621004C46420FC9001143C000C2
:104BA000684DB9E61D0000220023C0E6002D5BD150
:104BB0000D00054300D1E2E65D1C00D1B0E0614D7F
:104BC000AE421FD0DB43382B71DC1F2B00DD96E09B
:104BD00020250F00ED1AAF40B9460700AA46DF4076
:104BE0004D463D432F005546A840D940451EA8419B
:104BF00088440743BF1897429241514241443500CF
:104C00003AE6644635004146100085E60B00034352
:104C1000002D00D063E6002BF5D04346134300D1AE
:104C20007AE68718874280410722414440420918AA
:104C30003A400B0200D4D5E6434B01351940C9E593
:104C4000380069E61E004746203EF740BC46202B50
:104C500004D04026F31A46469E403243170063466E
:104C60007A1E97411F4302E6364DAE42CAD08025D8
:104C70002D045B422943A6E70843411E8841A6E66E
:104C8000002B00D148E6871A4346B842B641CB1AFA
:104C900076429E1B33024BD5171A4346BA429241C5
:104CA000591A5242891A072264463A4092E5014352
:104CB0000F00791E8F419DE71C000F00203CE7404C
:104CC000202B03D04024E31A99400843411E884119
:104CD00038437CE60022002425E6171A4346BA42F0
:104CE0009241591A5242891A6446350043E54146B9
:104CF0001000144D10E680220024120380E61D00EF
:104D00000F00203DEF40BC46202B03D04025EB1A7E
:104D10009940084307006346781E87411F4369E7AF
:104D2000871897429B4141445B42C9183500A3E56F
:104D30003B003343CED0072231003A4052E60023F5
:104D40001A00F4E5FF070000FFFF7FFFF0B55746AC
:104D5000DE464E464546E0B5834607000E03480052
:104D600085B092461C00360B400DCD0F002800D1B7
:104D70009DE0954B984239D08023F6001B041E43DA
:104D8000924A7B0F33439946944603006344009351
:104D900000230026FF00029323031B0B98466300A9
:104DA000E40F52465B0D019400D1B3E086498B427B
:104DB00000D19EE04246D100802212040A435146AF
:104DC000490F11438B46814952468C4600996344F2
:104DD000CB1A0021D20000932B0063409A460F2E7D
:104DE00000D905E17A4BB6009B599F465B46334399
:104DF000994600D0B8E002230826002700900293CD
:104E0000CAE7CB463A0002990195019B9A460229CE
:104E100027D0032900D180E2012944D06D49009BAD
:104E20008C4663441C00002C38DD530700D013E28D
:104E3000D2085B46DB0109D55946674B19408B46C2
:104E40008021C9008C46009B63441C00634B9C423C
:104E500007DC5B4664055F075B0217431B0B620DB3
:104E600002E000230027584A00211B031C0B0B0DF6
:104E70001B05234314055A4A380013401C4353466C
:104E80006400DB0764081C43210005B03CBC90466D
:104E90009946A246AB46F0BD0122524201231B1B9C
:104EA000382B00DCADE1002200230027DCE75B4665
:104EB000334399465ED0002E00D18AE1300001F0E4
:104EC00081FA03000B3B1C2B00DD7BE11D22D31A72
:104ED0005A460100DA4008398E4013005F463343DA
:104EE00099468F403F4B00261B1A009300230293E4
:104EF00052E7414653460B433B499B468C46009B39
:104F0000634400935B46002B3BD1022300221E43E7
:104F1000022161E7434613439B4637D04346002BAB
:104F200000D162E1404601F04DFA03000B3B1C2B1F
:104F300000DD53E102004146083A914088461D21B8
:104F4000CB1A5146D9400B0041460B439B46534672
:104F500093401A00009B25499C46604403008C4600
:104F600063440093002137E70323B14600900C26E9
:104F7000029311E7002300930133042600270293D4
:104F80000AE70323C3461E43032125E701331E43DB
:104F90000022012120E700239A46802300271B03DB
:104FA000094A61E7802349461B03194200D1E2E028
:104FB0005946194200D0DEE00B431B0317001B0BC0
:104FC000A246014A50E7C046FF07000001FCFFFF70
:104FD000D8D10200FF030000FFFFFFFEFE07000024
:104FE000FFFF0F800DFCFFFF01F8FFFFF303000040
:104FF000D94500D9CBE000D1C6E03C0048460027A7
:10500000009B013B00935B46160E1B021E431302DE
:10501000984633041B0C9946310C0191FEF700FAB7
:105020004A4642430B04210C050019438A4207D922
:105030008919013D8E4203D88A4201D9851E8919FA
:10504000881A0199FEF7ECF909048C464A462104B6
:1050500064464243090C030021438A4204D989195A
:10506000013B8E4200D8F1E02D041D43AB46434680
:10507000891A4246280C12041D0C5B46140C2200AF
:105080001B041B0C5A4303946B434443029568432F
:105090001B19150CEB189C4203D980246402A4460A
:1050A00060441C0C15041B042D0C20185D19814252
:1050B00077D373D00C1AA24A7D1BAF42BF419446EE
:1050C000009B7F426344E01B1C00864200D1DBE072
:1050D0000199FEF7A5F94A4642430B04290C070043
:1050E00019438A4207D98919013F8E4203D88A425F
:1050F00001D9871E8919881A0199FEF791F90904C7
:105100004A46894629044D464243090C0300294377
:105110008A4207D98919013B8E4203D88A4201D9B4
:10512000831E89193F04891A3A00039F1A433800E5
:1051300013041B0C584381460298150C6F434343DC
:1051400045434846000C8446DB1963449F4203D91B
:10515000802040028446654448461F0C00041B041E
:10516000000C7D191818A94200D284E000D17FE01C
:1051700001231A4357E680234A461B0313431B03AC
:105180001B0BAA466F4A6FE6BA4200D935E74B4679
:10519000DC0758087B081C43FF0734E70024AF42B4
:1051A00089D247444745A4415B466442A419641828
:1051B000013BA6421ED2A0426DD800D1B6E0241A0F
:1051C0009B4678E703005A46283B9A4000279146C1
:1051D00088E6584601F0F6F8203072E603005246A1
:1051E000283B9A4093460022B4E6504601F0EAF884
:1051F00020309AE6A642E2D1B845DCD9341A9B4663
:1052000059E71F2B65DC504C0099A4465C4661446D
:1052100008008C4011008240D940501E82410C434E
:1052200014435A46DA401300620709D00F22224085
:10523000042A05D02200141D9442894149425B187A
:105240001A0262D50122002300270DE68A4200D807
:105250000AE7831E891907E70F231340042B00D1A7
:10526000E6E5171D9742924153429B44FA08E0E558
:10527000002800D1D7E57118531EB14227D3A942A7
:1052800015D358D01A0073E7002B00DC04E6012385
:1052900000229B44CDE502234744474589415B42B8
:1052A0009C46494289190C19E344241A03E74346F2
:1052B0005F0047459B41B8465B429E19023A8919F7
:1052C000A94200D054E7404500D051E7ABE51A00B1
:1052D000F6E71F215F4649420C1BE740202B07D011
:1052E0001A49009B8C46634418005B4683401A436E
:1052F000501E82413A4307270023174009D00F214F
:10530000002311401400042995D122005F075B029D
:105310001B0BD20817430022A6E5802359461B0326
:105320000B431B0317001B0B064A9DE5BD42B2D879
:105330009B460024BFE68045B9D31A00C3E7C046A8
:10534000FF030000FF0700001E0400003E040000F1
:10535000F0B54F464646D6468446C0B58046194EFF
:1053600018030F034D00000B5C0082463F0B6D0DD0
:10537000C90F9146640DDB0F0120B5420AD0B4423B
:1053800003D0A54201D157450CD01CBC904699468C
:10539000A246F0BD66463E43F7D1AC42F5D1544635
:1053A0001443F2D10120C845EFD1994207D0002D16
:1053B000EBD163461F433800471EB841E5E70020A4
:1053C000E3E7C046FF070000F0B54F464646D64625
:1053D0004D00C0B50E03C90F8A462C491F035C005F
:1053E0008046360B6D0D91463F0B640DDB0F8D42F1
:1053F0001ED08C4216D0002D1ED130438446002C86
:1054000001D13A4323D06246002A1AD09A4529D0C6
:10541000514602200139084001381CBC904699468B
:10542000A246F0BD39001143E5D002204042F4E726
:105430003043FAD1AC420FD0002C0FD13A43E7D021
:105440000CE00122013B934318000130E5E763467D
:105450000020002BE1D0DBE73A43E6D19A45D7D1D3
:10546000A542D5DCA54205DBBE42D1D808D000203C
:10547000BE42D2D250460123013898430130CCE7D6
:10548000C845C5D80020C845F4D3C6E7FF070000CB
:10549000F0B54F464646D6464D00C0B50E03C90F7F
:1054A0008A462E491F035C008046360B6D0D9146DF
:1054B0003F0B640DDB0F8D4218D08C4211D0002DB4
:1054C00018D130438446002C1ED13A431CD1634688
:1054D0000020002B30D0514602200139084001380D
:1054E0002AE039001143EAD0022025E03043FBD105
:1054F000AC4226D0002C26D13A4324D1514602207A
:1055000001390840013817E06246002A0FD09A4559
:10551000E1D1A54205DBBE42DDD819D00020BE4254
:105520000AD25046012301389843013004E0012299
:10553000013B9343180001301CBC90469946A2469B
:10554000F0BD3A43D0D19A45C5D1A542C3DCE0E7CE
:10555000C845C0D80020C845E3D3EDE7FF070000E9
:10556000F0B55746DE464E464546E0B58346060052
:105570000F03480087B092461D003F0B400DCC0F33
:10558000002800D16FE0DE4B984238D08023FF0026
:105590001B041F43730F3B430193DA4B00279946CB
:1055A00000239B46F60081442B0369001B0B5246E7
:1055B0009846490DED0F002900D185E0D04B994266
:1055C00000D173E04346DA0080231B0413435246A4
:1055D000CC48520F84461343524600206144D20007
:1055E00089442100694000918C46012149448A4642
:1055F0000F2F00D990E0C449BF00CF59BF465B468A
:105600003B43019300D06AE102230827002681462C
:105610009B46C9E732005846019B6146009102282B
:1056200000D175E0032800D1FEE1012800D02CE173
:1056300000230027002600253F032A0D3F0BB34817
:1056400012053A4302401B051343009A5B00D10741
:105650005B080B433000190007B03CBC90469946EC
:10566000A246AB46F0BD5B463B43019300D12FE120
:10567000002F00D1A5E1380000F0A4FE03000B3B91
:105680001C2B00DD96E11D22D31A5A460100DA4098
:105690005E4608398F4013008E403B4301939C4B7C
:1056A00000271B1A994600239B467DE74146534637
:1056B0000B4393498C46E144002B00D01AE10222AF
:1056C0000220174300228CE7134300D10DE143462B
:1056D000002B00D181E1404600F074FE02000B3A3D
:1056E0001C2A00DD72E10100434608398B409846D0
:1056F0001D239A1A5346D3401A0043461343524679
:105700008A404946081A824989468144002068E750
:105710007B4B002700268EE7140C1204120C11009C
:10572000370C3604350C794328008C462E00604334
:105730006044834656432100300C804658467943E6
:1057400040440291844506D98846802149028C460E
:10575000E044414602913604010C360C00048B46AD
:1057600081191E0C1B041B0C0391190079438C46F4
:10577000280075436544A8465843050C45447743C3
:10578000A94203D9802149028C466744290C8C46E2
:1057900039000004000C2D042D186144AB44059120
:1057A0005946049101990F043F0C080C39005143EC
:1057B0004243904602008C46090C8B4662437C4370
:1057C00044445C44A04503D98021490288464244B0
:1057D000210C884661460904090C8C46390059435E
:1057E000434370437E430F0CF6182404BE196444EF
:1057F00042448C46B34203D980235B02984640441E
:10580000029B61469846049B370443449B46AB4544
:10581000AD416B420D0405992D0C8C467F196744F0
:10582000FD18A8465D462D19A542A4419346644241
:10583000A446C344DC448F42BF4198459B419345F5
:105840009241A445A4415B427F421F43360C524221
:105850006442BF192243BF18624638184302D20D72
:10586000039913436A020A43501E82416146ED0DBB
:105870002A434E023243D90100D4B3E00126500836
:1058800032400243DE0732435B08224C5444002C72
:1058900062DD510709D00F201040042805D0101DEB
:1058A0009042924152429B180200D90104D58024B3
:1058B0001948E400034054441848844200DD27E7B7
:1058C0005E075B02D2081F0B630516435B0DB2E651
:1058D000002399460133042700269B4664E60323F0
:1058E000019781460C279B465EE601220120174363
:1058F000002276E6032303201F43434671E6C04699
:10590000FF07000001FCFFFF18D20200FFFF0F801D
:105910000DFCFFFFFF030000FFFFFFFEFE0700007E
:105920000023802700933F030026434B83E6019B1F
:105930003200A446584670E6AC466EE680270199D0
:105940003F0339422DD03B422BD11F433F033F0B36
:1059500000951600384B6EE601252D1B382D00DD15
:1059600066E61F2D40DC35481C005044160082407E
:105970008440EE40501E824134431443EB406207A2
:1059800009D00F222240042A05D02200141D94427F
:10599000804140421B181A023ED5012300270026F1
:1059A00049E68027019B3F031F433F033F0B0094C1
:1059B000214B40E603005A46283B9A4000260192BC
:1059C0006DE6584600F0FEFC203057E603005246D4
:1059D000283B9A401300002293E6504600F0F2FC68
:1059E00020307BE6CA4650E71F201E004042041BC1
:1059F000E640202D03D0124C5444A3401A43501EBD
:105A00008241324307260027164009D00F20002389
:105A1000104014000428B9D122005E075B021F0B5E
:105A2000D2081643002306E680273F031F433F03A7
:105A30003F0B1600004BFEE5FF0700001E040000B0
:105A40003E040000F8B557464E464546DE460C007B
:105A50000903E0B5490A460F5F0031431E03DB0F1F
:105A6000760A9B46530F3343C84E6500C000E40FCF
:105A7000D2006D0DA24681467F0D9C469046B742EE
:105A800000D1B9E05B46012673409B46EE1BA3455F
:105A900000D183E0002E63DD002F00D0B1E063462B
:105AA000134300D123E1731E002B00D0BAE1861A04
:105AB0006346B04280410125C91A4042091A0B02CF
:105AC00000D447E149024B0A98464346002B00D1D7
:105AD00089E1404600F076FC0300083B1F2B00DD07
:105AE0007CE120223000D21A4146D0409940020089
:105AF0009E400A439D4200DD6AE15D1B6B1C1F2B2B
:105B000000DD94E1202110003500C91A8E40DA40F2
:105B10008840DD40711E8E41110007222843002578
:105B200006433240002A09D00F233340042B05D00E
:105B3000331DB342B641764289191E000B0200D4D0
:105B40003DE26A1C914B55056D0D9A4200D119E159
:105B50008F4AF6080A40570752023743120B9BE060
:105B6000002E00D0C5E06E1C7605760D012E00DCFF
:105B700048E16746861ACB1BB042BF417F42B84618
:105B80001F004346FF1A3B00B8461B0200D55FE1E9
:105B900037439AD100220024002579E0002E00DC52
:105BA000FAE0002F00D18DE0784B9D4267D0802332
:105BB00067461B041F43BC46382E00DC52E1634697
:105BC00013435A1E93411E188642804140420918D1
:105BD0000B0200D4BEE06D4B01359D4200D1D2E0F6
:105BE0006B4A73080A4001210E401E435108D30737
:105BF00007221E43324095E71E00164300D045E7BA
:105C000040E7624B9D423AD0802367461B041F4306
:105C1000BC46382E00DDEBE01F2E00DC3AE13300FD
:105C20006746203BDF403B00202E05D04027BF1BAE
:105C30006646BE40324390464646721E9641334306
:105C4000DAE0002B00D114E26346134300D168E18F
:105C500080234E07C008C9081B030643194208D019
:105C60006046C008184204D163460100D2085E07AE
:105C70001643F3009946C900720F444D11434B4639
:105C8000DE08424B4F073743CA089D4200D16EE001
:105C900012036D05120B6D0D00211203130B0A0D7B
:105CA00012051A433B4B2D0513402B435B00E407C1
:105CB0005B082343380019003CBC90469946A24635
:105CC000AB46F8BD6346134311D0731E002B00D0C2
:105CD00007E1861886428041614440420918012547
:105CE0000B0237D502257BE73E0061469146350021
:105CF000C5E75C46002D00D0E1E00B000343F3D084
:105D0000731C00D1ACE1214B9F4200D13AE1F34337
:105D1000382B00DD6FE11F2B00DD8CE120250E000C
:105D2000ED1AAE40B0460600AA46DE404546354371
:105D30002E005546D940A8406346451EA8415B1A2F
:105D40009C463043161AB242924163465242991A17
:105D50003D00B4E607223240002A00D0E4E60B4BB7
:105D6000F6084F073743CA089D4200D090E73B0032
:105D7000134300D1A6E180231B031A431203120B25
:105D8000024D89E715000022002785E7FF07000084
:105D9000FFFF7FFFFFFF0F80002E00D0C7E06B1CCE
:105DA0005E05760D012E00DCF0E0C84DAB4200D15F
:105DB000B9E085180A008542894162444942511878
:105DC0000722CE076D082E43490832401D00A9E680
:105DD000BF49ED1A114007223240A3E632002838AD
:105DE0008240002686E6300000F0ECFA203073E6B0
:105DF000634613435A1E9341C61AB0428041404243
:105E0000091A5CE60E00674606431743002D5ED173
:105E1000002E00D0F3E0002F00D11EE15C46614669
:105E200091462CE7A94FBE427BD01E00F1E6100040
:105E30001F3DE840202B03D04021CB1A9A40164347
:105E4000731E9E410722064332400021002583E74E
:105E5000161A6346B2428041591A40420B1A9846BC
:105E60005C4632E61F2E00DDABE02027BB1B9A46C6
:105E700063465746BB40994613004F46F3401F43C5
:105E80003B005746BA40571EBA4113436246F240A0
:105E9000891898E62027BB1B9A4663465746BB40A5
:105EA000994613004F46F3401F433B005746BA4004
:105EB000571EBA4113436246F240891A9CE7834B4E
:105EC0009F425FD080252D047342294320E7002E96
:105ED0000CD1002F00D1D0E05C46614691467B4D4D
:105EE000CDE67A4FBE421CD01E0065E6002F18D0CA
:105EF000C0084E0706438020C9080003014208D0AD
:105F00006346DC08044204D12100DA46D2085E0769
:105F10001643F300994601245346C900720F1143FA
:105F20001C406A4DABE61D0000220027B4E6002DA0
:105F300059D10B00034300D1D6E6731C00D1B2E067
:105F4000624B9F421ED0F343382B6FDC1F2B00DDCA
:105F500097E020250E00ED1AAE40B0460600AA4696
:105F6000DE40454635432E005546A840D940451EE3
:105F7000A8418C440643B61896429241514261446E
:105F80003D0025E63D006146914678E60B0003435F
:105F9000002D00D055E6002BF5D06346134300D109
:105FA0006DE686188642804161444042091800220D
:105FB0000B0200D4D0E6464B01351940B2E5B1469C
:105FC0005DE633006746203BDF403B00202E05D0D6
:105FD0004027BF1B6646BE40324390464646721E6F
:105FE00096413343EFE5394B9F42CBD080252D04BA
:105FF00073422943A8E70843411E8841A2E6002FC7
:1060000000D13CE66346861ACF1AB0429B415B4200
:10601000FB1A98461B024ED5161A6346B2429241AD
:10602000591A5242891A5C4600227BE501430E0050
:10603000711E8E419FE71D000E00203DEE40B046D0
:10604000202B04D04025EB1A99400843814648464E
:106050004346411E8841184374E60022002417E697
:10606000161A6346B2429241591A5242891A3D00A9
:1060700025E561469146154D01E680220024120374
:1060800079E61D000E00203DEE40B046202B04D0E6
:106090004025EB1A9940084381464E464346711EFF
:1060A0008E411E4367E7861896429B4161445B42DE
:1060B000C9183D008CE547463743CED007224146FC
:1060C000324049E600273A00E6E5C046FF070000F7
:1060D000FFFF7FFF30B5144D0A034B00120B5B0D21
:1060E000C90F0024AB4211DD104CA34210DC802408
:1060F000640322430E4CE41A1F2C0CDD0D48C31A16
:10610000DA4013005C42002900D11C00200030BDA1
:10611000094BCC18FAE7094DE040AC4663449A407D
:1061200013000343EEE7C046FE0300001D04000019
:106130003304000013040000FFFFFF7FEDFBFFFFAF
:1061400070B500282DD0C317C5185D40C40F2800B6
:1061500000F038F9154B1B1A5B055B0D0A2815DD9D
:106160000B38854000222D032D0B002110002D033C
:106170000A0D2D0B12052A430D4D1B052A40134312
:106180005B00E4075B082343190070BD020029008F
:10619000153291400A000B21081AC5402D032D0B22
:1061A000E3E70024002300250022DEE71E040000B0
:1061B000FFFF0F8010B5041E25D000F003F9144B2B
:1061C0001B1A5B055B0D0A2812DD0B388440002288
:1061D0002403240B0021100024030A0D240B1205B4
:1061E00022430C4C1B05224013435B00590810BD91
:1061F00002002100153291400A000B21081AC44008
:106200002403240BE6E7002300240022E2E7C04633
:106210001E040000FFFF0F804100090E4B1C70B5EB
:10622000DBB24602750AC40F012B14DDE0239B008C
:106230006D07360BCB1800210A0D280012051C4DE6
:1062400032435B052A405B0813435B00E4075B08AD
:106250002343190070BD002914D1002D1ED0280041
:1062600000F0B0F80A281CDC0B232A001B1ADA40C5
:10627000030015339D400F4B12031B1A5B05160BD1
:106280005B0DD8E7002D06D0320B802636036D0754
:106290001643094BCFE7084B0026CCE70023002626
:1062A000C9E703002A000B3B9A400025E3E7C046FC
:1062B000FFFF0F8089030000FF070000F0B54C00CE
:1062C000640D0B03621C5B0A460F5205C90F1E4387
:1062D000C500520D012A29DD374BE718FE2F1CDCC3
:1062E000002F3BDD8001431E98410722F3006D0F14
:1062F00003432B431A40002A04D00F221A40042AD9
:1063000000D004338022D2041A4024D00137FAB2DC
:10631000FF2F02D09B01580A01E0FF22002040021B
:10632000D205400AC90710430843F0BD3543002C8D
:1063300004D1002D0AD100220020F0E7002DECD07E
:106340008020C0033043FF22E9E7002400235B02E2
:10635000580AE2B2E3E7DB083C00F8E73B001733FA
:10636000F3DB80231B0433431E26F61B1F2E14DD94
:1063700002225242D71B1A00FA401700202E04D0E6
:106380000E4A94466444A3401D432B005D1EAB415E
:1063900007223B431A400027ADE7094A2800A2180C
:1063A000954093406C1EA541F04007222B430343C8
:1063B0001A4000279FE7C04680FCFFFFA2FCFFFFBA
:1063C00082FCFFFF1C2101231B04984201D3000C17
:1063D00010391B0A984201D3000A08391B09984258
:1063E00001D30009043902A2105C40187047C0466E
:1063F000040302020101010100000000000000008E
:1064000010B5002903D1FFF7DDFF203002E0081CA2
:10641000FFF7D8FF10BDC04600B51C4A430083B04B
:106420005B08934218DD1A4A934204DD011CFDF714
:1064300003FF03B000BD694600F014FA032301997D
:10644000184001280CD0022817D0002811D000983D
:10645000012201F02FF8ECE7002100F0E1FBE8E772
:106460000122009801F026F880231B069C46604418
:10647000DFE7009800F0D4FBDBE7009800F0D0FBEA
:1064800080231B069C466044D3E7C046D80F493F93
:10649000FFFF7F7F00B51C4A430083B05B08934237
:1064A0001BDD1A4A934204DD011CFDF7C5FE03B053
:1064B00000BD694600F0D6F9032301991840012870
:1064C00010D0022817D0002810D0009800F0A8FBA8
:1064D00080231B069C466044E9E70022002100F06F
:1064E000E9FFE4E7009800F09BFBE0E70098012259
:1064F00000F0E0FFDBE70098012200F0DBFF8023E3
:106500001B069C466044D2E7D80F493FFFFF7F7FC0
:1065100010B500F057F810BD10B500F00FF910BD20
:10652000F0B500258DB0041C00F020FB234B061CA9
:106530005D576B1C0BD0211C201C01F09FFE071E19
:1065400005D10021201CFDF7ABF8002802D1301C3A
:106550000DB0F0BD01230293194B201C03930A9741
:10656000FFF75AFE00220690079104900591002340
:10657000002D15D010001900FEF7E8FB08900991D6
:10658000022D0FD101F084FB212303600A9B0193AC
:10659000002B0DD108980999FFF790FE061CD6E74D
:1065A0000892099302A801F097F90028EED1E9E7D3
:1065B00001F06EFB0A9B01930360EBE78E20002045
:1065C00058D20200F8B515004746CE465A001C00C6
:1065D0006B4280B52B434B4F5208DB0F1343BB423A
:1065E0001DD84B005B089846464643420343DB0FE9
:1065F00089463343BB4212D8434BE3182B4339D06F
:106600000226A3171E40CB0F1E434346034310D15F
:10661000022E47D0032E08D13C483D4905E0020038
:106620000B0028002100FEF775F80CBC9046994637
:10663000F8BD13002B4320D0BA4224D0B8451CD05B
:1066400043469A1A12153C2A2FDC002C30DA3C32D1
:106650002EDA00200021012E3ED0022E31D0002E55
:10666000E3D02C4A2C4BFFF7EDF9284A2B4BFFF7D0
:10667000E9F9DAE700F098FFD7E74B462348002B0B
:106680000EDB2749D1E790452BD0022E0AD0032EEE
:10669000C2D000200021012EC7D180210906C4E705
:1066A0002049C2E719481D49BFE718481C49D2E7ED
:1066B0002A002300FEF74AFB01F00AF900F074FFFC
:1066C000C9E7144A144BFFF7BDF902000B000F484D
:1066D0001249FFF7B7F9A8E7802424060B1919001F
:1066E000A3E7022E06D0032E09D00848012E04D0BD
:1066F0000D499AE70D480E4997E70E4995E70B4873
:106700000D4992E70000F07F000010C0182D44549E
:10671000FB2109C0075C143326A6A13CFB210940DC
:10672000FB21F93FFB21F9BFFB21E93FD221337F58
:106730007CD90240FB21E9BF7CD902C0F0B54B00F7
:10674000C6460C1CFF2100B55B08C9058B4217DC4F
:106750004200804652088A4212DCFE25AD05AC425A
:1067600036D0A517AC46022567463D40C70F3D43CE
:10677000002A0CD1022D3CD0032D05D1304803E076
:10678000011C201CFDF7B4F804BC9046F0BD002BA2
:1067900019D08B421FD08A4215D0D31ADB153C2B5F
:1067A00029DC002C29DA3C3327DA0020012D34D0F3
:1067B000022D2AD0002DE7D02249FDF799F8224971
:1067C000FDF73AFDE0E74346002B10DB1F48DBE70F
:1067D00001F084F8D8E79A4224D0022D09D0032D85
:1067E000CCD00020012DCFD180200006CCE7184866
:1067F000CAE71548C8E71548D8E7211CFDF712FA83
:1068000001F080F901F06AF8D0E70E49FDF770F861
:10681000011C0D48FDF710FDB6E780231B069C46C2
:106820006044B1E7022D05D0032D07D0012D03D020
:106830000848A9E70848A7E70848A5E70848A3E7E4
:10684000DB0F49C02EBDBB33DB0F4940DB0FC93F17
:10685000DB0FC9BFDB0F493FE4CB1640DB0F49BF5D
:10686000E4CB16C0F0B557464E46DE464546E0B589
:10687000B04B470089B00C0006007F089F426EDDD8
:10688000AD4B9F421ADC0F23AC499F43002800DC2C
:1068900071E0FDF7D1FCAA4B061C9F4200D114E128
:1068A000A849FDF7C9FC011C2060301CFDF7C4FCA1
:1068B000A449FDF7C1FC0125606054E0A24B9F4252
:1068C0006FDDA24B9F4200DDF8E0862252429146E6
:1068D000FB1599444B46DD057D1B281CFDF770FE1A
:1068E000FDF78EFE011C0590281CFDF7A5FC8721F5
:1068F000C905FDF76FFB8046FDF762FEFDF780FEE0
:10690000011C0690051C4046FDF796FC8721C90531
:10691000FDF760FB00210790FCF7BCFE002800D1CA
:1069200005E10021281CFCF7B5FE43424341013339
:10693000874A21000192022205A800924A4600F0EF
:1069400039FA0500002E0EDA8022120694462368DA
:1069500045426344236063686344636003E000234B
:10696000002508604B60280009B03CBC9046994661
:10697000A246AB46F0BDFCF7BBFF714B061C9F4225
:1069800000D1C1E06F49FCF7B3FF011C2060301C4F
:10699000FDF752FC6B49FCF7ABFF012560606D42CF
:1069A000E1E701F0AFF86B498046FDF713FBFC21EE
:1069B0008905FCF79DFFFDF703FE0500FDF720FEAE
:1069C0005E498146FDF706FB011C4046FDF734FC9D
:1069D0005C4980464846FDF7FDFA8246011C404668
:1069E0001F2D00DC83E0FDF727FC83465B46FF227A
:1069F000DB0DFF151340FB1A082B47DD56494846AF
:106A0000FDF7E8FA8246011C4046FDF715FC834677
:106A1000011C03904046FDF70FFC5146FDF70CFCAE
:106A200080464E494846FDF7D5FA4146FDF704FC3D
:106A3000011C82465846FDF7FFFBFF22C30D1340A1
:106A4000D846FB1A8346192B20DD45494846FDF7F9
:106A5000C1FA039B071C011C181C9A46FDF7ECFBAE
:106A6000011C80465046FDF7E7FB391CFDF7E4FBAF
:106A70003C49071C4846FDF7ADFA391CFDF7DCFB25
:106A8000011C82464046FDF7D7FB83465B465946CC
:106A900023604046FDF7D0FB5146FDF7CDFB60601B
:106AA000002E00DB5FE780231B065B44236080230E
:106AB0001B069C46604460606D4254E7011CFDF774
:106AC000BBFB0025606020604DE72349FDF7B4FB68
:106AD0002249051CFDF7B0FB011C2060281CFDF7B6
:106AE000ABFB1E49FDF7A8FB012560603BE7FDF706
:106AF000A3FBFF233A001C499A436B1E9B005B5883
:106B000083469A42C2D171E71349FCF7F1FE13495B
:106B1000051CFCF7EDFE011C2060281CFDF78CFB1A
:106B20000E49FCF7E5FE012560606D421BE703237B
:106B3000FEE6C046D80F493FE3CB1640800FC93F61
:106B4000D00FC93F43443537800F4943FFFF7F7F54
:106B5000E0D2020084F9223F0044353708A3852E95
:106B600000A3852E32318D2460D202002A494300D1
:106B700070B50200041C5B088B423BD8002B38D058
:106B800000283EDB2549C6158B420BD88020000427
:106B900020423DD1002300E00B005200591C02426C
:106BA000FAD0F61A802352021B04520A1A437F3E7F
:106BB0005300F10700D593008022701019210026A0
:106BC00000255204AC189C4202DCA5181B1BB61809
:106BD00001395B0052080029F4D1002B02D00123B7
:106BE00001369E43FC239B059C4676106644C005F7
:106BF000801970BD011CFDF7EDF9211CFCF778FE32
:106C0000F7E7011CFDF718FB011CFDF70BF8F0E797
:106C100001235B42C5E7C046FFFF7F7FFFFF7F0088
:106C2000F8B54746CE46584B450080B5061C0F1CAC
:106C30006D089D4248DCFDF7C3FC002800D19BE0B5
:106C4000311C301CFDF7C6F95049041CFDF7C2F990
:106C50004F49FCF74DFE211CFDF7BCF94D49FDF7EE
:106C6000EBFA211CFDF7B6F94B49FCF741FE211C5C
:106C7000FDF7B0F94949FDF7DFFA211CFDF7AAF944
:106C80004749FCF735FE211CFDF7A4F98046FC219D
:106C9000201C8905FDF79EF94146051C201CFDF7C7
:106CA00099F9391C041C301CFDF794F9011C201CB7
:106CB000FDF7C2FA011C281CFDF7BEFA011CFE20DC
:106CC0008005FDF7B9FA53E0011CFDF783F92F4960
:106CD000041CFDF77FF92E49FCF70AFE211CFDF785
:106CE00079F92C49FDF7A8FA211CFDF773F92A4917
:106CF000FCF7FEFD211CFDF76DF92849FDF79CFA14
:106D0000211CFDF767F92649FCF7F2FD211CFDF770
:106D100061F9244B80469D42B9DD234B9D422EDC18
:106D2000FF231B069C46FE206544291C8005FDF7B9
:106D300083FA8146FC21201C8905FDF74BF9291CAB
:106D4000FDF77AFA4146051C201CFDF743F9391C72
:106D5000041C301CFDF73EF9011C201CFDF76CFAE9
:106D6000011C281CFDF768FA011C4846FDF764FA6F
:106D70000CBC90469946F8BDFE208005F8E70B4B09
:106D80000B4D9946D6E7C046FFFFFF314ED747ADC2
:106D9000F6740F317CF29334010DD037610BB63AA3
:106DA000ABAA2A3D9999993E0000483F0000383F20
:106DB0000000903EF0B54E464546DE465746E0B5EB
:106DC000DDB00B916699039007931800CB4B8900B7
:106DD000CE580723D11E441EC81703405B18D91094
:106DE000CB43DB1719404B1CDB00D31A05960194EB
:106DF000099104930D1B371919D4679A7F1990468E
:106E0000AB0001379844002620AC08E0434698596F
:106E1000FDF7F6FB0135A0510436BD4207D0002D29
:106E2000F4DA00200135A0510436BD42F7D1059BAC
:106E3000002B00DA24E3059B039901339B0099465C
:106E4000079B9A00944600920022904648AA9346D7
:106E5000F4225242614492460F005CAB63449A4470
:106E6000019B0026002B0FDB55460026039C454462
:106E7000296801CCFDF7AEF8011C301CFCF738FD89
:106E8000043D061CBC42F3D15B4642469E5004239F
:106E90009C46E044C845E3D10CA904228C465242EA
:106EA00062449446059DAB009C4462468C46089221
:106EB000039A083B634494460A93009B63449A46B2
:106EC0005A46AB000093D658002D26DD8C4BA846C1
:106ED000EC1847AB99460CAB1D00A4005C44EE21B6
:106EE000301C8905FDF776F8FDF76AFBFDF788FB96
:106EF0008721C905071CFDF76DF8011C301CFDF743
:106F00009BF9FDF75DFB216801C5381CFCF7F0FC1F
:106F1000043C061C4C45E2D14546049F301C390018
:106F200000F03EFEF8218905041CFDF753F800F03F
:106F3000EDFD8221C905FDF74DF8011C201CFDF770
:106F40007BF9061CFDF73CFB0400FDF759FB011C17
:106F5000301CFDF771F9061C002F00DCC4E06A1E2E
:106F600092000CAB9B5808201900C01B014164180B
:106F700081405B1A0CA98B500722D21B1341984603
:106F80004346002B29DD0134002D00DCF0E10C9F8D
:106F90000123002F00D08EE0012D08D099000CAA0B
:106FA00057580133002F00D086E09D42F6D1049B54
:106FB000002B0EDD012B00D1FCE0022B09D16B1E52
:106FC0009B000CAAD25802923F2202990A400CA9B7
:106FD000CA504346022B00D1D6E00021301CFCF7FA
:106FE00059FB002800D19DE0059B691E8B420FDCF8
:106FF0000CAA94460022424B0898EB189B0063446D
:107000001E68043B32438342FAD1002A00D0DCE000
:10701000059B0CAA013B9B00D358002B00D0C7E076
:1070200001220A9B043B596801320029FAD0521907
:107030006B1C069293423ADC531B9B000293099B04
:1070400000275B199B009946079B9C4620AB9846FE
:107050006544AD00A844679A4B469446DB196344E7
:107060005868FDF7CDFA4346D851019B002B20DB31
:107070004346DD193B00039C574600269A4600E034
:10708000286802CCFCF7A6FF011C301CFCF730FC82
:10709000043D061CA742F3D15346BA461F00009B8D
:1070A000FB185B445E60029B04379F42D3D1069D70
:1070B00006E70026F3E7002180225200D71B0CAA26
:1070C00057509D420EDD0CA98C4600999B006144EF
:1070D000D25808006344FF2100E01A688A1A04C3EA
:1070E0008342FAD1012762E7049B002B0AD16B1E71
:1070F0009B000CAAD3581B12984641E724D60200E5
:10710000FFFFFF3FFC218905FCF7E8FA002800D0CB
:1071100021E100230021301C9846FCF7BBFA00282F
:1071200000D061E74346049F301C794202940393E8
:1071300000F036FD8721C905041CFCF7CFFA0028B2
:1071400000D17EE1EE21201C8905FCF743FFFDF70D
:1071500037FAFDF755FA8721C905061CFCF73AFFF7
:10716000011C201CFDF768F8FDF72AFA009A0CAB09
:10717000985008376B1C301C9D0001930497FDF755
:107180001FFA0CAB58513CE0FE20311C8005FDF786
:1071900053F8061C002F00D11FE7FE20049980053C
:1071A00000F0FEFC011C301CFDF746F8061C14E73D
:1071B00001223CE76B1E9B000CAAD25802927F2250
:1071C00002990A400CA9CA5003E74346049A039364
:1071D0000CA88B00C358083A029401910492002B2A
:1071E0000FD1B1480B0084460CA8634484469B0031
:1071F0006344043B58680139083A0028F9D00492E6
:107200000191FE200499800500F0CAFC019B061C38
:10721000002B00DA3AE19B001D005C4604930CABA6
:107220005859FDF7EDF9311CFCF7D4FEEE21605101
:107230008905301CFCF7CEFE043D061C2B1DEED14B
:10724000A346049B994D5B449846019B01339B46A2
:1072500000239A4634AB99465B460093059B9B46B8
:107260005B460027002B14DB0026914800270024F2
:1072700003E0043654450CDC705943469959FCF739
:10728000A9FE011C381CFCF733FB0134071CA34585
:10729000EFDA53464A469B00D75001239C46053BF4
:1072A000E2449C46009BE0445345D9D1669B022BA7
:1072B00062DC002B1EDC13D1049B00204B441D001C
:1072C00033AC2968043DFCF713FBAC42F9D1039BB6
:1072D000002B03D080231B069C4660440B9B186048
:1072E0000720029B18405DB03CBC90469946A246E0
:1072F000AB46F0BD019B0020002B0DDB34AB994663
:10730000019B00209B004B441D0033AE2968043DC7
:10731000FCF7EEFAAE42F9D1039B002B00D098E0C7
:107320000B9B011C18603498FCF786FF019B002B17
:107330000EDD34AB01261D00019CB300E958013677
:10734000FCF7D6FAB442F8DA039B002B00D08DE0AC
:107350000B9B5860C4E7022301349846002D00DDE2
:1073600015E6FE20311C8005FCF766FF061C34E69E
:1073700000271CE634AB9946669B032BB0D1019BDA
:10738000002B00DC8EE0019A93009B464B46594649
:1073900094465B589846444B454663449E00009390
:1073A00033AB9A464E443768291C381CFCF7A0FAC8
:1073B000041C011C381CFCF73FFF291CFCF798FA41
:1073C000043EB0607460251CB245ECD1019B012BDA
:1073D00068DD4B465A469E58009B4C469B0098469B
:1073E000444400E01C002768311C381CFCF780FA7C
:1073F000051C011C381CFCF71FFF311CFCF778FA38
:10740000231F606025602E1C9945EBD14646002065
:1074100004364E443168043EFCF76AFAB442F9D1AE
:107420004B460399349A5B68002924D080210906D1
:107430008C460B996244634460440A604B608860E8
:107440004EE7201CFDF7BCF8009A0CAB9850019554
:10745000D7E680230B9A1B06C3181360011C3498CF
:10746000FCF7EAFE019B002B00DD62E780231B0690
:107470009C4660446CE70B990A604B6088602FE77C
:10748000079B9B00009348AB9B4605E5669B022B40
:1074900000DD6FE7002B00DD2CE70020002B00D182
:1074A00015E71DE70020BBE7FFFFFF3FF8D502000F
:1074B0000000C93FF8B54746CE4680B51700334AAD
:1074C0004300041C0E1C5B08934205DCFDF778F8B2
:1074D0000300201C002B46D0211C201CFCF77AFD49
:1074E000051C011C201CFCF775FD29498046281C41
:1074F000FCF770FD2749FCF79FFE291CFCF76AFD8D
:107500002549FCF7F5F9291CFCF764FD2349FCF734
:1075100093FE291CFCF75EFD2149FCF7E9F9814641
:10752000002F24D0FC21301C8905FCF753FD49466F
:10753000071C4046FCF74EFD011C381CFCF77CFE86
:10754000291CFCF747FD311CFCF776FE1549051C8C
:107550004046FCF73FFD011C281CFCF7C9F9011C43
:10756000201CFCF769FE0CBC90469946F8BD011C36
:10757000281CFCF72FFD0B49FCF75EFE4146FCF78B
:1075800029FD211CFCF7B4F9EDE7C046FFFFFF31F0
:10759000D3C92E2F342FD7321BEF3836010D503977
:1075A0008988083CABAA2A3EF8B54E465746454660
:1075B000DE46A04BE0B54E0080468A4689467608F6
:1075C0009E420CDD9C4B9E4200DDA2E000D19DE07E
:1075D0004B46002B00DCE0E0984B994AA1E0994B28
:1075E0009E4200DDB3E0984B9E4200DCA1E0012307
:1075F0005B429B464246534640465146FDF7B0FF2C
:1076000002000B0006000F00FDF7AAFF04000D00AA
:107610008E4A8F4BFDF7A4FF8E4A8F4BFDF77AF809
:1076200022002B00FDF79CFF8C4A8D4BFDF772F872
:1076300022002B00FDF794FF8A4A8B4BFDF76AF876
:1076400022002B00FDF78CFF884A894BFDF762F87A
:1076500022002B00FDF784FF864A874BFDF75AF87E
:1076600032003B00FDF77CFF844A06000F00844B8C
:1076700020002900FDF774FF824A834BFEF7E2F9F0
:1076800022002B00FDF76CFF804A814BFEF7DAF9F0
:1076900022002B00FDF764FF7E4A7F4BFEF7D2F9F4
:1076A00022002B00FDF75CFF7C4A7D4BFEF7CAF9F8
:1076B00022002B00FDF754FF02000B0030003900C0
:1076C000FDF728F853464246FDF74AFF5B46013373
:1076D00066D05B46734A744CDB00E418D3181A6812
:1076E0005B68FEF7AFF942465346FEF7ABF902007E
:1076F0000B0020686168FEF7A5F9030048460A0000
:1077000000280EDA802212068A180AE0002800D12A
:107710005EE74246534640465146FCF7FBFF0300F6
:107720000A00180011003CBC90469946A246AB46A0
:10773000F8BD5E4A5E4BFCF7EDFF00225D4BFBF7A8
:1077400089FF002800D152E743465246E9E700F09E
:10775000BFF8594B04000D009E422ADC574B9E4255
:1077600050DC02000B00FCF7D5FF0022514BFEF766
:1077700069F9802306000F000022DB0520002900A4
:10778000FCF7C8FF0B00020039003000FDF7DEFAFD
:10779000002380468A469B462CE7284B484AC0E790
:1077A00002000B0040465146FEF74CF903000A0068
:1077B000B7E7444B9E421ADC0022434BFEF742F9E6
:1077C000002206000F00404B20002900FDF7C8FEF4
:1077D0000022384BFCF79EFF0B00020039003000FE
:1077E000FDF7B4FA022380468A469B4602E70B0067
:1077F000020036490020FDF7A9FA032380468A4695
:107800009B46F7E600222B4BFEF71CF900220600F0
:107810000F00284B20002900FCF77CFF0B00020022
:1078200039003000FDF792FA012380468A469B46D4
:10783000E0E6C046FFFF0F440000F07F182D4454DF
:10784000FB21F93FFFFFDB3FFFFF1F3E11DA22E381
:107850003AAD903FEB0D76244B7BA93F513DD0A034
:10786000660DB13F6E204CC5CD45B73FFF830092FA
:107870002449C23F0D5555555555D53F2F6C6A2C9F
:1078800044B4A2BF9AFDDE522DDEAD3F6D9A74AFB7
:10789000F2B0B33F711623FEC671BC3FC4EB98999A
:1078A0009999C93F00C60200E0C502009C75008896
:1078B0003CE4377E0000F03FFFFFF23FFFFFE53F73
:1078C000FB21F9BFFF7F03400000F83F0000F0BF3D
:1078D00049004B081900704700207047F0B5C646B4
:1078E000714B450000B5041C07006D089D4208DD82
:1078F000FF23DB059D4271DC002800DC9DE06B4826
:107900006FE06B4B9D4200DD7AE06A4B9D426BDD80
:1079100001267642211C201CFCF75CFB011C8046E2
:10792000FCF758FB6449051CFCF754FB6349FBF763
:10793000DFFF291CFCF74EFB6149FBF7D9FF291C2F
:10794000FCF748FB5F49FBF7D3FF291CFCF742FB20
:107950005D49FBF7CDFF291CFCF73CFB5B49FBF7BE
:10796000C7FF4146FCF736FB59498046281CFCF707
:1079700031FB5849FCF760FC291CFCF72BFB5649EE
:10798000FCF75AFC291CFCF725FB5449FCF754FC76
:10799000291CFCF71FFB5249FCF74EFC291CFCF785
:1079A00019FB011C4046FBF7A3FF211CFCF712FB4F
:1079B000731C44D04B4BB600F158FCF73DFC211C26
:1079C000FCF73AFC484B011CF058FCF735FC002F43
:1079D00007DA80231B069C46604402E0011CFBF78B
:1079E00087FF04BC9046F0BD4049FBF781FFFE21B4
:1079F0008905FBF769FE0300201C002BF1D187E706
:107A000000F080F83A4B041C9D421DDC394B9D422E
:107A100039DC011CFBF76CFFFE218905FCF70CFC2F
:107A20008021051CC905201CFBF762FF011C281CD6
:107A3000FCF7F8F80026041C6CE72F48D1E7011C7E
:107A4000201CFCF7F9FBCCE72C4B9D4214DCFF21FA
:107A50008905FCF7F1FBFF21051C8905201CFCF7BB
:107A6000B9FAFE218905FBF743FF011C281CFCF72E
:107A7000D9F80226041C4DE7011C2148FCF7D2F876
:107A80000326041C46E7FE218905FCF7D5FBFE21F1
:107A9000051C8905201CFBF72BFF011C281CFCF78B
:107AA000C1F80126041C35E7FFFF7F50DB0FC93FFB
:107AB000FFFFDF3EFFFFFF30D769853C59DA4B3DC2
:107AC000356B883D6E2EBA3D2549123EABAAAA3EC3
:107AD00021A215BD6BF16E3D95879D3D388EE33D2E
:107AE000CDCC4C3E40D6020030D60200CAF24971DD
:107AF000FFFF973FFFFF2F3FDB0FC9BFFFFF1B407B
:107B0000000080BF400040087047C046F0B5C64640
:107B100043005F081B0E7F3B00B5051C06001C00E0
:107B2000162B1CDC8046002B21DB194F1F4107421E
:107B300011D01849FBF7DCFE0021FBF7C5FD00283A
:107B400009D0002D04DA80231B0423419846A84461
:107B50004346BB431E00301C04BC9046F0BD0E4B98
:107B60009F42F8D9011CFBF7C3FE061CF3E7094945
:107B7000FBF7BEFE0021FBF7A7FD0028EBD0002D90
:107B800001DB0026E7E7002FE5D0044EE3E7C0461F
:107B9000FFFF7F00CAF24971FFFF7F7F000080BFB7
:107BA000420070B5031C0C00050051080FD0274E91
:107BB000B1420DD8264881420ED9120E1219FE2A62
:107BC0001CDC002A22DD2348D2052840104370BD6A
:107BD000011CFBF78DFEFAE79821181CC905FCF77C
:107BE000F9F91D4A031C944204DB4200120E050001
:107BF000193AE3E71949FCF7EDF9E8E7191C1848C9
:107C000000F032F81649FCF7E5F9E0E7110016310B
:107C10000ADA144A191C944210DD114800F024F8C5
:107C20000F49FCF7D7F9D2E7CC211932D005094A20
:107C3000890515402843FCF7CDF9C8E7074800F04F
:107C400013F80649FCF7C6F9C1E7C046FFFF7F7F7E
:107C5000FFFF7F00FFFF7F80B03CFFFF6042A20D6F
:107C6000CAF2497150C300004000C90FC90740085B
:107C70000843704710B5040004481300002804D0DE
:107C80000A000220210000E000BF10BD000000003B
:107C9000014B18687047C04618200020084B10B5EB
:107CA0000400002B02D0002100E000BF054B186843
:107CB000836A002B00D09847200004F06CF9C0467E
:107CC00000000000B0D6020070B500260C4D0D4C2F
:107CD000641BA410A64209D1002604F073FC0A4DCF
:107CE0000A4C641BA410A64205D170BDB300EB582A
:107CF00098470136EEE7B300EB5898470136F2E7B4
:107D0000902000209020002090200020AC20002017
:107D100010B5034B0100186804F093FB10BDC0467A
:107D200018200020002370B5064C05000800110043
:107D3000236000F0C1FA431C03D12368002B00D05C
:107D40002B6070BD4C2A00200CB430B5164B9DB092
:107D50000C1E1D6808DA8B2301202B6040421DB0E9
:107D600030BC08BC02B01847822302A99B008B815B
:107D70000023029008619C4200D0631E8B604B611F
:107D800001235B42CB81209A21AB2800019300F0B4
:107D90006FF8431C01DA8B232B60002CDFD000230B
:107DA000029A1370DBE7C04618200020F0B58E68F9
:107DB00085B007000C00039201939E423CD89023AB
:107DC0008A89DB001A4234D00325096923685B1ACB
:107DD0000293636902985D43EB0F5D19019B6D107F
:107DE00001331B18AB4200D91D00530532D52900C1
:107DF000380000F0C3FF061E09D10C233B6040236E
:107E00000120A28940421343A38105B0F0BD029A2C
:107E1000216904F0F2FAA389144A1A40802313431B
:107E2000A381029B2661F61826606561019EED1A0A
:107E3000A560019B9E4200D9019E320003992068F3
:107E400004F0E4FAA36800209B1BA36023689E193A
:107E50002660DAE72A00380000F09AFF061EE0D11B
:107E60002169380000F08FFFC7E7C0467FFBFFFFA6
:107E7000F0B5A1B003901D008B890F0016001B0602
:107E800011D50B69002B0ED1402100F077FF38602F
:107E90003861002805D10C23039A0138136021B002
:107EA000F0BD40237B61002308AC6361203363761F
:107EB0001033A376079535002B78002B01D0252BA6
:107EC00046D1AB1B05930CD0320039000398FFF765
:107ED0006DFF431C00D1AEE06269059B944663448C
:107EE00063612B78002B00D1A5E0012200235242D0
:107EF000626004A9543252186E1C2360E360A360D0
:107F00001370A36531780522534804F05CFA751CA0
:107F100000281FD12268D30604D5532304A95B1877
:107F200020211970130704D5532304A95B182B21B2
:107F3000197033782A2B16D0350000210A20E36807
:107F40002A786E1C303A092A4ED9002918D010E040
:107F50000135B1E7404B2268C01A01238340134327
:107F600023602E00CEE7079B191D1B680791002B8D
:107F700001DB0B9304E05B42E360022313432360C5
:107F80002B782E2B0AD16B782A2B35D1079B023503
:107F90001A1D1B680792002B2BDB09932F4E2978A3
:107FA0000322300004F00FFA002806D04023801B83
:107FB000834022680135134323602978062228482C
:107FC0006E1C217604F0FFF900283CD0254B002BD5
:107FD00025D10722079B073393430833079363692F
:107FE000049A9B18636166E7434301219B1835009F
:107FF000A6E701235B42D0E700230A201A000135DF
:10800000636029786E1C3039092903D9002BC5D04B
:108010000992C3E74243012352183500F1E707AB49
:1080200000933A00104B2100039800E000BF049039
:10803000049B0133D3D1BB890D985B0600D42EE796
:10804000012040422BE707AB00933A00064B21008A
:10805000039800F00BF8EAE74BDC020051DC020069
:1080600055DC020000000000AD7D0200F0B589B0D3
:1080700004920A0043320593039002920A7E0C0098
:108080000E9B6E2A00D186E01FD8632A33D008D811
:10809000002A00D18CE0582A4DD0250042352A70A4
:1080A00030E0642A01D0692AF7D1196825680A1DD1
:1080B000280629D508681A60002803DA2D23029AB9
:1080C000404213706B4E0A274FE0732A74D008D8D1
:1080D0006F2A1FD0702AE0D1202209680A4322604B
:1080E00003E0752A16D0782AD7D1220078214532AC
:1080F0001170614E22E025001A684235111D196089
:1081000013682B70012365E008681A606906D3D5EF
:1081100000B2D1E719682568081D186008682E06A6
:1081200005D5544E08276F2A1BD00A2719E06D0683
:10813000F7D580B2F5E745314E4E0A7018682268CF
:10814000011D00681960150621D5D30702D520232B
:108150001A4322601027002803D1202322689A4363
:1081600022602300002243331A706368A360002B4F
:1081700058DB0422216891432160002854D1029DDC
:10818000002B5AD02500337842352B7055E0550628
:10819000DBD580B2D9E71A680D68101D49691860EF
:1081A00013682E0601D5196002E06D06FBD5198013
:1081B0000023029D23614FE01A68111D19601568A4
:1081C00000216268280004F0FEF8002801D0401B5E
:1081D0006060636823610023029A13703CE02369A6
:1081E0002A0004990398059DA847431C3ED02368A4
:1081F0009B0715D4079BE068984239DA180037E0EE
:1082000022000123193204990398059EB047431CAC
:108210002CD00135E368079A9B1AAB42F0DCE9E702
:108220000025F7E70028ADD0029D3900FBF7F8F8EC
:10823000735C013D2B700028F7D1082F09D123680A
:10824000DB0706D563682269934202DC3023013DD7
:108250002B70029B5B1B2361059B07AA00932100E7
:10826000049B039804F040F9431CB8D1012040421C
:1082700009B0F0BD5CDC02006DDC020042024B0282
:1082800040004900520A5B0A090E000EFF2806D082
:108290000020FF2902D11800431E98417047FE3884
:1082A000002AFBD1F4E7C04658220120014B40428E
:1082B0001A6070474C2A002058220120014B40428E
:1082C0001A6070474C2A002010B50368587C0028BB
:1082D00005D19B68002B02D0180000F0AAFB10BD4E
:1082E00070B50400FA25FA20F1F716FEAD00200063
:1082F000FFF7EAFF002802D12000EFF761FF280016
:10830000F1F70AFEF3E782B030B5050085B00892B8
:1083100002A80822099304F070F8039B029C5A10EB
:10832000AD18DB0701D52B681C590AA9082268463D
:1083300004F063F8089A099B2800A04705B030BCF8
:1083400008BC02B0184782B073B594B22600643EF0
:10835000050006920793172E18D9AC6806AA2300C9
:1083600020002D331E7052882F305A70089B042233
:1083700001A9019304F041F8112340342370A86847
:1083800000F078FB73BC08BC02B01847F1F782FF1D
:10839000403CA4006359C01A2C23FF339842F1D902
:1083A000DBE782B037B5846807931100230006929B
:1083B0000222050020004133090C1A705970089BF5
:1083C000921801A94330019304F017F81223543492
:1083D0002370A86800F038FB37BC08BC02B018470F
:1083E00000231A0070B54D1E9D4204DD9C00045907
:1083F00001331219F8E71000FBF716F870BD0A00F8
:108400000139F0B5030000248C46A4450FDD01348A
:1084100019002500954201DB0433F6E74F681E681A
:10842000B74201DA1F604E6001350431F2E7D10F27
:108430008918491089000858F0BD0300F7B50600F7
:10844000050001274C333C36019334682B19032C6B
:1084500004D81A004C321278002A0ED18133FF332F
:108460001F7024012B68A934FF3418190121F3F778
:10847000FBFE2B681819F3F757FE019B04369E424A
:10848000E3D1F7BD8023F0B507005B0500685B6EA4
:1084900085B0A0300193F3F787F938680424A03041
:1084A00001F0E9FB01230525029329000198FAF761
:1084B000B7FF08000299FAF72DFF019B00261B1A4F
:1084C00001930523029A5D435A4303900292039B52
:1084D0000133B3420BDD042338689A1B153012B206
:1084E00021B2FF30FB33F1F787FF0136EFE7013CA4
:1084F000DBD205B0F0BD0223826830B50121537094
:10850000D3700300002411704C331C575B181B7888
:108510005D1EAB418B40234304004E342478651E1E
:10852000AC41A400234304004F342478651EAC41C1
:10853000E4002343002413712300250078354557B8
:10854000002D02D00D00A5402B430134182CF4D18E
:10855000190A53711B0C9171D37130BD0523594316
:10856000002330B5D55CCC18F43401330555052B08
:10857000F8D130BDF8B5070000683E00A030F3F731
:1085800013F90025002423003868F433153021B294
:10859000F35C2AB2FF300134F1F72EFF052CF2D143
:1085A00001350536052DEDD1F8BD37B50400684617
:1085B0001500F1F7B3FE009B02229B5E002B10DD3D
:1085C0002068A030F3F7F0F82468A034002D0CDC0C
:1085D0000021684600F0CAFC2A0001002000F3F7E1
:1085E00027F9684600F03EFC37BD694601A800F057
:1085F00090FC2A0001A92000F3F79CF901A800F0E3
:1086000031FCEEE7030070B5FC33DA6A0500013295
:10861000052A10D0DA622868DC6AA03001F030FB4D
:108620004434A4002C196060280015300521FF3067
:10863000FFF7D6FE70BD0022ECE70023F0B587B04F
:1086400005930300050004000F003C33143502932A
:108650002E68032E04D8A3194C331B78002B1DD190
:108660003001A9302368FF300190181801F077FE1F
:10867000002813D0059B019A03932368981801F0F2
:1086800068FE00280AD02268019B944663441800C3
:10869000F3F74AFDB040039B18430590029B043555
:1086A0009D42D5D123004C331B78002B08D0206885
:1086B000059DA930FF30F3F7B3FD00062843059070
:1086C00023004D331B78002B08D02068059DB9305E
:1086D000FF30F3F7A5FD40062843059023004E33F5
:1086E0001B78002B08D02068059DC930FF30F3F7B8
:1086F00097FD80062843059023004F331B78002BFD
:1087000008D02068059DD930FF30F3F789FDC006F9
:108710002843059020681930FF3000F05FFE050007
:108720002068059E4130FF3000F058FE2D074007BD
:108730000543042205A935433800059503F05DFE85
:108740002000FFF75FFF387120689130FF3001F0A3
:10875000A6FF8038787107B0F0BDD72310B5006848
:108760009B00C018F5F7D2FD10BD10B503680C00D2
:10877000FC33D86F00F005FE002805DDB423B42CCF
:1087800001DD87239B001C1B200010BD0B00110086
:10879000C2188132FF3210B5117001290DD00029A5
:1087A0000BD0022900D010BD03211B01A9330068A2
:1087B000FF33C018F3F758FDF5E71B01A933006834
:1087C000FF33C018F6E7F0B51601A9360368FF3687
:1087D00087B0040098190391150001F0BAFD002834
:1087E0002DD0236800219819F3F73EFD14236B4325
:1087F0001A0041332D32FF33FF32E3180192A718DC
:10880000029323689819F3F7EBFC029B01C79F4280
:10881000F7D1019B0521E018FFF7F1FD04AB991D8D
:10882000039B088068001818022203F0E6FD631914
:108830008133FF331A7829002000FFF7A7FF07B024
:10884000F0BD03003C3014331A688A4204D004336C
:108850008342F9D1002070470120FCE782B010B5B7
:1088600002920393F0F736F810BC08BC02B0184728
:1088700082B010B502920393F0F72CF810BC08BC3C
:1088800002B0184710B50368002B01D008009847C4
:1088900010BD10B50368002B01D00800984710BD2B
:1088A00037B504680D00002C0ED0011D0822684663
:1088B00003F0A3FD019A009B50102018D20701D5A8
:1088C0000268D3582900984737BD82B030B50500FB
:1088D00085B0089202A80822099303F08EFD039B3D
:1088E000029C5A10AD18DB0701D52B681C590AA948
:1088F0000822684603F081FD089A099B2800A047DA
:1089000005B030BC08BC02B0184737B504680D008C
:10891000002C0ED0011D0822684603F06EFD019A5E
:10892000009B50102018D20701D50268D3582900A7
:10893000984737BD82B037B50400806F0692079321
:10894000FFF7D9FDD123626F9B00D05802F0A6F942
:108950000022E36FD98B03680092DD6822001423A4
:10896000A84737BC08BC02B01847030070B58C3369
:108970001B684A88DB8B0C009A4214D10600050064
:10898000693671352A783100806FFFF71CFF2B782C
:108990000133DBB2032B07D82B7080231B036360EA
:1089A0000023A660A38170BD0023F5E770B5C36FF7
:1089B0004A88DB8B05000C009A4208D1806FFFF7D4
:1089C0009AFDA0235B0363600023A560A38170BDB3
:1089D00010B5C36F4A88DB8B9A4206D10A89002AF8
:1089E00003D0C968806FF0F78BF810BD70B5040034
:1089F000013026000300002511361D7001339E4210
:108A0000FBD1012365822370002A08D10B001033AB
:108A1000994207D0013B1A7802700130F8E7102222
:108A200003F0F4FCA27B637B1202134320006382F9
:108A300070BDD12310B5426F9B00D05802F02AF9C7
:108A4000806D8007C00F10BD10B50400FFF7F1FF67
:108A500000280ED0D123626F9B00D05802F01EF97F
:108A60002200883423684132D98B03685C6914235F
:108A7000A04710BD10B50400FFF7DBFF00280ED0A3
:108A8000D123626F9B00D05802F008F9220088348D
:108A900023682D32D98B03685C691423A04710BD6D
:108AA00010B50400F0F74AFC200003F068FC200039
:108AB00010BD82B030B5050085B0089202A808222A
:108AC000099303F09AFC039B029C5A10AD18DB0734
:108AD00001D52B681C590AA90822684603F08DFCB1
:108AE000089A099B2800A04705B030BC08BC02B01A
:108AF000184782B01FB50400100C03380692079384
:108B00000A2819D8FAF7FCFB0618231C182918188C
:108B10001818230020001930FF30002100F05BFC02
:108B200020004130FF30002100F055FC200069306A
:108B3000FF30012101F0E1FB1FBC08BC02B0184767
:108B4000BE235B00E15801A800F0DEFCF4E7FC3432
:108B5000E16F01A800F0FAFBEEE720009130FF3052
:108B6000F4F782F8E8E773B5060000F02BF805008B
:108B700000F028F80400A9B2684600F090F9210C32
:108B800001A800F08CF901AA6946300000F0D8F97C
:108B900001A800F067F9684600F064F9300076BD7E
:108BA0003ADF704712DF704713B56B46DC1D0023B8
:108BB00020002370FFF7F6FF207801384342584128
:108BC000C0B216BD80235B05586E7047704710B564
:108BD0008368984710BD704710B5040003F0CFFBC1
:108BE000200010BD72B60B680165002B04D14365EF
:108BF000086062B6704713005A6D002AFBD15865B1
:108C00004265F6E7036D002B0AD072B6026D136859
:108C1000834207D1436D136000234365036562B649
:108C2000704713005A6D8242FBD1426D5A65F3E7DB
:108C300070B504000D00F0F7F7FF002805D0002301
:108C400029001A002000F1F77DF870BD70B504000E
:108C50000E001500F0F7E8FF002805D001233200D0
:108C600029002000F1F76EF870BD10B5F1F738F863
:108C7000041E01D1F1F7EAF8200010BD10B50C0078
:108C80008047A047F1F766F910BD10B5F0F7CCFFAB
:108C9000002801D0F1F75EF910BD70B51400030093
:108CA00010000D0098472000A8472000FFF7EDFFB7
:108CB00070BD10B5F1F7B2F8F1F7C8F8FAE7002384
:108CC000436003707047F0B58208830703D1031E29
:108CD00002D11800F0BD0132541C72B6802621C9A1
:108CE0003606854225D90368002B02DB9B00C0189D
:108CF000F7E75B005B08990041180F68002F08DA5E
:108D00008D4206D931007F007F08DB1919430160CD
:108D1000F1E7A342EAD302329A4203D292008218C8
:108D2000954209D803685B005B08036062B6031DC7
:108D3000CFE762B60023CCE7191B80231B06043A59
:108D40000B4313600460F1E770B5040008000E00E7
:108D5000F1F7BEF90500002C0ED000280CD0231F1F
:108D60001A689200B24200DD32002100280003F0B0
:108D700044FB2000F1F7E0F9280070BD10B50800B1
:108D8000F1F7A6F910BD10B50800F1F7D5F910BD3F
:108D900010B508001100FFF7D7FF10BDF7B50400AC
:108DA0001D0008AB1B88103016000F00019300F067
:108DB000EAF820002430FFF782FF0023019A278081
:108DC0006680A5602000E360A280E3622362FEBDAE
:108DD00010B5838804009B0702D5806803F0CFFAA2
:108DE000200010BD82B030B5046A87B00B93050037
:108DF0000A920123002C18D110220AA902A803F01C
:108E0000FCFA182003F0C6FA0400082204A96846F8
:108E100003F0F3FA029A039B200000F0CEF82C62D4
:108E200007B030BC08BC02B018472269002A02D043
:108E300001331400F9E7092BF2DC10220AA902A879
:108E400003F0DBFA182003F0A5FA0500082204A9B4
:108E5000684603F0D2FA029A039B280000F0ADF8AE
:108E60002561DDE710B50400006800F0A4F92000DA
:108E700010BD70B5060008000D0003F01AFB0400D9
:108E80000530F1F725F9306000F088F933682900E2
:108E90005C803068621C043003F0AFFA70BD1FB50F
:108EA0000400080001A9F6F757FA200001A9FFF70E
:108EB000E0FF200004B010BDF8B50B6817000225D4
:108EC0005D5F1368040002229B5E0E00ED18681DB2
:108ED000F1F7FEF8206000F061F923685D803168E9
:108EE0002368181D0223CA5E043103F086FA236842
:108EF0003968181D336802229B5EC0180223CA5EBF
:108F0000043103F07AFA236820005D1900232B71E5
:108F1000F8BD10B504000868206000F042F9200098
:108F200010BD70B50B68040000680D00984205D0B4
:108F300000F041F92868206000F033F9200070BD8E
:108F400070B5136804005D880868002D04D12060A6
:108F500000F027F9200070BD4088002802D123606E
:108F60001800F5E72000FFF7A7FFF3E70022914282
:108F700007DB03680222985E0022884201DD5B184D
:108F80001A7910007047002310B503600400F1F750
:108F90008FF9A060E160200010BD70B501804280B3
:108FA00004001D00F1F784F9A060E160002D02D0FB
:108FB0002000F1F707FA200070BD82B010B5040060
:108FC00003930292FFF7DFFF102202A9200003F0B3
:108FD00014FA00232000236110BC08BC02B018471B
:108FE00010B50400006800F0E6F8200010BD10B5D0
:108FF0000A00002103F01DFA10BD10B50400086836
:10900000206000F0CEF8200010BD10B50068438845
:10901000818806305943FFF7EAFF10BD10B5040000
:109020000023F1F72FFA200010BD10B50400F1F76E
:1090300029FA200010BDF0B587B004910CA9097879
:109040000390059101680020029149888C468A426C
:1090500066DA029989888B4262DA049C26687788EE
:10906000D419019484425BDDB5885C19844257DDD4
:10907000824234DAD019604501DD60460190002B50
:1090800034DA8C4200DD0C00B01D0026D1175542A9
:109090002940B34201DA5F437E42029D7618861969
:1090A0000635111C002A00DA0021002209B2934281
:1090B00001DD62465A43059B51186D18002B26D0DE
:1090C00000221000A2422BDA002301998B4212DA0F
:1090D000F15C002901D0E95401300133F5E7604625
:1090E000801A0190B842CADD0197C8E7CC1AAC4299
:1090F000CADD2C00C8E7049B01321B6802935B8821
:10910000F618039B1B6802935B88ED18DAE7059F4E
:10911000A74207DBE043019BC017204043431800F0
:1091200007B0F0BD31002800019A03F066F9049BF6
:1091300001371B6802935B88F618039B1B68029338
:109140005B88ED18E4E710B50400006800F033F820
:10915000200010BDF8B5D443E417144005002000EA
:109160000C301F000E00F0F7B3FF286000F016F877
:109170002B681C722B685F60002E05D028682200C7
:109180000930310003F039F9F8BD002310B50400AF
:109190000A001900FFF7DEFF200010BD0323038043
:1091A000704710B50400F1F77DFA002802D123883A
:1091B0000233238010BD10B50400F1F773FA0028C4
:1091C00005D12388023B9BB2012B01D0238010BD27
:1091D0002000F0F7B1FFFAE77047036870B50400AC
:1091E00001811B6A9847236805005B692000984746
:1091F0002081280070BD00897047036870B50400A5
:1092000081721B6A984723680500DB692000984734
:10921000A072280070BD807A70477047704710B503
:10922000040003F0ACF8200010BD10B5040003F0FA
:10923000A6F8200010BDC3680169426949435B4339
:1092400052435B18981870477FB50400FFF7F3FF8F
:109250002500902306001B04313598422AD9638FDC
:10926000002B07D1013308220D216846FFF795FE38
:109270000123638790239B049E4219D9A38F002B5F
:1092800007D1013309220D216846FFF786FE01232D
:10929000A3878023DB049E420AD9E38F002B07D1EA
:1092A00001330A220D216846FFF777FE0123E38789
:1092B00000232B702B78042B0ED801332B70200049
:1092C000F1F712FB02000B280BD1628601230D215E
:1092D0006846FFF762FE15E00023E387A3876387F4
:1092E000EDE72300A18E303381420CD11A78042A95
:1092F00001D801321A70A28E618E914202D01B7881
:10930000042BE2D87FBDA0860022F3E730B504002D
:10931000036A8BB0009302AD416A8269C369280079
:1093200001F07FFC23000C3307CD07C30222A37991
:1093300020009343A371FFF787FF0123A1881A0040
:1093400006A8FFF72AFE00200BB030BD70B505005F
:109350000B680C0008005B6A98472B000C3407CCA4
:1093600007C3280070BD10B5040003685B6A984706
:10937000E06810BD10B5040003685B6A9847206977
:1093800010BD10B5040003685B6A9847606910BDA2
:1093900010B5040003685B6A9847A3799B0702D461
:1093A0002000F1F76BFBA06A10BD10B50400036844
:1093B0005B6A9847A3799B0702D42000F1F75EFB14
:1093C000E06A10BD10B50400F1F73AFC200002F08D
:1093D000D6FF200010BD0630C17770470123807989
:1093E00018407047036870B5040001811B699847F5
:1093F000236805009B69200098472081280070BDE4
:1094000000897047704710B5040002F0B8FF2000D3
:1094100010BD30B50400436BC26801699A1A8369B4
:109420008BB05A43836B92125B1AC16942634B4300
:109430009B128363C16B406902AD091A206A4143E4
:109440008912E16300912800216C01F0EAFB2300FE
:10945000283307CD07C30123A1881A0006A8FFF708
:109460009CFD00200BB030BD002310B58371643328
:1094700003810368040081801B6998470222A37955
:1094800093431A0001231343A37110BD84B030B578
:10949000069303000491059204AC0C3326CC26C33A
:1094A00026CC26C322681A60022382791343837173
:1094B00030BC08BC04B018470223807918407047BC
:1094C00080220023D2008261C26102620222C36054
:1094D00003614361436283799343837170474164BD
:1094E000704773B50C00050016000B680800DB69B7
:1094F0009847E36B280001960093626BA36B216C85
:1095000001F050FB280076BD70B505000B680C001B
:109510000800DB6998472B00283407CC07C32800D4
:1095200070BD10B504000368DB699847A06A10BDE0
:1095300010B504000368DB699847E06A10BD10B5F8
:1095400004000368DB699847206B10BD82B030B51A
:10955000050085B0089202A80822099302F04DFF89
:10956000039B029C5A10AD18DB0701D52B681C59D0
:109570000AA90822684602F040FF089A099B2800C1
:10958000A04705B030BC08BC02B01847F8B50A685F
:1095900003680E000700981AFBF732F872687B68C0
:1095A000051C981AFBF72CF8B368041CB868C01A9D
:1095B000FBF726F8291C061C281CFAF70BFD211CBA
:1095C000051C201CFAF706FD011C281CFAF790F96F
:1095D000311C041C301CFAF7FDFC011C201CFAF79E
:1095E00087F9F8BDF0B585B0019002910392FFF7BD
:1095F000CDFF0127041C061C039B9F4217DA0C2198
:109600007943029B01985918FFF7C0FF051C011C04
:10961000201CFAF759F8002800D02C1C291C301CFB
:10962000FAF73EF8002800D02E1C0137E4E7211C91
:10963000301CFAF701FE05B0F0BDF0B58BB0099310
:109640008023DB000024C360036143610023050025
:109650000C2707910892046044608460846102933F
:10966000119B9C4265DB00270023109C059301970A
:1096700000973E1C059B119A934270DA210007A8BF
:10968000FFF784FFFCF74CFF011C03900298FAF7E8
:10969000C9FAFE218905FAF7CFFD0490301CFAF7CC
:1096A0008FFF06000498FAF78BFF864200DA060067
:1096B0003000FAF7A5FF2368079A061C981AFAF7F4
:1096C0009FFF0399FAF7AEFA400004994008FAF7B1
:1096D00081FC011C0098FAF70BF9089B0090069397
:1096E000069A6368981AFAF78BFF0399FAF79AFAC1
:1096F000400004994008FAF76DFC011C0198FAF744
:10970000F7F8A368019009980C34181AFAF778FF53
:109710000399FAF787FA400004994008FAF75AFCCF
:10972000011C381CFAF7E4F8059B071C013305936C
:10973000A0E739006143109B07A85918FFF726FFDF
:10974000FCF7EEFEFAF73CFFFAF75AFF0299061C07
:10975000F9F7BAFF002800D00296013480E700999B
:10976000081CFAF737FC0199041C081CFAF732FCB4
:10977000011C201CFAF7BCF8391C041C381CFAF731
:1097800029FC011C201CFAF7B3F8FCF7C9FE041CE5
:10979000011C0098FAF746FA311CFAF71BFCFE216F
:1097A0008905FAF7A5F88921C905FAF713FCFAF734
:1097B00007FF211CE8600198FAF734FA311CFAF728
:1097C00009FCFE218905FAF793F88921C905FAF702
:1097D00001FCFAF7F5FE211C2861381CFAF722FA81
:1097E000311CFAF7F7FBFE218905FAF781F8892188
:1097F000C905FAF7EFFBFAF7E3FE079B68612B60F8
:10980000089B029800936B60099BAB60FAF7D8FE47
:10981000A86128000BB0F0BDF0B5002504001700CA
:109820000B002E0028002A0091B00791BA4208DAF6
:109830001968013240185968761899680C336D1808
:10984000F4E73900F9F7F0FD390020603000F9F74E
:10985000EBFD390060602800F9F7E6FD3A00A060F2
:1098600007992000FFF7BEFE00260DAB0A90059673
:1098700006960393C8235B420493C8235B4202937A
:10988000C8235B4201932200039B23CA23C322689F
:10989000049B9446039A6344136062681D009446D7
:1098A000029B039A63445360A26808939446019B09
:1098B000039A6344936007993A0003980993FFF76A
:1098C00091FE0A990B90F9F7EBFE002805D0089B52
:1098D000099E05930B9B06950A93019BC833019340
:1098E0001A00C8235B009A42CDD1029BC833029371
:1098F0009342C5D1049B029AC83304939342BCD1CE
:109900002368069A934206D16368059A934202D16E
:10991000A368B34205D0069BA6602360059B6360E5
:10992000A8E7200011B0F0BD70B504000D001600CE
:1099300086B003A8FFF770FF2000019600950399F9
:10994000049A059BFFF779FE200006B070BD4A68B7
:1099500010B55310C0180B68D20701D50268D35850
:10996000984710BD10B50021406C02F0C6FC10BD38
:1099700010B50400F1F7FCFD200002F000FD20000E
:1099800010BD10B50400F1F7E5FD200002F0F7FC72
:10999000200010BD70B505000400743501212800B9
:1099A000F0F730FE2200563213780133DBB2137029
:1099B000E17901318B4222D1002326001370226D00
:1099C00054360221525E33882021934205DA20006A
:1099D00019B25030FFF7CAFA0100E27900232800DB
:1099E000F0F7C8FD226D33880221525E934207DDF5
:1099F0002300002248331A702000F1F7C3FE70BD27
:109A000001333380FBE770B505000600826D5C35DD
:109A10000221525E2B88040074362021934204DA1E
:109A200019B25830FFF7A2FA0100002330001A00E3
:109A3000F0F7A0FDA26D2B880221525E934207DB56
:109A40002300002248331A702000F1F79BFE70BDFE
:109A500001332B80FBE773B5040006002500743644
:109A600030006435FFF7D1FA0023EA5E21000023BD
:109A7000603100933000FFF7DEFA002804D12300A4
:109A80006C331B78002B0AD16622A256002A06D01E
:109A90002B886C349B182B800123237073BD23000B
:109AA000002248331A702000F1F76CFEF6E7F0B59B
:109AB00006000021050004006636006E71564088DD
:109AC00064350023EA5E4B1D1B1A200085B06C3004
:109AD00003909A4210DC0378002B0DD01C3D2B78AC
:109AE000062B02D10830FFF790FA002320002B70DC
:109AF000F1F748FE05B0F0BD27007437002A04DDF9
:109B0000494209B23800F0F77DFD0023EA5E2100EA
:109B10000023603100933800FFF78DFA0023F356DD
:109B2000002B05D12200483213702000F1F72AFEE5
:109B30000123039A137000232A88F3569B182B8065
:109B4000D8E770B5050048352B780400002B31D0DC
:109B5000F0F766FB22004C3213881818230080B2FD
:109B600010804A331B88834224D8002313802B782B
:109B7000022B02D12000FFF70DFF2B78032B02D11F
:109B80002000FFF740FF2B78042B02D12000FFF7C5
:109B900062FF2B78052B02D02B78062B02D12000F8
:109BA000FFF785FF2B78072B04D1002320002B70B3
:109BB000F1F7E8FD70BD1FB5036F827A9B68040062
:109BC00001339A4208D18188012302226846FFF7B7
:109BD000E4F90023A3721FBDF1F75AFD2000FFF73F
:109BE000B0FFA37A0133F5E710B583790400DB07F2
:109BF00004D5027B022A02D1FFF7DDFF10BD837A74
:109C0000016F0133DBB2837289688B4201D100237B
:109C10008372002A02D12000F1F73AFD237B012B49
:109C200005D1637300232000A373F1F715FC200016
:109C3000FFF787FFE2E770B504000D00022906D1A7
:109C4000F0F7EEFA052802D00520F0F79DFA237B05
:109C5000022B0CD1022D0AD0A66E002E05D03000AA
:109C6000F1F7D2FF300002F08AFB0023A3662573D0
:109C700070BD407A704710B57430FFF7C6F910BD5B
:109C800070B5037B0400022B0AD00221FFF7D3FF3B
:109C9000482002F07FFB0500216FF1F775FFA566F4
:109CA000A06E00F0F5F870BD10B50400F8F71AFBCF
:109CB00000232000237510BD1FB50E246C44637073
:109CC00000232270009322000233F1F777FE04B0E4
:109CD00010BD1FB50F2401236C4400932300F1F73E
:109CE0007DFE002800D1207804B010BD70B50400BE
:109CF00016001D0000220F23F2F794F92000310016
:109D00000F2301221030F2F78DF9200029000F23D4
:109D100002222030F2F786F9200004990F23162240
:109D20003030F2F77FF9200005990F2304224030EC
:109D3000F2F778F9200006990B2305225030F2F74C
:109D400071F9200007990B2306226030F2F76AF9B7
:109D5000200008990B2307227030F2F763F92000E6
:109D600009990B2308228030F2F75CF920000A9948
:109D70000B2309229030F2F755F920000B990F239D
:109D80000A22A030F2F74EF90B2320001A000C999A
:109D9000B030F2F747F920000D990B230C22C030A8
:109DA000F2F740F920000E990B230D22D030F2F784
:109DB00039F920000F990B230E22E030F2F732F927
:109DC000200010990B230F22F030F2F72BF9601CC2
:109DD00011990B231322FF30F2F724F920001130E0
:109DE00012990B231422FF30F2F71CF920002130C6
:109DF00013990F231A22FF30F2F714F920003130A3
:109E000014990F231B22FF30F2F70CF92000413088
:109E1000042303221599FF30F2F704F9200070BDE6
:109E20004A6810B55310C0180B68D20701D50268F4
:109E3000D358984710BD82B030B5050085B0089260
:109E400002A80822099302F0D8FA039B029C5A1038
:109E5000AD18DB0701D52B681C590AA908226846F2
:109E600002F0CBFA089A099B2800A04705B030BC45
:109E700008BC02B0184770B504000D00182200217C
:109E800002F0D7FA2900200002F0FFF8200070BD90
:109E90000368426880689B1810B518180321F9F709
:109EA000C3FA4B2800DA4B20A9235B00984200DD5F
:109EB0001800181A0821FF23FF315843F9F7B4FAA4
:109EC00010BD0069002904DD002802D00139C06AF4
:109ED000F8E7704710B50400F1F77AFF200002F0B0
:109EE0004EFA200010BDF7B5838804005A070FD53D
:109EF0009A060CD4DA060BD5010008221831684600
:109F000002F07BFA226963692000FEF76BFFF7BD60
:109F10000422022601271343A380A388A5683342A5
:109F20001DD0210008221831684602F066FA226925
:109F30006369280000F002FE1022A38813421ED09D
:109F4000256A002D1BD02900A01802F056FA2B69B3
:109F50002800236202F013FAEFF778FFDDE73B42B7
:109F600007D0E368206900936169A269E369A847A3
:109F7000E2E720696169A269E369A847DCE7042296
:109F80009343A380C3E7030072B64069002807D05B
:109F900002695A61002A00D19A619A8B013A9A8328
:109FA00062B67047F7B5002507002E000469002C43
:109FB0001BD0A388E26A01921AB2002A10DA0422A6
:109FC00013420DD1019B002E0DD13B61E36A2000AD
:109FD0000193FEF7FDFE200002F0D1F934000135B7
:109FE0002600019CE3E7F362F0E72800FEBD70B5B0
:109FF00001230D00040088B08669082208316846F4
:10A00000029302F0FAF92A686B682000F1F71EFF4C
:10A01000002823D1A38B092B20D82900102204A8C3
:10A0200002F0EBF9182002F0B5F9050006A90822A4
:10A03000684602F0E2F9049A059B2800FEF7BDFF8E
:10A0400072B6002E0CD1636965612B612B69002B00
:10A0500000D1A561A38B0133A38362B608B070BDA4
:10A0600033692B613561F1E782B010B502A9029224
:10A070000393FFF7BCFF002010BC08BC02B01847D8
:10A0800030B585B00500FFF78DFF2800FFF77BFF97
:10A09000041E13D0010000230831082268460293F1
:10A0A00002F0ABF9226863682800F1F7CFFE2000C8
:10A0B00002F065F9EFF78EFE0028E6D105B030BD5D
:10A0C000704710B5040002F05AF9200010BD82B0AC
:10A0D00030B5050085B0089202A80822099302F065
:10A0E0008CF9039B029C5A10AD18DB0701D52B6835
:10A0F0001C590AA90822684602F07FF9089A099BB0
:10A100002800A04705B030BC08BC02B0184702893F
:10A1100003008A4203D101238079184070474289A5
:10A1200000208A42FAD198790223F6E702890300D7
:10A130008A4203D104238079184070474289002065
:10A140008A42FAD198790823F6E7028903008A4205
:10A1500003D11023807918407047428900208A4239
:10A16000FAD198792023F6E7038910B58B4205D1FF
:10A1700083790124002A0BD02343837143898B42C6
:10A1800005D183790221002A04D00B43837110BDCD
:10A19000A343F2E78B43F9E7038910B58B4205D15E
:10A1A00083790424002A0BD02343837143898B4293
:10A1B00005D183790821002A04D00B43837110BD97
:10A1C000A343F2E78B43F9E7038910B58B4205D12E
:10A1D00083791024002A0BD02343837143898B4257
:10A1E00005D183792021002A04D00B43837110BD4F
:10A1F000A343F2E78B43F9E782B0F0B589B00E9242
:10A200000F93078995B20400BD4200D147890EAB78
:10A210005E88022E23D0052E17D0012E10D12900E2
:10A2200020003200FFF7A0FF39002000FFF76FFF8A
:10A23000002805D0A1880123320004A8FEF7ADFE56
:10A2400009B0F0BC08BC02B0184729002000012268
:10A25000FFF7A2FF39002000FFF768FFE8E73900A9
:10A260002000FFF754FF002830D03200A1880123DE
:10A270006846FEF792FE29002000FFF757FFA688E8
:10A28000002820D039002000FFF750FF00281AD006
:10A2900001230422310004A8FEF77FFE01223900C9
:10A2A0002000FFF791FF290020000022FFF75CFF4C
:10A2B000290020000022FFF76FFF00222900200064
:10A2C000FFF782FFBCE701230322E3E72900200018
:10A2D000FFF73BFF0028E6D1267B012EE3D12900C2
:10A2E0002000FFF723FF33000422002800D10322BF
:10A2F000290004A8FEF751FED5E7017370474A68AC
:10A3000010B55310C0180B68D20701D50268D35896
:10A31000984710BD70B5837904001B0711D4200045
:10A32000F1F78EFE082002F035F80E216156050087
:10A3300000F08AFC0823A279A5601343A3710020D2
:10A3400070BD806800F08CFC0E23E3568342E6D19A
:10A35000F5E7052380791840431E98417047032391
:10A3600080791840431E98417047D0B5040086B0EC
:10A370008AB20023818802A8FEF70FFE049E059F83
:10A38000A06800F0A6F903000B430AD0049A059BCD
:10A3900000920193121A8B4102A804920593F0F7E0
:10A3A00011F832003B00A06800F090F906B0D0BD73
:10A3B0001FB5837904005B0602D50521FFF7D5FFA1
:10A3C000A3799B0605D5A188012302226846FEF7E2
:10A3D000E4FD1FBD1FB5837904005B0602D504218F
:10A3E000FFF7C3FFA3799B0605D5A18801230322AC
:10A3F0006846FEF7D2FD1FBD702310B582791A4260
:10A4000001D0F1F71DFE002010BD704710B504000B
:10A4100001F0B5FF200010BD30B5040085B02569FE
:10A42000002D1ED0EA78012A08D0022A14D092B258
:10A4300001230A216846FEF7B0FD03E02000183032
:10A4400000F015F823699D42E9D12000F2F716F8D3
:10A45000280001F094FFE2E72000203000F02CF803
:10A46000F0E705B030BD00230160436070471FB5C1
:10A4700004000068F2F702F80023436262689A421F
:10A4800003D1606001231A000BE0516A002902D059
:10A4900001330A00F9E7032B08DD01F070FF012307
:10A4A000022209216846FEF778FD1FBD5062E9E7E8
:10A4B000002341600370704770B504004068F1F7F5
:10A4C000DDFF0123050023700430EFF77BFF00233D
:10A4D0002800237001F053FF70BD4A6810B5531077
:10A4E000C0180B68D20701D50268D358984710BD31
:10A4F0000300020050334E321B8811888B4205D96D
:10A500004C30128800788018C01A70471088FBE71A
:10A51000020003005C325A3311881B88994205D926
:10A52000583000781288C018801A70471088181A9E
:10A53000FBE710B50400012905D12000FFF7E8FF73
:10A540000028FADC10BD0229FCD1EFF77FFCF9E707
:10A5500010B504300022F8F7ABFC10BD13B56B4604
:10A56000D81D0C00F2F7E6FB6B462100D81DF2F770
:10A57000F3FB13BD73B51E006B46D81D0D00140010
:10A58000F2F7D8FB684633002A0021000730F2F7C3
:10A5900019FC73BD802307B55B05009101921A6910
:10A5A0005B696946133B5A430223FFF7E3FF07BD8C
:10A5B00084B010B50492802203910593520513696B
:10A5C000516952691139133A5A434B430F99CB1AC7
:10A5D000D21803A90C23FFF7CDFF10BC08BC04B0B0
:10A5E000184710B50400F2F7ABF9200010BD802326
:10A5F0005B05F7B51A695B690191113B5A430092FB
:10A60000F2F79EF90600041E22D0302001F0C2FEAF
:10A61000302200210400002501F00BFF30273B0011
:10A620006B4300990831C918B5420BDA3A00200093
:10A6300001F0E3FE2100019801F031FF002807D06E
:10A640000135ECE7B54203D1200001F098FE00246B
:10A650002000FEBD10B509680431FFF7C8FF10BD2A
:10A6600010B509680431F2F79BF910BD52DF70474D
:10A6700012DF7047704710B5040001F080FE200023
:10A6800010BD10B50400EFF705FE0022A4680123F9
:10A690008A4202D1844200D91300180010BD10B5BF
:10A6A0000400F2F7E1FA1023E05E1222A35EC01A62
:10A6B00010BD10B5F2F7D8FA10BD10B50400F2F7CE
:10A6C00019FB200001F05BFE200010BD0265436510
:10A6D0007047416D006D704729DF704728DF704774
:10A6E00010B503685B6A984710BD10B50400F2F717
:10A6F00029FC200001F043FE200010BD10B5C9B2B6
:10A700000D22FFF7E6FAC7384342584110BD10B595
:10A7100003685B6A984710BD10B50400F2F754FD5A
:10A72000200001F02CFE200010BD10B5C9B20D2292
:10A73000FFF7CFFA5A384342584110BD10B50368AD
:10A74000DB69984710BD10B50400F2F7B3FD200097
:10A7500001F015FE200010BD10B5C9B20722FFF7A9
:10A76000B8FAC4384342584110BD10B503685B6A5B
:10A77000984710BD10B50400F2F7B4FE200001F0B8
:10A78000FEFD200010BD10B5C9B20F22FFF7A1FADF
:10A7900033384342584110BD10B50368DB69984710
:10A7A00010BD10B50400F2F751FF200001F0E7FDE5
:10A7B000200010BD10B5C9B24F22FFF78AFA403809
:10A7C0004342584110BD10B503685B6A984710BDFD
:10A7D00010B50400F3F72EF8200001F0D0FD2000A2
:10A7E00010BD70B50500CCB2B62321001422FFF7CE
:10A7F00063FA6420EFF790FB280000222100FFF7A6
:10A8000068FAFA384342584170BD10B50368DB69F5
:10A81000984710BD10B50400F3F73EFA200001F090
:10A82000AEFD200010BD704710B50400F3F7A8FA84
:10A83000200001F0A4FD200010BD704710B50400F9
:10A84000F3F788FD200001F09AFD200010BDF7B558
:10A85000037C040001930023477B867BC57B437305
:10A860008373C3730374F3F781FD019B6773A6734E
:10A87000E5732374F7BDA7DF7047A9DF7047AADF30
:10A88000704768DF704710B50368002B01D00800DF
:10A89000984710BD10B50368002B01D008009847F9
:10A8A00010BD10B50368002B01D00800984710BDFB
:10A8B00010B50368002B01D00800984710BD10B5F3
:10A8C0000400F3F735FE200001F059FD200010BD13
:10A8D0001FB50123FA211A0089006846FEF75DFBC7
:10A8E00005B000BD70B50E001100C27F1D0002331F
:10A8F0009B18040001201F2B12DC2B18A354E37FAC
:10A900002A001B18DBB2E377E654E07F0130C0B2C7
:10A91000E077201801F071FD0020E37FED18E57766
:10A9200070BDF7B50024C67FA6420CD905196F7813
:10A930008F4203D10095F3F7F9FEFEBD055D641962
:10A940000134E4B2F0E7FFF7CDFFF6E702000100C3
:10A9500010B5036834320A319B6F984710BD10B5AB
:10A960000400FFF7F3FF2368211DDB6F20009847E9
:10A9700010BD10B5002204000270431C11341A707F
:10A9800001339C42FBD1418210BD37B50D0000F070
:10A9900081F96B46DA1D0123040019000A30157095
:10A9A000FFF7BFFF002802D12000FFF7CFFF3EBD19
:10A9B000F8B50D0016001F0000F06CF90400092D19
:10A9C00003D1036831005B6B984720003B003200E5
:10A9D00029000A30FFF7A5FF002802D12000FFF769
:10A9E000B5FFF8BD806810B5002803D000F052F91B
:10A9F000FFF7B5FF10BD10B513232F2400218AB037
:10AA00006B446C44DA1F11709A1F1170013293422B
:10AA1000FBD10733A342F5D103AB0193042301AC6F
:10AA20008068637100F03EF9036821001B69984754
:10AA3000A0790AB010BD10B504001830FEF771FA05
:10AA40000123636110BD022370B5436104000D0052
:10AA5000EFF720FC2061002D07D008236269134323
:10AA600063610423A2791343A37170BD8023F0B501
:10AA70005B0585B008005F6E0291FFF7FCF80123CB
:10AA800004240525019329003800F8F7C9FC0800C3
:10AA90000199F8F73FFC05230026019A5D435A43CC
:10AAA00003903F1A0192039B0133B3420ADD042352
:10AAB00002989A1B12B221B2FB337430EFF79CFC60
:10AAC0000136F0E7013CDED205B0F0BD37B50468D1
:10AAD0000D00002C0ED0011D0822684601F08DFCEF
:10AAE000019A009B50102018D20701D50268D35854
:10AAF0002900984737BD10B54A88838A90B00C006A
:10AB00009A4219D10B89002B16D0CB681B78012BE8
:10AB100012D1806800F0BEF8036815215B6A98477F
:10AB2000FA20800001F029FB238804A80380002379
:10AB300001A90B70F7F7D0FA10B010BD82B073B551
:10AB40000400061D069208A908226846079301F032
:10AB500054FC65693100069A079B2068A84773BCBE
:10AB600008BC02B01847026810B594460A68002372
:10AB7000944507D104310430102201F02FFC4342E8
:10AB80004341DBB2180010BD10B5F4F719FC406862
:10AB900010BD10B5F4F714FC006810BD01704270D0
:10ABA0004360704782B0F0B505920200069308AB8F
:10ABB0001B7805ACE0CCE0C2002B1ED04A78002AFE
:10ABC00005D0069A52424260079A524282604A6811
:10ABD000022A16D0032A1AD0012A04D10268416839
:10ABE000524201604260012B17D0022B05D143680D
:10ABF0005B42436083685B428360F0BC08BC02B088
:10AC0000184702685242026042685242EAE74268CC
:10AC10000168524202604160E5E7426803680260F1
:10AC2000E7E782B037B50400180007930B78069267
:10AC30000193089B009303002000FFF7B3FF20005F
:10AC40003EBC08BC02B0184710B50400F8F704F881
:10AC5000200010BD10B5040001F059FB200010BD0C
:10AC6000407840B2704702000B00F0B5126889B01E
:10AC7000019203AA15001E004068016809688C460D
:10AC800092CE92C5DB680199D36000231361E0473F
:10AC900009B0F0BD10B5F4F7FFFB10BD10B5F4F727
:10ACA0000BFC10BD10B5F4F717FC10BD70DF70473A
:10ACB00071DF704760DF704710B5F7F761F900206A
:10ACC00010BD704702207047022070470020704777
:10ACD0000020704702207047022070470220704712
:10ACE0000220704702207047022070470220704700
:10ACF00002207047022070470220704702207047F0
:10AD00000220704702207047002313607047002024
:10AD100070470220704702207047022070470220CF
:10AD200070470220704700207047002070470020C5
:10AD30007047022070470220704741607047816071
:10AD40007047C160704701617047416170470220E0
:10AD5000704702207047022070470220704702208F
:10AD60007047022070470220704702207047002081
:10AD700070470220704702207047002070477047DC
:10AD80000220704702207047704702207047002061
:10AD90007047704766DF704748DF7047007970473B
:10ADA0000C3070470C30704710B5FFF7F5FF10BD41
:10ADB00010B50368002B01D00800984710BD10B5EE
:10ADC0000368002B01D00800984710BD10B5036838
:10ADD000002B01D00800984710BD10B50368002B68
:10ADE00001D00800984710BD082370B596B002AA9C
:10ADF000137106AA029202AA137310000EAB0493F9
:10AE00000D00F5F74BFA0023984203D02B71AB717C
:10AE100016B070BD0400072602AB1B7BAB7102AB02
:10AE20001B79A34214D96B79A34202D82C7100205C
:10AE3000EEE7300060432B681818029B0193019ADB
:10AE4000A30099580134072201F0D7FAE4B2E6E7EB
:10AE50002C710726002402AB29791B7B6118A342C1
:10AE600002D96B79994201DB2971E0E771432B68C4
:10AE70005918049B0193019AA3009858013400F0DB
:10AE80009DFBE4B2E7E710B5F5F7AAF910BD10B5E0
:10AE900008001100F5F7DAF910BD10B5080011002F
:10AEA000F5F7B0F910BD10B5080011001A00029BAB
:10AEB000F5F72AF910BD70B5037904000920002BBD
:10AEC0001AD0F7F7D7F803000520002B14D125007E
:10AED000FC35A86B00280AD1286C00280DD1200071
:10AEE0000C3000F012FB002806D1207104E003684A
:10AEF0005B6A98470028EFD070BD03689B6A98474B
:10AF00000028ECD0F8E770B50400E3692362206AFA
:10AF1000002807D0C36821009847236A002BF4D08B
:10AF20001B69F3E7E069002804D0056901F027FAFE
:10AF30002800F8E7E0616060A060E0602061606187
:10AF400070BD10B5FFF7DFFF0623002800D1030016
:10AF5000180010BD70B504000068002804D0056911
:10AF600001F00DFA2800F8E7206070BD10B504006C
:10AF7000F4F7ACFC200001F002FA200010BD70B51F
:10AF800004000068002804D0056901F0F8F92800E1
:10AF9000F8E7206070BD10B50400F4F7A1FC2000B4
:10AFA00001F0EDF9200010BD70B50400E36A2363E1
:10AFB000206B002807D0C36821009847236B002B23
:10AFC000F4D01B69F3E7E06A002804D0056901F0BA
:10AFD000D6F92800F8E7E06220000830FFF7CFFF3D
:10AFE00020001430FFF7B6FF206A002804D005695E
:10AFF00001F0C5F92800F8E7206270BD10B5040023
:10B00000F4F778FC200001F0BAF9200010BD10B56B
:10B010000400F4F77FFC200001F0B1F9200010BD1E
:10B0200010B50400F4F786FC200001F0A8F9200018
:10B0300010BD10B50400F4F78DFC200001F09FF95D
:10B04000200010BD10B50400F4F794FC200001F0BE
:10B0500096F9200010BD10B50400F4F79BFC200009
:10B0600001F08DF9200010BD10B50400F4F7A2FC2A
:10B07000200001F084F9200010BD10B50400F4F7A1
:10B08000A9FC200001F07BF9200010BD10B50400E0
:10B09000F4F7B0FC200001F072F9200010BD10B5EB
:10B0A0000400F4F7B7FC200001F069F9200010BD9E
:10B0B000F7B5037907000E001400002B11D0082209
:10B0C0000021684601F0B5F90A256B461D71300074
:10B0D000F4F79EF9E368009069462000984728003D
:10B0E000FEBDF4F7E3FA05000C20002DF8D1012392
:10B0F00008223B712900684601F09BF9E7E710B58B
:10B100000400F4F7B1FC200001F039F9200010BD73
:10B1100010B51F220021040001F08BF90023E37712
:10B1200010BD10B50020F4F7CFFD10BD70B5FC3098
:10B13000836B0400002B07D19920800001F02AF9CD
:10B140000500F4F7E3FDA563A06B70BD70B5FC309E
:10B15000836B0400002B07D19920800001F01AF9BD
:10B160000500F4F7D3FDA563A06B70BDF0B5040036
:10B1700087B0E36B2364206C002807D0C3682100EC
:10B180009847236C002BF4D01B69F3E7E06B002891
:10B1900004D0056901F0F3F82800F8E7E063A08027
:10B1A000E068002804D0056901F0E9F82800F8E714
:10B1B000E06020001830FFF7CDFE20002430FFF7BC
:10B1C000DEFE266B002E05D03569300001F0D7F881
:10B1D0002E00F7E701AD310026632800F4F786FD65
:10B1E00023002A00443383CA83C3EB6831002365FC
:10B1F00066652800F4F77AFD23002A00583383CAD5
:10B2000083C3EB6831006366A6662800F4F76EFD21
:10B2100023002A006C3383CA83C33000EB68E667DF
:10B22000A36707B0F0BD70DF704771DF704772DF52
:10B23000704773DF704774DF704775DF704776DFE4
:10B24000704777DF704778DF704779DF70477ADFC4
:10B2500070477BDF70477CDF70477DDF704788DF9A
:10B2600070471420704764207047A0208001704709
:10B2700010B50400FFF7DFFF0323002805D10121EB
:10B280000300583422788A432270180010BD03004E
:10B2900010B5FC24583308001978214019703B215F
:10B2A0008A4200D02839FFF7CAFF0323002800D1C3
:10B2B0000300180010BD030010B5FE330A00D98C3E
:10B2C00003681B6A984710BD10B50800FFF7C1FF5F
:10B2D0000323002800D10300180010BD10B508009A
:10B2E000FFF7B5FF0323002800D10300180010BDAD
:10B2F000080010B51100FFF7A0FF0023984200D00E
:10B300000333180010BD13B50C001100012C0DD82B
:10B310006B460622981C01F070F800206B46591C01
:10B320000C70FFF780FF002805D003E00120A31E6A
:10B330008342F3D9032016BD73B56B465E1C300003
:10B340000D001400FFF771FF032300280CD1002D1E
:10B3500001D033782B70231E06D06B460622991C31
:10B36000200001F04AF80023180076BD080010B54F
:10B370001100FFF772FF0023984200D0033318003A
:10B3800010BD10B50800FFF75EFF0023984200D003
:10B390000333180010BD10B50800FFF756FF002357
:10B3A000984200D00333180010BD10B50800FFF715
:10B3B00048FF0023984203D00533112800D0023BF8
:10B3C000180010BD08207047B83001700020704789
:10B3D000B93001700020704702207047B830007803
:10B3E0007047B930007870470020704702000300B2
:10B3F00010B5F33211786C309B6F984710BD4A68D6
:10B4000010B55310C0180B68D20701D50268D35885
:10B41000984710BD37B56B46DC1D1123080023701B
:10B420000D0001F046F8290082B22000FFF713FF5B
:10B430000023984200D0033318003EBDF8B5060043
:10B440000D00002407273300BA331B78A3420ED91E
:10B450006B79A3420BD9390061432B680722581836
:10B46000BB317118013400F0C8FFE4B2EBE72C7176
:10B470000020F8BDF8B503680700DB6C0D000C79FF
:10B480009847032384420DD8002307212879DAB294
:10B49000904209D90A005A432C680133125D032AED
:10B4A000F5D104231800F8BD3E000024BA363470EC
:10B4B0002B79A34211D907231900307861435843EF
:10B4C0002B68BB3059183818072200F096FF3378E4
:10B4D000013401333370E4B2EAE70023E2E710B548
:10B4E0000C00C97F01201F2902D8002901D10320A7
:10B4F00010BDD37F2000FFF79AFE0028F7D1208CE3
:10B50000FFF7A1FE0028F3D0F1E710B50400F4F72F
:10B51000D5FA03000620002B0AD1220001211800D1
:10B52000FE324942D184BA34463A137053702370C4
:10B5300010BDFE30C1847047FE30C08C7047F0B53E
:10B540009BB00AAB009312AB02936A46002307003C
:10B5500013711373B8373B7805000E00002B18D118
:10B5600004AC18220021200000F063FF3378200093
:10B5700023703B7823726B46E36073882382B38821
:10B580006382FFF756FE02000320002A07D01BB09B
:10B59000F0BD6946F4F74EFC0028E1D0F7E701233F
:10B5A0005835297810000B432B70F0E77EDF704789
:10B5B00068DF704710B500F088FB10BD022310B59E
:10B5C0000B708C330B713F3B4B712D338B714A1CCD
:10B5D000043100F051FB10BDA0DF7047A4DF7047BD
:10B5E000A5DF7047A6DF7047A8DF704737B50800B2
:10B5F000002511006A4655806D46069C01932288FD
:10B600002A806A46FFF7ECFF0323002802D12B882B
:10B610002380030018003EBD70B586B016006A4650
:10B6200000200C00951DD380F4F74EFB03681B69C6
:10B630009847FFF781FF02A901230C8000248B703B
:10B640008C80CE608D60FFF7CDFF83B22000A342D7
:10B6500000D0053006B070BDF8B5040000200D0024
:10B660001600F4F731FB03681B6998472368DF690C
:10B67000FFF762FF330001002A002000B847F8BD41
:10B68000F0B5D48B02001E000023457985B0F83256
:10B690009D4224D908321700083F3F88A74211D1A4
:10B6A0001F33DB00C3180E249A8802236C442380C6
:10B6B000036803AD00949F682B00B847002803D0AF
:10B6C00005B0F0BD0133E3E723880620022BF7D154
:10B6D0002B8800209B07F3D001233370F0E7042070
:10B6E000EEE710B50278002A0BD10C781300002C7D
:10B6F00005D1438A488A1B1A58424341DBB21800DD
:10B7000010BD0023012AFAD10A78012AF7D10131AC
:10B7100001300F3200F062FE43424341EEE770B564
:10B7200004000D006368A360A068002807D0C36808
:10B7300029009847A368002BF4D01B69F3E770BD7C
:10B7400010B5C368984710BD0B0010B51100042B4D
:10B7500008D0052B0DD0032B03D1436C4430002BB4
:10B7600004D110BD836D5830002BFAD0FFF7E8FFED
:10B77000F7E70300C26E6C33002AF2D01800F5E739
:10B78000F0B50B888FB005000C00502B37D007D8D0
:10B79000012B00D164E0182B00D170E00FB0F0BD98
:10B7A000522B6CD000D27BE0532BF7D1CE880521F1
:10B7B0002B0000206A79F833009000988242EDD97E
:10B7C0000833180008380088B04275D1062900D126
:10B7D000B2E0072973D0320002293DD1A3880AA91B
:10B7E0000B804E80237A0B71A38BCB80E38B2034AC
:10B7F0000B81CC6028001430FFF791FFCEE70200E8
:10B800000023CE884179FC3299420DD908321000CC
:10B8100008380088B04209D120339B005A59531C84
:10B82000D87F3023184203D10221C1E70133EBE76F
:10B83000A31CD97F0134E37F09020B43810602D5A3
:10B8400003219C0707D40421C00604D503390B400B
:10B85000594259410331D28B2800FFF775FF9DE70C
:10B860000C7AEB682B612869002800D196E7C36841
:10B87000210098472B69002BF3D01B69F2E7A388BE
:10B880000AAE33802B6B6B63686B002800D185E7B1
:10B89000C368310098476B6B002BF3D01B69F2E74C
:10B8A0008B79012B05D0022B00D077E70E89072179
:10B8B0007EE70E8906217BE7009801307CE70023B4
:10B8C0000593A38802AA13805680E38B06AF93806A
:10B8D000238C0021D38023001022223338000193CF
:10B8E000049300F0A6FD02233B70009B20339B00D5
:10B8F0005A5913002A3319780023994206D01000B0
:10B90000D36C403002A9984702AB9B89A0883900CC
:10B91000BB80FFF769FEBB88002B00D03EE7A38801
:10B920000AA90B804E80A37A0B71E38BCB80238C0A
:10B930000B81019BCB605DE7162002AB0A22002140
:10B94000C01800F076FDA38806AF7E803B80A38BF5
:10B950000AAE102200213000BB8000F06AFD0123F6
:10B960003370009B20339B005B591A0029321178F9
:10B970000022914205D0180039002C309B6B98476B
:10B98000BA89B280BB89002B0BD1BA68002A08D0D3
:10B99000B17901330B43B371BB883381FB88F2600B
:10B9A0007381A0883100FFF71FFEF7E6A2DF704722
:10B9B000A3DF704763DF704710B586B06B46DC1DB0
:10B9C000002302AA2370C15C99540133102BFAD1D1
:10B9D00021001000FFF7EEFF0023984200D12378EA
:10B9E000180006B010BDF0B51600302499B00193D0
:10B9F0001EAB04CB02901B880391059320AB1B88E0
:10BA00000492069321AB1B783440079323AB1F8825
:10BA100024AB1B78089325AB1B780993002C14D01A
:10BA20000AAB9D1C03220021280000F002FD022326
:10BA3000019AAB70901E0F332B70032804D8F7F7D0
:10BA40005FFC023C3E4021236B7011AD1C220021A3
:10BA5000280000F0EEFC621E94410AAB02336442FF
:10BA600023402E706B61002F05D0229B002B02D04B
:10BA70006B602F816F810AAB5C1D032200212000C7
:10BA800000F0D7FC0121089B099A0B400A401201E3
:10BA9000DB001343079A0A401100022213430B43B1
:10BAA000A37032231E4210D0019B581E04280CD8CC
:10BAB000F7F726FC0917191B1D003123C4E71223D1
:10BAC000C2E72223C0E7112323700C231E4212D0A9
:10BAD0000198013804280ED8F7F712FC0B27292B00
:10BAE0002D002123F0E73123EEE71223ECE7222398
:10BAF000EAE71123637012200AAB06220021C01866
:10BB000000F097FC039B0CAD0C93059B2A002B8146
:10BB1000069B11A9AB81049B02982B61269B6C604C
:10BB2000FFF744FF80B219B0F0BD2123E2E73123D3
:10BB3000E0E71223DEE72223DCE7F0B58BB00293C7
:10BB400010AB1B880600039311AB1C7804AB5D1C83
:10BB50000F00019200210322280000F06AFC01235B
:10BB60000E201C40DB181C430F332B706B7004AB92
:10BB700006220021C018AC7000F05BFC029B05ACF3
:10BB80002381039B129AA381019B2100300005971A
:10BB900065602361FFF70CFF80B20BB0F0BD77DF6B
:10BBA000704778DF70477ADF70477CDF704729DFA6
:10BBB000704728DF704710B5FFF7F9FFF4F76AFE0A
:10BBC00010BD10B5F4F7D6FD802252051369116936
:10BBD000421E98B2504389B2F7F79CFBFFF7E9FF8A
:10BBE000F4F758FE10BD2EDF704732DF704733DFA9
:10BBF00070474CDF70477FDF704782DF7047A7DFF9
:10BC00007047A9DF7047AADF704700207047002007
:10BC100070470020704710B5F5F784FB10BD10B5D4
:10BC2000F5F736FC10BD10B5F5F792FC10BD0020FD
:10BC300070470020704700207047002070472EDFBB
:10BC4000704751DF704710DF704711DF704761DFC9
:10BC5000704710B508001100FFF733F810BDAADFD8
:10BC6000704744DF704711DF704713DF704700DF14
:10BC7000704770474DDF704730B500230D0014004A
:10BC80008DB06946C21AD27B5A540133102BF8D1B9
:10BC900000210D2204A800F0CCFB6A462B786846F0
:10BCA000D3776B789377AB785377FFF7E3FF2F2346
:10BCB0006B441B7823702E236B441B7863702D23F9
:10BCC0006B441B78A3700DB030BD30B50378040011
:10BCD00085B00D000020022B20D16B46611C032291
:10BCE000D81D00F08AFB0D236B44211D0322180090
:10BCF00000F083FB0A236B441A000D236B441900E8
:10BD00002800FFF7B9FF0A236B4419006B46032292
:10BD1000D81D00F063FB43425841C0B205B030BDAE
:10BD2000A6DF7047F0B585B01C000AAB0500039193
:10BD300016001F78F6F7EEFA01235F400097230004
:10BD400032000399280000F075FA201A441EA04121
:10BD500005B0F0BDF0B585B01C000AAB050003913D
:10BD600016001F78F6F7D6FA01235F4000972300EC
:10BD700032000399280000F01BFA201A441EA0414B
:10BD800005B0F0BD10B50400F6F7D2FA200000F0BF
:10BD9000F6FA200010BD836980681B681840431EB6
:10BDA0009841704710B5043000F0EEF910BD4369BA
:10BDB000010010B50068002B03D1002800D0804797
:10BDC00010BD0028FCD004319847F9E710B50129CF
:10BDD00002D0022904D010BD2030FFF7E8FFFAE7B7
:10BDE0003830FAE7704710B5040000F0C8FA2000B8
:10BDF00010BD10B500F02AF810BD10B500F02BF8FA
:10BE000010BD704718234A1C5A4359438218926840
:10BE1000431810B5DB68002A03D1002B00D09847E7
:10BE200010BD002BFCD01031411818009047F7E7E7
:10BE300010B5040000F0A3FA200010BD70B50D008D
:10BE400004000430F6F7F2FFE56370BD10B504306E
:10BE500000F063FA10BD10B50C000430F7F76EF86F
:10BE6000200010BD10B5040043684269991800F025
:10BE700076F8E36A002B04D1A369002B00D0984721
:10BE800010BDA0690028FBD021001C319847F7E7BE
:10BE900010B5040000F06BF80023A361E36210BD4D
:10BEA00070B50D00040000F062F86561206900F0D3
:10BEB00054F94119200000F052F870BDC36A010026
:10BEC00010B58069002B03D1002800D0804710BD39
:10BED0000028FCD01C319847F9E710B50400F6F7AC
:10BEE0007FFA200000F04BFA200010BD036810B567
:10BEF0000400002B05D1C06800F02FF90123606019
:10BF0000236010BD10B504000068002804D0E0686C
:10BF100000F023F96368C01A10BD10B58468FFF7FC
:10BF2000F1FF201810BD10B50400C06800F015F92D
:10BF300000236060A36010BD002310B50360436060
:10BF400083600400F6F77CFAE0602000FFF7EBFF67
:10BF5000200010BD10B503689B68984710BD10B550
:10BF60000A000300011D006900F0BFF810BD10B504
:10BF7000011D006900F0D5F810BD10B50120FBF7D8
:10BF80008DFE7047704710B5FFF7FCFFFFF7F9FF14
:10BF9000EDF71AFA10BD10B5002801D000F001F835
:10BFA000FEE710B59AB0002102A800F06EF801215A
:10BFB00008A800F06AF802210EA800F066F8162121
:10BFC00014A800F062F89624059B039A20001A60DA
:10BFD000099A0C9B1A600F9A129B1A60159A179B6C
:10BFE00001921A6000F0C9F8069B039A20001A60BB
:10BFF000099A0B9B1A600F9A119B01921A60159A6D
:10C00000189B1A6000F0B9F8DEE70FB4012010B5F4
:10C01000FBF744FE70B50D0004001600F6F784FA35
:10C020006B1C07D00021200000F0B4F83100200084
:10C0300000F0AAF870BD70B5436804000D00002A36
:10C040000AD0C26813602000012100F0A3F8290083
:10C05000200000F099F870BD0269F3E710B50322E3
:10C06000FFF7D8FF10BD10B5FFF7D4FF10BD70B5B6
:10C070000D0004001600F6F757FA6B1C04D03200CE
:10C0800000212000FFF7D7FF70BD10B50022FFF799
:10C09000EEFF10BD70B504000D0003681B689847E3
:10C0A00063681D6070BD036870B5DB680400984765
:10C0B00063685A682368002A02D19B68984770BD5C
:10C0C0005B681568984763682D1A5A68002D07DC6D
:10C0D000916859601B68002BEAD050689847E7E7E1
:10C0E000236810681B699847E9E770B50D0072B6C0
:10C0F0004B60002346680A607468002C09D1002B4D
:10C100000DD1036875601B6910009847AC6062B67A
:10C1100070BD2168511AF2D42300A468EDE79D6038
:10C12000F4E710B572B6426853688B420DD19B6834
:10C1300053600268002B03D19368984762B610BD24
:10C14000126918689047F9E71300002BF6D09A6837
:10C150008A42F9D18A689A60F0E710B503685B6893
:10C16000984710BD70B50400F7F728F80500F7F7F9
:10C1700025F8401BA042FAD370BDFA2310B59B00EE
:10C180005843FFF7EFFF10BD10B5007840B200F044
:10C1900081F810BD002902D0012900D0704700238A
:10C1A000A022C356D205C133FF339B009950F5E757
:10C1B000F7B50192B1221E0003684910D2009950D0
:10C1C0008021012289005A50190000240500FC3109
:10C1D000CC601A60771E019BA7420BDCD9190122A3
:10C1E0002800F6F7CDFA002819D02800F6F78EFBC4
:10C1F0003E0010E0191900222800F6F7C1FA0028C5
:10C200000BD02800F6F7B4FB06002800F6F77EFBFB
:10C21000002E00DB26003000FEBD0134DAE7089B6B
:10C22000002BF8D02B68FC339A68002AFCD000223F
:10C230009A60F0E7F8B51700B1221C000368D2003D
:10C24000491099508022002592009D50012206003D
:10C250009A60A54209DB069B002B04D03000F6F75C
:10C260006DFB002813D120000EE0795D3000F6F759
:10C2700073FA002809D03000F6F748FB3000F6F7D3
:10C2800077FB002800DB2800F8BD0135E1E701203D
:10C290004042F9E7A0238000DB05C018E02310B579
:10C2A0000C24DB00C2588900A243C250C25811437B
:10C2B000C15010BD30B5002902D001290FD030BDCA
:10C2C00001220C0013008B4005691D4203D0056854
:10C2D0008B00EB181C6001311F29F3D1EFE700231D
:10C2E0000A009A400469144203D004689A00A21814
:10C2F000116001331F2BF3D1E1E70B00426810B549
:10C3000014680169634019406140116010BD10B5A7
:10C31000407840B2F6F772FB10BD03681A00FC3299
:10C32000D1680129FCD10021D160A322D200985804
:10C33000C0B2704782B00190C046C046C046C046F9
:10C34000C046C046C046C046C046C046C046C046BD
:10C35000C046C046019B013B0193002BECD102B0CB
:10C360007047704770470023CB565A1C01D1180004
:10C3700002E0834201D1486870470C31F3E710B501
:10C38000EDF7DAFE10BD0B0010B501001800FBF749
:10C3900071FC10BD10B5041E00D101342000EDF772
:10C3A00097FE002807D1F6F7A5FF002801D100F07D
:10C3B00003F88047F2E710BD10B50620FBF7A8FC94
:10C3C0000120FFF7E8FDC9B28218904201D1002098
:10C3D000704703788B42FBD00130F6E730B500247C
:10C3E000A24201D1002005E0035D651C0C5DA34263
:10C3F00001D0181B30BD2C00F2E7002310B59A4283
:10C4000000D110BDCC5CC4540133F8E710B58842AC
:10C4100002D98B18984203D3002307E08B5C835426
:10C42000013AFBD210BDCC5CC45401339A42FAD11C
:10C43000F8E703001218934200D1704719700133D6
:10C44000F9E770B504000D001F2904D91623036015
:10C450000120404270BD436C002B04D08A009B1821
:10C460001A68002A08D1200000F015F82A000100FF
:10C470002000FBF757FCEDE70020012AEAD0511C11
:10C4800003D1162301302360E4E7002428001C6058
:10C4900090472000DEE710B5FBF706FF10BD0278DD
:10C4A0000B78002A03D0013001319A42F7D0D01A1C
:10C4B00070470023C25C0133002AFBD1581E70472D
:10C4C00030B50500002A00D130BD0C78013A6B1C54
:10C4D0002C700131002C05D19A189A42F4D01C70AE
:10C4E0000133FAE71D00EDE7F7B5150001938A68FF
:10C4F0000B6900900C00934200DA130022002B60BD
:10C5000043321278002A01D001332B6023689B0646
:10C5100002D52B6802332B60062723681F4027D0E3
:10C52000230043331B785A1E93412268920630D46D
:10C530002200019943320098089EB047431C25D041
:10C54000062320682A68E16803400025042B03D1F4
:10C550008D1AEB43DB171D40A3682269934201DD6E
:10C560009B1AED180027BD4220D1002010E00137B2
:10C57000E3682A689B1ABB42D2DD220001231932EC
:10C5800001990098089EB047431CF0D10120404219
:10C59000FEBD3020E1184331087021005A1C45319E
:10C5A0000978A218433202331170C1E72200012337
:10C5B0001A3201990098089EB047431CE6D0013713
:10C5C000D1E70000F8B5C046F8BC08BC9E467047ED
:10C5D000F8B5C046F8BC08BC9E4670470000000095
:10C5E0004FBB610567ACDD3F182D4454FB21E93F8B
:10C5F0009BF681D20B73EF3F182D4454FB21F93F7A
:10C60000E2652F227F2B7A3C075C143326A6813CFF
:10C61000BDCBF07A8807703C075C143326A6913CAA
:10C620000000000001000000020000000300000004
:10C63000080000000C0000000D0000000E000000CB
:10C640000F000000100000000000000001000000CA
:10C6500002000000030000000000000000000000D5
:10C660003D930100A18A02000500000005000000C2
:10C6700003000000090000000D04000014D70200B0
:10C680000000000000000000CF8B0200CD8B0200F4
:10C69000D78B0200D98B0200FFFF000000000000D2
:10C6A000FFFF01000100000000000000000000008A
:10C6B000D9910200CD8B02001D9202001F92020050
:10C6C0000000000000000000D9910200CD8B0200A4
:10C6D0001B9202002B920200DB910200F7910200F4
:10C6E000FB91020017920200C9A60100D1A6010029
:10C6F0000D930200000000000000000065AB010087
:10C70000CD8B020041AC0100C59302000000000087
:10C7100000000000D9910200CD8B020005940200B8
:10C7200007940200B1AC0100E593020001940200FD
:10C73000B9AC0100139402000100000017000000D2
:10C7400046000000A30000005F010000D6020000C8
:10C75000C4050000A00B0000000000000000000065
:10C76000E99B0200CD8B020071B5010071990200B6
:10C77000000000000000000069A00200F9BC0100F8
:10C7800065BC0100C39E0200D1BD0100D59E020020
:10C7900081A00200F8FFFFFF00000000D991020015
:10C7A000E5BE0100F1BD010001BE01000000000076
:10C7B00000000000D9910200CD8B0200C1A0020050
:10C7C000C3A002000000000000000000D991020098
:10C7D00019A402000BA402000DA402000000000036
:10C7E00000000000D9910200B3A6020075A6020065
:10C7F00077A602000000000000000000F5CC010058
:10C80000BBA6020014C80200030000002CC80200EE
:10C81000080000000200000000000000040000000A
:10C82000010000000800000002000000C409000030
:10C83000000000008813000008000000102700001E
:10C8400010000000204E0000180000008038010099
:10C8500020000000007102002800000000E2040037
:10C8600030000000008813003800000000000000C5
:10C8700000000000D9910200E1A6020045CF0100AE
:10C88000EBA60200DB910200F7910200FB9102008F
:10C890001792020051CE010089CF01000D930200D2
:10C8A000BCFFFFFF00000000D991020041CE010053
:10C8B00069CF010079CF010035CF0100E593020077
:10C8C0000194020085D0010013940200DCC802002C
:10C8D00003000000F4C8020008000000020000008D
:10C8E000000000000400000001000000080000003B
:10C8F00002000000E204000000000000C409000083
:10C90000080000008813000010000000102700003D
:10C9100018000000204E00002000000080380100B8
:10C9200028000000007102003000000000C409006F
:10C93000380000000000000000000000D991020053
:10C940000FA70200C9D1010019A70200DB91020064
:10C95000F7910200FB9102001792020015D101002D
:10C96000E1D101000D93020070C902000B0000002C
:10C97000D430000000000000A8610000200000008A
:10C9800050C3000040000000A086010060000000CD
:10C99000400D030080000000801A0600880000009F
:10C9A00000350C0090000000006A1800B000000084
:10C9B00000D43000D000000000A86100F0000000AA
:10C9C0000050C300F800000000000000000000005C
:10C9D000D99102003DA70200B5D2010047A702008D
:10C9E000CDD20100E59302000194020071D3010051
:10C9F0001394020004CA02000400000024CA0200CA
:10CA00000900000002000000000000000400000017
:10CA100010000000080000002000000010000000CE
:10CA2000300000006902000080000000E802000001
:10CA300090000000C409000070000000881300008E
:10CA4000600000001027000050000000204E000091
:10CA500040000000409C000030000000A086010063
:10CA60002000000040420F00100000000000000005
:10CA700000000000D99102006BA70200E5D401007C
:10CA800075A70200DB910200F7910200FB91020002
:10CA90001792020051D40100FDD401000D93020051
:10CAA000A8CA020004000000102700000C000000CB
:10CAB000204E00000800000050C3000004000000E9
:10CAC000A08601000000000000000000000000003F
:10CAD000D991020099A702004DD60100A3A7020038
:10CAE000EDD50100E59302000194020065D6010036
:10CAF0001394020004CB02000400000024CB0200C7
:10CB00000800000002000000030000000400000014
:10CB100005000000080000000800000010000000F0
:10CB20000C000000F401000007000000E803000012
:10CB300006000000D007000005000000A00F000064
:10CB400004000000401F000003000000803E0000C1
:10CB500002000000007D00000100000000FA00005B
:10CB6000000000000000000000000000D991020059
:10CB7000C7A7020035D80100D1A70200DB9102004F
:10CB8000F7910200FB910200179202002DD70100DD
:10CB90004DD801000D930200A0CB02000800000058
:10CBA0003582000007000000409C000006000000E5
:10CBB00050C30000050000006A04010004000000EA
:10CBC000A08601000000000048E80100030000000A
:10CBD0000A8B02000200000020A1070001000000F3
:10CBE0000000000000000000D99102000BA8020024
:10CBF00099DC010015A802003DD90100E59302006F
:10CC0000019402003DDB01001394020000000000CB
:10CC10000000000027A80200CD8B020081DD01008A
:10CC200029A8020000000000000000003BA802004C
:10CC3000CD8B020055E301003DA80200000000007A
:10CC400000000000D991020019E6010031E5010061
:10CC5000BFA802000000000000000000F7AA0200C8
:10CC6000000000000000000095F9010057B002002C
:10CC70000000000000000000B5F9010069B00200EA
:10CC80000000000000000000D5F901007BB00200A8
:10CC90000000000000000000F5F901008DB0020066
:10CCA0000000000000000000C5AC0200C9AC02009A
:10CCB000CDAC0200D1AC020075F70100D5AC02008A
:10CCC000D9AC0200DDAC0200E1AC0200E5AC020030
:10CCD000E9AC0200EDAC0200F1AC0200F5AC0200E0
:10CCE000F9AC0200FDAC020001AD020005AD02008E
:10CCF00009AD02000FAD020013AD020017AD020036
:10CD00001BAD02001FAD020023AD020027AD0200E3
:10CD10002BAD02002FAD020033AD020037AD020093
:10CD20007BBF02007BBF0200BDFA010000000000D3
:10CD30000000000015FA01009FB002000000000092
:10CD400000000000F5F80100FDAF02000000000047
:10CD500000000000CDF801006DAF020000000000EF
:10CD600000000000E1F8010097AF020000000000A1
:10CD70000000000015F901000FB0020000000000E3
:10CD80000000000035F9010021B0020000000000A1
:10CD9000000000004FAD020053AD020057AD02008D
:10CDA0005BAD02005FAD020063AD020067AD020043
:10CDB0006BAD02006FAD02006DB10200000000001B
:10CDC0000000000055F9010033B00200000000002F
:10CDD0000000000075F9010045B0020000000000ED
:10CDE0000000000073AD02007DF7010077AD020086
:10CDF0007BAD02007FAD020081AD020085AD020077
:10CE000089AD02008BAD02008FAD020093AD020030
:10CE1000A9AF02000000000000000000A7AE020061
:10CE20009BAE02008FAE020087AE0200E9AD0200A9
:10CE30003BAD02003FAD020043AD020047AD020032
:10CE40004BAD020043AF02000000000000000000F4
:10CE5000B1B002009DAD0200B7AE020059F801006A
:10CE6000A1AD0200A5AD02004DB102002DB102003E
:10CE700011F8010035FA0100DDF70100A9AD02004B
:10CE800069FA0100FFB0020000000000000000008D
:10CE900007B3020039B3020063B2020067B20200B6
:10CEA0006BB2020071B20200D9AC020061FF010056
:10CEB0008FB20200B7B20200C9B20200DDB20200B6
:10CEC000F1B2020015B402006DB3020083B3020098
:10CED00097B30200ABB30200CDFD0100C5B3020061
:10CEE0003DB4020075B40200C9B30200D1B3020020
:10CEF000D9B30200DDB30200E3B30200E9B30200DC
:10CF000033AD020019FE0100DFB4020015FF01007D
:10CF10000BB502000000000000000000F103020059
:10CF2000CD020200EDB50200E5020200010302009D
:10CF300019B6020059B6020081B602006FAD0200B8
:10CF4000CD050200C3BB0200A5090200D109020001
:10CF50005D0902002909020071080200410802006F
:10CF6000C50D0200A90D0200110D020013BC020044
:10CF7000911402003BBC02001FBC02002FBC020047
:10CF80005115020033BC020027BC02000FBC020096
:10CF90002513020037BC020017BC0200000000008D
:10CFA000000000003123020085BD020000000000E7
:10CFB00000000000E5BD0200E7BD02000000000027
:10CFC0000000000003BE020031BE020000000000AD
:10CFD0000000000055B501008399020065BE020003
:10CFE0000000000000000000E1230200DBBE0200A0
:10CFF000BDBE0200000000000000000000000000B4
:10D00000000000007BBF020010D00200702800204A
:10D0100031310200BD31020063C3020065C302006A
:10D02000D53102001A00000000700040010000002D
:10D030001B00000000700040020000000100000022
:10D04000007000400400000002000000007000407A
:10D050000800000003000000007000401000000005
:10D0600004000000007000402000000005000000E7
:10D07000007000404000000006000000007000400A
:10D0800080000000FF000000FFFFFFFF0000000025
:10D09000B004000000F004006009000000D00900A6
:10D0A000C012000000B013008025000000502700CF
:10D0B0004038000000003B00004B000000A04E0084
:10D0C0008070000000F07500127A000000008000FF
:10D0D0000096000000509D0000E1000000F0EB0011
:10D0E000002C010000903A0100C2010000E0D701CD
:10D0F0000084030000B0AF0390D0030000000004E0
:10D100000008070000705F0700100E00A4DFBE0ECD
:10D1100040420F0000000010A23D0200DE3C020071
:10D12000023D0200A03C0200023D02007E3D0200E2
:10D13000023D0200A03C0200DE3C0200DE3C020098
:10D140007E3D0200A03C0200D43D0200D43D02001E
:10D15000D43D02008A3D0200DE3C0200DE3C0200BB
:10D16000023D02009E3C0200023D02007E3D0200A4
:10D17000023D02009E3C0200DE3C0200DE3C02005A
:10D180007E3D02009E3C0200D43D0200D43D0200E0
:10D19000D43D0200883D0200CC40020076400200EF
:10D1A00076400200A4410200724002007240020078
:10D1B0009A410200A4410200724002009A4102001A
:10D1C00072400200A4410200A8410200A8410200EE
:10D1D000A8410200B0410200F04F0200624E02007E
:10D1E000A64E02000A4E0200A64E0200964F020012
:10D1F000A64E02000A4E0200624E0200624E02007B
:10D20000964F02000A4E0200024E0200024E020039
:10D21000024E0200A44F0200185702001A560200E4
:10D220001A56020038590200145602001456020021
:10D2300020590200385902001456020020590200F9
:10D2400014560200385902002E5902002E590200CD
:10D250002E5902003C59020073717274660000007E
:10D26000000FC93F000F494000CB9640000FC94056
:10D270000053FB4000CB164100ED2F41000F494108
:10D280000031624100537B41003A8A4100CB964114
:10D29000005CA34100EDAF41007EBC41000FC941DD
:10D2A00000A0D5410031E24100C2EE410053FB41F4
:10D2B00000F20342003A0A420083104200CB1642B9
:10D2C00000141D42005C234200A5294200ED2F42BC
:10D2D00000363642007E3C4200C74242000F4942BF
:10D2E000A2000000F9000000830000006E000000B2
:10D2F0004E0000004400000015000000290000005E
:10D30000FC0000002700000057000000D1000000D2
:10D31000F500000034000000DD000000C000000047
:10D32000DB00000062000000950000009900000092
:10D330003C0000004300000090000000410000009D
:10D34000FE0000005100000063000000AB00000080
:10D35000DE000000BB000000C5000000610000000E
:10D36000B7000000240000006E0000003A0000003A
:10D37000420000004D000000D2000000E00000006C
:10D3800006000000490000002E000000EA00000036
:10D3900009000000D1000000920000001C00000005
:10D3A000FE0000001D000000EB0000001C0000005B
:10D3B000B100000029000000A70000003E000000AE
:10D3C000E80000008200000035000000F5000000C9
:10D3D0002E000000BB00000044000000840000009C
:10D3E000E90000009C000000700000002600000022
:10D3F000B40000005F0000007E000000410000005B
:10D400003900000091000000D60000003900000043
:10D41000830000005300000039000000F400000009
:10D420009C000000840000005F0000008B000000F2
:10D43000BD000000F9000000280000003B000000D3
:10D440001F000000F800000097000000FF0000002F
:10D45000DE00000005000000980000000F00000042
:10D46000EF0000002F000000110000008B00000002
:10D470005A0000000A0000006D0000001F000000BC
:10D480006D000000360000007E000000CF000000AC
:10D4900027000000CB00000009000000B7000000DA
:10D4A0004F000000460000003F0000006600000042
:10D4B0009E0000005F000000EA0000002D00000058
:10D4C0007500000027000000BA000000C70000003F
:10D4D000EB000000E5000000F10000007B00000010
:10D4E0003D0000000700000039000000F7000000C8
:10D4F0008A0000005200000092000000EA000000D4
:10D500006B000000FB0000005F000000B1000000A5
:10D510001F0000008D0000005D00000008000000FA
:10D52000560000000300000030000000460000002C
:10D53000FC0000007B0000006B000000AB0000005E
:10D54000F0000000CF000000BC0000002000000040
:10D550009A000000F4000000360000001D000000EA
:10D56000A9000000E300000091000000610000003D
:10D570005E000000E60000001B0000000800000044
:10D580006500000099000000850000005F000000B9
:10D5900014000000A000000068000000400000002F
:10D5A0008D000000FF000000D80000008000000097
:10D5B0004D00000073000000270000003100000053
:10D5C00006000000060000001500000056000000E4
:10D5D000CA00000073000000A8000000C90000009D
:10D5E00060000000E20000007B000000C0000000BE
:10D5F0008C0000006B0000000000C93F0000F03903
:10D600000000DA370000A2330000842E0000502B07
:10D610000000C2270000D0220000C41F0000C61B6B
:10D62000000044170400000007000000090000008B
:10D630003863ED3EDA0F493F5E987B3FDA0FC93F12
:10D640006937AC3168212233B40F14336821A23317
:10D6500000000000000000000000000000000000CA
:10D6600000000000000000000000000000000000BA
:10D6700000000000000000000000000000000000AA
:10D68000000000000000000000000000000000009A
:10D69000000000000000000000000000000000008A
:10D6A000000000000000000000000000000000007A
:10D6B0001C2000200B50F3E4607F415190917D00CD
:10D6C0008D6FFC5C0B500101607F415190917D009A
:10D6D0008D6FFC5C0B500102607F415190917D0089
:10D6E0008D6FFC5C0B500100607F415190917D007B
:10D6F0008D6FFC5C0B500120607F415190917D004B
:10D700008D6FFC5C0B500110607F415190917D004A
:10D710008D6FFC5C0000040202040200000204049D
:10D7200004000202000404030100000103030300DB
:10D7300001010203030402010103010403010003C8
:10D74000000004010102000003025265626F6F7461
:10D750004D6F646500666C617368496E636F6D70D0
:10D760006C657465007A76677074756F6965617A47
:10D7700076677074756F6965617A7667707400009A
:10D780000402020402000002040404000202000475
:10D790000403010000010303030001010203030469
:10D7A000020101030104030100030000040101025E
:10D7B000000003021B1B000E1100000000000808FF
:10D7C0000800080A4A4000000A5FEA5FEA0ED92E04
:10D7D000D36E19324489330C924C924D08080000E4
:10D7E0000004880808040804848488000A448A40E5
:10D7F00000048EC480000000048800000EC00000F9
:10D800000000080001224488100C9252524C048CF3
:10D8100084848E1C824C901E1EC244924C06CA52B6
:10D820005FE21FF01EC13E02448ED12E1FE24488EB
:10D83000100ED12ED12E0ED12EC488000800080063
:10D8400000048004880244880482000EC00EC008D0
:10D85000048244880ED126C0040ED135B36C0C92DC
:10D860005ED2521C925C925C0ED010100E1C925232
:10D87000525C1ED01C901E1ED01C90100ED0137136
:10D880002E12525ED2521C8808081C1FE242524CD3
:10D890001254981492101010101E113B75B13111D2
:10D8A0003935B3710C9252524C1C925C90100C9210
:10D8B000524C861C925C92510ED00C825C1FE48408
:10D8C0008484125252524C1131312A44113135BBE9
:10D8D0007112524C9252112A4484841EC488101E24
:10D8E0000EC808080E10080482410EC242424E04BF
:10D8F0008A400000000000001F0804800000000EA5
:10D90000D2524F10101C925C000ED0100E02424EEC
:10D91000D24E0C925C900E06C81C88080ED24EC2E5
:10D920004C10101C92520800080808024002424C99
:10D9300010149814920808080806001B75B13100ED
:10D940001C925252000C92524C001C925C90000EA1
:10D95000D24EC2000ED010100006C8049808080E5F
:10D96000C807001252524F0011312A4400113135BC
:10D97000BB00124C8C9200112A4498001EC4881ED1
:10D9800006C48C8486080808080818080C88180043
:10D99000000C8360302C3235352C302C3235352C50
:10D9A000300A302C3235352C302C3235352C300ABB
:10D9B000302C302C302C302C300A3235352C302C99
:10D9C000302C302C3235350A302C3235352C32356E
:10D9D000352C3235352C300A0054494C5420544FE4
:10D9E0002046494C4C2053435245454E2000636F1E
:10D9F0006D7061737343616C0000000100020003ED
:10DA00000004000001010102010301040100020100
:10DA100002020203020402000301030203030304DF
:10DA2000030004010402040304040474656D7043DC
:10DA3000616C000000FFFF00FF00FF00FF00FFFF20
:10DA4000FF00FF00FF00FF0000FFFF00E2ECF0F42A
:10DA5000F8FC0004626C655379734174747273004E
:10DA600043616C6C696F7065206D696E69205B0045
:10DA7000302C302C3235352C302C300A302C3235CD
:10DA8000352C302C302C300A3235352C3235352CB3
:10DA90003235352C3235352C3235350A302C32358D
:10DAA000352C302C302C300A302C302C3235352CA3
:10DAB000302C300A00302C302C302C302C300A30F6
:10DAC0002C302C302C302C3235350A302C302C3088
:10DAD0002C3235352C300A3235352C302C32353558
:10DAE0002C302C300A302C3235352C302C302C3068
:10DAF0000A003235352C302C302C302C3235350A9A
:10DB0000302C3235352C302C3235352C300A302C37
:10DB1000302C3235352C302C300A302C3235352C27
:10DB2000302C3235352C300A3235352C302C302C17
:10DB3000302C3235350A005D00322E322E302D72F7
:10DB400063362D63616C6C696F70652E7263342D62
:10DB50002D670043616C6C696F7065206D696E693B
:10DB600000E95D93B1251D470AA062FA1922DFA9D9
:10DB7000A8E95D93B0251D470AA062FA1922DFA922
:10DB8000A86261642068616E646C6520746F2075A2
:10DB90006E6465726C79696E67207472616E737001
:10DBA0006F727400494E495449414C495A41544995
:10DBB0004F4E5F494E434F4D504C45544500756E96
:10DBC0006B6E6F776E004E6F7264696320424C45D6
:10DBD000342E31207665723A25752066773A2530E5
:10DBE0003478004E6F726469632028737065632017
:10DBF000756E6B6E6F776E29207665723A2575208B
:10DC000066773A2530347800D8E2ECF0F4F8FC007E
:10DC1000040102036E52463578004E6F2061766132
:10DC2000696C61626C65204932430070696E6D6198
:10DC300070206E6F7420666F756E6420666F722040
:10DC40007065726970686572616C00232D302B20DD
:10DC500000686C4C006566674546470030313233DA
:10DC60003435363738394142434445460030313245
:10DC700033343536373839616263646566000000D5
:10DC80000000000084A4FE7F0100000000000000EE
:10DC9000B9D7020039DB020053DB020073BC02007B
:10DCA000204E00001C2000200000000070D6020062
:10DCB00090D6020050D602000000000000000000D4
:10DCC0000000000000000000000000000000000054
:10DCD0000000000000000000000000000000000044
:10DCE0000000000000000000000000000000000034
:10DCF0000000000000000000000000000000000024
:10DD00000000000000000000204EFFFF00000000A7
:10DD1000FF0F10100700FF0000040100E980010060
:10DD2000ED93010061A001009DA3010059A601002F
:0CDD300081A60100F5BE0100C1800100C9
:020000040003F7
:10C00000803F002099F60300E1F60300E3F6030009
:10C010000000000000000000000000000000000020
:10C0200000000000000000000000000005E6030022
:10C030000000000000000000E7F60300E9F603003E
:10C04000EBF60300EBF60300EBF60300EBF6030060
:10C05000EBF6030000000000EBF60300EBF6030034
:10C06000EBF6030005E50300EBF60300EBF6030037
:10C07000EBF60300EBF60300EBF60300EBF6030030
:10C08000EBF60300E1C40300EBF60300EBF603005C
:10C09000A1C50300EBF6030049F60300EBF603002D
:10C0A000EBF60300EBF603000000000000000000C8
:10C0B0000000000000000000000000000000000080
:10C0C000402292029A1A92467047C046174B002BA4
:10C0D00000D1134B9D46FFF7F3FF00218B460F461F
:10C0E0001348144A121A00F065F80E4B002B00D0CA
:10C0F00098470D4B002B00D09847002000210400EA
:10C100000D000D48002802D00C4800E000BF00F0F0
:10C110002DF82000290002F013FB00F011F8C046B2
:10C12000000008000000000000000000803F002028
:10C13000682C002080340020000000000000000077
:10C14000084B10B50400002B02D0002100E000BF16
:10C15000054B1868836A002B00D09847200000F038
:10C1600031F8C0460000000094F8030070B50026C6
:10C170000C4D0D4C641BA410A64209D1002603F0FF
:10C180007DFB0A4D0A4C641BA410A64205D170BD6C
:10C19000B300EB5898470136EEE7B300EB589847E9
:10C1A0000136F2E7682C0020682C0020682C002063
:10C1B000682C002003008218934200D17047197048
:10C1C0000133F9E7FEE7C046BFF34F8F024B034A46
:10C1D000DA60BFF34F8FFEE700ED00E00400FA05E0
:10C1E00036DF704737DF704730B504000325100095
:10C1F0004B1CDB009BB228402A420DD1074D2A6020
:10C20000D218074B1A60074B1870074B1870074B72
:10C210001C80074B198030BD0720FCE7702C0020E4
:10C220006C2C0020682C0020782C0020742C00201E
:10C23000762C0020F0B5484B85B01B8800900D008F
:10C24000092001928B426CD3002302AAD371434B85
:10C2500004265B68DB05DC0D002B16D0103C0322A6
:10C2600021001140914060B2E3B224065BD50F205B
:10C270000340083B3A489B089B001B185B68CB4077
:10C280009B091A40D6B2012A5AD002ABD81DFFF73B
:10C29000A7FF02284DD172B6324B33491F78334B7A
:10C2A00009881C780020FFB2E2B28C4201D2013230
:10C2B000D0B287424BD01C7818780022C3B281429A
:10C2C00001D90133DAB2294B1A70012E10D062B6AF
:10C2D00002ABD879FFF786FF022302009A4303D00E
:10C2E00000221100FFF770FF214B04209C4218D060
:10C2F000204F019A3B68E6009B191A60009A002AB9
:10C3000022D0002D20D0144B2A0018881A4B444309
:10C3100018680099001903F0A1FA00203B689E19E3
:10C32000B58005B0F0BD8308C03314489B001B588E
:10C33000A5E70028B0D000221100FFF745FFABE7CA
:10C340001600A9E70A4CC2E700209880E9E7012E11
:10C35000F8D10420E5E7C046742C002000ED00E091
:10C3600018ED00E0782C0020762C0020682C0020AE
:10C37000FFFF0000702C00206C2C002000E100E08A
:10C3800070B5104B104A19781278914219D00F49A4
:10C3900018780D881C780021C0B2E2B2A54201D9FC
:10C3A0000132D1B219700A4BC2001B689B18094AAE
:10C3B000998812881B685043074A126810189847DA
:10C3C000DFE770BD782C0020682C0020762C002040
:10C3D000702C0020742C00206C2C00208022194B23
:10C3E0009202DA67D2218022174B520289005A50FA
:10C3F00040395A5001212F22596010000138C0469F
:10C40000C046C046C046C046C046C046C046C046FC
:10C41000C046C046C046F1D1996000230B491000C8
:10C420000B600138C046C046C046C046C046C04644
:10C43000C046C046C046C046C046C046F1D1044AC8
:10C440001370704704E100E000100140902C0020C0
:10C45000822C002010B5427803008078013290428F
:10C4600000D100221C780020944205D00A605A783E
:10C47000183042435868801810BD000010B5154BA5
:10C4800002205B68DB05DC0D002B1BD0103C032277
:10C4900021001140914060B2E3B2240613D50F2071
:10C4A0000340083B0C489B089B001B185B68CB4073
:10C4B0009B0913400020DAB2012B03D0033A531E2C
:10C4C0009A41501C10BD8308C03304489B001B5880
:10C4D000EDE7C04600ED00E018ED00E000E100E00F
:10C4E000F8B50024234B5C649C64DC641C655C60D0
:10C4F0009C60214B1E68731C35D024271F4B204A9B
:10C50000D558204B1B68ED1A2D022D0A1E4B7E4379
:10C51000196889194B68AB4212D8ED1AE4181B4B05
:10C520000E6A1A688B69C969002A1DD018009047E5
:10C53000002803D000221100FFF746FE731CE5D14E
:10C54000134A144B11781B788B4204D10133DBB2B0
:10C55000022B0CD0137013780F4A9B009C50802242
:10C560000E4B52035A60F8BD08009847E6E70023D7
:10C57000F0E7C046FC100140942C002004050000A8
:10C5800000100140902C00209C2C00207C2C0020CE
:10C590008D2C00208C2C0020842C0020FCE100E05D
:10C5A000F0B5C548C549047800200B688FB00893E2
:10C5B000C34BC44A1B6801900993137802909C42B4
:10C5C00012D00133DBB2022B00D1B5E01370137827
:10C5D000BD4A9B009B580193019A089B9B181B0224
:10C5E0001B0A0B600123029300242426B74B0C94F2
:10C5F0001B780393B64B039A1B6800920493B54BC8
:10C600001B689C46AD4B1B680A93B34B1B780D937C
:10C61000099B009A013AD2B20092FF2A00D08DE025
:10C620000C9A002A05D0AC4A0D991170A34A0A99B8
:10C630001160A34A002C00D013601368029A002AEC
:10C6400000D001E1099AD31A5A1E9341DBB202933A
:10C6500001235B4200939A4B1B6807939E4B0799FB
:10C660001B780893954B1B68019300230593039B4C
:10C67000013BDBB20393FF2B00D0EDE0059A904B1A
:10C68000002A00D019601A68079B934202D1029BCE
:10C69000002B4CD0531C00D17BE124235343634433
:10C6A0005B688E498E4D00934C59019A8D4EA21AAB
:10C6B00012023078120A033200281FD18020D127BD
:10C6C0004002BF00C851403FC851C0238027864860
:10C6D000BF025B00C750076001272F200F600138A1
:10C6E000C046C046C046C046C046C046C046C0461A
:10C6F000C046C046C046C046F1D13770009B934249
:10C7000000D21300019A9B18A8221B021B0AD20018
:10C710008B504A591B1B121B1202120A1B020332B6
:10C720001B0A9A4203D98022704B92025A6000225F
:10C73000694B1A700FB0F0BD107048E7009A049969
:10C74000D2008F188A5C7978914200D161E7182174
:10C750005143786801324118B878D2B2904200D182
:10C760000022087802280AD000210328EBD1581CA7
:10C77000E9D073436344197501241B6AF7E74968DC
:10C780000591714361440B91087D0028DBD01900AD
:10C7900006930AE035004D4365440795059D8D429B
:10C7A00000D1F9E006910799096A4D1CF2D12000E9
:10C7B00000210B9C21750400C5E7734363441B6A89
:10C7C000591C06D10121454CA16000210C900D900F
:10C7D0000A9107990D6A4C680699714361440D628C
:10C7E000691CE5D07543654469680C196C60DFE726
:10C7F00032005A4362445568019FBD4207D900295F
:10C8000001D02F490B60019BED1A556023E7019978
:10C810004019491B1569176A019154601475002D60
:10C8200008D00899D56009180902090A9160009991
:10C83000009311623B0002995A1CD9D1002900D102
:10C8400009E71F4A136006E701220021524208004F
:10C8500024260C000092EFE7039BDA00049B9A1851
:10C86000009B013344D1002756781378B34200D19E
:10C87000FDE6182058435468013320189478DBB241
:10C8800013709C4200D117700378012BEDD14468DE
:10C890002333634363441D7D002DE6D186689E608B
:10C8A000C668DE6006691E614069D8610898002884
:10C8B00025D09D6023E0C0468D2C0020902C0020C8
:10C8C000942C00208C2C0020842C0020982C0020FC
:10C8D000A02C00209C2C0020812C00200010014066
:10C8E00004050000822C002000E100E0FCE100E0F3
:10C8F00024230098434363440400186A0090986816
:10C90000019D294F451B2D02DE682D0ABD4219D815
:10C91000AD195D60002001269860D86001381E7551
:10C9200018624B1C0CD02425242365434B436544DB
:10C93000634468685F68B84228D8381A586029622A
:10C94000059621E0019D281A0002000AB04202D299
:10C95000301A5860DEE70020FBE7366AC01B0693FA
:10C96000771C0AD0330024265E43664477688742EA
:10C97000F3D33F1A77601E00069B68602420434370
:10C9800063442E621C620C00210069E70B000691D3
:10C99000E9E7FFF723FDCAE60599069DA94200D104
:10C9A0000BE7200015E7C046FEFF7F00F7B51C002F
:10C9B000032325000F00160001901D401C4253D197
:10C9C000002C51D0FFF70AFD284B089A24211A6049
:10C9D000274B1F70274B4F431C602B00E719BC42AD
:10C9E0003ED10322244B18211A702200234B183207
:10C9F0001C60100000237143626023706370A67096
:10CA000008345218A042F7D101211D4A4942116051
:10CA10001C4A802013701C4AC5241370C0221B4B73
:10CA2000400352009850A4001A590131FF318A4343
:10CA30001100C0220A431A51A1221860019914481A
:10CA4000D2008150043C1A5912491140C0221202EE
:10CA50000A431A51104BC258104B1A602800FEBDF1
:10CA6000237023752434BAE70725F7E77C2C0020D0
:10CA7000802C00209C2C0020982C0020A02C002032
:10CA8000942C00208C2C00208D2C002000E100E054
:10CA900000100140FF00FFFF04050000902C002063
:10CAA000F0B5104B05001B680820002B17D001388B
:10CAB000002A14D0002D12D000240B480778A7427A
:10CAC00001DC04200BE01E00243318002438007819
:10CAD000002805D1012371703370B2612C60F0BD64
:10CAE0000134ECE79C2C0020802C0020F0B51F4B7B
:10CAF00085B001921A6805000C000820002A32D087
:10CB00001B4B01381B78AB422DD904292BD9242388
:10CB10006B43D118D35C0130012B24D14B78270013
:10CB2000012B00D00027FFF7A9FC124BC0001E68A4
:10CB300003A936183000FFF78DFC03000420002BFA
:10CB400011D001220C491A700C4A5D608A580020ED
:10CB50009A60019ADC605A6180221F61039B520334
:10CB60007370074B5A6005B0F0BDC0469C2C002086
:10CB7000802C0020A02C00200010014004050000A3
:10CB8000FCE100E037B5154B04001A680820002AC4
:10CB900022D0134B01381B78A3421DD924236343B1
:10CBA0009B5C0130012B17D1FFF768FC0D4BC000D7
:10CBB0001D6801A92D182800FFF74CFC0300042074
:10CBC000002B09D002221A70802200205C60019B99
:10CBD00052036B70044B5A603EBDC0469C2C002033
:10CBE000802C0020A02C0020FCE100E010B5040007
:10CBF000082904D0002211001000FFF7E5FA23688D
:10CC00006068984710BD000007B5044A0090019184
:10CC100068460821FFF70EFB0EBDC046EDCB0300B2
:10CC200048DF704711DF704713DF704710B5FFF71B
:10CC3000F7FF002803D000221100FFF7C5FAFFF725
:10CC40009FFB034B1B78023B022BF0D810BDC04664
:10CC5000AC2C002010B5074B10001A78012A02D125
:10CC6000022900D11970002803D000221100FFF71B
:10CC7000ABFA10BDAC2C002010B50C4C1C212000D0
:10CC800001F069FB002803D000221100FFF79CFA95
:10CC900000231C222000064901F04EFB002803D08F
:10CCA00000221100FFF790FA10BDC046A42C00200E
:10CCB000B02C002007B50368013301D100200EBD60
:10CCC00001A800F051F9019B1A78012AF6D1588881
:10CCD000002806D09968C0239B010022986800F0C4
:10CCE00067F9019B5B88181A43425841C0B2E6E7D6
:10CCF00084B0F0B585B0C4B21D000A900D93030C4A
:10CD000003A80F0016000B910C92019300F02CF970
:10CD1000002C0AD1384B019AFF215A8001229D60D4
:10CD20001A701971354B1A7012E0012C17D1324B61
:10CD3000019ADF605A80BA1952199A60A5221A70B6
:10CD40005A321A710E9A1E615D619A612B4B1C70EA
:10CD5000FFF792FF05B0F0BC08BC04B01847032CE5
:10CD60000FD1039A244B1178197051889268598019
:10CD70009A60AA22DF601A711E615D61A93A1F4B99
:10CD8000D1E7022C18D1039A1B4B1178A5290DD19C
:10CD900000225A809A60FF321A70FF221A71002214
:10CDA000DA601A615A61154B0132BCE7197051887B
:10CDB000926859809A60F0E7052C0BD100F044FF8F
:10CDC000002803D000221100FFF7FEF903220B4BCD
:10CDD0001A70BFE7042C09D10022074B5A809A60D1
:10CDE000FF321A70039A12791A71B1E7062CB1D189
:10CDF0000422024BECE7C046B02C0020AC2C0020F3
:10CE00001FB50822002102A8FFF7D4F9074B0193B0
:10CE100001F062FA002806D1FF2305499B0201A810
:10CE20004B6001F075FA05B000BDC04655CC03005B
:10CE3000A42C002010B500F0F7F9041E04D100F076
:10CE400065FE0400FFF7F2FE200010BD10B5FFF7ED
:10CE5000E9FE002803D000221100FFF7B5F90E4BC0
:10CE60000120196800230D4C02009A400A4200D0AC
:10CE7000E2670133202BF7D1C024A401A068FFF79B
:10CE8000D3FE002803D000221100FFF79DF9A0680F
:10CE900000F070F810BDC04600E100E004E100E0E1
:10CEA00007B501A800F060F8019B01201A78A52AB7
:10CEB00004D01879AA3843425841C0B20EBD10B50B
:10CEC00000F0C4FB00281BD0642001F013F900F02F
:10CED00037FB002803D000221100FFF775F900F09E
:10CEE000B5FB002803D000221100FFF76DF900F018
:10CEF00073FB041E08D000221100FFF765F903E060
:10CF000000F085FB041EDFD1200010BD10B588B0F5
:10CF100003AC142200212000FFF74CF902232370F8
:10CF2000002303980499059A0093069BFFF7E0FEFF
:10CF3000FFF77CFE002008B010BD13B5040001A867
:10CF400000F012F8019B1A7822705A8862809A6861
:10CF5000A2601A792271DA68E2601A6922615A695C
:10CF600062619B69A36113BD014B03607047C046BA
:10CF700000FC0300F0B50300186880F308885868C7
:10CF8000FF2464B2EFF30585002D01D1A6460047CA
:10CF9000251C061C21273FBAF0B4002400250026DA
:10CFA0000027F0B4F92040B20047C046F0BDC046AB
:10CFB000030030B5002A07D01088FF241A00591842
:10CFC00064018A4202D130BD0848F6E7137840BABE
:10CFD00080B25840C3B21B095840030343405D016F
:10CFE000254098B268400132EBE7C046FFFF0000E1
:10CFF00018DF704770B514001D00022909D00429FC
:10D0000014D0002C04D0002220001100FFF7DCF81F
:10D0100070BD0E4B1B78052BF3D10D4B1B68002BFD
:10D02000EFD02A00210004209847EAE7074E337822
:10D03000022BE6D1074B5B6898470320044B307006
:10D040001B68002BDDD02A002100EDE7D42C002046
:10D05000CC2C0020DC2C0020012200B5074B89B02D
:10D060001A7003AB04321A70079A0398009204995D
:10D07000059A069BFFF73CFE09B000BDD52C0020A9
:10D08000032300B589B003A80370074B1B884380B6
:10D09000064B079804330ECB00900398FFF728FE49
:10D0A000002009B000BDC046E82C0020342D00202F
:10D0B000012200B589B003AB1A70084A12885A8061
:10D0C000C0239B019868064B04330ECB0090039855
:10D0D000FFF70EFE002009B000BDC046E82C00207E
:10D0E000342D002010B588B003AC1422002120009C
:10D0F000FFF760F80423237000230398009304993A
:10D10000059A069BFFF7F4FD08B010BD10B500248A
:10D110008AB01422002105A8FFF74CF802AB1C735B
:10D12000084B02AA1B880699D381074B099ADB6832
:10D13000059803920092079A0893FFF7D9FD200003
:10D140000AB010BDE82C0020342D00200222084B2C
:10D15000084810B51860084B1A70084B196801F0A0
:10D16000FAF8002803D000221100FFF72DF810BDB7
:10D170004C2D0020442D0020D42C0020EC2C00202D
:10D1800070B50E4B08241D78002D15D10C4C20686D
:10D19000FFF7F8FC002803D02A002900FFF714F855
:10D1A000F021206800228903FFF7A0FC041E03D0B1
:10D1B00000221100FFF708F8200070BDD52C0020D8
:10D1C000D82C0020F0B51E00032385B00500019087
:10D1D000970868460C00009302910397FFF708FF39
:10D1E00000281ED080235B019C4212D80123684690
:10D1F0000093019502940397FFF7FAFE002810D1DF
:10D20000032368460093019502940397FFF7F0FE0D
:10D2100007E033003200A11BA81BFFF7D3FF002853
:10D22000E4D005B0F0BD0000F0B5002685B00822BE
:10D23000002102A8FEF7BEFF1A4B1B4F01931B4BA8
:10D2400039001E701A4B01A81E8001F061F8194DBB
:10D250000400B04203D02E70200005B0F0BDC02302
:10D26000154E9B019B680100144A30007B60FFF75C
:10D2700017FC002803D022002100FEF7A5FFF021B3
:10D28000002230688903FFF731FC002803D0002218
:10D290001100FEF799FF0022094B1A6001232B7041
:10D2A000DAE7C046F5CF0300442D0020302D0020E2
:10D2B000E82C0020D42C0020D82C002059D00300CA
:10D2C000D02C0020014B18607047C046CC2C0020A9
:10D2D000234B70B51900426831CA31C112680A6027
:10D2E00019784A0702D506248A0730D103255A68DF
:10D2F00006242A422BD19868284228D1DE682E4283
:10D3000025D11318F0229B19164E9201336024196F
:10D3100090421CD8C02292019068F0229202121A08
:10D32000934214D8104D114B2B60114B6B60CB07FF
:10D330000FD5104BAB60104B08241B78012B06D186
:10D34000FFF71EFF041E02D12B68306898472000AB
:10D3500070BD8B0701D5094BECE7094BEAE7C046E6
:10D36000342D0020EC2C0020DC2C00204DD10300BB
:10D37000E5D00300B1D00300D42C002081D00300FD
:10D380000DD10300F8B505000E20002D17D0AB68B5
:10D3900002309B0713D1164B1A78032A10D0083895
:10D3A000052A0CD16B68134E134F9C0033683A6802
:10D3B000E318934207D901230C205B423360F8BD88
:10D3C00005221A70EEE7FFF7DBFE0028F7D10B48C5
:10D3D00022003368A968006800F0AEFF0028EED193
:10D3E0003368E4183B6834609C42E8D00930E6E7D3
:10D3F000D42C0020D02C0020EC2C00204C2D002020
:10D4000070B50A4B08201D68002D0CD1084E3378EA
:10D41000042B08D1074C0848217800F047F9002870
:10D4200002D10523337070BD2570FCE7D02C00209D
:10D43000D42C0020302D0020F02C0020F8B5144B07
:10D4400006001A78032A1DD00824042A18D1114B8B
:10D4500008241B68002B13D1FFF792FE041E0FD186
:10D4600073680D4F9D003B785A19402A0DD80B4820
:10D470002A00C018B16802F0F1F93B785D193D70DF
:10D480002000F8BD04221A70E1E70924F8E7C0463D
:10D49000D42C0020D02C0020302D0020F02C002097
:10D4A00070B50E4C08202378052B15D10C4D0D4B73
:10D4B0002A681B6893420FD106232370FFF760FE92
:10D4C000002809D1084B29681B68586800F0F0F85B
:10D4D000002801D10723237070BDC046D42C002042
:10D4E000EC2C0020D02C00204C2D002010B5094B36
:10D4F00008201B78072B0CD1074B1868FFF742FB5D
:10D50000002803D000221100FEF75EFE034B9B684B
:10D51000984710BDD42C0020D82C0020DC2C0020F3
:10D52000062200B589B003AB1A70079A03980092DF
:10D530000499059A069BFFF7DBFB09B000BD0000CC
:10D54000F0B58FB007A8FFF7F8FC0A9C201E19D091
:10D5500080230D9D5B01E318AB422ED91D4BEB18C8
:10D5600001935F08C0239B019B689C420CD8012358
:10D570000198984380235B01C118221A3B002818A8
:10D58000FFF720FE0FB0F0BD802301265B01FB18E2
:10D5900003A80396049305930696FFF729FD002838
:10D5A000F0D1802303A85B010396049305930696AC
:10D5B000FFF71EFD0028E5D1D9E70123039380235F
:10D5C000A4085B0103A8049505930694FFF710FDDA
:10D5D000D8E7C04600F0FFFF00B58DB005A8FFF703
:10D5E000ACFC099800280DD0089B002B0CD1C0235F
:10D5F0009B019B6800228008039001A8019202937E
:10D60000FFF7F6FC0DB000BD0B9A9B18F2E700B5D2
:10D610008DB005A8FFF791FC0998002810D0089B51
:10D62000002B0FD1C0239B019B6803220192F022A3
:10D6300080089202049001A802920393FFF7D8FC9D
:10D640000DB000BD0B9A9B18EFE7000030B58DB010
:10D6500005A8FFF772FC0898002815D080210B9DC3
:10D6600049014318AB4211D9C0239B019B689842E2
:10D6700018D80D4B0122EB181C009443D3406118BD
:10D68000021B2819FFF79EFD0DB030BD0323019347
:10D69000802380085B01049001A802930395FFF7A3
:10D6A000A7FCF1E70E20EFE700F0FFFF0020704736
:10D6B000002070474278017883781202C0781143C5
:10D6C0001B040B4300061843704773DF704774DF79
:10D6D000704776DF70477ADF70477CDF70477FDF07
:10D6E000704782DF7047A7DF7047A8DF7047A9DF68
:10D6F0007047AADF704767DF704700B50C2813D862
:10D7000001F0F4FF14121212121209120712120D74
:10D710000B00022000BD0320FCE70420FAE7081FED
:10D72000431E98410530F5E70620F3E70120F1E7B5
:10D73000002210B51100FEF747FD10BD10B5FFF730
:10D74000F7FF10BD70B50C001500032825D0042884
:10D750000FD100290ED0144B1888144B984208D0D2
:10D760001321FFF7B6FF002803D000221100FEF7B7
:10D770002BFD70BD100000F04BFC002803D02200F0
:10D780002100FEF721FD0A4B1B68AB42F1D10122BB
:10D790000321084801F09CFDE5E701212000FFF787
:10D7A000ACFF01210200F4E7602C0020FFFF000025
:10D7B000F42D0020A82D002010B50400080003213E
:10D7C000FFF79BFF03210200200001F081FD0028EC
:10D7D00003D000221100FEF7F7FC10BDF0B5114B8D
:10D7E0008FB09B7901AE02ACB3700F4B07000021E4
:10D7F0003022200000253380FEF7DCFC02232900C4
:10D8000023702000013BA570E7702381059601F08D
:10D81000A7FAA84203D02A002900FEF7D5FC0FB0D2
:10D82000F0BDC046A82D002030150000F0B5284BF3
:10D830008BB01E78002E2DD1264C182231002000EE
:10D84000FEF7B8FC244B1D78002D3AD01022234956
:10D8500002A802F003F81022214802A9214F01F08A
:10D86000EFFF051E18D10520FFF7B8FF0123676001
:10D870002370257225612000FFF727FF002803D0C1
:10D8800000221100FEF7A0FC174801F091F80123D7
:10D890000F4A13700BB0F0BD114B0122009301AB86
:10D8A00006936B4606AD0420089301972A712A73EC
:10D8B000FFF794FF022326702372E560282323617B
:10D8C000D9E70620FFF78AFF257065602572F5E726
:10D8D000D82D0020502D0020A42D0020A0F80300FA
:10D8E0006F2D0020682D0020847C420070B504005C
:10D8F000AEB001F021FB7B48210001F01BFD208828
:10D90000192815D80F2804D8022800D1A6E02EB077
:10D9100070BD10380928FAD801F0F2FE2900320053
:10D92000F9FF4E00A600F9FFF9FFF9FFB4008100EE
:10D93000522800D1A6E0552860D05128E7D1A3791C
:10D94000002BE4D0A27A043A022AE0D8022B00D0BD
:10D9500001236A46382152181370C1236A465B00BE
:10D960009387614B0EA91888FFF7BFFE40E00020A7
:10D97000A2885D4B1A805D4B187001F019F8C6E75C
:10D980008023322108AA584C1380594B20881960F3
:10D9900001230EA9FFF7ADFE002803D000221100DD
:10D9A000FEF712FC534B1B78002B01D1FFF73EFF13
:10D9B00001235B422380AAE74F4C0722210002AEDD
:10D9C00006A801F04BFF1022E11D300001F046FFD8
:10D9D00021000EAD1C221831280001F03FFF424B00
:10D9E00085211888454A08AB0C960B95FFF777FE02
:10D9F000002800D18BE7002211000DE0A479002C53
:10DA000000D084E7384B13211888FFF762FE002806
:10DA100000D17CE722002100FEF7D6FB77E7A3794F
:10DA2000002B00D073E7314A1370314B1A68511E36
:10DA3000196000290FD10EAC14222000FEF7BAFBAA
:10DA400005232370129B0E9800930F99109A119B37
:10DA5000FFF74EF95BE7FFF7E9FE58E7224B00219D
:10DA60001888FFF748FEC3E7234AE089538D002159
:10DA7000984201D1110018310023A0880732FFF726
:10DA800030FEB5E7184B1E4D1C88AC4228D01D4B0C
:10DA9000197800291ED018490123082220003431AA
:10DAA000FFF725FE0028A6D1020001000223200076
:10DAB000FFF71DFE00289ED12A000C212000FFF751
:10DAC00012FE0222104BC318934300D11FE708280F
:10DAD0008ED11CE70B000A002000FFF708FE87E745
:10DAE000082088E7A82D0020602C0020D82D0020D9
:10DAF000642C0020EB2D0020682D0020E62D002056
:10DB0000FFFF0000A42D0020FECFFFFF002370B513
:10DB1000404A41481370414A88B0137001F080FDBB
:10DB2000051E74D13E48FFF7CDFB00F035FA051E07
:10DB30006DD13C4800F076FD3B4B6A461D701123C9
:10DB40003A4C1370200001F092FE210082B2684628
:10DB5000FFF7C3FD002803D02A002900FEF734FB9D
:10DB600001AC082200212000FEF724FB0C23002634
:10DB70002380DB1863807933FF332000A680E380A5
:10DB8000FFF7A9FDB04203D032003100FEF71CFBC5
:10DB900000210C222000FEF70DFB04232380244BE0
:10DBA00021006360234B2448A36001F027FA00287A
:10DBB00003D000221100FEF707FB00261C220021E3
:10DBC0002000FEF7F7FA1D4B019663608023DB010E
:10DBD000A360032323731A4B2000E6812674666139
:10DBE000A36101F069F9B04203D032003100FEF7C1
:10DBF000EBFA3F21134B1A788A4311000C220A4397
:10DC00001A7007225A7009329A70FFF70FFE280027
:10DC100008B070BDEB2D0020EDD80300E52D0020ED
:10DC200045D70300682D0020A42D002098F803009C
:10DC3000B1DC03003DD70300A82D0020CD0C00006F
:10DC400031D70300E62D0020012210B5144B1A70C5
:10DC5000144B1888144B984212D01321FFF739FD4A
:10DC6000002803D000221100FEF7AEFA01F05CF9A3
:10DC7000002803D000221100FEF7A6FA002010BDF4
:10DC80000A4C2378002BF1D0FFF721FD002803D0A8
:10DC900000221100FEF798FA00232370E6E7C04641
:10DCA000EB2D0020602C0020FFFF0000D82D00206D
:10DCB000F0B5050008780C008BB0092828D801F0D1
:10DCC00029FD32003A0049000A00190029004301E9
:10DCD0004C014C005101FFF7E3FB0421FFF70DFD60
:10DCE00004210200280001F0F3FA002810D00022DD
:10DCF000110054E0FFF7A8FF002803D00022110014
:10DD0000FEF762FAFFF7F2FB002801D0FFF708FCEC
:10DD10000BB0F0BDFFF798FF0028F7D000221100EC
:10DD2000FEF752FAF2E70122914B1A708B681A78CB
:10DD3000904B1A70ECE702268D4B1E708B681B7897
:10DD4000012BE5D1FFF75CFB3100FFF7D6FC0200A9
:10DD50003100C7E70322864BEBE7854B1E78022E86
:10DD600050D0032E77D0012ED2D11022002106A848
:10DD7000FEF720FA7F4B02AA1B78002713740322B8
:10DD800006AB05970392049323790C2B0AD031003C
:10DD9000280001F09DFAB842BAD03A003900FEF7E7
:10DDA00013FAB5E7A4682000FFF784FC0790201D54
:10DDB000FFF780FC089020000830FFF77BFC0990FB
:10DDC00003A8FFF785FA00280AD03100FFF795FC79
:10DDD00031000200280001F07BFA0028DDD197E72E
:10DDE000654B1860079B30000093089B0193019AD4
:10DDF000009B9446099A63449B18604A136000F0A4
:10DE0000D7FD85E70B7903221800104013420FD08D
:10DE10001A1A0432D2B29446190000270E00A268E2
:10DE20000131C9B297556145F8D11B1A04332371EA
:10DE300001230693A36806A8089323799B080793F8
:10DE4000FFF7FCFA002800D162E70221FFF755FC3A
:10DE50000221020046E708793200304200D077E71D
:10DE6000474E0390310000F0ABF8011E03D02800AC
:10DE7000FFF7A2FC4CE7A168039A306801F0EEFCC2
:10DE8000039800F007F9011EF1D103A9300000F05A
:10DE90000FF9011EEBD104230693039B06A89B08F0
:10DEA000079333680893FFF76DFA071E08D1324ACB
:10DEB000237911685B1813603268324B1A6027E7C8
:10DEC000092837D12C4E22793368D2182E4B326074
:10DED0001B78002B00D11BE72C4C2388013B9BB205
:10DEE0002380002B00D013E7244B196800290FD0A2
:10DEF000192050434B1EC018814217D801F014FC62
:10DF00000300182814D801209840013800F050FD73
:10DF10002800316801F0A4F9002803D00022110084
:10DF2000FEF752F91A4B1B882380F1E60123EAE73A
:10DF30001848EBE7306800F06BF8011E02D02800AB
:10DF4000FFF73AFC390092E701220F4B1A708B88D9
:10DF50000F4A13800D4A1380DAE600230A4A137031
:10DF60000B4AF8E7044B2800196801F03FF9BCE6BA
:10DF7000E52D0020F02D0020DC2D0020EC2D0020D0
:10DF8000F82D0020F42D0020E42D0020E22D0020AB
:10DF9000E02D0020FFFFFF010020064B064A18700D
:10DFA000064B1A60082298605A60D8601861586160
:10DFB00098617047FC2D0020002E0020202F0020AB
:10DFC00030B505000E2000291ED000240F4B0C6038
:10DFD0005A680A38A24217D00830202D14D8013AC6
:10DFE0005A60DA6818300132DA601A691D685043E5
:10DFF0002818086001219140986901320143996114
:10E00000072120000A401A6130BDC046202F0020A1
:10E01000F0B51F4A0400936804209C4685B0002B8D
:10E0200034D0072655691768E91A31400B002420BF
:10E0300058433818844211D10120984094696040B7
:10E04000906100200126072794699B190194546868
:10E050003B4002940025644603930AE001333340B9
:10E060009D42E4D11020EDE7002C0BD03500039940
:10E07000013C33008B401900029F019B67443F1B0A
:10E080000B42F1D0002D01D09460576005B0F0BD77
:10E09000202F00200721054A13691268013B0B401D
:10E0A0001D314B43D318186200207047202F0020E9
:10E0B00030B505000E20002D18D0002916D00C4BCD
:10E0C0000A38DA68002A11D02424013ADA609A6802
:10E0D000186801329A605A69544304192C60206A06
:10E0E00001320860072100200A405A6130BDC04655
:10E0F000202F002082B00190019B002B01D102B0A3
:10E100007047019B0848013B01930138C046C04657
:10E11000C046C046C046C046C046C046C046C046CF
:10E12000C046C046F1D1E7E7E703000029DF7047AA
:10E1300028DF70471823434305480222C0180023F4
:10E1400002610371836043618361C3607047C046AD
:10E15000442F00200B0037B5020018005D68DC6812
:10E1600009780095034DA40064595B690C30A04701
:10E1700037BDC0463C2F0020182370B5184C2278BC
:10E180005343E3181A795869022A03D0042A1AD093
:10E190000F2070BD134A996915689A68DB68AD0253
:10E1A000C0188023521B49192818DB009A4207D255
:10E1B0009208FFF7BBFF0028EBD10123A370E8E72B
:10E1C00080225200F5E780235B05196989B201F0CE
:10E1D000ABFA044B1B68C018FFF7AAFFEBE7C04679
:10E1E000442F00203C30002070B5134D06006C78A1
:10E1F00004200A2C19D028782418E4B2092C01D95B
:10E200000A3CE4B2182044432C19A2612200267172
:10E21000103241C941C2A360049BE360AB78002B7C
:10E2200004D000206B7801336B7070BDFFF7A4FF42
:10E230001128F7D1F5E7C046442F002070B5244CD3
:10E24000A378002B05D00021A170022802D003285A
:10E2500034D070BD182225781E486A430368A2187E
:10E260009268013303609B02934212D3637801608A
:10E27000013B63706B1CDBB2092B1CD8182169436E
:10E280000431002061182370FFF764FF2800FFF7B6
:10E2900051FF6378002BDCD0A378002BD9D1FFF796
:10E2A0006BFF0028D5D01128D3D0182123785943EB
:10E2B0000431611808E02B00093BDFE718210D202D
:10E2C0002378594304310919FFF744FFC1E7C046D9
:10E2D000442F00203C30002010B50024084B1C6067
:10E2E000084B1C809C7020000134FFF723FF0A2C90
:10E2F000F9D10020044B1860044B1860586010BD21
:10E300003C300020442F0020383000203C2F0020DB
:10E3100010B5074C020023680420022B07D0002010
:10E320000B60591C21601168024A9B00995010BD76
:10E33000383000203C2F002037B5CD180D430400A5
:10E340001020AD0706D100930E3813000A002100FB
:10E35000FFF74AFF3EBD07B500220B000092010007
:10E360000420FFF741FF0EBDF8B50C00214E4179A6
:10E370000500735C17000820002B09D1002C02D186
:10E380001D4CC90064181D4B2A689A4201D1072010
:10E39000F8BD0420E178285600F0DEF86B79184AC1
:10E3A00061689B009950002FF1D0164A16489F5083
:10E3B0000122296863780F58134097433B43A127F4
:10E3C0000B5003202B68FF00D959A37881430340E9
:10E3D0000B43A2202968C000CB5123780F24296861
:10E3E00023400F58A7433B430B506B790020F25456
:10E3F000CEE7C04640300020B0F803000080004067
:10E400004830002044300020040500000122022191
:10E4100003681A604379014AD154704740300020A4
:10E42000012302680249136142798B547047C04648
:10E43000403000201F2370B5027900251A401E3B92
:10E440009340134A0400D3674379124A9B009D50BE
:10E45000FFF7E6FF8022216892008B580E480340A8
:10E460008B50C223802221689B005202CA50802216
:10E4700021689202CA5080222168D202CA508022AA
:10E4800021681203CA506379044AD55470BDC0464E
:10E4900004E100E044300020F0F0FFFF40300020B5
:10E4A00030B5802464028C400568002B08D0C1235D
:10E4B0009B00EC5051310368FF318900CA5030BDD8
:10E4C000C223F5E7F8B502278024FF378F401D00EF
:10E4D0000668A400365906ABBE4307681B783E5158
:10E4E000066837593D433551FFF7DAFFF8BDA223DF
:10E4F00002688020DB00D3588000DBB2D84048435C
:10E500004009704770B5C12580260024AD00760211
:10E51000A30018000C4A41309B181A68FF3080B2E3
:10E52000002A0CD0094A51593200A240114206D0AB
:10E5300000221A60064B074A1B681168984701348D
:10E54000042CE5D170BDC0464091004000900040D1
:10E55000443000204830002030B5FF2503232C0034
:10E560000340DB009C4089012940E4439940C2B24A
:10E57000002814DA0F231340083B0E489B089B0029
:10E580001B18D86904402143D9611F231A40C021B8
:10E590001E3B9340084A49005350136030BDC025CC
:10E5A000054B80088000C018AD0043591C40214332
:10E5B0004151EAE700ED00E000E100E070B5012321
:10E5C0000D0000281AD109680E23002916D00C4C22
:10E5D000A1420CD0621A2F333B2A06D93C222000DC
:10E5E00001F03CF903E0CA5CE254013BFBD200229B
:10E5F0003C212000FEF7DCFC0023A0872B6070BDCF
:10E60000803F00200323064A5B429E4502D1EFF380
:10E61000098101E0EFF3088188690238007810472A
:10E62000BDE5030070B50E23061E11D0094C002273
:10E630003C212000FEF7BCFCA58F0B23854207D1AF
:10E640003C222100300001F009F900230135A587A3
:10E65000180070BD803F002060DF704713DF7047F7
:10E6600018DF704710B586B00C22002103A8FDF713
:10E67000A1FD022302A80293FFF7F2FF002803D0B6
:10E6800000221100FDF7A0FDF0208002FFF7E6FF59
:10E69000002803D000221100FDF796FD48220D202E
:10E6A000154B164900F098FF002803D000221100F6
:10E6B000FDF78AFD082200216846FDF77BFD6B46C9
:10E6C0001A780123002413436A46684601941370A4
:10E6D000FFF7C2FFA04203D022002100FDF774FD26
:10E6E000074800F0A7FF002803D000221100FDF723
:10E6F0006BFD06B010BDC04685F60300DC3300207C
:10E7000005E7030010B5FFF799FD10BD10B5142102
:10E710000820054AFDF768FD002803D000221100FB
:10E72000FDF752FD10BDC0464C30002010B50A0068
:10E7300001000248FDF748FD10BDC046EFBEADDE4A
:10E74000802273B5404BD205D158404C404DB12981
:10E7500007D10131D150BFF34F8FE560BFF34F8F29
:10E76000FEE7D658B22E01D10021D150F023394A0C
:10E770009B0212689A4204D0002211001000FDF79B
:10E7800023FD80235B051A698023DB009A4204D0B5
:10E79000002211001000FDF717FD2F4B05220093FA
:10E7A000032100202D4BFEF701F9002803D00022A1
:10E7B0001100FDF709FD00F0ADF8FEF721FBFEF7B3
:10E7C0006FFB00281ED0FEF77AFB002803D0002242
:10E7D0001100FDF7F9FCFFF745FFFFF797FFFEF784
:10E7E00095FB002803D000221100FDF7EDFCB22EAE
:10E7F0000DD1FEF71FFB002810D000221100FDF7FD
:10E80000E3FC0BE0FFF72EFFFFF780FFEFE7C023ED
:10E810009B019868FEF74EFA0028EAD0C026B601A0
:10E82000B068FEF747FA002808D0FEF739FB002849
:10E8300004D100F0B5F8B068FEF708FBBFF34F8FC6
:10E84000E560BFF34F8FFEE71C05000000ED00E020
:10E850000400FA051410001009CC03009C310020BC
:10E86000A02370B55B00984243D12549A0250B78C1
:10E8700024481A000478C532ED05FF32012C01D17D
:10E88000062B01D0092B35D126000023CE36FF36CA
:10E89000B6009200AB51AB50022C01D00134E3B270
:10E8A000037000230B700B7809210278164851433E
:10E8B0005918C9B2405C01210C0084402000134C5F
:10E8C0002468044215D0A02003251400CE32FF3264
:10E8D000C005920015501A1DC533FF339B001D5013
:10E8E0000B0093400D341A00A140094BC250043B69
:10E8F000C15070BD00249200AC500133D2E7C04635
:10E900002834002029340020B8F8030024340020E3
:10E910000C050000A02337B50024184ADB059C50E5
:10E9200004329C50164A174D9C502C3A9C50164B62
:10E9300021009C50154A28009C5004329C50144AD7
:10E940009C5004329C50134A9C5004329C50124AF2
:10E950009C50124AFFF708FDA04203D0220021007C
:10E96000FDF732FC28001421FFF7C1FD012302004E
:10E97000002128000093FFF7A5FD37BD34070000F4
:10E980003C070000D4F80300040000501407000006
:10E990001C070000240700002C07000061E80300AA
:10E9A00010B50248FFF746FD10BDC046D4F803007D
:10E9B00070B5074D04002B68002B02D10548FFF706
:10E9C00025FD2C60002C02D10248FFF729FD70BD07
:10E9D00024340020D4F8030072DF704779DF7047D9
:10E9E0007DDF704765DF7047F0B500240600250025
:10E9F00087B00C9F00933B78039102920193338878
:10EA0000AB420ADC002084423FD03B78019A013BB4
:10EA10009B1A0199009A535437E07368A90059185A
:10EA2000042205A800F01AFF04AB0022D91C05A897
:10EA3000FFF7D8FF002828D104ABDB78029A934275
:10EA400020D1614261413B7849009A1852181F2A2F
:10EA50001ADC002C06D19A1C3A700399009A0133F3
:10EA6000DBB2D154009B3A7805A89A1804ABDC1CA1
:10EA70002100FFF7B7FF002807D1227801243B7857
:10EA80009B183B700135BAE70C2007B0F0BDF7B515
:10EA9000089F16000097022204001D00FFF7A4FF44
:10EAA000002806D12B001022310020000097FFF72C
:10EAB0009BFFFEBD0023F0B51370037806000D0028
:10EAC000140087B0002B26D043780C201D2B00D9D2
:10EAD000CBE00E2702ABFF181D23881C3B803900BA
:10EAE000FFF77EFF002800D0BFE03378022B03D170
:10EAF0003B8809221D2B06D973785A1E9BB21C2A0B
:10EB000000D93B880822DBB2591C29706A70227830
:10EB100002329B182370B378002B20D023780C206E
:10EB20001B2B00D9A1E00E2702ABFF183800FFF71E
:10EB300055FF002800D098E023785A1C2270032249
:10EB4000EA5423785A1C22701922EA5423783A880E
:10EB5000EB181A70120A5A70237802332370F37874
:10EB6000002B0ED023785A1C22700222EA542378FC
:10EB70005A1C22700122EA5423789A182270F278E3
:10EB8000EA547268002A12D023781C2B00D9DEE0E8
:10EB9000591C127821700221E954237852B2591C71
:10EBA00021700A21E9542378591C2170EA543389D1
:10EBB000002B50D1338A002B09D030002B000722C4
:10EBC000032100941030FFF762FF00284DD1338BF2
:10EBD000002B09D030002B0015221421009418308E
:10EBE000FFF755FF002840D1326A002A3FD1776AEB
:10EBF000002F28D03B792278981C911CC0B20918AC
:10EC00001F2900DDA3E0511C03332170AB5423788E
:10EC10005A1C2270FF22EA5423783A88EB181A70A3
:10EC2000120A5A7020780230C0B22070BA88002AC6
:10EC300009D0B968002921D0281800F00FFEBB8840
:10EC400022789B18237033002C3303931B78002BFE
:10EC500047D1002009E030002B0006220221009459
:10EC60000830FFF714FF0028A4D007B0F0BD2178CA
:10EC70008B1D1F2B6BD81388052B01D80720F4E7B9
:10EC8000344FD81980B202903348844602986045C8
:10EC9000F4D950880528F1D9C719BFB26745EDD915
:10ECA0002E4FBB4201D08342E8D84B1C2370052372
:10ECB0006B542378591C21701221E9542378118850
:10ECC000EB181970090A597023780233DBB22370EC
:10ECD0005288EB181A70120A5A7023780233237084
:10ECE00085E7B36A002BC9D0002302930C27029B4F
:10ECF00022785F43B36A511CDF193B7921700333DB
:10ED0000AB5423785A1C22701622EA5423783A888E
:10ED1000EB181A70120A5A7020780230C0B22070B4
:10ED2000BA88002A09D0B9680029A7D0281800F0AD
:10ED300095FDBB8822789B182370029B0133DBB2C0
:10ED40000293039B029A1B789342CFD881E70C2051
:10ED50008BE7C0467FF3FFFF7DF30000FFFF00005D
:10ED600030B593B000236A4604000D009371D3714F
:10ED700098420CD0C3785B0702D4072013B030BD93
:10ED8000063202A9FFF796FE0028F7D102AC002D4B
:10ED90000BD0EB78002BF0D16B462800DA1D0AA9C6
:10EDA000FFF788FE0028E9D10AAD6A466B469179E3
:10EDB00020002A00DB79FFF70FFEDFE775DF7047E1
:10EDC00076DF70477ADF70477BDF704713B5164BED
:10EDD0001888164B984211D0154A164C13780133F7
:10EDE000DBB21370217B994209D31349FFF7E6FF89
:10EDF000002803D0A369002B00D0984713BD00233F
:10EE00001370237C002B08D03B21FFF7D9FF00288B
:10EE100003D0A369002B00D098476369002BEDD085
:10EE2000002201A80270E8E72C340020FFFF000058
:10EE300060340020303400205834002037B5184B9F
:10EE4000184A5B881188184C184D994208D8528886
:10EE50009A4205D36369002B1FD100232B7037BD65
:10EE60002B78002B06D06369002BF6D0002201A876
:10EE700002700EE00E4B1B78002B0CD161680D4B1D
:10EE800000221868FDF732FE0028E6D0A369002BA7
:10EE9000E3D09847E1E7A168F1E7012201A8E7E79D
:10EEA0005034002058340020303400202A34002010
:10EEB000603400204C340020144902000B0070B56F
:10EEC00032CA32C332CA32C31268114C1A600022ED
:10EED000104B01681A70914214D02000083200F0E3
:10EEE000BDFC2000FFF76EFF00280AD1012200219F
:10EEF000094B52421A80094B094A0A481970FDF71A
:10EF0000CFFD70BD2000FFF75FFFEDE7303400203C
:10EF1000583400202A3400202C3400206034002093
:10EF2000CDED03004C34002010B5024B1868FDF7FE
:10EF300029FE10BD4C34002010B503880100122BAF
:10EF400040D004D8102B18D0112B28D010BD502B36
:10EF5000FCD11F4CC088E2899042F7D1CB8B022BA9
:10EF6000F4D10131CB7FDB0716D41A4B1868FDF7BB
:10EF700009FE0028EAD0A36920E08288164B1748D2
:10EF80001A801631082200F069FC0022144B1A7016
:10EF90000F4BDB899342D9D1FFF750FFD6E701220F
:10EFA0000D4B52421A8000220D4B1A70094B186803
:10EFB000FDF7E8FD0028C9D0054B9B69002BC5D0A3
:10EFC0009847C3E708220631044800F047FCE3E70E
:10EFD000303400204C3400202C34002050340020E9
:10EFE00060340020A0DF7047A2DF7047A5DF7047C4
:10EFF000A6DF7047A8DF704763DF7047F0B597B0B2
:10F0000007000E240091002800D1DFE0002900D184
:10F01000DCE04B680193002B00D1D7E001235B4279
:10F02000038010226B4906A800F018FC0A2102AAEE
:10F03000694B891806A81381FFF7DEFF041E00D074
:10F04000C4E001203A1D04A9FFF7CCFF041E00D044
:10F05000BCE002AB9B7A0FAD01001C22BB71280003
:10F06000FDF7A8F804232A7803AE13432B70BB796D
:10F0700002AA9373594B21009381300003226C60E4
:10F08000EC602C616C61AC61FDF794F811231F22D8
:10F0900003207370B3782100934303430B3A0AA80B
:10F0A0003470B370FDF786F8142005A90A9102A9FF
:10F0B0000C940B9688850E943C00083423000AAC0F
:10F0C00022002900B888FFF78FFF041E00D07DE0E2
:10F0D00001001C222800FDF76DF818232A7802A9E8
:10F0E0009A4313432B70BB7903228B733C4B300044
:10F0F0008B8121006C60EC602C616C61AC61FDF770
:10F1000059F811231F21B27873708A4302331343D5
:10F11000210014220AA83470B370FDF74BF81723AE
:10F1200005A80A9002A80C940B9683850E943C00C7
:10F13000103423000AAC22002900B888FFF754FFDE
:10F14000041E43D101001C222800FDF733F80220E1
:10F150002B7802AA03432B70BB7921009373214BB8
:10F160003000938103226C60EC602C616C61AC61B7
:10F17000FDF720F811231F2103223370B3780AA86A
:10F180008B431343210011327470B370FDF712F8F2
:10F19000022305AA0A9202AA0C930B969385009B60
:10F1A00029000E933B00B88820330AAAFFF71CFF02
:10F1B000041E0BD1009B5B68BB620193009B9B68A4
:10F1C000002B00D0FB620122074B1A70200017B001
:10F1D000F0BDC046DCF80300301500003215000019
:10F1E000311500003415000061340020F0B5060030
:10F1F00087B00E20002E2AD03288164B06389A424D
:10F2000025D0154B1B78002B21D0144C080AE17037
:10F210002071080C090E072310220127A1716946ED
:10F2200002ADCB8063700021607122702800A7704E
:10F23000FCF7C0FF338A29002B800023AB806B468C
:10F2400030880633AF7004930594FFF7D1FE07B002
:10F25000F0BDC046FFFF0000613400206234002092
:10F26000F0B5040087B00E20002C28D02288154B62
:10F2700006389A4223D0144B1B78002B1FD0112341
:10F28000124D02AE2B700B0AAB700B0CEB706B4681
:10F290009F1D05236970090E29711022002130007D
:10F2A0003B80FCF787FF238A310033800123B37052
:10F2B00000232088B38004970595FFF799FE07B0D7
:10F2C000F0BDC046FFFF0000613400206234002022
:10F2D000F0B51300050087B00E20002D22D02C8839
:10F2E000114A063894421DD0104A1278002A19D0CB
:10F2F0000F4E1022717069468F1D032102AC3980B8
:10F30000B370002120003270FCF754FF2B8A2100DB
:10F3100023800123A37000232888A38004970596E7
:10F32000FFF766FE07B0F0BDFFFF0000613400206C
:10F3300062340020F0B504000D008BB000280CD022
:10F3400000290AD0826A002A07D00B88502B3DD0B2
:10F3500005D8102B37D0112B46D00BB0F0BD512B58
:10F36000FBD18A790192022AF7D10A89038A9A424B
:10F37000F3D18B7A043B022BEFD9019B03AE082219
:10F380000021300006AF3B70FCF714FF019B3200F8
:10F390000393A18A02AB20887360FFF727FE002841
:10F3A00025D0E36A002B00D09847FE233900FF33B5
:10F3B0002088BB80FFF71EFE0028CED0E36A002B1A
:10F3C000CBD09847C9E78B882380C6E7C9880389D3
:10F3D0009942C2D1082302A90B74EB8B20350B751F
:10F3E000089506A99047B8E701235B42ECE702AB1A
:10F3F0001B882088DB07D8D500233900BB80FFF7A6
:10F40000F9FD0028DAD1EB1CD97F481E07283CD82B
:10F4100000F06CF9041820232527392900233370C4
:10F420002B8C012B05D8062201212000FFF750FF6D
:10F43000C2E7012323353371B56031002000A36A90
:10F4400098478AE7012333702A8C9A42F2D8062221
:10F450000221EAE702233370EFE70323FBE70423EB
:10F46000F9E70523F7E72B8C022B02D803220821AA
:10F47000DBE723356B782A781B021343B3805A42AB
:10F4800053410633E7E70923E5E70322CDE7000010
:10F4900070B51B490B68DBB2012B03D11948036817
:10F4A0001B0700D070BD184AF0231468E026250021
:10F4B0001D40344221D1154C24681C420DD1144BFF
:10F4C000144C1C608024144B24021C600B68DBB2BB
:10F4D000012BE7D103681B07E4D11368F022134026
:10F4E000402BDFD1094B1B681342DBD18022C123A3
:10F4F0000121D205DB00D150D4E7302DDBD0ECE781
:10F50000E00F00F0E40F00F0E80F00F0EC0F00F067
:10F5100004050040DFFF07C0186C00402EDF704775
:10F5200051DF704710DF704761DF704710B508008A
:10F530001100FFF7FBF810BDF0B5224B85B01B782A
:10F54000DAB20192002B3BD01F4D204E2B685C425B
:10F550005C413268E4B2002A2CD003A8FFF7E0FF38
:10F5600005282BD0002819D000221100FCF72CFE12
:10F57000002CF2D1164B03A91B880B80154B1F687A
:10F580003800FFF7D1FF052810D000280AD000224C
:10F590001100FCF719FE002CECD1DEE7039833686C
:10F5A0009847E5E738002B689847F4E7002C07D127
:10F5B000019CD2E7002B03D0019CDBE7002CFBD0A1
:10F5C00005B0F0BD743400206C3400207834002085
:10F5D0006A3400207C34002070B504000720002924
:10F5E00013D08D0711D109480160094920000A8014
:10F5F000084A09491360FFF795FF002805D1012249
:10F60000064B16301A70FFF789FF70BD7C3400205E
:10F610006A340020703400202DF50300743400207B
:10F6200003000E20002B02D00020014A1360704717
:10F630006C34002003000E20002B02D00020014A71
:10F64000136070477834002010B5074B1B68002BFF
:10F6500007D09847002803D000221100FCF7B4FD22
:10F6600010BDFFF769FFFBE77034002010B50029DB
:10F6700004D0002211001000FCF7A6FDFFF75CFF8C
:10F6800010BD0000002110B50800024AFCF7D2FDB1
:10F6900010BDC0466DF6030003210A4802680A4304
:10F6A0000260094802680A4302600849084A094B97
:10F6B0009B1A03DD043BC858D050FBDC064880474A
:10F6C000064800472405004054050040F4F80300B4
:10F6D000002C0020682C002091F40300CDC0030012
:10F6E000FEE7FEE7FEE7FEE7FEE7FEE702B471464F
:10F6F00049084900095C49008E4402BC7047C04675
:10F7000003B47146490840004900095E49008E442F
:10F7100003BC704703B47146490840004900095AC8
:10F7200049008E4403BC7047002243088B4274D3C7
:10F7300003098B425FD3030A8B4244D3030B8B42F2
:10F7400028D3030C8B420DD3FF22090212BA030CFB
:10F750008B4202D31212090265D0030B8B4219D3DC
:10F7600000E0090AC30B8B4201D3CB03C01A5241FC
:10F77000830B8B4201D38B03C01A5241430B8B4244
:10F7800001D34B03C01A5241030B8B4201D30B032D
:10F79000C01A5241C30A8B4201D3CB02C01A524154
:10F7A000830A8B4201D38B02C01A5241430A8B4217
:10F7B00001D34B02C01A5241030A8B4201D30B0200
:10F7C000C01A5241CDD2C3098B4201D3CB01C01A1A
:10F7D000524183098B4201D38B01C01A5241430924
:10F7E0008B4201D34B01C01A524103098B4201D312
:10F7F0000B01C01A5241C3088B4201D3CB00C01A7F
:10F80000524183088B4201D38B00C01A52414308F6
:10F810008B4201D34B00C01A5241411A00D201461B
:10F82000524110467047FFE701B5002000F006F88E
:10F8300002BDC0460029F7D076E770477047C04642
:10F8400030B500240139A24201D1002005E0035D5A
:10F8500001340D5DAB42F6D0581B30BD002310B50E
:10F860009A4200D110BDCC5CC4540133F8E70023A8
:10F87000C25C0133002AFBD1581E7047F8B5C04660
:10F88000F8BC08BC9E467047F8B5C046F8BC08BC3A
:10F890009E467047002C00204466755461726700D4
:10F8A0000000000000000000000000000000000058
:10F8B0000000000300000000000204131211100FEA
:10F8C0000B0E0A0C01031715000016181405060785
:10F8D00008090D000090004009000000A8A9DF22DF
:10F8E00019FA62A00A471D2500005DE9D4C7FF7F11
:10F8F0000100000000000000000000000000000007
:10F9000000000000000000000000000000000000F7
:10F9100000000000000000000000000000000000E7
:10F9200000000000000000000000000000000000D7
:10F9300000000000000000000000000000000000C7
:10F9400000000000000000000000000000000000B7
:0CF9500000000000FFFF0000320000007B
:10FC00000100000000000000FE00000000000000F5
:10FC100000000000000000000000000000000000E4
:10FC200000000000000000000000000000000000D4
:10FC300000000000000000000000000000000000C4
:10FC400000000000000000000000000000000000B4
:10FC500000000000000000000000000000000000A4
:10FC60000000000000000000000000000000000094
:10FC70000000000000000000000000000000000084
:10FC80000000000000000000000000000000000074
:10FC90000000000000000000000000000000000064
:10FCA0000000000000000000000000000000000054
:10FCB0000000000000000000000000000000000044
:10FCC0000000000000000000000000000000000034
:10FCD0000000000000000000000000000000000024
:10FCE0000000000000000000000000000000000014
:10FCF0000000000000000000000000000000000004
:10FD000000000000000000000000000000000000F3
:10FD100000000000000000000000000000000000E3
:10FD200000000000000000000000000000000000D3
:10FD300000000000000000000000000000000000C3
:10FD400000000000000000000000000000000000B3
:10FD500000000000000000000000000000000000A3
:10FD60000000000000000000000000000000000093
:10FD70000000000000000000000000000000000083
:10FD80000000000000000000000000000000000073
:10FD90000000000000000000000000000000000063
:10FDA0000000000000000000000000000000000053
:10FDB0000000000000000000000000000000000043
:10FDC0000000000000000000000000000000000033
:10FDD0000000000000000000000000000000000023
:10FDE0000000000000000000000000000000000013
:10FDF0000000000000000000000000000000000003
:10FE000000000000000000000000000000000000F2
:10FE100000000000000000000000000000000000E2
:10FE200000000000000000000000000000000000D2
:10FE300000000000000000000000000000000000C2
:10FE400000000000000000000000000000000000B2
:10FE500000000000000000000000000000000000A2
:10FE60000000000000000000000000000000000092
:10FE70000000000000000000000000000000000082
:10FE80000000000000000000000000000000000072
:10FE90000000000000000000000000000000000062
:10FEA0000000000000000000000000000000000052
:10FEB0000000000000000000000000000000000042
:10FEC0000000000000000000000000000000000032
:10FED0000000000000000000000000000000000022
:10FEE0000000000000000000000000000000000012
:10FEF0000000000000000000000000000000000002
:10FF000000000000000000000000000000000000F1
:10FF100000000000000000000000000000000000E1
:10FF200000000000000000000000000000000000D1
:10FF300000000000000000000000000000000000C1
:10FF400000000000000000000000000000000000B1
:10FF500000000000000000000000000000000000A1
:10FF60000000000000000000000000000000000091
:10FF70000000000000000000000000000000000081
:10FF80000000000000000000000000000000000071
:10FF90000000000000000000000000000000000061
:10FFA0000000000000000000000000000000000051
:10FFB0000000000000000000000000000000000041
:10FFC0000000000000000000000000000000000031
:10FFD0000000000000000000000000000000000021
:10FFE0000000000000000000000000000000000011
:10FFF0000000000000000000000000000000000001
:020000041000EA
:0410140000C0030015
:040000050003F69965
:00000001FF
